Compiling 0x09b80101e2fd <JSFunction mayThrow (sfi = 0x9b80101e1d5)> with Maglev
----- Bytecode array -----
Parameter count 2
Register count 3
Frame size 24
         0x31a010001ec @    0 : 0b 03             Ldar a0
         0x31a010001ee @    2 : 00 57 ff 03 00 00 BitwiseAndSmi.Wide [1023], FBV[0]
         0x31a010001f4 @    8 : d3                Star1
         0x31a010001f5 @    9 : 0c                LdaZero
         0x31a010001f6 @   10 : 78 f8 04          TestEqualStrict r1, EmbeddedFeedback[4]
         0x31a010001f9 @   13 : a8 11             JumpIfFalse [17] (0x31a0100020a @ 30)
         0x31a010001fb @   15 : 23 00 01          LdaGlobal [0:"Error"], FBV[1]
         0x31a010001fe @   18 : d3                Star1
         0x31a010001ff @   19 : 13 01             LdaConstant [1:"boom"]
         0x31a01000201 @   21 : d2                Star2
         0x31a01000202 @   22 : 0b f8             Ldar r1
         0x31a01000204 @   24 : 74 f8 f7 01 03    Construct r1, r2-r2, FBV[3]
         0x31a01000209 @   29 : b7                Throw
         0x31a0100020a @   30 : 1b 03 f9          Mov a0, r0
         0x31a0100020d @   33 : 0b f9             Ldar r0
         0x31a0100020f @   35 : 4f 01 05          AddSmi [1], FBV[5]
         0x31a01000212 @   38 : d4                Star0
         0x31a01000213 @   39 : 56 03 06          BitwiseXorSmi [3], FBV[6]
         0x31a01000216 @   42 : d4                Star0
         0x31a01000217 @   43 : 4f 02 07          AddSmi [2], FBV[7]
         0x31a0100021a @   46 : d4                Star0
         0x31a0100021b @   47 : 56 05 08          BitwiseXorSmi [5], FBV[8]
         0x31a0100021e @   50 : d4                Star0
         0x31a0100021f @   51 : 4f 04 09          AddSmi [4], FBV[9]
         0x31a01000222 @   54 : d4                Star0
         0x31a01000223 @   55 : 56 07 0a          BitwiseXorSmi [7], FBV[10]
         0x31a01000226 @   58 : d4                Star0
         0x31a01000227 @   59 : 4f 08 0b          AddSmi [8], FBV[11]
         0x31a0100022a @   62 : d4                Star0
         0x31a0100022b @   63 : 56 0b 0c          BitwiseXorSmi [11], FBV[12]
         0x31a0100022e @   66 : d4                Star0
         0x31a0100022f @   67 : 4f 10 0d          AddSmi [16], FBV[13]
         0x31a01000232 @   70 : d4                Star0
         0x31a01000233 @   71 : 56 0d 0e          BitwiseXorSmi [13], FBV[14]
         0x31a01000236 @   74 : d4                Star0
         0x31a01000237 @   75 : 4f 20 0f          AddSmi [32], FBV[15]
         0x31a0100023a @   78 : d4                Star0
         0x31a0100023b @   79 : 56 11 10          BitwiseXorSmi [17], FBV[16]
         0x31a0100023e @   82 : d4                Star0
         0x31a0100023f @   83 : 4f 40 11          AddSmi [64], FBV[17]
         0x31a01000242 @   86 : d4                Star0
         0x31a01000243 @   87 : 56 13 12          BitwiseXorSmi [19], FBV[18]
         0x31a01000246 @   90 : d4                Star0
         0x31a01000247 @   91 : 00 4f 80 00 13 00 AddSmi.Wide [128], FBV[19]
         0x31a0100024d @   97 : d4                Star0
         0x31a0100024e @   98 : 56 17 14          BitwiseXorSmi [23], FBV[20]
         0x31a01000251 @  101 : d4                Star0
         0x31a01000252 @  102 : 00 4f 00 01 15 00 AddSmi.Wide [256], FBV[21]
         0x31a01000258 @  108 : d4                Star0
         0x31a01000259 @  109 : 56 1d 16          BitwiseXorSmi [29], FBV[22]
         0x31a0100025c @  112 : d4                Star0
         0x31a0100025d @  113 : b9                Return
Constant pool (size = 2)
0x31a010001b5: [TrustedFixedArray]
 - map: 0x09b800000605 <Map(TRUSTED_FIXED_ARRAY_TYPE)>
 - length: 2
           0: 0x09b800004539 <String[5]: #Error>
           1: 0x09b80101e455 <String[4]: #boom>
Handler Table (size = 0)
Source Position Table (size = 0)
0x9b80101e51d: [FeedbackVector] in OldSpace
 - map: 0x09b800000899 <Map(FEEDBACK_VECTOR_TYPE)>
 - length: 23
 - shared function info: 0x09b80101e1d5 <SharedFunctionInfo mayThrow>
 - tiering_in_progress: 0
 - osr_tiering_in_progress: 0
 - invocation count: 402
 - closure feedback cell array: 0x9b800002071: [ClosureFeedbackCellArray] in ReadOnlySpace
 - map: 0x09b800000871 <Map(CLOSURE_FEEDBACK_CELL_ARRAY_TYPE)>
 - length: 0
 - elements:

 - slot #0 BinaryOp BinaryOp:SignedSmall {
     [0]: 1
  }
 - slot #1 LoadGlobalNotInsideTypeof UNINITIALIZED {
     [1]: [cleared]
     [2]: 0x09b800000e95 <Symbol: (uninitialized_symbol)>
  }
 - slot #3 Call UNINITIALIZED {
     [3]: 0x09b800000e95 <Symbol: (uninitialized_symbol)>
     [4]: 0
  }
 - slot #5 BinaryOp BinaryOp:SignedSmall {
     [5]: 1
  }
 - slot #6 BinaryOp BinaryOp:SignedSmall {
     [6]: 1
  }
 - slot #7 BinaryOp BinaryOp:SignedSmall {
     [7]: 1
  }
 - slot #8 BinaryOp BinaryOp:SignedSmall {
     [8]: 1
  }
 - slot #9 BinaryOp BinaryOp:SignedSmall {
     [9]: 1
  }
 - slot #10 BinaryOp BinaryOp:SignedSmall {
     [10]: 1
  }
 - slot #11 BinaryOp BinaryOp:SignedSmall {
     [11]: 1
  }
 - slot #12 BinaryOp BinaryOp:SignedSmall {
     [12]: 1
  }
 - slot #13 BinaryOp BinaryOp:SignedSmall {
     [13]: 1
  }
 - slot #14 BinaryOp BinaryOp:SignedSmall {
     [14]: 1
  }
 - slot #15 BinaryOp BinaryOp:SignedSmall {
     [15]: 1
  }
 - slot #16 BinaryOp BinaryOp:SignedSmall {
     [16]: 1
  }
 - slot #17 BinaryOp BinaryOp:SignedSmall {
     [17]: 1
  }
 - slot #18 BinaryOp BinaryOp:SignedSmall {
     [18]: 1
  }
 - slot #19 BinaryOp BinaryOp:SignedSmall {
     [19]: 1
  }
 - slot #20 BinaryOp BinaryOp:SignedSmall {
     [20]: 1
  }
 - slot #21 BinaryOp BinaryOp:SignedSmall {
     [21]: 1
  }
 - slot #22 BinaryOp BinaryOp:SignedSmall {
     [22]: 1
  }

----- After graph building -----
Graph

 [0m  [0m53: Constant(0x09b80101e2a9 <FeedbackCell[one closure]>), 1 uses
 [0m   [0m3: Constant(0x09b80101e2fd <JSFunction mayThrow (sfi = 0x9b80101e1d5)>), 3 uses
 [0m   [0m4: Constant(0x09b80101e2e9 <ScriptContext[3]>), 3 uses
 [0m   [0m5: RootConstant(undefined_value), 0 uses 🪦
 [0m  [0m16: RootConstant(true_value), 0 uses 🪦
 [0m  [0m15: RootConstant(false_value), 0 uses 🪦
 [0m  [0m11: SmiConstant(0), 0 uses 🪦
 [0m  [0m12: Int32Constant(0), 2 uses, cannot truncate to int32
 [0m  [0m21: Int32Constant(2), 1 uses, cannot truncate to int32
 [0m  [0m19: Int32Constant(3), 1 uses, cannot truncate to int32
 [0m  [0m25: Int32Constant(4), 1 uses, cannot truncate to int32
 [0m  [0m23: Int32Constant(5), 1 uses, cannot truncate to int32
 [0m  [0m27: Int32Constant(7), 1 uses, cannot truncate to int32
 [0m  [0m29: Int32Constant(8), 1 uses, cannot truncate to int32
 [0m  [0m31: Int32Constant(11), 1 uses, cannot truncate to int32
 [0m  [0m35: Int32Constant(13), 1 uses, cannot truncate to int32
 [0m  [0m33: Int32Constant(16), 1 uses, cannot truncate to int32
 [0m  [0m39: Int32Constant(17), 1 uses, cannot truncate to int32
 [0m  [0m43: Int32Constant(19), 1 uses, cannot truncate to int32
 [0m  [0m47: Int32Constant(23), 1 uses, cannot truncate to int32
 [0m  [0m51: Int32Constant(29), 1 uses, cannot truncate to int32
 [0m  [0m37: Int32Constant(32), 1 uses, cannot truncate to int32
 [0m  [0m41: Int32Constant(64), 1 uses, cannot truncate to int32
 [0m  [0m45: Int32Constant(128), 1 uses, cannot truncate to int32
 [0m  [0m49: Int32Constant(256), 1 uses, cannot truncate to int32
 [0m   [0m9: Int32Constant(1023), 1 uses, cannot truncate to int32
  [0mBlock b0
 [0m[1;34m0x09b80101e1d5 <SharedFunctionInfo mayThrow> (0x09b80104a8b5 <String[18]: "workloads/throw.js">:17:17)
[m [0m[0;34m   0 : 0b 03             Ldar a0
[m [0m   [0m1: InitialValue(<this>), 3 uses
 [0m   [0m2: InitialValue(a0), 6 uses
 [0m   [0m6: FunctionEntryStackCheck
 [0m      ↳ lazy @-1 : {<closure>:n3:, <this>:n1:, a0:n2:, <context>:n4:} (addr:0x10c01141450)
 [0m   [0m7: Jump b1
 [0m   ↓
  [0mBlock b1
 [0m[1;34m0x09b80101e1d5 <SharedFunctionInfo mayThrow> (0x09b80104a8b5 <String[18]: "workloads/throw.js">:0:0)
[m [0m[0;34m   2 : 00 57 ff 03 00 00 BitwiseAndSmi.Wide [1023], FBV[0]
[m [0m      ↱ eager @2 : {<closure>:n3:, <this>:n1:, a0:n2:, <context>:n4:, <accumulator>:n2:} (addr:0x10c01141ac8)
 [0m   [0m8: CheckedSmiUntag [n2], 2 uses, cannot truncate to int32
 [0m  [0m10: Int32BitwiseAnd [n8, n9], 2 uses, cannot truncate to int32
 [0m[0;34m  10 : 78 f8 04          TestEqualStrict r1, EmbeddedFeedback[4]
[m [0m  [0m13: Int32Compare[StrictEqual] [n10, n12], 0 uses 🪦
 [0m[0;34m  13 : a8 11             JumpIfFalse [17]
[m[0;31m╭──[0m14: BranchIfInt32Compare(StrictEqual) [n10, n12] b2 b3
[0;31m│[0m   ↓
[0;31m│ [0mBlock b2
[0;31m│[0m[0;34m  15 : 23 00 01          LdaGlobal [0:"Error"], FBV[1]
[m[0;31m│[0m      ↱ eager @2 : {<closure>:n3:, <this>:n1:, a0:n2:, <context>:n4:, <accumulator>:n2:} (addr:0x10c01141ac8)
[0;31m│[0m  [0m17: Deopt(Insufficient type feedback for generic global access)
[0;31m│[0m
[0;31m╰►[0mBlock b3
 [0m[0;34m  35 : 4f 01 05          AddSmi [1], FBV[5]
[m [0m      ↱ eager @35 : {<closure>:n3:, <this>:n1:, a0:n2:, <context>:n4:, <accumulator>:n2:} (addr:0x10c01142518)
 [0m  [0m18: Int32IncrementWithOverflow [n8], 1 uses, cannot truncate to int32
 [0m[0;34m  39 : 56 03 06          BitwiseXorSmi [3], FBV[6]
[m [0m  [0m20: Int32BitwiseXor [n18, n19], 1 uses, cannot truncate to int32
 [0m[0;34m  43 : 4f 02 07          AddSmi [2], FBV[7]
[m [0m      ↱ eager @35 : {<closure>:n3:, <this>:n1:, a0:n2:, <context>:n4:, <accumulator>:n2:} (addr:0x10c01142518)
 [0m  [0m22: Int32AddWithOverflow [n20, n21], 1 uses, can truncate to int32 [-2147483648, 2147483647]
 [0m[0;34m  47 : 56 05 08          BitwiseXorSmi [5], FBV[8]
[m [0m  [0m24: Int32BitwiseXor [n22, n23], 1 uses, cannot truncate to int32
 [0m[0;34m  51 : 4f 04 09          AddSmi [4], FBV[9]
[m [0m      ↱ eager @35 : {<closure>:n3:, <this>:n1:, a0:n2:, <context>:n4:, <accumulator>:n2:} (addr:0x10c01142518)
 [0m  [0m26: Int32AddWithOverflow [n24, n25], 1 uses, can truncate to int32 [-2147483648, 2147483647]
 [0m[0;34m  55 : 56 07 0a          BitwiseXorSmi [7], FBV[10]
[m [0m  [0m28: Int32BitwiseXor [n26, n27], 1 uses, cannot truncate to int32
 [0m[0;34m  59 : 4f 08 0b          AddSmi [8], FBV[11]
[m [0m      ↱ eager @35 : {<closure>:n3:, <this>:n1:, a0:n2:, <context>:n4:, <accumulator>:n2:} (addr:0x10c01142518)
 [0m  [0m30: Int32AddWithOverflow [n28, n29], 1 uses, can truncate to int32 [-2147483648, 2147483647]
 [0m[0;34m  63 : 56 0b 0c          BitwiseXorSmi [11], FBV[12]
[m [0m  [0m32: Int32BitwiseXor [n30, n31], 1 uses, cannot truncate to int32
 [0m[0;34m  67 : 4f 10 0d          AddSmi [16], FBV[13]
[m [0m      ↱ eager @35 : {<closure>:n3:, <this>:n1:, a0:n2:, <context>:n4:, <accumulator>:n2:} (addr:0x10c01142518)
 [0m  [0m34: Int32AddWithOverflow [n32, n33], 1 uses, can truncate to int32 [-2147483648, 2147483647]
 [0m[0;34m  71 : 56 0d 0e          BitwiseXorSmi [13], FBV[14]
[m [0m  [0m36: Int32BitwiseXor [n34, n35], 1 uses, cannot truncate to int32
 [0m[0;34m  75 : 4f 20 0f          AddSmi [32], FBV[15]
[m [0m      ↱ eager @35 : {<closure>:n3:, <this>:n1:, a0:n2:, <context>:n4:, <accumulator>:n2:} (addr:0x10c01142518)
 [0m  [0m38: Int32AddWithOverflow [n36, n37], 1 uses, can truncate to int32 [-2147483648, 2147483647]
 [0m[0;34m  79 : 56 11 10          BitwiseXorSmi [17], FBV[16]
[m [0m  [0m40: Int32BitwiseXor [n38, n39], 1 uses, cannot truncate to int32
 [0m[0;34m  83 : 4f 40 11          AddSmi [64], FBV[17]
[m [0m      ↱ eager @35 : {<closure>:n3:, <this>:n1:, a0:n2:, <context>:n4:, <accumulator>:n2:} (addr:0x10c01142518)
 [0m  [0m42: Int32AddWithOverflow [n40, n41], 1 uses, can truncate to int32 [-2147483648, 2147483647]
 [0m[0;34m  87 : 56 13 12          BitwiseXorSmi [19], FBV[18]
[m [0m  [0m44: Int32BitwiseXor [n42, n43], 1 uses, cannot truncate to int32
 [0m[0;34m  91 : 00 4f 80 00 13 00 AddSmi.Wide [128], FBV[19]
[m [0m      ↱ eager @35 : {<closure>:n3:, <this>:n1:, a0:n2:, <context>:n4:, <accumulator>:n2:} (addr:0x10c01142518)
 [0m  [0m46: Int32AddWithOverflow [n44, n45], 1 uses, can truncate to int32 [-2147483648, 2147483647]
 [0m[0;34m  98 : 56 17 14          BitwiseXorSmi [23], FBV[20]
[m [0m  [0m48: Int32BitwiseXor [n46, n47], 1 uses, cannot truncate to int32
 [0m[0;34m 102 : 00 4f 00 01 15 00 AddSmi.Wide [256], FBV[21]
[m [0m      ↱ eager @35 : {<closure>:n3:, <this>:n1:, a0:n2:, <context>:n4:, <accumulator>:n2:} (addr:0x10c01142518)
 [0m  [0m50: Int32AddWithOverflow [n48, n49], 1 uses, can truncate to int32 [-2147483648, 2147483647]
 [0m[0;34m 109 : 56 1d 16          BitwiseXorSmi [29], FBV[22]
[m [0m  [0m52: Int32BitwiseXor [n50, n51], 1 uses, cannot truncate to int32
 [0m[0;34m 113 : b9                Return
[m [0m  [0m54: ReduceInterruptBudgetForReturn(113) [n53]
 [0m  [0m55: Int32ToNumber[kCanonicalizeSmi] [n52], 1 uses
 [0m  [0m56: Return [n55]
 [0m

----- After propagating truncation -----
Graph

 [0m  [0m53: Constant(0x09b80101e2a9 <FeedbackCell[one closure]>), 1 uses
 [0m   [0m3: Constant(0x09b80101e2fd <JSFunction mayThrow (sfi = 0x9b80101e1d5)>), 3 uses
 [0m   [0m4: Constant(0x09b80101e2e9 <ScriptContext[3]>), 3 uses
 [0m   [0m5: RootConstant(undefined_value), 0 uses 🪦
 [0m  [0m16: RootConstant(true_value), 0 uses 🪦
 [0m  [0m15: RootConstant(false_value), 0 uses 🪦
 [0m  [0m11: SmiConstant(0), 0 uses 🪦
 [0m  [0m12: Int32Constant(0), 2 uses, cannot truncate to int32
 [0m  [0m21: Int32Constant(2), 1 uses, cannot truncate to int32
 [0m  [0m19: Int32Constant(3), 1 uses, cannot truncate to int32
 [0m  [0m25: Int32Constant(4), 1 uses, cannot truncate to int32
 [0m  [0m23: Int32Constant(5), 1 uses, cannot truncate to int32
 [0m  [0m27: Int32Constant(7), 1 uses, cannot truncate to int32
 [0m  [0m29: Int32Constant(8), 1 uses, cannot truncate to int32
 [0m  [0m31: Int32Constant(11), 1 uses, cannot truncate to int32
 [0m  [0m35: Int32Constant(13), 1 uses, cannot truncate to int32
 [0m  [0m33: Int32Constant(16), 1 uses, cannot truncate to int32
 [0m  [0m39: Int32Constant(17), 1 uses, cannot truncate to int32
 [0m  [0m43: Int32Constant(19), 1 uses, cannot truncate to int32
 [0m  [0m47: Int32Constant(23), 1 uses, cannot truncate to int32
 [0m  [0m51: Int32Constant(29), 1 uses, cannot truncate to int32
 [0m  [0m37: Int32Constant(32), 1 uses, cannot truncate to int32
 [0m  [0m41: Int32Constant(64), 1 uses, cannot truncate to int32
 [0m  [0m45: Int32Constant(128), 1 uses, cannot truncate to int32
 [0m  [0m49: Int32Constant(256), 1 uses, cannot truncate to int32
 [0m   [0m9: Int32Constant(1023), 1 uses, cannot truncate to int32
  [0mBlock b0
 [0m[1;34m0x09b80101e1d5 <SharedFunctionInfo mayThrow> (0x09b80104a8b5 <String[18]: "workloads/throw.js">:17:17)
[m [0m[0;34m   0 : 0b 03             Ldar a0
[m [0m   [0m1: InitialValue(<this>), 3 uses
 [0m   [0m2: InitialValue(a0), 6 uses
 [0m   [0m6: FunctionEntryStackCheck
 [0m      ↳ lazy @-1 : {<closure>:n3:, <this>:n1:, a0:n2:, <context>:n4:} (addr:0x10c01141450)
 [0m   [0m7: Jump b1
 [0m   ↓
  [0mBlock b1
 [0m[1;34m0x09b80101e1d5 <SharedFunctionInfo mayThrow> (0x09b80104a8b5 <String[18]: "workloads/throw.js">:0:0)
[m [0m[0;34m   2 : 00 57 ff 03 00 00 BitwiseAndSmi.Wide [1023], FBV[0]
[m [0m      ↱ eager @2 : {<closure>:n3:, <this>:n1:, a0:n2:, <context>:n4:, <accumulator>:n2:} (addr:0x10c01141ac8)
 [0m   [0m8: CheckedSmiUntag [n2], 2 uses, cannot truncate to int32
 [0m  [0m10: Int32BitwiseAnd [n8, n9], 2 uses, cannot truncate to int32
 [0m[0;34m  10 : 78 f8 04          TestEqualStrict r1, EmbeddedFeedback[4]
[m [0m  [0m13: Int32Compare[StrictEqual] [n10, n12], 0 uses 🪦
 [0m[0;34m  13 : a8 11             JumpIfFalse [17]
[m[0;31m╭──[0m14: BranchIfInt32Compare(StrictEqual) [n10, n12] b2 b3
[0;31m│[0m   ↓
[0;31m│ [0mBlock b2
[0;31m│[0m[0;34m  15 : 23 00 01          LdaGlobal [0:"Error"], FBV[1]
[m[0;31m│[0m      ↱ eager @2 : {<closure>:n3:, <this>:n1:, a0:n2:, <context>:n4:, <accumulator>:n2:} (addr:0x10c01141ac8)
[0;31m│[0m  [0m17: Deopt(Insufficient type feedback for generic global access)
[0;31m│[0m
[0;31m╰►[0mBlock b3
 [0m[0;34m  35 : 4f 01 05          AddSmi [1], FBV[5]
[m [0m      ↱ eager @35 : {<closure>:n3:, <this>:n1:, a0:n2:, <context>:n4:, <accumulator>:n2:} (addr:0x10c01142518)
 [0m  [0m18: Int32IncrementWithOverflow [n8], 1 uses, cannot truncate to int32
 [0m[0;34m  39 : 56 03 06          BitwiseXorSmi [3], FBV[6]
[m [0m  [0m20: Int32BitwiseXor [n18, n19], 1 uses, cannot truncate to int32
 [0m[0;34m  43 : 4f 02 07          AddSmi [2], FBV[7]
[m [0m      ↱ eager @35 : {<closure>:n3:, <this>:n1:, a0:n2:, <context>:n4:, <accumulator>:n2:} (addr:0x10c01142518)
 [0m  [0m22: Int32AddWithOverflow [n20, n21], 1 uses, can truncate to int32 [-2147483648, 2147483647]
 [0m[0;34m  47 : 56 05 08          BitwiseXorSmi [5], FBV[8]
[m [0m  [0m24: Int32BitwiseXor [n22, n23], 1 uses, cannot truncate to int32
 [0m[0;34m  51 : 4f 04 09          AddSmi [4], FBV[9]
[m [0m      ↱ eager @35 : {<closure>:n3:, <this>:n1:, a0:n2:, <context>:n4:, <accumulator>:n2:} (addr:0x10c01142518)
 [0m  [0m26: Int32AddWithOverflow [n24, n25], 1 uses, can truncate to int32 [-2147483648, 2147483647]
 [0m[0;34m  55 : 56 07 0a          BitwiseXorSmi [7], FBV[10]
[m [0m  [0m28: Int32BitwiseXor [n26, n27], 1 uses, cannot truncate to int32
 [0m[0;34m  59 : 4f 08 0b          AddSmi [8], FBV[11]
[m [0m      ↱ eager @35 : {<closure>:n3:, <this>:n1:, a0:n2:, <context>:n4:, <accumulator>:n2:} (addr:0x10c01142518)
 [0m  [0m30: Int32AddWithOverflow [n28, n29], 1 uses, can truncate to int32 [-2147483648, 2147483647]
 [0m[0;34m  63 : 56 0b 0c          BitwiseXorSmi [11], FBV[12]
[m [0m  [0m32: Int32BitwiseXor [n30, n31], 1 uses, cannot truncate to int32
 [0m[0;34m  67 : 4f 10 0d          AddSmi [16], FBV[13]
[m [0m      ↱ eager @35 : {<closure>:n3:, <this>:n1:, a0:n2:, <context>:n4:, <accumulator>:n2:} (addr:0x10c01142518)
 [0m  [0m34: Int32AddWithOverflow [n32, n33], 1 uses, can truncate to int32 [-2147483648, 2147483647]
 [0m[0;34m  71 : 56 0d 0e          BitwiseXorSmi [13], FBV[14]
[m [0m  [0m36: Int32BitwiseXor [n34, n35], 1 uses, cannot truncate to int32
 [0m[0;34m  75 : 4f 20 0f          AddSmi [32], FBV[15]
[m [0m      ↱ eager @35 : {<closure>:n3:, <this>:n1:, a0:n2:, <context>:n4:, <accumulator>:n2:} (addr:0x10c01142518)
 [0m  [0m38: Int32AddWithOverflow [n36, n37], 1 uses, can truncate to int32 [-2147483648, 2147483647]
 [0m[0;34m  79 : 56 11 10          BitwiseXorSmi [17], FBV[16]
[m [0m  [0m40: Int32BitwiseXor [n38, n39], 1 uses, cannot truncate to int32
 [0m[0;34m  83 : 4f 40 11          AddSmi [64], FBV[17]
[m [0m      ↱ eager @35 : {<closure>:n3:, <this>:n1:, a0:n2:, <context>:n4:, <accumulator>:n2:} (addr:0x10c01142518)
 [0m  [0m42: Int32AddWithOverflow [n40, n41], 1 uses, can truncate to int32 [-2147483648, 2147483647]
 [0m[0;34m  87 : 56 13 12          BitwiseXorSmi [19], FBV[18]
[m [0m  [0m44: Int32BitwiseXor [n42, n43], 1 uses, cannot truncate to int32
 [0m[0;34m  91 : 00 4f 80 00 13 00 AddSmi.Wide [128], FBV[19]
[m [0m      ↱ eager @35 : {<closure>:n3:, <this>:n1:, a0:n2:, <context>:n4:, <accumulator>:n2:} (addr:0x10c01142518)
 [0m  [0m46: Int32AddWithOverflow [n44, n45], 1 uses, can truncate to int32 [-2147483648, 2147483647]
 [0m[0;34m  98 : 56 17 14          BitwiseXorSmi [23], FBV[20]
[m [0m  [0m48: Int32BitwiseXor [n46, n47], 1 uses, cannot truncate to int32
 [0m[0;34m 102 : 00 4f 00 01 15 00 AddSmi.Wide [256], FBV[21]
[m [0m      ↱ eager @35 : {<closure>:n3:, <this>:n1:, a0:n2:, <context>:n4:, <accumulator>:n2:} (addr:0x10c01142518)
 [0m  [0m50: Int32AddWithOverflow [n48, n49], 1 uses, can truncate to int32 [-2147483648, 2147483647]
 [0m[0;34m 109 : 56 1d 16          BitwiseXorSmi [29], FBV[22]
[m [0m  [0m52: Int32BitwiseXor [n50, n51], 1 uses, cannot truncate to int32
 [0m[0;34m 113 : b9                Return
[m [0m  [0m54: ReduceInterruptBudgetForReturn(113) [n53]
 [0m  [0m55: Int32ToNumber[kCanonicalizeSmi] [n52], 1 uses
 [0m  [0m56: Return [n55]
 [0m

----- After truncation -----
Graph

 [0m  [0m53: Constant(0x09b80101e2a9 <FeedbackCell[one closure]>), 1 uses
 [0m   [0m3: Constant(0x09b80101e2fd <JSFunction mayThrow (sfi = 0x9b80101e1d5)>), 3 uses
 [0m   [0m4: Constant(0x09b80101e2e9 <ScriptContext[3]>), 3 uses
 [0m   [0m5: RootConstant(undefined_value), 0 uses 🪦
 [0m  [0m16: RootConstant(true_value), 0 uses 🪦
 [0m  [0m15: RootConstant(false_value), 0 uses 🪦
 [0m  [0m11: SmiConstant(0), 0 uses 🪦
 [0m  [0m12: Int32Constant(0), 2 uses, cannot truncate to int32
 [0m  [0m21: Int32Constant(2), 1 uses, cannot truncate to int32
 [0m  [0m19: Int32Constant(3), 1 uses, cannot truncate to int32
 [0m  [0m25: Int32Constant(4), 1 uses, cannot truncate to int32
 [0m  [0m23: Int32Constant(5), 1 uses, cannot truncate to int32
 [0m  [0m27: Int32Constant(7), 1 uses, cannot truncate to int32
 [0m  [0m29: Int32Constant(8), 1 uses, cannot truncate to int32
 [0m  [0m31: Int32Constant(11), 1 uses, cannot truncate to int32
 [0m  [0m35: Int32Constant(13), 1 uses, cannot truncate to int32
 [0m  [0m33: Int32Constant(16), 1 uses, cannot truncate to int32
 [0m  [0m39: Int32Constant(17), 1 uses, cannot truncate to int32
 [0m  [0m43: Int32Constant(19), 1 uses, cannot truncate to int32
 [0m  [0m47: Int32Constant(23), 1 uses, cannot truncate to int32
 [0m  [0m51: Int32Constant(29), 1 uses, cannot truncate to int32
 [0m  [0m37: Int32Constant(32), 1 uses, cannot truncate to int32
 [0m  [0m41: Int32Constant(64), 1 uses, cannot truncate to int32
 [0m  [0m45: Int32Constant(128), 1 uses, cannot truncate to int32
 [0m  [0m49: Int32Constant(256), 1 uses, cannot truncate to int32
 [0m   [0m9: Int32Constant(1023), 1 uses, cannot truncate to int32
  [0mBlock b0
 [0m[1;34m0x09b80101e1d5 <SharedFunctionInfo mayThrow> (0x09b80104a8b5 <String[18]: "workloads/throw.js">:17:17)
[m [0m[0;34m   0 : 0b 03             Ldar a0
[m [0m   [0m1: InitialValue(<this>), 3 uses
 [0m   [0m2: InitialValue(a0), 6 uses
 [0m   [0m6: FunctionEntryStackCheck
 [0m      ↳ lazy @-1 : {<closure>:n3:, <this>:n1:, a0:n2:, <context>:n4:} (addr:0x10c01141450)
 [0m   [0m7: Jump b1
 [0m   ↓
  [0mBlock b1
 [0m[1;34m0x09b80101e1d5 <SharedFunctionInfo mayThrow> (0x09b80104a8b5 <String[18]: "workloads/throw.js">:0:0)
[m [0m[0;34m   2 : 00 57 ff 03 00 00 BitwiseAndSmi.Wide [1023], FBV[0]
[m [0m      ↱ eager @2 : {<closure>:n3:, <this>:n1:, a0:n2:, <context>:n4:, <accumulator>:n2:} (addr:0x10c01141ac8)
 [0m   [0m8: CheckedSmiUntag [n2], 2 uses, cannot truncate to int32
 [0m  [0m10: Int32BitwiseAnd [n8, n9], 2 uses, cannot truncate to int32
 [0m[0;34m  10 : 78 f8 04          TestEqualStrict r1, EmbeddedFeedback[4]
[m [0m  [0m13: Int32Compare[StrictEqual] [n10, n12], 0 uses 🪦
 [0m[0;34m  13 : a8 11             JumpIfFalse [17]
[m[0;31m╭──[0m14: BranchIfInt32Compare(StrictEqual) [n10, n12] b2 b3
[0;31m│[0m   ↓
[0;31m│ [0mBlock b2
[0;31m│[0m[0;34m  15 : 23 00 01          LdaGlobal [0:"Error"], FBV[1]
[m[0;31m│[0m      ↱ eager @2 : {<closure>:n3:, <this>:n1:, a0:n2:, <context>:n4:, <accumulator>:n2:} (addr:0x10c01141ac8)
[0;31m│[0m  [0m17: Deopt(Insufficient type feedback for generic global access)
[0;31m│[0m
[0;31m╰►[0mBlock b3
 [0m[0;34m  35 : 4f 01 05          AddSmi [1], FBV[5]
[m [0m      ↱ eager @35 : {<closure>:n3:, <this>:n1:, a0:n2:, <context>:n4:, <accumulator>:n2:} (addr:0x10c01142518)
 [0m  [0m18: Int32IncrementWithOverflow [n8], 1 uses, cannot truncate to int32
 [0m[0;34m  39 : 56 03 06          BitwiseXorSmi [3], FBV[6]
[m [0m  [0m20: Int32BitwiseXor [n18, n19], 1 uses, cannot truncate to int32
 [0m[0;34m  43 : 4f 02 07          AddSmi [2], FBV[7]
[m [0m  [0m22: Int32Add [n20, n21], 1 uses, can truncate to int32 [-2147483648, 2147483647]
 [0m[0;34m  47 : 56 05 08          BitwiseXorSmi [5], FBV[8]
[m [0m  [0m24: Int32BitwiseXor [n22, n23], 1 uses, cannot truncate to int32
 [0m[0;34m  51 : 4f 04 09          AddSmi [4], FBV[9]
[m [0m  [0m26: Int32Add [n24, n25], 1 uses, can truncate to int32 [-2147483648, 2147483647]
 [0m[0;34m  55 : 56 07 0a          BitwiseXorSmi [7], FBV[10]
[m [0m  [0m28: Int32BitwiseXor [n26, n27], 1 uses, cannot truncate to int32
 [0m[0;34m  59 : 4f 08 0b          AddSmi [8], FBV[11]
[m [0m  [0m30: Int32Add [n28, n29], 1 uses, can truncate to int32 [-2147483648, 2147483647]
 [0m[0;34m  63 : 56 0b 0c          BitwiseXorSmi [11], FBV[12]
[m [0m  [0m32: Int32BitwiseXor [n30, n31], 1 uses, cannot truncate to int32
 [0m[0;34m  67 : 4f 10 0d          AddSmi [16], FBV[13]
[m [0m  [0m34: Int32Add [n32, n33], 1 uses, can truncate to int32 [-2147483648, 2147483647]
 [0m[0;34m  71 : 56 0d 0e          BitwiseXorSmi [13], FBV[14]
[m [0m  [0m36: Int32BitwiseXor [n34, n35], 1 uses, cannot truncate to int32
 [0m[0;34m  75 : 4f 20 0f          AddSmi [32], FBV[15]
[m [0m  [0m38: Int32Add [n36, n37], 1 uses, can truncate to int32 [-2147483648, 2147483647]
 [0m[0;34m  79 : 56 11 10          BitwiseXorSmi [17], FBV[16]
[m [0m  [0m40: Int32BitwiseXor [n38, n39], 1 uses, cannot truncate to int32
 [0m[0;34m  83 : 4f 40 11          AddSmi [64], FBV[17]
[m [0m  [0m42: Int32Add [n40, n41], 1 uses, can truncate to int32 [-2147483648, 2147483647]
 [0m[0;34m  87 : 56 13 12          BitwiseXorSmi [19], FBV[18]
[m [0m  [0m44: Int32BitwiseXor [n42, n43], 1 uses, cannot truncate to int32
 [0m[0;34m  91 : 00 4f 80 00 13 00 AddSmi.Wide [128], FBV[19]
[m [0m  [0m46: Int32Add [n44, n45], 1 uses, can truncate to int32 [-2147483648, 2147483647]
 [0m[0;34m  98 : 56 17 14          BitwiseXorSmi [23], FBV[20]
[m [0m  [0m48: Int32BitwiseXor [n46, n47], 1 uses, cannot truncate to int32
 [0m[0;34m 102 : 00 4f 00 01 15 00 AddSmi.Wide [256], FBV[21]
[m [0m  [0m50: Int32Add [n48, n49], 1 uses, can truncate to int32 [-2147483648, 2147483647]
 [0m[0;34m 109 : 56 1d 16          BitwiseXorSmi [29], FBV[22]
[m [0m  [0m52: Int32BitwiseXor [n50, n51], 1 uses, cannot truncate to int32
 [0m[0;34m 113 : b9                Return
[m [0m  [0m54: ReduceInterruptBudgetForReturn(113) [n53]
 [0m  [0m55: Int32ToNumber[kCanonicalizeSmi] [n52], 1 uses
 [0m  [0m56: Return [n55]
 [0m

----- After use marking -----
Graph

 [0m  [0m53: Constant(0x09b80101e2a9 <FeedbackCell[one closure]>) → (x)
 [0m   [0m3: Constant(0x09b80101e2fd <JSFunction mayThrow (sfi = 0x9b80101e1d5)>) → (x)
 [0m   [0m4: Constant(0x09b80101e2e9 <ScriptContext[3]>) → (x)
 [0m  [0m12: Int32Constant(0) → (x)
 [0m  [0m21: Int32Constant(2) → (x)
 [0m  [0m19: Int32Constant(3) → (x)
 [0m  [0m25: Int32Constant(4) → (x)
 [0m  [0m23: Int32Constant(5) → (x)
 [0m  [0m27: Int32Constant(7) → (x)
 [0m  [0m29: Int32Constant(8) → (x)
 [0m  [0m31: Int32Constant(11) → (x)
 [0m  [0m35: Int32Constant(13) → (x)
 [0m  [0m33: Int32Constant(16) → (x)
 [0m  [0m39: Int32Constant(17) → (x)
 [0m  [0m43: Int32Constant(19) → (x)
 [0m  [0m47: Int32Constant(23) → (x)
 [0m  [0m51: Int32Constant(29) → (x)
 [0m  [0m37: Int32Constant(32) → (x)
 [0m  [0m41: Int32Constant(64) → (x)
 [0m  [0m45: Int32Constant(128) → (x)
 [0m  [0m49: Int32Constant(256) → (x)
 [0m   [0m9: Int32Constant(1023) → (x)
  [0mBlock b0
 [0m[1;34m0x09b80101e1d5 <SharedFunctionInfo mayThrow> (0x09b80104a8b5 <String[18]: "workloads/throw.js">:17:17)
[m [0m[0;34m   0 : 0b 03             Ldar a0
[m [0m   [0m1: InitialValue(<this>) → (x)
 [0m   [0m2: InitialValue(a0) → (x)
 [0m   [0m6: FunctionEntryStackCheck
 [0m      ↳ lazy @-1 : {<closure>:n3:, <this>:n1:, a0:n2:, <context>:n4:} (addr:0x10c01141450)
 [0m   [0m7: Jump b1
 [0m   ↓
  [0mBlock b1
 [0m[1;34m0x09b80101e1d5 <SharedFunctionInfo mayThrow> (0x09b80104a8b5 <String[18]: "workloads/throw.js">:0:0)
[m [0m[0;34m   2 : 00 57 ff 03 00 00 BitwiseAndSmi.Wide [1023], FBV[0]
[m [0m      ↱ eager @2 : {<closure>:n3:, <this>:n1:, a0:n2:, <context>:n4:, <accumulator>:n2:} (addr:0x10c01141ac8)
 [0m   [0m8: CheckedSmiUntag [v0/n2:(x)] → (x)
 [0m  [0m10: Int32BitwiseAnd [v0/n8:(x), v0/n9:(x)] → (x)
 [0m[0;34m  13 : a8 11             JumpIfFalse [17]
[m[0;31m╭──[0m14: BranchIfInt32Compare(StrictEqual) [v0/n10:(x), v0/n12:(x)] b2 b3
[0;31m│[0m   ↓
[0;31m│ [0mBlock b2
[0;31m│[0m[0;34m  15 : 23 00 01          LdaGlobal [0:"Error"], FBV[1]
[m[0;31m│[0m      ↱ eager @2 : {<closure>:n3:, <this>:n1:, a0:n2:, <context>:n4:, <accumulator>:n2:} (addr:0x10c01141ac8)
[0;31m│[0m  [0m17: Deopt(Insufficient type feedback for generic global access)
[0;31m│[0m
[0;31m╰►[0mBlock b3
 [0m[0;34m  35 : 4f 01 05          AddSmi [1], FBV[5]
[m [0m      ↱ eager @35 : {<closure>:n3:, <this>:n1:, a0:n2:, <context>:n4:, <accumulator>:n2:} (addr:0x10c01142518)
 [0m  [0m18: Int32IncrementWithOverflow [v0/n8:(x)] → (x)
 [0m[0;34m  39 : 56 03 06          BitwiseXorSmi [3], FBV[6]
[m [0m  [0m20: Int32BitwiseXor [v0/n18:(x), v0/n19:(x)] → (x)
 [0m[0;34m  43 : 4f 02 07          AddSmi [2], FBV[7]
[m [0m  [0m22: Int32Add [v0/n20:(x), v0/n21:(x)] → (x)
 [0m[0;34m  47 : 56 05 08          BitwiseXorSmi [5], FBV[8]
[m [0m  [0m24: Int32BitwiseXor [v0/n22:(x), v0/n23:(x)] → (x)
 [0m[0;34m  51 : 4f 04 09          AddSmi [4], FBV[9]
[m [0m  [0m26: Int32Add [v0/n24:(x), v0/n25:(x)] → (x)
 [0m[0;34m  55 : 56 07 0a          BitwiseXorSmi [7], FBV[10]
[m [0m  [0m28: Int32BitwiseXor [v0/n26:(x), v0/n27:(x)] → (x)
 [0m[0;34m  59 : 4f 08 0b          AddSmi [8], FBV[11]
[m [0m  [0m30: Int32Add [v0/n28:(x), v0/n29:(x)] → (x)
 [0m[0;34m  63 : 56 0b 0c          BitwiseXorSmi [11], FBV[12]
[m [0m  [0m32: Int32BitwiseXor [v0/n30:(x), v0/n31:(x)] → (x)
 [0m[0;34m  67 : 4f 10 0d          AddSmi [16], FBV[13]
[m [0m  [0m34: Int32Add [v0/n32:(x), v0/n33:(x)] → (x)
 [0m[0;34m  71 : 56 0d 0e          BitwiseXorSmi [13], FBV[14]
[m [0m  [0m36: Int32BitwiseXor [v0/n34:(x), v0/n35:(x)] → (x)
 [0m[0;34m  75 : 4f 20 0f          AddSmi [32], FBV[15]
[m [0m  [0m38: Int32Add [v0/n36:(x), v0/n37:(x)] → (x)
 [0m[0;34m  79 : 56 11 10          BitwiseXorSmi [17], FBV[16]
[m [0m  [0m40: Int32BitwiseXor [v0/n38:(x), v0/n39:(x)] → (x)
 [0m[0;34m  83 : 4f 40 11          AddSmi [64], FBV[17]
[m [0m  [0m42: Int32Add [v0/n40:(x), v0/n41:(x)] → (x)
 [0m[0;34m  87 : 56 13 12          BitwiseXorSmi [19], FBV[18]
[m [0m  [0m44: Int32BitwiseXor [v0/n42:(x), v0/n43:(x)] → (x)
 [0m[0;34m  91 : 00 4f 80 00 13 00 AddSmi.Wide [128], FBV[19]
[m [0m  [0m46: Int32Add [v0/n44:(x), v0/n45:(x)] → (x)
 [0m[0;34m  98 : 56 17 14          BitwiseXorSmi [23], FBV[20]
[m [0m  [0m48: Int32BitwiseXor [v0/n46:(x), v0/n47:(x)] → (x)
 [0m[0;34m 102 : 00 4f 00 01 15 00 AddSmi.Wide [256], FBV[21]
[m [0m  [0m50: Int32Add [v0/n48:(x), v0/n49:(x)] → (x)
 [0m[0;34m 109 : 56 1d 16          BitwiseXorSmi [29], FBV[22]
[m [0m  [0m52: Int32BitwiseXor [v0/n50:(x), v0/n51:(x)] → (x)
 [0m[0;34m 113 : b9                Return
[m [0m  [0m54: ReduceInterruptBudgetForReturn(113) [v0/n53:(x)]
 [0m  [0m55: Int32ToNumber[kCanonicalizeSmi] [v0/n52:(x)] → (x)
 [0m  [0m56: Return [v0/n55:(x)]
 [0m

----- After register allocation pre-processing -----
Graph

 [0m   [0m1/53: Constant(0x09b80101e2a9 <FeedbackCell[one closure]>) → v-1, live range: [1-49]
 [0m    [0m2/3: Constant(0x09b80101e2fd <JSFunction mayThrow (sfi = 0x9b80101e1d5)>) → v-1, live range: [2-31]
 [0m    [0m3/4: Constant(0x09b80101e2e9 <ScriptContext[3]>) → v-1, live range: [3-31]
 [0m   [0m4/12: Int32Constant(0) → v-1, live range: [4-29]
 [0m   [0m5/21: Int32Constant(2) → v-1, live range: [5-33]
 [0m   [0m6/19: Int32Constant(3) → v-1, live range: [6-32]
 [0m   [0m7/25: Int32Constant(4) → v-1, live range: [7-35]
 [0m   [0m8/23: Int32Constant(5) → v-1, live range: [8-34]
 [0m   [0m9/27: Int32Constant(7) → v-1, live range: [9-36]
 [0m  [0m10/29: Int32Constant(8) → v-1, live range: [10-37]
 [0m  [0m11/31: Int32Constant(11) → v-1, live range: [11-38]
 [0m  [0m12/35: Int32Constant(13) → v-1, live range: [12-40]
 [0m  [0m13/33: Int32Constant(16) → v-1, live range: [13-39]
 [0m  [0m14/39: Int32Constant(17) → v-1, live range: [14-42]
 [0m  [0m15/43: Int32Constant(19) → v-1, live range: [15-44]
 [0m  [0m16/47: Int32Constant(23) → v-1, live range: [16-46]
 [0m  [0m17/51: Int32Constant(29) → v-1, live range: [17-48]
 [0m  [0m18/37: Int32Constant(32) → v-1, live range: [18-41]
 [0m  [0m19/41: Int32Constant(64) → v-1, live range: [19-43]
 [0m  [0m20/45: Int32Constant(128) → v-1, live range: [20-45]
 [0m  [0m21/49: Int32Constant(256) → v-1, live range: [21-47]
 [0m   [0m22/9: Int32Constant(1023) → v-1, live range: [22-28]
  [0mBlock b0
 [0m[1;34m0x09b80101e1d5 <SharedFunctionInfo mayThrow> (0x09b80104a8b5 <String[18]: "workloads/throw.js">:17:17)
[m [0m[0;34m   0 : 0b 03             Ldar a0
[m [0m   [0m23/1: InitialValue(<this>) → v-1(=-6S), live range: [23-31]
 [0m   [0m24/2: InitialValue(a0) → v-1(=-7S), live range: [24-31]
 [0m   [0m25/6: FunctionEntryStackCheck
 [0m         ↳ lazy @-1 : {<closure>:n3:(x), <this>:n1:(x), a0:n2:(x), <context>:n4:(x)} (addr:0x10c01141450)
 [0m   [0m26/7: Jump b1
 [0m      ↓
  [0mBlock b1
 [0m[1;34m0x09b80101e1d5 <SharedFunctionInfo mayThrow> (0x09b80104a8b5 <String[18]: "workloads/throw.js">:0:0)
[m [0m[0;34m   2 : 00 57 ff 03 00 00 BitwiseAndSmi.Wide [1023], FBV[0]
[m [0m         ↱ eager @2 : {<closure>:n3:(x), <this>:n1:(x), a0:n2:(x), <context>:n4:(x), <accumulator>:n2:(x)} (addr:0x10c01141ac8)
 [0m   [0m27/8: CheckedSmiUntag [v24/n2:v-1(R)] → v-1(0), live range: [27-31]
 [0m  [0m28/10: Int32BitwiseAnd [v27/n8:v-1(R), v22/n9:v-1(*)] → v-1(R), live range: [28-29]
 [0m[0;34m  13 : a8 11             JumpIfFalse [17]
[m[0;31m╭──[0m29/14: BranchIfInt32Compare(StrictEqual) [v28/n10:v-1(R), v4/n12:v-1(R)] b2 b3
[0;31m│[0m      ↓
[0;31m│ [0mBlock b2
[0;31m│[0m[0;34m  15 : 23 00 01          LdaGlobal [0:"Error"], FBV[1]
[m[0;31m│[0m         ↱ eager @2 : {<closure>:n3:(x), <this>:n1:(x), a0:n2:(x), <context>:n4:(x), <accumulator>:n2:(x)} (addr:0x10c01141ac8)
[0;31m│[0m  [0m30/17: Deopt(Insufficient type feedback for generic global access)
[0;31m│[0m
[0;31m╰►[0mBlock b3
 [0m[0;34m  35 : 4f 01 05          AddSmi [1], FBV[5]
[m [0m         ↱ eager @35 : {<closure>:n3:(x), <this>:n1:(x), a0:n2:(x), <context>:n4:(x), <accumulator>:n2:(x)} (addr:0x10c01142518)
 [0m  [0m31/18: Int32IncrementWithOverflow [v27/n8:v-1(R)] → v-1(R), live range: [31-32]
 [0m[0;34m  39 : 56 03 06          BitwiseXorSmi [3], FBV[6]
[m [0m  [0m32/20: Int32BitwiseXor [v31/n18:v-1(R), v6/n19:v-1(*)] → v-1(R), live range: [32-33]
 [0m[0;34m  43 : 4f 02 07          AddSmi [2], FBV[7]
[m [0m  [0m33/22: Int32Add [v32/n20:v-1(R), v5/n21:v-1(*)] → v-1(R), live range: [33-34]
 [0m[0;34m  47 : 56 05 08          BitwiseXorSmi [5], FBV[8]
[m [0m  [0m34/24: Int32BitwiseXor [v33/n22:v-1(R), v8/n23:v-1(R)] → v-1(R), live range: [34-35]
 [0m[0;34m  51 : 4f 04 09          AddSmi [4], FBV[9]
[m [0m  [0m35/26: Int32Add [v34/n24:v-1(R), v7/n25:v-1(*)] → v-1(R), live range: [35-36]
 [0m[0;34m  55 : 56 07 0a          BitwiseXorSmi [7], FBV[10]
[m [0m  [0m36/28: Int32BitwiseXor [v35/n26:v-1(R), v9/n27:v-1(*)] → v-1(R), live range: [36-37]
 [0m[0;34m  59 : 4f 08 0b          AddSmi [8], FBV[11]
[m [0m  [0m37/30: Int32Add [v36/n28:v-1(R), v10/n29:v-1(*)] → v-1(R), live range: [37-38]
 [0m[0;34m  63 : 56 0b 0c          BitwiseXorSmi [11], FBV[12]
[m [0m  [0m38/32: Int32BitwiseXor [v37/n30:v-1(R), v11/n31:v-1(R)] → v-1(R), live range: [38-39]
 [0m[0;34m  67 : 4f 10 0d          AddSmi [16], FBV[13]
[m [0m  [0m39/34: Int32Add [v38/n32:v-1(R), v13/n33:v-1(*)] → v-1(R), live range: [39-40]
 [0m[0;34m  71 : 56 0d 0e          BitwiseXorSmi [13], FBV[14]
[m [0m  [0m40/36: Int32BitwiseXor [v39/n34:v-1(R), v12/n35:v-1(R)] → v-1(R), live range: [40-41]
 [0m[0;34m  75 : 4f 20 0f          AddSmi [32], FBV[15]
[m [0m  [0m41/38: Int32Add [v40/n36:v-1(R), v18/n37:v-1(*)] → v-1(R), live range: [41-42]
 [0m[0;34m  79 : 56 11 10          BitwiseXorSmi [17], FBV[16]
[m [0m  [0m42/40: Int32BitwiseXor [v41/n38:v-1(R), v14/n39:v-1(R)] → v-1(R), live range: [42-43]
 [0m[0;34m  83 : 4f 40 11          AddSmi [64], FBV[17]
[m [0m  [0m43/42: Int32Add [v42/n40:v-1(R), v19/n41:v-1(*)] → v-1(R), live range: [43-44]
 [0m[0;34m  87 : 56 13 12          BitwiseXorSmi [19], FBV[18]
[m [0m  [0m44/44: Int32BitwiseXor [v43/n42:v-1(R), v15/n43:v-1(R)] → v-1(R), live range: [44-45]
 [0m[0;34m  91 : 00 4f 80 00 13 00 AddSmi.Wide [128], FBV[19]
[m [0m  [0m45/46: Int32Add [v44/n44:v-1(R), v20/n45:v-1(*)] → v-1(R), live range: [45-46]
 [0m[0;34m  98 : 56 17 14          BitwiseXorSmi [23], FBV[20]
[m [0m  [0m46/48: Int32BitwiseXor [v45/n46:v-1(R), v16/n47:v-1(R)] → v-1(R), live range: [46-47]
 [0m[0;34m 102 : 00 4f 00 01 15 00 AddSmi.Wide [256], FBV[21]
[m [0m  [0m47/50: Int32Add [v46/n48:v-1(R), v21/n49:v-1(*)] → v-1(R), live range: [47-48]
 [0m[0;34m 109 : 56 1d 16          BitwiseXorSmi [29], FBV[22]
[m [0m  [0m48/52: Int32BitwiseXor [v47/n50:v-1(R), v17/n51:v-1(R)] → v-1(R), live range: [48-50]
 [0m[0;34m 113 : b9                Return
[m [0m  [0m49/54: ReduceInterruptBudgetForReturn(113) [v1/n53:v-1(R)]
 [0m  [0m50/55: Int32ToNumber[kCanonicalizeSmi] [v48/n52:v-1(R)] → v-1(R), live range: [50-51]
 [0m  [0m51/56: Return [v50/n55:v-1(=x0)]
 [0m

----- After register allocation -----
Graph

 [0m   [0m1/53: Constant(0x09b80101e2a9 <FeedbackCell[one closure]>) → v-1, live range: [1-49]
 [0m    [0m2/3: Constant(0x09b80101e2fd <JSFunction mayThrow (sfi = 0x9b80101e1d5)>) → v-1, live range: [2-31]
 [0m    [0m3/4: Constant(0x09b80101e2e9 <ScriptContext[3]>) → v-1, live range: [3-31]
 [0m   [0m4/12: Int32Constant(0) → v-1, live range: [4-29]
 [0m   [0m5/21: Int32Constant(2) → v-1, live range: [5-33]
 [0m   [0m6/19: Int32Constant(3) → v-1, live range: [6-32]
 [0m   [0m7/25: Int32Constant(4) → v-1, live range: [7-35]
 [0m   [0m8/23: Int32Constant(5) → v-1, live range: [8-34]
 [0m   [0m9/27: Int32Constant(7) → v-1, live range: [9-36]
 [0m  [0m10/29: Int32Constant(8) → v-1, live range: [10-37]
 [0m  [0m11/31: Int32Constant(11) → v-1, live range: [11-38]
 [0m  [0m12/35: Int32Constant(13) → v-1, live range: [12-40]
 [0m  [0m13/33: Int32Constant(16) → v-1, live range: [13-39]
 [0m  [0m14/39: Int32Constant(17) → v-1, live range: [14-42]
 [0m  [0m15/43: Int32Constant(19) → v-1, live range: [15-44]
 [0m  [0m16/47: Int32Constant(23) → v-1, live range: [16-46]
 [0m  [0m17/51: Int32Constant(29) → v-1, live range: [17-48]
 [0m  [0m18/37: Int32Constant(32) → v-1, live range: [18-41]
 [0m  [0m19/41: Int32Constant(64) → v-1, live range: [19-43]
 [0m  [0m20/45: Int32Constant(128) → v-1, live range: [20-45]
 [0m  [0m21/49: Int32Constant(256) → v-1, live range: [21-47]
 [0m   [0m22/9: Int32Constant(1023) → v-1, live range: [22-28]
  [0mBlock b0
 [0m[1;34m0x09b80101e1d5 <SharedFunctionInfo mayThrow> (0x09b80104a8b5 <String[18]: "workloads/throw.js">:17:17)
[m [0m[0;34m   0 : 0b 03             Ldar a0
[m [0m   [0m23/1: InitialValue(<this>) → [stack:-6|t], live range: [23-31]
 [0m   [0m24/2: InitialValue(a0) → [stack:-7|t], live range: [24-31]
 [0m   [0m25/6: FunctionEntryStackCheck
 [0m         ↳ lazy @-1 : {<closure>:n3:[constant:v-1], <this>:n1:[stack:-6|t], a0:n2:[stack:-7|t], <context>:n4:[constant:v-1]} (addr:0x10c01141450)
 [0m   [0m26/7: Jump b1
 [0m      ↓
  [0mBlock b1
 [0m     [0m57: GapMove([stack:-7|t] → [x0|R|t])
 [0m[1;34m0x09b80101e1d5 <SharedFunctionInfo mayThrow> (0x09b80104a8b5 <String[18]: "workloads/throw.js">:0:0)
[m [0m[0;34m   2 : 00 57 ff 03 00 00 BitwiseAndSmi.Wide [1023], FBV[0]
[m [0m         ↱ eager @2 : {<closure>:n3:[constant:v-1], <this>:n1:[stack:-6|t], a0:n2:[stack:-7|t], <context>:n4:[constant:v-1], <accumulator>:n2:[stack:-7|t]} (addr:0x10c01141ac8)
 [0m   [0m27/8: CheckedSmiUntag [v24/n2:[x0|R|t]] → [x0|R|w32], live range: [27-31]
 [0m  [0m28/10: Int32BitwiseAnd [v27/n8:[x0|R|w32], v22/n9:[constant:v-1]] → [x1|R|w32], live range: [28-29]
 [0m     [0m58: ConstantGapMove(n12 → [x2|R|w32])
 [0m[0;34m  13 : a8 11             JumpIfFalse [17]
[m[0;31m╭──[0m29/14: BranchIfInt32Compare(StrictEqual) [v28/n10:[x1|R|w32], v4/n12:[x2|R|w32]] b2 b3
[0;31m│[0m      ↓
[0;31m│ [0mBlock b2
[0;31m│[0m[0;34m  15 : 23 00 01          LdaGlobal [0:"Error"], FBV[1]
[m[0;31m│[0m         ↱ eager @2 : {<closure>:n3:[constant:v-1], <this>:n1:[stack:-6|t], a0:n2:[stack:-7|t], <context>:n4:[constant:v-1], <accumulator>:n2:[stack:-7|t]} (addr:0x10c01141ac8)
[0;31m│[0m  [0m30/17: Deopt(Insufficient type feedback for generic global access)
[0;31m│[0m
[0;31m╰►[0mBlock b3
 [0m[0;34m  35 : 4f 01 05          AddSmi [1], FBV[5]
[m [0m         ↱ eager @35 : {<closure>:n3:[constant:v-1], <this>:n1:[stack:-6|t], a0:n2:[stack:-7|t], <context>:n4:[constant:v-1], <accumulator>:n2:[stack:-7|t]} (addr:0x10c01142518)
 [0m  [0m31/18: Int32IncrementWithOverflow [v27/n8:[x0|R|w32]] → [x1|R|w32], live range: [31-32]
 [0m[0;34m  39 : 56 03 06          BitwiseXorSmi [3], FBV[6]
[m [0m  [0m32/20: Int32BitwiseXor [v31/n18:[x1|R|w32], v6/n19:[constant:v-1]] → [x0|R|w32], live range: [32-33]
 [0m[0;34m  43 : 4f 02 07          AddSmi [2], FBV[7]
[m [0m  [0m33/22: Int32Add [v32/n20:[x0|R|w32], v5/n21:[constant:v-1]] → [x1|R|w32], live range: [33-34]
 [0m     [0m59: ConstantGapMove(n23 → [x0|R|w32])
 [0m[0;34m  47 : 56 05 08          BitwiseXorSmi [5], FBV[8]
[m [0m  [0m34/24: Int32BitwiseXor [v33/n22:[x1|R|w32], v8/n23:[x0|R|w32]] → [x2|R|w32], live range: [34-35]
 [0m[0;34m  51 : 4f 04 09          AddSmi [4], FBV[9]
[m [0m  [0m35/26: Int32Add [v34/n24:[x2|R|w32], v7/n25:[constant:v-1]] → [x0|R|w32], live range: [35-36]
 [0m[0;34m  55 : 56 07 0a          BitwiseXorSmi [7], FBV[10]
[m [0m  [0m36/28: Int32BitwiseXor [v35/n26:[x0|R|w32], v9/n27:[constant:v-1]] → [x1|R|w32], live range: [36-37]
 [0m[0;34m  59 : 4f 08 0b          AddSmi [8], FBV[11]
[m [0m  [0m37/30: Int32Add [v36/n28:[x1|R|w32], v10/n29:[constant:v-1]] → [x0|R|w32], live range: [37-38]
 [0m     [0m60: ConstantGapMove(n31 → [x1|R|w32])
 [0m[0;34m  63 : 56 0b 0c          BitwiseXorSmi [11], FBV[12]
[m [0m  [0m38/32: Int32BitwiseXor [v37/n30:[x0|R|w32], v11/n31:[x1|R|w32]] → [x2|R|w32], live range: [38-39]
 [0m[0;34m  67 : 4f 10 0d          AddSmi [16], FBV[13]
[m [0m  [0m39/34: Int32Add [v38/n32:[x2|R|w32], v13/n33:[constant:v-1]] → [x0|R|w32], live range: [39-40]
 [0m     [0m61: ConstantGapMove(n35 → [x1|R|w32])
 [0m[0;34m  71 : 56 0d 0e          BitwiseXorSmi [13], FBV[14]
[m [0m  [0m40/36: Int32BitwiseXor [v39/n34:[x0|R|w32], v12/n35:[x1|R|w32]] → [x2|R|w32], live range: [40-41]
 [0m[0;34m  75 : 4f 20 0f          AddSmi [32], FBV[15]
[m [0m  [0m41/38: Int32Add [v40/n36:[x2|R|w32], v18/n37:[constant:v-1]] → [x0|R|w32], live range: [41-42]
 [0m     [0m62: ConstantGapMove(n39 → [x1|R|w32])
 [0m[0;34m  79 : 56 11 10          BitwiseXorSmi [17], FBV[16]
[m [0m  [0m42/40: Int32BitwiseXor [v41/n38:[x0|R|w32], v14/n39:[x1|R|w32]] → [x2|R|w32], live range: [42-43]
 [0m[0;34m  83 : 4f 40 11          AddSmi [64], FBV[17]
[m [0m  [0m43/42: Int32Add [v42/n40:[x2|R|w32], v19/n41:[constant:v-1]] → [x0|R|w32], live range: [43-44]
 [0m     [0m63: ConstantGapMove(n43 → [x1|R|w32])
 [0m[0;34m  87 : 56 13 12          BitwiseXorSmi [19], FBV[18]
[m [0m  [0m44/44: Int32BitwiseXor [v43/n42:[x0|R|w32], v15/n43:[x1|R|w32]] → [x2|R|w32], live range: [44-45]
 [0m[0;34m  91 : 00 4f 80 00 13 00 AddSmi.Wide [128], FBV[19]
[m [0m  [0m45/46: Int32Add [v44/n44:[x2|R|w32], v20/n45:[constant:v-1]] → [x0|R|w32], live range: [45-46]
 [0m     [0m64: ConstantGapMove(n47 → [x1|R|w32])
 [0m[0;34m  98 : 56 17 14          BitwiseXorSmi [23], FBV[20]
[m [0m  [0m46/48: Int32BitwiseXor [v45/n46:[x0|R|w32], v16/n47:[x1|R|w32]] → [x2|R|w32], live range: [46-47]
 [0m[0;34m 102 : 00 4f 00 01 15 00 AddSmi.Wide [256], FBV[21]
[m [0m  [0m47/50: Int32Add [v46/n48:[x2|R|w32], v21/n49:[constant:v-1]] → [x0|R|w32], live range: [47-48]
 [0m     [0m65: ConstantGapMove(n51 → [x1|R|w32])
 [0m[0;34m 109 : 56 1d 16          BitwiseXorSmi [29], FBV[22]
[m [0m  [0m48/52: Int32BitwiseXor [v47/n50:[x0|R|w32], v17/n51:[x1|R|w32]] → [x2|R|w32], live range: [48-50]
 [0m     [0m66: ConstantGapMove(n53 → [x0|R|t])
 [0m[0;34m 113 : b9                Return
[m [0m  [0m49/54: ReduceInterruptBudgetForReturn(113) [v1/n53:[x0|R|t]]
 [0m  [0m50/55: Int32ToNumber[kCanonicalizeSmi] [v48/n52:[x2|R|w32]] → [x0|R|t], live range: [50-51]
 [0m  [0m51/56: Return [v50/n55:[x0|R|t]]
 [0m
Compiling 0x09b80101e331 <JSFunction risky (sfi = 0x9b80101e205)> with Maglev
----- Bytecode array -----
Parameter count 2
Register count 4
Frame size 32
         0x31a01000184 @    0 : 0b 03             Ldar a0
         0x31a01000186 @    2 : 51 02 00          MulSmi [2], FBV[0]
         0x31a01000189 @    5 : d4                Star0
         0x31a0100018a @    6 : 1b ff f8          Mov <context>, r1
         0x31a0100018d @    9 : 23 00 02          LdaGlobal [0:"mayThrow"], FBV[2]
         0x31a01000190 @   12 : d1                Star3
         0x31a01000191 @   13 : 6d f6 03 04       CallUndefinedReceiver1 r3, a0, FBV[4]
         0x31a01000195 @   17 : 42 f9 01          Add r0, FBV[1]
         0x31a01000198 @   20 : 1b f9 f7          Mov r0, r2
         0x31a0100019b @   23 : d4                Star0
         0x31a0100019c @   24 : 98 15             Jump [21] (0x31a010001b1 @ 45)
         0x31a0100019e @   26 : d2                Star2
         0x31a0100019f @   27 : 8f f7 01          CreateCatchContext r2, [1:0x09b80101e415 <ScopeInfo CATCH_SCOPE>]
         0x31a010001a2 @   30 : d3                Star1
         0x31a010001a3 @   31 : 10                LdaTheHole
         0x31a010001a4 @   32 : b6                SetPendingMessage
         0x31a010001a5 @   33 : 0b f8             Ldar r1
         0x31a010001a7 @   35 : 1c f7             PushContext r2
         0x31a010001a9 @   37 : 0b f9             Ldar r0
         0x31a010001ab @   39 : 50 01 06          SubSmi [1], FBV[6]
         0x31a010001ae @   42 : d4                Star0
         0x31a010001af @   43 : 1d f7             PopContext r2
         0x31a010001b1 @   45 : 0b f9             Ldar r0
         0x31a010001b3 @   47 : b9                Return
Constant pool (size = 2)
0x31a0100014d: [TrustedFixedArray]
 - map: 0x09b800000605 <Map(TRUSTED_FIXED_ARRAY_TYPE)>
 - length: 2
           0: 0x09b80101e0ed <String[8]: #mayThrow>
           1: 0x09b80101e415 <ScopeInfo CATCH_SCOPE>
Handler Table (size = 16)
   from   to       hdlr (prediction,   data)
  (   9,  24)  ->    26 (prediction=1, data=1)
Source Position Table (size = 0)
0x9b80101e61d: [FeedbackVector] in OldSpace
 - map: 0x09b800000899 <Map(FEEDBACK_VECTOR_TYPE)>
 - length: 7
 - shared function info: 0x09b80101e205 <SharedFunctionInfo risky>
 - tiering_in_progress: 0
 - osr_tiering_in_progress: 0
 - invocation count: 402
 - closure feedback cell array: 0x9b800002071: [ClosureFeedbackCellArray] in ReadOnlySpace
 - map: 0x09b800000871 <Map(CLOSURE_FEEDBACK_CELL_ARRAY_TYPE)>
 - length: 0
 - elements:

 - slot #0 BinaryOp BinaryOp:SignedSmall {
     [0]: 1
  }
 - slot #1 BinaryOp BinaryOp:SignedSmall {
     [1]: 1
  }
 - slot #2 LoadGlobalNotInsideTypeof MONOMORPHIC
   [weak] 0x09b80101e31d <PropertyCell name=0x09b80101e0ed <String[8]: #mayThrow> value=0x09b80101e2fd <JSFunction mayThrow (sfi = 0x9b80101e1d5)>> {
     [2]: [weak] 0x09b80101e31d <PropertyCell name=0x09b80101e0ed <String[8]: #mayThrow> value=0x09b80101e2fd <JSFunction mayThrow (sfi = 0x9b80101e1d5)>>
     [3]: 0x09b800000e95 <Symbol: (uninitialized_symbol)>
  }
 - slot #4 Call MONOMORPHIC {
     [4]: [weak] 0x09b80101e2fd <JSFunction mayThrow (sfi = 0x9b80101e1d5)>
     [5]: 3208
  }
 - slot #6 BinaryOp BinaryOp:None {
     [6]: 0
  }

----- After graph building -----
Graph

[0m  [0m17: Constant(0x09b80101e2b9 <FeedbackCell[one closure]>), 1 uses
[0m   [0m3: Constant(0x09b80101e331 <JSFunction risky (sfi = 0x9b80101e205)>), 4 uses
[0m   [0m4: Constant(0x09b80101e2e9 <ScriptContext[3]>), 7 uses
[0m  [0m11: Constant(0x09b80101e2fd <JSFunction mayThrow (sfi = 0x9b80101e1d5)>), 1 uses
[0m  [0m12: Constant(0x09b801004979 <JSGlobalProxy>), 1 uses
[0m   [0m5: RootConstant(undefined_value), 1 uses
[0m   [0m8: Int32Constant(2), 1 uses, cannot truncate to int32
 [0mBlock b0
[0m[1;34m0x09b80101e205 <SharedFunctionInfo risky> (0x09b80104a8b5 <String[18]: "workloads/throw.js">:27:14)
[m[0m[0;34m   0 : 0b 03             Ldar a0
[m[0m   [0m1: InitialValue(<this>), 4 uses
[0m   [0m2: InitialValue(a0), 7 uses
[0m   [0m6: FunctionEntryStackCheck
[0m      ↳ lazy @-1 : {<closure>:n3:, <this>:n1:, a0:n2:, <context>:n4:} (addr:0x10c01140688)
[0m   [0m7: Jump b1
[0m   ↓
 [0mBlock b1
[0m[1;34m0x09b80101e205 <SharedFunctionInfo risky> (0x09b80104a8b5 <String[18]: "workloads/throw.js">:0:0)
[m[0m[0;34m   2 : 51 02 00          MulSmi [2], FBV[0]
[m[0m      ↱ eager @2 : {<closure>:n3:, <this>:n1:, a0:n2:, <context>:n4:, <accumulator>:n2:} (addr:0x10c01141000)
[0m   [0m9: CheckedSmiUntag [n2], 1 uses, cannot truncate to int32
[0m      ↱ eager @2 : {<closure>:n3:, <this>:n1:, a0:n2:, <context>:n4:, <accumulator>:n2:} (addr:0x10c01141000)
[0m  [0m10: Int32MultiplyWithOverflow [n9, n8], 3 uses, cannot truncate to int32
[0m[0;34m  13 : 6d f6 03 04       CallUndefinedReceiver1 r3, a0, FBV[4]
[m[0m  [0m13: 🐢 CallKnownJSFunction(0x09b80101e1d5 <SharedFunctionInfo mayThrow>, {Int32}) [n11, n4, n12, n5, n2], 2 uses
[0m      ↳ lazy @13 : {<closure>:n3:, <this>:n1:, a0:n2:, <context>:n4:, r0:n10:, r1:n4:} (addr:0x10c01142d00)
[0m[0;34m  17 : 42 f9 01          Add r0, FBV[1]
[m[0m      ↱ eager @17 : {<closure>:n3:, <this>:n1:, a0:n2:, <context>:n4:, r0:n10:, r1:n4:, <accumulator>:n13:} (addr:0x10c01142e78)
[0m  [0m14: CheckedSmiUntag [n13], 1 uses, cannot truncate to int32
[0m      ↱ eager @17 : {<closure>:n3:, <this>:n1:, a0:n2:, <context>:n4:, r0:n10:, r1:n4:, <accumulator>:n13:} (addr:0x10c01142e78)
[0m  [0m15: Int32AddWithOverflow [n10, n14], 1 uses, can truncate to int32 [-2147483648, 2147483647]
[0m[0;34m  24 : 98 15             Jump [21]
[m[0m  [0m16: Jump b2
[0m   ↓
 [0mBlock b2
[0m[0;34m  47 : b9                Return
[m[0m  [0m18: ReduceInterruptBudgetForReturn(47) [n17]
[0m  [0m19: Int32ToNumber[kCanonicalizeSmi] [n15], 1 uses
[0m  [0m20: Return [n19]
[0m

----- After use marking -----
Graph

[0m  [0m17: Constant(0x09b80101e2b9 <FeedbackCell[one closure]>) → (x)
[0m   [0m3: Constant(0x09b80101e331 <JSFunction risky (sfi = 0x9b80101e205)>) → (x)
[0m   [0m4: Constant(0x09b80101e2e9 <ScriptContext[3]>) → (x)
[0m  [0m11: Constant(0x09b80101e2fd <JSFunction mayThrow (sfi = 0x9b80101e1d5)>) → (x)
[0m  [0m12: Constant(0x09b801004979 <JSGlobalProxy>) → (x)
[0m   [0m5: RootConstant(undefined_value) → (x)
[0m   [0m8: Int32Constant(2) → (x)
 [0mBlock b0
[0m[1;34m0x09b80101e205 <SharedFunctionInfo risky> (0x09b80104a8b5 <String[18]: "workloads/throw.js">:27:14)
[m[0m[0;34m   0 : 0b 03             Ldar a0
[m[0m   [0m1: InitialValue(<this>) → (x)
[0m   [0m2: InitialValue(a0) → (x)
[0m   [0m6: FunctionEntryStackCheck
[0m      ↳ lazy @-1 : {<closure>:n3:, <this>:n1:, a0:n2:, <context>:n4:} (addr:0x10c01140688)
[0m   [0m7: Jump b1
[0m   ↓
 [0mBlock b1
[0m[1;34m0x09b80101e205 <SharedFunctionInfo risky> (0x09b80104a8b5 <String[18]: "workloads/throw.js">:0:0)
[m[0m[0;34m   2 : 51 02 00          MulSmi [2], FBV[0]
[m[0m      ↱ eager @2 : {<closure>:n3:, <this>:n1:, a0:n2:, <context>:n4:, <accumulator>:n2:} (addr:0x10c01141000)
[0m   [0m9: CheckedSmiUntag [v0/n2:(x)] → (x)
[0m      ↱ eager @2 : {<closure>:n3:, <this>:n1:, a0:n2:, <context>:n4:, <accumulator>:n2:} (addr:0x10c01141000)
[0m  [0m10: Int32MultiplyWithOverflow [v0/n9:(x), v0/n8:(x)] → (x)
[0m[0;34m  13 : 6d f6 03 04       CallUndefinedReceiver1 r3, a0, FBV[4]
[m[0m  [0m13: 🐢 CallKnownJSFunction(0x09b80101e1d5 <SharedFunctionInfo mayThrow>, {Int32}) [v0/n11:(x), v0/n4:(x), v0/n12:(x), v0/n5:(x), v0/n2:(x)] → (x)
[0m      ↳ lazy @13 : {<closure>:n3:, <this>:n1:, a0:n2:, <context>:n4:, r0:n10:, r1:n4:} (addr:0x10c01142d00)
[0m[0;34m  17 : 42 f9 01          Add r0, FBV[1]
[m[0m      ↱ eager @17 : {<closure>:n3:, <this>:n1:, a0:n2:, <context>:n4:, r0:n10:, r1:n4:, <accumulator>:n13:} (addr:0x10c01142e78)
[0m  [0m14: CheckedSmiUntag [v0/n13:(x)] → (x)
[0m      ↱ eager @17 : {<closure>:n3:, <this>:n1:, a0:n2:, <context>:n4:, r0:n10:, r1:n4:, <accumulator>:n13:} (addr:0x10c01142e78)
[0m  [0m15: Int32AddWithOverflow [v0/n10:(x), v0/n14:(x)] → (x)
[0m[0;34m  24 : 98 15             Jump [21]
[m[0m  [0m16: Jump b2
[0m   ↓
 [0mBlock b2
[0m[0;34m  47 : b9                Return
[m[0m  [0m18: ReduceInterruptBudgetForReturn(47) [v0/n17:(x)]
[0m  [0m19: Int32ToNumber[kCanonicalizeSmi] [v0/n15:(x)] → (x)
[0m  [0m20: Return [v0/n19:(x)]
[0m

----- After register allocation pre-processing -----
Graph

[0m   [0m1/17: Constant(0x09b80101e2b9 <FeedbackCell[one closure]>) → v-1, live range: [1-18]
[0m    [0m2/3: Constant(0x09b80101e331 <JSFunction risky (sfi = 0x9b80101e205)>) → v-1, live range: [2-16]
[0m    [0m3/4: Constant(0x09b80101e2e9 <ScriptContext[3]>) → v-1, live range: [3-16]
[0m   [0m4/11: Constant(0x09b80101e2fd <JSFunction mayThrow (sfi = 0x9b80101e1d5)>) → v-1, live range: [4-14]
[0m   [0m5/12: Constant(0x09b801004979 <JSGlobalProxy>) → v-1, live range: [5-14]
[0m    [0m6/5: RootConstant(undefined_value) → v-1, live range: [6-14]
[0m    [0m7/8: Int32Constant(2) → v-1, live range: [7-13]
 [0mBlock b0
[0m[1;34m0x09b80101e205 <SharedFunctionInfo risky> (0x09b80104a8b5 <String[18]: "workloads/throw.js">:27:14)
[m[0m[0;34m   0 : 0b 03             Ldar a0
[m[0m    [0m8/1: InitialValue(<this>) → v-1(=-6S), live range: [8-16]
[0m    [0m9/2: InitialValue(a0) → v-1(=-7S), live range: [9-16]
[0m   [0m10/6: FunctionEntryStackCheck
[0m         ↳ lazy @-1 : {<closure>:n3:(x), <this>:n1:(x), a0:n2:(x), <context>:n4:(x)} (addr:0x10c01140688)
[0m   [0m11/7: Jump b1
[0m      ↓
 [0mBlock b1
[0m[1;34m0x09b80101e205 <SharedFunctionInfo risky> (0x09b80104a8b5 <String[18]: "workloads/throw.js">:0:0)
[m[0m[0;34m   2 : 51 02 00          MulSmi [2], FBV[0]
[m[0m         ↱ eager @2 : {<closure>:n3:(x), <this>:n1:(x), a0:n2:(x), <context>:n4:(x), <accumulator>:n2:(x)} (addr:0x10c01141000)
[0m   [0m12/9: CheckedSmiUntag [v9/n2:v-1(R)] → v-1(0), live range: [12-13]
[0m         ↱ eager @2 : {<closure>:n3:(x), <this>:n1:(x), a0:n2:(x), <context>:n4:(x), <accumulator>:n2:(x)} (addr:0x10c01141000)
[0m  [0m13/10: Int32MultiplyWithOverflow [v12/n9:v-1(R), v7/n8:v-1(R)] → v-1(R), live range: [13-16]
[0m[0;34m  13 : 6d f6 03 04       CallUndefinedReceiver1 r3, a0, FBV[4]
[m[0m  [0m14/13: 🐢 CallKnownJSFunction(0x09b80101e1d5 <SharedFunctionInfo mayThrow>, {Int32}) [v4/n11:v-1(=x1), v3/n4:v-1(=x27), v5/n12:v-1(*), v6/n5:v-1(=x3), v9/n2:v-1(*)] → v-1(=x0), live range: [14-16]
[0m         ↳ lazy @13 : {<closure>:n3:(x), <this>:n1:(x), a0:n2:(x), <context>:n4:(x), r0:n10:(x), r1:n4:(x)} (addr:0x10c01142d00)
[0m[0;34m  17 : 42 f9 01          Add r0, FBV[1]
[m[0m         ↱ eager @17 : {<closure>:n3:(x), <this>:n1:(x), a0:n2:(x), <context>:n4:(x), r0:n10:(x), r1:n4:(x), <accumulator>:n13:(x)} (addr:0x10c01142e78)
[0m  [0m15/14: CheckedSmiUntag [v14/n13:v-1(R)] → v-1(0), live range: [15-16]
[0m         ↱ eager @17 : {<closure>:n3:(x), <this>:n1:(x), a0:n2:(x), <context>:n4:(x), r0:n10:(x), r1:n4:(x), <accumulator>:n13:(x)} (addr:0x10c01142e78)
[0m  [0m16/15: Int32AddWithOverflow [v13/n10:v-1(R), v15/n14:v-1(R)] → v-1(R), live range: [16-19]
[0m[0;34m  24 : 98 15             Jump [21]
[m[0m  [0m17/16: Jump b2
[0m      ↓
 [0mBlock b2
[0m[0;34m  47 : b9                Return
[m[0m  [0m18/18: ReduceInterruptBudgetForReturn(47) [v1/n17:v-1(R)]
[0m  [0m19/19: Int32ToNumber[kCanonicalizeSmi] [v16/n15:v-1(R)] → v-1(R), live range: [19-20]
[0m  [0m20/20: Return [v19/n19:v-1(=x0)]
[0m

----- After register allocation -----
Graph

[0m   [0m1/17: Constant(0x09b80101e2b9 <FeedbackCell[one closure]>) → v-1, live range: [1-18]
[0m    [0m2/3: Constant(0x09b80101e331 <JSFunction risky (sfi = 0x9b80101e205)>) → v-1, live range: [2-16]
[0m    [0m3/4: Constant(0x09b80101e2e9 <ScriptContext[3]>) → v-1, live range: [3-16]
[0m   [0m4/11: Constant(0x09b80101e2fd <JSFunction mayThrow (sfi = 0x9b80101e1d5)>) → v-1, live range: [4-14]
[0m   [0m5/12: Constant(0x09b801004979 <JSGlobalProxy>) → v-1, live range: [5-14]
[0m    [0m6/5: RootConstant(undefined_value) → v-1, live range: [6-14]
[0m    [0m7/8: Int32Constant(2) → v-1, live range: [7-13]
 [0mBlock b0
[0m[1;34m0x09b80101e205 <SharedFunctionInfo risky> (0x09b80104a8b5 <String[18]: "workloads/throw.js">:27:14)
[m[0m[0;34m   0 : 0b 03             Ldar a0
[m[0m    [0m8/1: InitialValue(<this>) → [stack:-6|t], live range: [8-16]
[0m    [0m9/2: InitialValue(a0) → [stack:-7|t], live range: [9-16]
[0m   [0m10/6: FunctionEntryStackCheck
[0m         ↳ lazy @-1 : {<closure>:n3:[constant:v-1], <this>:n1:[stack:-6|t], a0:n2:[stack:-7|t], <context>:n4:[constant:v-1]} (addr:0x10c01140688)
[0m   [0m11/7: Jump b1
[0m      ↓
 [0mBlock b1
[0m     [0m21: GapMove([stack:-7|t] → [x0|R|t])
[0m[1;34m0x09b80101e205 <SharedFunctionInfo risky> (0x09b80104a8b5 <String[18]: "workloads/throw.js">:0:0)
[m[0m[0;34m   2 : 51 02 00          MulSmi [2], FBV[0]
[m[0m         ↱ eager @2 : {<closure>:n3:[constant:v-1], <this>:n1:[stack:-6|t], a0:n2:[stack:-7|t], <context>:n4:[constant:v-1], <accumulator>:n2:[stack:-7|t]} (addr:0x10c01141000)
[0m   [0m12/9: CheckedSmiUntag [v9/n2:[x0|R|t]] → [x0|R|w32], live range: [12-13]
[0m     [0m22: ConstantGapMove(n8 → [x1|R|w32])
[0m         ↱ eager @2 : {<closure>:n3:[constant:v-1], <this>:n1:[stack:-6|t], a0:n2:[stack:-7|t], <context>:n4:[constant:v-1], <accumulator>:n2:[stack:-7|t]} (addr:0x10c01141000)
[0m  [0m13/10: Int32MultiplyWithOverflow [v12/n9:[x0|R|w32], v7/n8:[x1|R|w32]] → [x2|R|w32] (spilled: [stack:0|w32]), live range: [13-16]
[0m     [0m23: ConstantGapMove(n11 → [x1|R|t])
[0m     [0m24: ConstantGapMove(n4 → [x27|R|t])
[0m     [0m25: ConstantGapMove(n5 → [x3|R|t])
[0m[0;34m  13 : 6d f6 03 04       CallUndefinedReceiver1 r3, a0, FBV[4]
[m[0m  [0m14/13: 🐢 CallKnownJSFunction(0x09b80101e1d5 <SharedFunctionInfo mayThrow>, {Int32}) [v4/n11:[x1|R|t], v3/n4:[x27|R|t], v5/n12:[constant:v-1], v6/n5:[x3|R|t], v9/n2:[stack:-7|t]] → [x0|R|t], live range: [14-16]
[0m         ↳ lazy @13 : {<closure>:n3:[constant:v-1], <this>:n1:[stack:-6|t], a0:n2:[stack:-7|t], <context>:n4:[constant:v-1], r0:n10:[stack:0|w32], r1:n4:[constant:v-1]} (addr:0x10c01142d00)
[0m     [0m26: GapMove([x0|R|t] → [x1|R|t])
[0m[0;34m  17 : 42 f9 01          Add r0, FBV[1]
[m[0m         ↱ eager @17 : {<closure>:n3:[constant:v-1], <this>:n1:[stack:-6|t], a0:n2:[stack:-7|t], <context>:n4:[constant:v-1], r0:n10:[stack:0|w32], r1:n4:[constant:v-1], <accumulator>:n13:[x1|R|t]} (addr:0x10c01142e78)
[0m  [0m15/14: CheckedSmiUntag [v14/n13:[x0|R|t]] → [x0|R|w32], live range: [15-16]
[0m     [0m27: GapMove([stack:0|w32] → [x2|R|w32])
[0m         ↱ eager @17 : {<closure>:n3:[constant:v-1], <this>:n1:[stack:-6|t], a0:n2:[stack:-7|t], <context>:n4:[constant:v-1], r0:n10:[x2|R|w32], r1:n4:[constant:v-1], <accumulator>:n13:[x1|R|t]} (addr:0x10c01142e78)
[0m  [0m16/15: Int32AddWithOverflow [v13/n10:[x2|R|w32], v15/n14:[x0|R|w32]] → [x3|R|w32], live range: [16-19]
[0m[0;34m  24 : 98 15             Jump [21]
[m[0m  [0m17/16: Jump b2
[0m      ↓
 [0mBlock b2
[0m     [0m28: ConstantGapMove(n17 → [x0|R|t])
[0m[0;34m  47 : b9                Return
[m[0m  [0m18/18: ReduceInterruptBudgetForReturn(47) [v1/n17:[x0|R|t]]
[0m  [0m19/19: Int32ToNumber[kCanonicalizeSmi] [v16/n15:[x3|R|w32]] → [x0|R|t], live range: [19-20]
[0m  [0m20/20: Return [v19/n19:[x0|R|t]]
[0m
Compiling 0x09b80101e365 <JSFunction bare (sfi = 0x9b80101e235)> with Maglev
----- Bytecode array -----
Parameter count 2
Register count 2
Frame size 16
         0x31a010002b0 @    0 : 1b ff f9          Mov <context>, r0
         0x31a010002b3 @    3 : 23 00 00          LdaGlobal [0:"mayThrow"], FBV[0]
         0x31a010002b6 @    6 : d3                Star1
         0x31a010002b7 @    7 : 6d f8 03 02       CallUndefinedReceiver1 r1, a0, FBV[2]
         0x31a010002bb @   11 : 98 0f             Jump [15] (0x31a010002ca @ 26)
         0x31a010002bd @   13 : d3                Star1
         0x31a010002be @   14 : 8f f8 01          CreateCatchContext r1, [1:0x09b80101e4e1 <ScopeInfo CATCH_SCOPE>]
         0x31a010002c1 @   17 : d4                Star0
         0x31a010002c2 @   18 : 10                LdaTheHole
         0x31a010002c3 @   19 : b6                SetPendingMessage
         0x31a010002c4 @   20 : 0b f9             Ldar r0
         0x31a010002c6 @   22 : 1c f8             PushContext r1
         0x31a010002c8 @   24 : 1d f8             PopContext r1
         0x31a010002ca @   26 : 0c                LdaZero
         0x31a010002cb @   27 : b9                Return
Constant pool (size = 2)
0x31a01000279: [TrustedFixedArray]
 - map: 0x09b800000605 <Map(TRUSTED_FIXED_ARRAY_TYPE)>
 - length: 2
           0: 0x09b80101e0ed <String[8]: #mayThrow>
           1: 0x09b80101e4e1 <ScopeInfo CATCH_SCOPE>
Handler Table (size = 16)
   from   to       hdlr (prediction,   data)
  (   3,  11)  ->    13 (prediction=1, data=0)
Source Position Table (size = 0)
0x9b80101e655: [FeedbackVector] in OldSpace
 - map: 0x09b800000899 <Map(FEEDBACK_VECTOR_TYPE)>
 - length: 4
 - shared function info: 0x09b80101e235 <SharedFunctionInfo bare>
 - tiering_in_progress: 0
 - osr_tiering_in_progress: 0
 - invocation count: 402
 - closure feedback cell array: 0x9b800002071: [ClosureFeedbackCellArray] in ReadOnlySpace
 - map: 0x09b800000871 <Map(CLOSURE_FEEDBACK_CELL_ARRAY_TYPE)>
 - length: 0
 - elements:

 - slot #0 LoadGlobalNotInsideTypeof MONOMORPHIC
   [weak] 0x09b80101e31d <PropertyCell name=0x09b80101e0ed <String[8]: #mayThrow> value=0x09b80101e2fd <JSFunction mayThrow (sfi = 0x9b80101e1d5)>> {
     [0]: [weak] 0x09b80101e31d <PropertyCell name=0x09b80101e0ed <String[8]: #mayThrow> value=0x09b80101e2fd <JSFunction mayThrow (sfi = 0x9b80101e1d5)>>
     [1]: 0x09b800000e95 <Symbol: (uninitialized_symbol)>
  }
 - slot #2 Call MONOMORPHIC {
     [2]: [weak] 0x09b80101e2fd <JSFunction mayThrow (sfi = 0x9b80101e1d5)>
     [3]: 3208
  }

----- After graph building -----
Graph

[0m  [0m13: Constant(0x09b80101e2c9 <FeedbackCell[one closure]>), 1 uses
[0m   [0m3: Constant(0x09b80101e365 <JSFunction bare (sfi = 0x9b80101e235)>), 2 uses
[0m   [0m4: Constant(0x09b80101e2e9 <ScriptContext[3]>), 4 uses
[0m   [0m8: Constant(0x09b80101e2fd <JSFunction mayThrow (sfi = 0x9b80101e1d5)>), 1 uses
[0m   [0m9: Constant(0x09b801004979 <JSGlobalProxy>), 1 uses
[0m   [0m5: RootConstant(undefined_value), 1 uses
[0m  [0m12: SmiConstant(0), 1 uses
 [0mBlock b0
[0m[1;34m0x09b80101e235 <SharedFunctionInfo bare> (0x09b80104a8b5 <String[18]: "workloads/throw.js">:34:13)
[m[0m[0;34m   0 : 1b ff f9          Mov <context>, r0
[m[0m   [0m1: InitialValue(<this>), 2 uses
[0m   [0m2: InitialValue(a0), 3 uses
[0m   [0m6: FunctionEntryStackCheck
[0m      ↳ lazy @-1 : {<closure>:n3:, <this>:n1:, a0:n2:, <context>:n4:} (addr:0x10c01140410)
[0m   [0m7: Jump b1
[0m   ↓
 [0mBlock b1
[0m[1;34m0x09b80101e235 <SharedFunctionInfo bare> (0x09b80104a8b5 <String[18]: "workloads/throw.js">:0:0)
[m[0m[0;34m   7 : 6d f8 03 02       CallUndefinedReceiver1 r1, a0, FBV[2]
[m[0m  [0m10: 🐢 CallKnownJSFunction(0x09b80101e1d5 <SharedFunctionInfo mayThrow>, {}) [n8, n4, n9, n5, n2], 0 uses, but required
[0m      ↳ lazy @7 : {<closure>:n3:, <this>:n1:, a0:n2:, <context>:n4:, r0:n4:} (addr:0x10c01142820)
[0m[0;34m  11 : 98 0f             Jump [15]
[m[0m  [0m11: Jump b2
[0m   ↓
 [0mBlock b2
[0m[0;34m  27 : b9                Return
[m[0m  [0m14: ReduceInterruptBudgetForReturn(27) [n13]
[0m  [0m15: Return [n12]
[0m

----- After use marking -----
Graph

[0m  [0m13: Constant(0x09b80101e2c9 <FeedbackCell[one closure]>) → (x)
[0m   [0m3: Constant(0x09b80101e365 <JSFunction bare (sfi = 0x9b80101e235)>) → (x)
[0m   [0m4: Constant(0x09b80101e2e9 <ScriptContext[3]>) → (x)
[0m   [0m8: Constant(0x09b80101e2fd <JSFunction mayThrow (sfi = 0x9b80101e1d5)>) → (x)
[0m   [0m9: Constant(0x09b801004979 <JSGlobalProxy>) → (x)
[0m   [0m5: RootConstant(undefined_value) → (x)
[0m  [0m12: SmiConstant(0) → (x)
 [0mBlock b0
[0m[1;34m0x09b80101e235 <SharedFunctionInfo bare> (0x09b80104a8b5 <String[18]: "workloads/throw.js">:34:13)
[m[0m[0;34m   0 : 1b ff f9          Mov <context>, r0
[m[0m   [0m1: InitialValue(<this>) → (x)
[0m   [0m2: InitialValue(a0) → (x)
[0m   [0m6: FunctionEntryStackCheck
[0m      ↳ lazy @-1 : {<closure>:n3:, <this>:n1:, a0:n2:, <context>:n4:} (addr:0x10c01140410)
[0m   [0m7: Jump b1
[0m   ↓
 [0mBlock b1
[0m[1;34m0x09b80101e235 <SharedFunctionInfo bare> (0x09b80104a8b5 <String[18]: "workloads/throw.js">:0:0)
[m[0m[0;34m   7 : 6d f8 03 02       CallUndefinedReceiver1 r1, a0, FBV[2]
[m[0m  [0m10: 🐢 CallKnownJSFunction(0x09b80101e1d5 <SharedFunctionInfo mayThrow>, {}) [v0/n8:(x), v0/n4:(x), v0/n9:(x), v0/n5:(x), v0/n2:(x)] → (x)
[0m      ↳ lazy @7 : {<closure>:n3:, <this>:n1:, a0:n2:, <context>:n4:, r0:n4:} (addr:0x10c01142820)
[0m[0;34m  11 : 98 0f             Jump [15]
[m[0m  [0m11: Jump b2
[0m   ↓
 [0mBlock b2
[0m[0;34m  27 : b9                Return
[m[0m  [0m14: ReduceInterruptBudgetForReturn(27) [v0/n13:(x)]
[0m  [0m15: Return [v0/n12:(x)]
[0m

----- After register allocation pre-processing -----
Graph

[0m   [0m1/13: Constant(0x09b80101e2c9 <FeedbackCell[one closure]>) → v-1, live range: [1-14]
[0m    [0m2/3: Constant(0x09b80101e365 <JSFunction bare (sfi = 0x9b80101e235)>) → v-1, live range: [2-12]
[0m    [0m3/4: Constant(0x09b80101e2e9 <ScriptContext[3]>) → v-1, live range: [3-12]
[0m    [0m4/8: Constant(0x09b80101e2fd <JSFunction mayThrow (sfi = 0x9b80101e1d5)>) → v-1, live range: [4-12]
[0m    [0m5/9: Constant(0x09b801004979 <JSGlobalProxy>) → v-1, live range: [5-12]
[0m    [0m6/5: RootConstant(undefined_value) → v-1, live range: [6-12]
[0m   [0m7/12: SmiConstant(0) → v-1, live range: [7-15]
 [0mBlock b0
[0m[1;34m0x09b80101e235 <SharedFunctionInfo bare> (0x09b80104a8b5 <String[18]: "workloads/throw.js">:34:13)
[m[0m[0;34m   0 : 1b ff f9          Mov <context>, r0
[m[0m    [0m8/1: InitialValue(<this>) → v-1(=-6S), live range: [8-12]
[0m    [0m9/2: InitialValue(a0) → v-1(=-7S), live range: [9-12]
[0m   [0m10/6: FunctionEntryStackCheck
[0m         ↳ lazy @-1 : {<closure>:n3:(x), <this>:n1:(x), a0:n2:(x), <context>:n4:(x)} (addr:0x10c01140410)
[0m   [0m11/7: Jump b1
[0m      ↓
 [0mBlock b1
[0m[1;34m0x09b80101e235 <SharedFunctionInfo bare> (0x09b80104a8b5 <String[18]: "workloads/throw.js">:0:0)
[m[0m[0;34m   7 : 6d f8 03 02       CallUndefinedReceiver1 r1, a0, FBV[2]
[m[0m  [0m12/10: 🐢 CallKnownJSFunction(0x09b80101e1d5 <SharedFunctionInfo mayThrow>, {}) [v4/n8:v-1(=x1), v3/n4:v-1(=x27), v5/n9:v-1(*), v6/n5:v-1(=x3), v9/n2:v-1(*)] → v-1(=x0)
[0m         ↳ lazy @7 : {<closure>:n3:(x), <this>:n1:(x), a0:n2:(x), <context>:n4:(x), r0:n4:(x)} (addr:0x10c01142820)
[0m[0;34m  11 : 98 0f             Jump [15]
[m[0m  [0m13/11: Jump b2
[0m      ↓
 [0mBlock b2
[0m[0;34m  27 : b9                Return
[m[0m  [0m14/14: ReduceInterruptBudgetForReturn(27) [v1/n13:v-1(R)]
[0m  [0m15/15: Return [v7/n12:v-1(=x0)]
[0m

----- After register allocation -----
Graph

[0m   [0m1/13: Constant(0x09b80101e2c9 <FeedbackCell[one closure]>) → v-1, live range: [1-14]
[0m    [0m2/3: Constant(0x09b80101e365 <JSFunction bare (sfi = 0x9b80101e235)>) → v-1, live range: [2-12]
[0m    [0m3/4: Constant(0x09b80101e2e9 <ScriptContext[3]>) → v-1, live range: [3-12]
[0m    [0m4/8: Constant(0x09b80101e2fd <JSFunction mayThrow (sfi = 0x9b80101e1d5)>) → v-1, live range: [4-12]
[0m    [0m5/9: Constant(0x09b801004979 <JSGlobalProxy>) → v-1, live range: [5-12]
[0m    [0m6/5: RootConstant(undefined_value) → v-1, live range: [6-12]
[0m   [0m7/12: SmiConstant(0) → v-1, live range: [7-15]
 [0mBlock b0
[0m[1;34m0x09b80101e235 <SharedFunctionInfo bare> (0x09b80104a8b5 <String[18]: "workloads/throw.js">:34:13)
[m[0m[0;34m   0 : 1b ff f9          Mov <context>, r0
[m[0m    [0m8/1: InitialValue(<this>) → [stack:-6|t], live range: [8-12]
[0m    [0m9/2: InitialValue(a0) → [stack:-7|t], live range: [9-12]
[0m   [0m10/6: FunctionEntryStackCheck
[0m         ↳ lazy @-1 : {<closure>:n3:[constant:v-1], <this>:n1:[stack:-6|t], a0:n2:[stack:-7|t], <context>:n4:[constant:v-1]} (addr:0x10c01140410)
[0m   [0m11/7: Jump b1
[0m      ↓
 [0mBlock b1
[0m     [0m16: ConstantGapMove(n8 → [x1|R|t])
[0m     [0m17: ConstantGapMove(n4 → [x27|R|t])
[0m     [0m18: ConstantGapMove(n5 → [x3|R|t])
[0m[1;34m0x09b80101e235 <SharedFunctionInfo bare> (0x09b80104a8b5 <String[18]: "workloads/throw.js">:0:0)
[m[0m[0;34m   7 : 6d f8 03 02       CallUndefinedReceiver1 r1, a0, FBV[2]
[m[0m  [0m12/10: 🐢 CallKnownJSFunction(0x09b80101e1d5 <SharedFunctionInfo mayThrow>, {}) [v4/n8:[x1|R|t], v3/n4:[x27|R|t], v5/n9:[constant:v-1], v6/n5:[x3|R|t], v9/n2:[stack:-7|t]] → [x0|R|t]
[0m         ↳ lazy @7 : {<closure>:n3:[constant:v-1], <this>:n1:[stack:-6|t], a0:n2:[stack:-7|t], <context>:n4:[constant:v-1], r0:n4:[constant:v-1]} (addr:0x10c01142820)
[0m[0;34m  11 : 98 0f             Jump [15]
[m[0m  [0m13/11: Jump b2
[0m      ↓
 [0mBlock b2
[0m     [0m19: ConstantGapMove(n13 → [x0|R|t])
[0m[0;34m  27 : b9                Return
[m[0m  [0m14/14: ReduceInterruptBudgetForReturn(27) [v1/n13:[x0|R|t]]
[0m     [0m20: ConstantGapMove(n12 → [x0|R|t])
[0m  [0m15/15: Return [v7/n12:[x0|R|t]]
[0m
Compiling 0x09b80101e2fd <JSFunction mayThrow (sfi = 0x9b80101e1d5)> with Maglev
----- Bytecode array -----
Parameter count 2
Register count 3
Frame size 24
         0x31a010001ec @    0 : 0b 03             Ldar a0
         0x31a010001ee @    2 : 00 57 ff 03 00 00 BitwiseAndSmi.Wide [1023], FBV[0]
         0x31a010001f4 @    8 : d3                Star1
         0x31a010001f5 @    9 : 0c                LdaZero
         0x31a010001f6 @   10 : 78 f8 04          TestEqualStrict r1, EmbeddedFeedback[4]
         0x31a010001f9 @   13 : a8 11             JumpIfFalse [17] (0x31a0100020a @ 30)
         0x31a010001fb @   15 : 23 00 01          LdaGlobal [0:"Error"], FBV[1]
         0x31a010001fe @   18 : d3                Star1
         0x31a010001ff @   19 : 13 01             LdaConstant [1:"boom"]
         0x31a01000201 @   21 : d2                Star2
         0x31a01000202 @   22 : 0b f8             Ldar r1
         0x31a01000204 @   24 : 74 f8 f7 01 03    Construct r1, r2-r2, FBV[3]
         0x31a01000209 @   29 : b7                Throw
         0x31a0100020a @   30 : 1b 03 f9          Mov a0, r0
         0x31a0100020d @   33 : 0b f9             Ldar r0
         0x31a0100020f @   35 : 4f 01 05          AddSmi [1], FBV[5]
         0x31a01000212 @   38 : d4                Star0
         0x31a01000213 @   39 : 56 03 06          BitwiseXorSmi [3], FBV[6]
         0x31a01000216 @   42 : d4                Star0
         0x31a01000217 @   43 : 4f 02 07          AddSmi [2], FBV[7]
         0x31a0100021a @   46 : d4                Star0
         0x31a0100021b @   47 : 56 05 08          BitwiseXorSmi [5], FBV[8]
         0x31a0100021e @   50 : d4                Star0
         0x31a0100021f @   51 : 4f 04 09          AddSmi [4], FBV[9]
         0x31a01000222 @   54 : d4                Star0
         0x31a01000223 @   55 : 56 07 0a          BitwiseXorSmi [7], FBV[10]
         0x31a01000226 @   58 : d4                Star0
         0x31a01000227 @   59 : 4f 08 0b          AddSmi [8], FBV[11]
         0x31a0100022a @   62 : d4                Star0
         0x31a0100022b @   63 : 56 0b 0c          BitwiseXorSmi [11], FBV[12]
         0x31a0100022e @   66 : d4                Star0
         0x31a0100022f @   67 : 4f 10 0d          AddSmi [16], FBV[13]
         0x31a01000232 @   70 : d4                Star0
         0x31a01000233 @   71 : 56 0d 0e          BitwiseXorSmi [13], FBV[14]
         0x31a01000236 @   74 : d4                Star0
         0x31a01000237 @   75 : 4f 20 0f          AddSmi [32], FBV[15]
         0x31a0100023a @   78 : d4                Star0
         0x31a0100023b @   79 : 56 11 10          BitwiseXorSmi [17], FBV[16]
         0x31a0100023e @   82 : d4                Star0
         0x31a0100023f @   83 : 4f 40 11          AddSmi [64], FBV[17]
         0x31a01000242 @   86 : d4                Star0
         0x31a01000243 @   87 : 56 13 12          BitwiseXorSmi [19], FBV[18]
         0x31a01000246 @   90 : d4                Star0
         0x31a01000247 @   91 : 00 4f 80 00 13 00 AddSmi.Wide [128], FBV[19]
         0x31a0100024d @   97 : d4                Star0
         0x31a0100024e @   98 : 56 17 14          BitwiseXorSmi [23], FBV[20]
         0x31a01000251 @  101 : d4                Star0
         0x31a01000252 @  102 : 00 4f 00 01 15 00 AddSmi.Wide [256], FBV[21]
         0x31a01000258 @  108 : d4                Star0
         0x31a01000259 @  109 : 56 1d 16          BitwiseXorSmi [29], FBV[22]
         0x31a0100025c @  112 : d4                Star0
         0x31a0100025d @  113 : b9                Return
Constant pool (size = 2)
0x31a010001b5: [TrustedFixedArray]
 - map: 0x09b800000605 <Map(TRUSTED_FIXED_ARRAY_TYPE)>
 - length: 2
           0: 0x09b800004539 <String[5]: #Error>
           1: 0x09b80101e455 <String[4]: #boom>
Handler Table (size = 0)
Source Position Table (size = 0)
0x9b80101e51d: [FeedbackVector] in OldSpace
 - map: 0x09b800000899 <Map(FEEDBACK_VECTOR_TYPE)>
 - length: 23
 - shared function info: 0x09b80101e1d5 <SharedFunctionInfo mayThrow>
 - tiering_in_progress: 0
 - osr_tiering_in_progress: 0
 - invocation count: 803
 - closure feedback cell array: 0x9b800002071: [ClosureFeedbackCellArray] in ReadOnlySpace
 - map: 0x09b800000871 <Map(CLOSURE_FEEDBACK_CELL_ARRAY_TYPE)>
 - length: 0
 - elements:

 - slot #0 BinaryOp BinaryOp:SignedSmall {
     [0]: 1
  }
 - slot #1 LoadGlobalNotInsideTypeof MONOMORPHIC
   [weak] 0x09b8010179e9 <PropertyCell name=0x09b800004539 <String[5]: #Error> value=0x09b801006e6d <JSFunction Error (sfi = 0x9b8001af209)>> {
     [1]: [weak] 0x09b8010179e9 <PropertyCell name=0x09b800004539 <String[5]: #Error> value=0x09b801006e6d <JSFunction Error (sfi = 0x9b8001af209)>>
     [2]: 0x09b800000e95 <Symbol: (uninitialized_symbol)>
  }
 - slot #3 Call MONOMORPHIC {
     [3]: [weak] 0x09b801006e6d <JSFunction Error (sfi = 0x9b8001af209)>
     [4]: 16
  }
 - slot #5 BinaryOp BinaryOp:SignedSmall {
     [5]: 1
  }
 - slot #6 BinaryOp BinaryOp:SignedSmall {
     [6]: 1
  }
 - slot #7 BinaryOp BinaryOp:SignedSmall {
     [7]: 1
  }
 - slot #8 BinaryOp BinaryOp:SignedSmall {
     [8]: 1
  }
 - slot #9 BinaryOp BinaryOp:SignedSmall {
     [9]: 1
  }
 - slot #10 BinaryOp BinaryOp:SignedSmall {
     [10]: 1
  }
 - slot #11 BinaryOp BinaryOp:SignedSmall {
     [11]: 1
  }
 - slot #12 BinaryOp BinaryOp:SignedSmall {
     [12]: 1
  }
 - slot #13 BinaryOp BinaryOp:SignedSmall {
     [13]: 1
  }
 - slot #14 BinaryOp BinaryOp:SignedSmall {
     [14]: 1
  }
 - slot #15 BinaryOp BinaryOp:SignedSmall {
     [15]: 1
  }
 - slot #16 BinaryOp BinaryOp:SignedSmall {
     [16]: 1
  }
 - slot #17 BinaryOp BinaryOp:SignedSmall {
     [17]: 1
  }
 - slot #18 BinaryOp BinaryOp:SignedSmall {
     [18]: 1
  }
 - slot #19 BinaryOp BinaryOp:SignedSmall {
     [19]: 1
  }
 - slot #20 BinaryOp BinaryOp:SignedSmall {
     [20]: 1
  }
 - slot #21 BinaryOp BinaryOp:SignedSmall {
     [21]: 1
  }
 - slot #22 BinaryOp BinaryOp:SignedSmall {
     [22]: 1
  }

----- After graph building -----
Graph

 [0m  [0m20: Constant(0x09b8010049d9 <NativeContext[307]>), 1 uses
 [0m  [0m58: Constant(0x09b80101e2a9 <FeedbackCell[one closure]>), 1 uses
 [0m   [0m3: Constant(0x09b80101e2fd <JSFunction mayThrow (sfi = 0x9b80101e1d5)>), 5 uses
 [0m   [0m4: Constant(0x09b80101e2e9 <ScriptContext[3]>), 6 uses
 [0m  [0m17: Constant(0x09b801006e6d <JSFunction Error (sfi = 0x9b8001af209)>), 2 uses
 [0m  [0m18: Constant(0x09b80101e455 <String[4]: #boom>), 1 uses
 [0m   [0m5: RootConstant(undefined_value), 0 uses 🪦
 [0m  [0m19: RootConstant(the_hole_value), 2 uses
 [0m  [0m16: RootConstant(true_value), 0 uses 🪦
 [0m  [0m15: RootConstant(false_value), 0 uses 🪦
 [0m  [0m11: SmiConstant(0), 0 uses 🪦
 [0m  [0m12: Int32Constant(0), 2 uses, cannot truncate to int32
 [0m  [0m26: Int32Constant(2), 1 uses, cannot truncate to int32
 [0m  [0m24: Int32Constant(3), 1 uses, cannot truncate to int32
 [0m  [0m30: Int32Constant(4), 1 uses, cannot truncate to int32
 [0m  [0m28: Int32Constant(5), 1 uses, cannot truncate to int32
 [0m  [0m32: Int32Constant(7), 1 uses, cannot truncate to int32
 [0m  [0m34: Int32Constant(8), 1 uses, cannot truncate to int32
 [0m  [0m36: Int32Constant(11), 1 uses, cannot truncate to int32
 [0m  [0m40: Int32Constant(13), 1 uses, cannot truncate to int32
 [0m  [0m38: Int32Constant(16), 1 uses, cannot truncate to int32
 [0m  [0m44: Int32Constant(17), 1 uses, cannot truncate to int32
 [0m  [0m48: Int32Constant(19), 1 uses, cannot truncate to int32
 [0m  [0m52: Int32Constant(23), 1 uses, cannot truncate to int32
 [0m  [0m56: Int32Constant(29), 1 uses, cannot truncate to int32
 [0m  [0m42: Int32Constant(32), 1 uses, cannot truncate to int32
 [0m  [0m46: Int32Constant(64), 1 uses, cannot truncate to int32
 [0m  [0m50: Int32Constant(128), 1 uses, cannot truncate to int32
 [0m  [0m54: Int32Constant(256), 1 uses, cannot truncate to int32
 [0m   [0m9: Int32Constant(1023), 1 uses, cannot truncate to int32
  [0mBlock b0
 [0m[1;34m0x09b80101e1d5 <SharedFunctionInfo mayThrow> (0x09b80104a8b5 <String[18]: "workloads/throw.js">:17:17)
[m [0m[0;34m   0 : 0b 03             Ldar a0
[m [0m   [0m1: InitialValue(<this>), 5 uses
 [0m   [0m2: InitialValue(a0), 8 uses
 [0m   [0m6: FunctionEntryStackCheck
 [0m      ↳ lazy @-1 : {<closure>:n3:, <this>:n1:, a0:n2:, <context>:n4:} (addr:0x10c01141450)
 [0m   [0m7: Jump b1
 [0m   ↓
  [0mBlock b1
 [0m[1;34m0x09b80101e1d5 <SharedFunctionInfo mayThrow> (0x09b80104a8b5 <String[18]: "workloads/throw.js">:0:0)
[m [0m[0;34m   2 : 00 57 ff 03 00 00 BitwiseAndSmi.Wide [1023], FBV[0]
[m [0m      ↱ eager @2 : {<closure>:n3:, <this>:n1:, a0:n2:, <context>:n4:, <accumulator>:n2:} (addr:0x10c01141ac8)
 [0m   [0m8: CheckedSmiUntag [n2], 2 uses, cannot truncate to int32
 [0m  [0m10: Int32BitwiseAnd [n8, n9], 2 uses, cannot truncate to int32
 [0m[0;34m  10 : 78 f8 04          TestEqualStrict r1, EmbeddedFeedback[4]
[m [0m  [0m13: Int32Compare[StrictEqual] [n10, n12], 0 uses 🪦
 [0m[0;34m  13 : a8 11             JumpIfFalse [17]
[m[0;31m╭──[0m14: BranchIfInt32Compare(StrictEqual) [n10, n12] b2 b3
[0;31m│[0m   ↓
[0;31m│ [0mBlock b2
[0;31m│[0m[0;34m  24 : 74 f8 f7 01 03    Construct r1, r2-r2, FBV[3]
[m[0;31m│[0m  [0m21: 🐢 CallKnownJSFunction(0x09b8001af209 <SharedFunctionInfo Error>, {}) [n17, n20, n19, n17, n18], 1 uses
[0;31m│[0m      │      @24 : {<closure>:n3:, <this>:n1:, a0:n2:, <context>:n4:} (addr:0x10c01143058)
[0;31m│[0m      ↳ lazy @ConstructInvokeStub : {<this>:n19:, <context>:n4:} (addr:0x10c01143098)
[0;31m│[0m[0;34m  29 : b7                Throw
[m[0;31m│[0m  [0m22: Throw(Throw, has_input=1) [n21]
[0;31m│[0m      ↳ lazy @29 : {<closure>:n3:, <this>:n1:, a0:n2:, <context>:n4:} (addr:0x10c01143210)
[0;31m│[0m
[0;31m╰►[0mBlock b3
 [0m[0;34m  35 : 4f 01 05          AddSmi [1], FBV[5]
[m [0m      ↱ eager @35 : {<closure>:n3:, <this>:n1:, a0:n2:, <context>:n4:, <accumulator>:n2:} (addr:0x10c011433e0)
 [0m  [0m23: Int32IncrementWithOverflow [n8], 1 uses, cannot truncate to int32
 [0m[0;34m  39 : 56 03 06          BitwiseXorSmi [3], FBV[6]
[m [0m  [0m25: Int32BitwiseXor [n23, n24], 1 uses, cannot truncate to int32
 [0m[0;34m  43 : 4f 02 07          AddSmi [2], FBV[7]
[m [0m      ↱ eager @35 : {<closure>:n3:, <this>:n1:, a0:n2:, <context>:n4:, <accumulator>:n2:} (addr:0x10c011433e0)
 [0m  [0m27: Int32AddWithOverflow [n25, n26], 1 uses, can truncate to int32 [-2147483648, 2147483647]
 [0m[0;34m  47 : 56 05 08          BitwiseXorSmi [5], FBV[8]
[m [0m  [0m29: Int32BitwiseXor [n27, n28], 1 uses, cannot truncate to int32
 [0m[0;34m  51 : 4f 04 09          AddSmi [4], FBV[9]
[m [0m      ↱ eager @35 : {<closure>:n3:, <this>:n1:, a0:n2:, <context>:n4:, <accumulator>:n2:} (addr:0x10c011433e0)
 [0m  [0m31: Int32AddWithOverflow [n29, n30], 1 uses, can truncate to int32 [-2147483648, 2147483647]
 [0m[0;34m  55 : 56 07 0a          BitwiseXorSmi [7], FBV[10]
[m [0m  [0m33: Int32BitwiseXor [n31, n32], 1 uses, cannot truncate to int32
 [0m[0;34m  59 : 4f 08 0b          AddSmi [8], FBV[11]
[m [0m      ↱ eager @35 : {<closure>:n3:, <this>:n1:, a0:n2:, <context>:n4:, <accumulator>:n2:} (addr:0x10c011433e0)
 [0m  [0m35: Int32AddWithOverflow [n33, n34], 1 uses, can truncate to int32 [-2147483648, 2147483647]
 [0m[0;34m  63 : 56 0b 0c          BitwiseXorSmi [11], FBV[12]
[m [0m  [0m37: Int32BitwiseXor [n35, n36], 1 uses, cannot truncate to int32
 [0m[0;34m  67 : 4f 10 0d          AddSmi [16], FBV[13]
[m [0m      ↱ eager @35 : {<closure>:n3:, <this>:n1:, a0:n2:, <context>:n4:, <accumulator>:n2:} (addr:0x10c011433e0)
 [0m  [0m39: Int32AddWithOverflow [n37, n38], 1 uses, can truncate to int32 [-2147483648, 2147483647]
 [0m[0;34m  71 : 56 0d 0e          BitwiseXorSmi [13], FBV[14]
[m [0m  [0m41: Int32BitwiseXor [n39, n40], 1 uses, cannot truncate to int32
 [0m[0;34m  75 : 4f 20 0f          AddSmi [32], FBV[15]
[m [0m      ↱ eager @35 : {<closure>:n3:, <this>:n1:, a0:n2:, <context>:n4:, <accumulator>:n2:} (addr:0x10c011433e0)
 [0m  [0m43: Int32AddWithOverflow [n41, n42], 1 uses, can truncate to int32 [-2147483648, 2147483647]
 [0m[0;34m  79 : 56 11 10          BitwiseXorSmi [17], FBV[16]
[m [0m  [0m45: Int32BitwiseXor [n43, n44], 1 uses, cannot truncate to int32
 [0m[0;34m  83 : 4f 40 11          AddSmi [64], FBV[17]
[m [0m      ↱ eager @35 : {<closure>:n3:, <this>:n1:, a0:n2:, <context>:n4:, <accumulator>:n2:} (addr:0x10c011433e0)
 [0m  [0m47: Int32AddWithOverflow [n45, n46], 1 uses, can truncate to int32 [-2147483648, 2147483647]
 [0m[0;34m  87 : 56 13 12          BitwiseXorSmi [19], FBV[18]
[m [0m  [0m49: Int32BitwiseXor [n47, n48], 1 uses, cannot truncate to int32
 [0m[0;34m  91 : 00 4f 80 00 13 00 AddSmi.Wide [128], FBV[19]
[m [0m      ↱ eager @35 : {<closure>:n3:, <this>:n1:, a0:n2:, <context>:n4:, <accumulator>:n2:} (addr:0x10c011433e0)
 [0m  [0m51: Int32AddWithOverflow [n49, n50], 1 uses, can truncate to int32 [-2147483648, 2147483647]
 [0m[0;34m  98 : 56 17 14          BitwiseXorSmi [23], FBV[20]
[m [0m  [0m53: Int32BitwiseXor [n51, n52], 1 uses, cannot truncate to int32
 [0m[0;34m 102 : 00 4f 00 01 15 00 AddSmi.Wide [256], FBV[21]
[m [0m      ↱ eager @35 : {<closure>:n3:, <this>:n1:, a0:n2:, <context>:n4:, <accumulator>:n2:} (addr:0x10c011433e0)
 [0m  [0m55: Int32AddWithOverflow [n53, n54], 1 uses, can truncate to int32 [-2147483648, 2147483647]
 [0m[0;34m 109 : 56 1d 16          BitwiseXorSmi [29], FBV[22]
[m [0m  [0m57: Int32BitwiseXor [n55, n56], 1 uses, cannot truncate to int32
 [0m[0;34m 113 : b9                Return
[m [0m  [0m59: ReduceInterruptBudgetForReturn(113) [n58]
 [0m  [0m60: Int32ToNumber[kCanonicalizeSmi] [n57], 1 uses
 [0m  [0m61: Return [n60]
 [0m

----- After propagating truncation -----
Graph

 [0m  [0m20: Constant(0x09b8010049d9 <NativeContext[307]>), 1 uses
 [0m  [0m58: Constant(0x09b80101e2a9 <FeedbackCell[one closure]>), 1 uses
 [0m   [0m3: Constant(0x09b80101e2fd <JSFunction mayThrow (sfi = 0x9b80101e1d5)>), 5 uses
 [0m   [0m4: Constant(0x09b80101e2e9 <ScriptContext[3]>), 6 uses
 [0m  [0m17: Constant(0x09b801006e6d <JSFunction Error (sfi = 0x9b8001af209)>), 2 uses
 [0m  [0m18: Constant(0x09b80101e455 <String[4]: #boom>), 1 uses
 [0m   [0m5: RootConstant(undefined_value), 0 uses 🪦
 [0m  [0m19: RootConstant(the_hole_value), 2 uses
 [0m  [0m16: RootConstant(true_value), 0 uses 🪦
 [0m  [0m15: RootConstant(false_value), 0 uses 🪦
 [0m  [0m11: SmiConstant(0), 0 uses 🪦
 [0m  [0m12: Int32Constant(0), 2 uses, cannot truncate to int32
 [0m  [0m26: Int32Constant(2), 1 uses, cannot truncate to int32
 [0m  [0m24: Int32Constant(3), 1 uses, cannot truncate to int32
 [0m  [0m30: Int32Constant(4), 1 uses, cannot truncate to int32
 [0m  [0m28: Int32Constant(5), 1 uses, cannot truncate to int32
 [0m  [0m32: Int32Constant(7), 1 uses, cannot truncate to int32
 [0m  [0m34: Int32Constant(8), 1 uses, cannot truncate to int32
 [0m  [0m36: Int32Constant(11), 1 uses, cannot truncate to int32
 [0m  [0m40: Int32Constant(13), 1 uses, cannot truncate to int32
 [0m  [0m38: Int32Constant(16), 1 uses, cannot truncate to int32
 [0m  [0m44: Int32Constant(17), 1 uses, cannot truncate to int32
 [0m  [0m48: Int32Constant(19), 1 uses, cannot truncate to int32
 [0m  [0m52: Int32Constant(23), 1 uses, cannot truncate to int32
 [0m  [0m56: Int32Constant(29), 1 uses, cannot truncate to int32
 [0m  [0m42: Int32Constant(32), 1 uses, cannot truncate to int32
 [0m  [0m46: Int32Constant(64), 1 uses, cannot truncate to int32
 [0m  [0m50: Int32Constant(128), 1 uses, cannot truncate to int32
 [0m  [0m54: Int32Constant(256), 1 uses, cannot truncate to int32
 [0m   [0m9: Int32Constant(1023), 1 uses, cannot truncate to int32
  [0mBlock b0
 [0m[1;34m0x09b80101e1d5 <SharedFunctionInfo mayThrow> (0x09b80104a8b5 <String[18]: "workloads/throw.js">:17:17)
[m [0m[0;34m   0 : 0b 03             Ldar a0
[m [0m   [0m1: InitialValue(<this>), 5 uses
 [0m   [0m2: InitialValue(a0), 8 uses
 [0m   [0m6: FunctionEntryStackCheck
 [0m      ↳ lazy @-1 : {<closure>:n3:, <this>:n1:, a0:n2:, <context>:n4:} (addr:0x10c01141450)
 [0m   [0m7: Jump b1
 [0m   ↓
  [0mBlock b1
 [0m[1;34m0x09b80101e1d5 <SharedFunctionInfo mayThrow> (0x09b80104a8b5 <String[18]: "workloads/throw.js">:0:0)
[m [0m[0;34m   2 : 00 57 ff 03 00 00 BitwiseAndSmi.Wide [1023], FBV[0]
[m [0m      ↱ eager @2 : {<closure>:n3:, <this>:n1:, a0:n2:, <context>:n4:, <accumulator>:n2:} (addr:0x10c01141ac8)
 [0m   [0m8: CheckedSmiUntag [n2], 2 uses, cannot truncate to int32
 [0m  [0m10: Int32BitwiseAnd [n8, n9], 2 uses, cannot truncate to int32
 [0m[0;34m  10 : 78 f8 04          TestEqualStrict r1, EmbeddedFeedback[4]
[m [0m  [0m13: Int32Compare[StrictEqual] [n10, n12], 0 uses 🪦
 [0m[0;34m  13 : a8 11             JumpIfFalse [17]
[m[0;31m╭──[0m14: BranchIfInt32Compare(StrictEqual) [n10, n12] b2 b3
[0;31m│[0m   ↓
[0;31m│ [0mBlock b2
[0;31m│[0m[0;34m  24 : 74 f8 f7 01 03    Construct r1, r2-r2, FBV[3]
[m[0;31m│[0m  [0m21: 🐢 CallKnownJSFunction(0x09b8001af209 <SharedFunctionInfo Error>, {}) [n17, n20, n19, n17, n18], 1 uses
[0;31m│[0m      │      @24 : {<closure>:n3:, <this>:n1:, a0:n2:, <context>:n4:} (addr:0x10c01143058)
[0;31m│[0m      ↳ lazy @ConstructInvokeStub : {<this>:n19:, <context>:n4:} (addr:0x10c01143098)
[0;31m│[0m[0;34m  29 : b7                Throw
[m[0;31m│[0m  [0m22: Throw(Throw, has_input=1) [n21]
[0;31m│[0m      ↳ lazy @29 : {<closure>:n3:, <this>:n1:, a0:n2:, <context>:n4:} (addr:0x10c01143210)
[0;31m│[0m
[0;31m╰►[0mBlock b3
 [0m[0;34m  35 : 4f 01 05          AddSmi [1], FBV[5]
[m [0m      ↱ eager @35 : {<closure>:n3:, <this>:n1:, a0:n2:, <context>:n4:, <accumulator>:n2:} (addr:0x10c011433e0)
 [0m  [0m23: Int32IncrementWithOverflow [n8], 1 uses, cannot truncate to int32
 [0m[0;34m  39 : 56 03 06          BitwiseXorSmi [3], FBV[6]
[m [0m  [0m25: Int32BitwiseXor [n23, n24], 1 uses, cannot truncate to int32
 [0m[0;34m  43 : 4f 02 07          AddSmi [2], FBV[7]
[m [0m      ↱ eager @35 : {<closure>:n3:, <this>:n1:, a0:n2:, <context>:n4:, <accumulator>:n2:} (addr:0x10c011433e0)
 [0m  [0m27: Int32AddWithOverflow [n25, n26], 1 uses, can truncate to int32 [-2147483648, 2147483647]
 [0m[0;34m  47 : 56 05 08          BitwiseXorSmi [5], FBV[8]
[m [0m  [0m29: Int32BitwiseXor [n27, n28], 1 uses, cannot truncate to int32
 [0m[0;34m  51 : 4f 04 09          AddSmi [4], FBV[9]
[m [0m      ↱ eager @35 : {<closure>:n3:, <this>:n1:, a0:n2:, <context>:n4:, <accumulator>:n2:} (addr:0x10c011433e0)
 [0m  [0m31: Int32AddWithOverflow [n29, n30], 1 uses, can truncate to int32 [-2147483648, 2147483647]
 [0m[0;34m  55 : 56 07 0a          BitwiseXorSmi [7], FBV[10]
[m [0m  [0m33: Int32BitwiseXor [n31, n32], 1 uses, cannot truncate to int32
 [0m[0;34m  59 : 4f 08 0b          AddSmi [8], FBV[11]
[m [0m      ↱ eager @35 : {<closure>:n3:, <this>:n1:, a0:n2:, <context>:n4:, <accumulator>:n2:} (addr:0x10c011433e0)
 [0m  [0m35: Int32AddWithOverflow [n33, n34], 1 uses, can truncate to int32 [-2147483648, 2147483647]
 [0m[0;34m  63 : 56 0b 0c          BitwiseXorSmi [11], FBV[12]
[m [0m  [0m37: Int32BitwiseXor [n35, n36], 1 uses, cannot truncate to int32
 [0m[0;34m  67 : 4f 10 0d          AddSmi [16], FBV[13]
[m [0m      ↱ eager @35 : {<closure>:n3:, <this>:n1:, a0:n2:, <context>:n4:, <accumulator>:n2:} (addr:0x10c011433e0)
 [0m  [0m39: Int32AddWithOverflow [n37, n38], 1 uses, can truncate to int32 [-2147483648, 2147483647]
 [0m[0;34m  71 : 56 0d 0e          BitwiseXorSmi [13], FBV[14]
[m [0m  [0m41: Int32BitwiseXor [n39, n40], 1 uses, cannot truncate to int32
 [0m[0;34m  75 : 4f 20 0f          AddSmi [32], FBV[15]
[m [0m      ↱ eager @35 : {<closure>:n3:, <this>:n1:, a0:n2:, <context>:n4:, <accumulator>:n2:} (addr:0x10c011433e0)
 [0m  [0m43: Int32AddWithOverflow [n41, n42], 1 uses, can truncate to int32 [-2147483648, 2147483647]
 [0m[0;34m  79 : 56 11 10          BitwiseXorSmi [17], FBV[16]
[m [0m  [0m45: Int32BitwiseXor [n43, n44], 1 uses, cannot truncate to int32
 [0m[0;34m  83 : 4f 40 11          AddSmi [64], FBV[17]
[m [0m      ↱ eager @35 : {<closure>:n3:, <this>:n1:, a0:n2:, <context>:n4:, <accumulator>:n2:} (addr:0x10c011433e0)
 [0m  [0m47: Int32AddWithOverflow [n45, n46], 1 uses, can truncate to int32 [-2147483648, 2147483647]
 [0m[0;34m  87 : 56 13 12          BitwiseXorSmi [19], FBV[18]
[m [0m  [0m49: Int32BitwiseXor [n47, n48], 1 uses, cannot truncate to int32
 [0m[0;34m  91 : 00 4f 80 00 13 00 AddSmi.Wide [128], FBV[19]
[m [0m      ↱ eager @35 : {<closure>:n3:, <this>:n1:, a0:n2:, <context>:n4:, <accumulator>:n2:} (addr:0x10c011433e0)
 [0m  [0m51: Int32AddWithOverflow [n49, n50], 1 uses, can truncate to int32 [-2147483648, 2147483647]
 [0m[0;34m  98 : 56 17 14          BitwiseXorSmi [23], FBV[20]
[m [0m  [0m53: Int32BitwiseXor [n51, n52], 1 uses, cannot truncate to int32
 [0m[0;34m 102 : 00 4f 00 01 15 00 AddSmi.Wide [256], FBV[21]
[m [0m      ↱ eager @35 : {<closure>:n3:, <this>:n1:, a0:n2:, <context>:n4:, <accumulator>:n2:} (addr:0x10c011433e0)
 [0m  [0m55: Int32AddWithOverflow [n53, n54], 1 uses, can truncate to int32 [-2147483648, 2147483647]
 [0m[0;34m 109 : 56 1d 16          BitwiseXorSmi [29], FBV[22]
[m [0m  [0m57: Int32BitwiseXor [n55, n56], 1 uses, cannot truncate to int32
 [0m[0;34m 113 : b9                Return
[m [0m  [0m59: ReduceInterruptBudgetForReturn(113) [n58]
 [0m  [0m60: Int32ToNumber[kCanonicalizeSmi] [n57], 1 uses
 [0m  [0m61: Return [n60]
 [0m

----- After truncation -----
Graph

 [0m  [0m20: Constant(0x09b8010049d9 <NativeContext[307]>), 1 uses
 [0m  [0m58: Constant(0x09b80101e2a9 <FeedbackCell[one closure]>), 1 uses
 [0m   [0m3: Constant(0x09b80101e2fd <JSFunction mayThrow (sfi = 0x9b80101e1d5)>), 5 uses
 [0m   [0m4: Constant(0x09b80101e2e9 <ScriptContext[3]>), 6 uses
 [0m  [0m17: Constant(0x09b801006e6d <JSFunction Error (sfi = 0x9b8001af209)>), 2 uses
 [0m  [0m18: Constant(0x09b80101e455 <String[4]: #boom>), 1 uses
 [0m   [0m5: RootConstant(undefined_value), 0 uses 🪦
 [0m  [0m19: RootConstant(the_hole_value), 2 uses
 [0m  [0m16: RootConstant(true_value), 0 uses 🪦
 [0m  [0m15: RootConstant(false_value), 0 uses 🪦
 [0m  [0m11: SmiConstant(0), 0 uses 🪦
 [0m  [0m12: Int32Constant(0), 2 uses, cannot truncate to int32
 [0m  [0m26: Int32Constant(2), 1 uses, cannot truncate to int32
 [0m  [0m24: Int32Constant(3), 1 uses, cannot truncate to int32
 [0m  [0m30: Int32Constant(4), 1 uses, cannot truncate to int32
 [0m  [0m28: Int32Constant(5), 1 uses, cannot truncate to int32
 [0m  [0m32: Int32Constant(7), 1 uses, cannot truncate to int32
 [0m  [0m34: Int32Constant(8), 1 uses, cannot truncate to int32
 [0m  [0m36: Int32Constant(11), 1 uses, cannot truncate to int32
 [0m  [0m40: Int32Constant(13), 1 uses, cannot truncate to int32
 [0m  [0m38: Int32Constant(16), 1 uses, cannot truncate to int32
 [0m  [0m44: Int32Constant(17), 1 uses, cannot truncate to int32
 [0m  [0m48: Int32Constant(19), 1 uses, cannot truncate to int32
 [0m  [0m52: Int32Constant(23), 1 uses, cannot truncate to int32
 [0m  [0m56: Int32Constant(29), 1 uses, cannot truncate to int32
 [0m  [0m42: Int32Constant(32), 1 uses, cannot truncate to int32
 [0m  [0m46: Int32Constant(64), 1 uses, cannot truncate to int32
 [0m  [0m50: Int32Constant(128), 1 uses, cannot truncate to int32
 [0m  [0m54: Int32Constant(256), 1 uses, cannot truncate to int32
 [0m   [0m9: Int32Constant(1023), 1 uses, cannot truncate to int32
  [0mBlock b0
 [0m[1;34m0x09b80101e1d5 <SharedFunctionInfo mayThrow> (0x09b80104a8b5 <String[18]: "workloads/throw.js">:17:17)
[m [0m[0;34m   0 : 0b 03             Ldar a0
[m [0m   [0m1: InitialValue(<this>), 5 uses
 [0m   [0m2: InitialValue(a0), 8 uses
 [0m   [0m6: FunctionEntryStackCheck
 [0m      ↳ lazy @-1 : {<closure>:n3:, <this>:n1:, a0:n2:, <context>:n4:} (addr:0x10c01141450)
 [0m   [0m7: Jump b1
 [0m   ↓
  [0mBlock b1
 [0m[1;34m0x09b80101e1d5 <SharedFunctionInfo mayThrow> (0x09b80104a8b5 <String[18]: "workloads/throw.js">:0:0)
[m [0m[0;34m   2 : 00 57 ff 03 00 00 BitwiseAndSmi.Wide [1023], FBV[0]
[m [0m      ↱ eager @2 : {<closure>:n3:, <this>:n1:, a0:n2:, <context>:n4:, <accumulator>:n2:} (addr:0x10c01141ac8)
 [0m   [0m8: CheckedSmiUntag [n2], 2 uses, cannot truncate to int32
 [0m  [0m10: Int32BitwiseAnd [n8, n9], 2 uses, cannot truncate to int32
 [0m[0;34m  10 : 78 f8 04          TestEqualStrict r1, EmbeddedFeedback[4]
[m [0m  [0m13: Int32Compare[StrictEqual] [n10, n12], 0 uses 🪦
 [0m[0;34m  13 : a8 11             JumpIfFalse [17]
[m[0;31m╭──[0m14: BranchIfInt32Compare(StrictEqual) [n10, n12] b2 b3
[0;31m│[0m   ↓
[0;31m│ [0mBlock b2
[0;31m│[0m[0;34m  24 : 74 f8 f7 01 03    Construct r1, r2-r2, FBV[3]
[m[0;31m│[0m  [0m21: 🐢 CallKnownJSFunction(0x09b8001af209 <SharedFunctionInfo Error>, {}) [n17, n20, n19, n17, n18], 1 uses
[0;31m│[0m      │      @24 : {<closure>:n3:, <this>:n1:, a0:n2:, <context>:n4:} (addr:0x10c01143058)
[0;31m│[0m      ↳ lazy @ConstructInvokeStub : {<this>:n19:, <context>:n4:} (addr:0x10c01143098)
[0;31m│[0m[0;34m  29 : b7                Throw
[m[0;31m│[0m  [0m22: Throw(Throw, has_input=1) [n21]
[0;31m│[0m      ↳ lazy @29 : {<closure>:n3:, <this>:n1:, a0:n2:, <context>:n4:} (addr:0x10c01143210)
[0;31m│[0m
[0;31m╰►[0mBlock b3
 [0m[0;34m  35 : 4f 01 05          AddSmi [1], FBV[5]
[m [0m      ↱ eager @35 : {<closure>:n3:, <this>:n1:, a0:n2:, <context>:n4:, <accumulator>:n2:} (addr:0x10c011433e0)
 [0m  [0m23: Int32IncrementWithOverflow [n8], 1 uses, cannot truncate to int32
 [0m[0;34m  39 : 56 03 06          BitwiseXorSmi [3], FBV[6]
[m [0m  [0m25: Int32BitwiseXor [n23, n24], 1 uses, cannot truncate to int32
 [0m[0;34m  43 : 4f 02 07          AddSmi [2], FBV[7]
[m [0m  [0m27: Int32Add [n25, n26], 1 uses, can truncate to int32 [-2147483648, 2147483647]
 [0m[0;34m  47 : 56 05 08          BitwiseXorSmi [5], FBV[8]
[m [0m  [0m29: Int32BitwiseXor [n27, n28], 1 uses, cannot truncate to int32
 [0m[0;34m  51 : 4f 04 09          AddSmi [4], FBV[9]
[m [0m  [0m31: Int32Add [n29, n30], 1 uses, can truncate to int32 [-2147483648, 2147483647]
 [0m[0;34m  55 : 56 07 0a          BitwiseXorSmi [7], FBV[10]
[m [0m  [0m33: Int32BitwiseXor [n31, n32], 1 uses, cannot truncate to int32
 [0m[0;34m  59 : 4f 08 0b          AddSmi [8], FBV[11]
[m [0m  [0m35: Int32Add [n33, n34], 1 uses, can truncate to int32 [-2147483648, 2147483647]
 [0m[0;34m  63 : 56 0b 0c          BitwiseXorSmi [11], FBV[12]
[m [0m  [0m37: Int32BitwiseXor [n35, n36], 1 uses, cannot truncate to int32
 [0m[0;34m  67 : 4f 10 0d          AddSmi [16], FBV[13]
[m [0m  [0m39: Int32Add [n37, n38], 1 uses, can truncate to int32 [-2147483648, 2147483647]
 [0m[0;34m  71 : 56 0d 0e          BitwiseXorSmi [13], FBV[14]
[m [0m  [0m41: Int32BitwiseXor [n39, n40], 1 uses, cannot truncate to int32
 [0m[0;34m  75 : 4f 20 0f          AddSmi [32], FBV[15]
[m [0m  [0m43: Int32Add [n41, n42], 1 uses, can truncate to int32 [-2147483648, 2147483647]
 [0m[0;34m  79 : 56 11 10          BitwiseXorSmi [17], FBV[16]
[m [0m  [0m45: Int32BitwiseXor [n43, n44], 1 uses, cannot truncate to int32
 [0m[0;34m  83 : 4f 40 11          AddSmi [64], FBV[17]
[m [0m  [0m47: Int32Add [n45, n46], 1 uses, can truncate to int32 [-2147483648, 2147483647]
 [0m[0;34m  87 : 56 13 12          BitwiseXorSmi [19], FBV[18]
[m [0m  [0m49: Int32BitwiseXor [n47, n48], 1 uses, cannot truncate to int32
 [0m[0;34m  91 : 00 4f 80 00 13 00 AddSmi.Wide [128], FBV[19]
[m [0m  [0m51: Int32Add [n49, n50], 1 uses, can truncate to int32 [-2147483648, 2147483647]
 [0m[0;34m  98 : 56 17 14          BitwiseXorSmi [23], FBV[20]
[m [0m  [0m53: Int32BitwiseXor [n51, n52], 1 uses, cannot truncate to int32
 [0m[0;34m 102 : 00 4f 00 01 15 00 AddSmi.Wide [256], FBV[21]
[m [0m  [0m55: Int32Add [n53, n54], 1 uses, can truncate to int32 [-2147483648, 2147483647]
 [0m[0;34m 109 : 56 1d 16          BitwiseXorSmi [29], FBV[22]
[m [0m  [0m57: Int32BitwiseXor [n55, n56], 1 uses, cannot truncate to int32
 [0m[0;34m 113 : b9                Return
[m [0m  [0m59: ReduceInterruptBudgetForReturn(113) [n58]
 [0m  [0m60: Int32ToNumber[kCanonicalizeSmi] [n57], 1 uses
 [0m  [0m61: Return [n60]
 [0m

----- After use marking -----
Graph

 [0m  [0m20: Constant(0x09b8010049d9 <NativeContext[307]>) → (x)
 [0m  [0m58: Constant(0x09b80101e2a9 <FeedbackCell[one closure]>) → (x)
 [0m   [0m3: Constant(0x09b80101e2fd <JSFunction mayThrow (sfi = 0x9b80101e1d5)>) → (x)
 [0m   [0m4: Constant(0x09b80101e2e9 <ScriptContext[3]>) → (x)
 [0m  [0m17: Constant(0x09b801006e6d <JSFunction Error (sfi = 0x9b8001af209)>) → (x)
 [0m  [0m18: Constant(0x09b80101e455 <String[4]: #boom>) → (x)
 [0m  [0m19: RootConstant(the_hole_value) → (x)
 [0m  [0m12: Int32Constant(0) → (x)
 [0m  [0m26: Int32Constant(2) → (x)
 [0m  [0m24: Int32Constant(3) → (x)
 [0m  [0m30: Int32Constant(4) → (x)
 [0m  [0m28: Int32Constant(5) → (x)
 [0m  [0m32: Int32Constant(7) → (x)
 [0m  [0m34: Int32Constant(8) → (x)
 [0m  [0m36: Int32Constant(11) → (x)
 [0m  [0m40: Int32Constant(13) → (x)
 [0m  [0m38: Int32Constant(16) → (x)
 [0m  [0m44: Int32Constant(17) → (x)
 [0m  [0m48: Int32Constant(19) → (x)
 [0m  [0m52: Int32Constant(23) → (x)
 [0m  [0m56: Int32Constant(29) → (x)
 [0m  [0m42: Int32Constant(32) → (x)
 [0m  [0m46: Int32Constant(64) → (x)
 [0m  [0m50: Int32Constant(128) → (x)
 [0m  [0m54: Int32Constant(256) → (x)
 [0m   [0m9: Int32Constant(1023) → (x)
  [0mBlock b0
 [0m[1;34m0x09b80101e1d5 <SharedFunctionInfo mayThrow> (0x09b80104a8b5 <String[18]: "workloads/throw.js">:17:17)
[m [0m[0;34m   0 : 0b 03             Ldar a0
[m [0m   [0m1: InitialValue(<this>) → (x)
 [0m   [0m2: InitialValue(a0) → (x)
 [0m   [0m6: FunctionEntryStackCheck
 [0m      ↳ lazy @-1 : {<closure>:n3:, <this>:n1:, a0:n2:, <context>:n4:} (addr:0x10c01141450)
 [0m   [0m7: Jump b1
 [0m   ↓
  [0mBlock b1
 [0m[1;34m0x09b80101e1d5 <SharedFunctionInfo mayThrow> (0x09b80104a8b5 <String[18]: "workloads/throw.js">:0:0)
[m [0m[0;34m   2 : 00 57 ff 03 00 00 BitwiseAndSmi.Wide [1023], FBV[0]
[m [0m      ↱ eager @2 : {<closure>:n3:, <this>:n1:, a0:n2:, <context>:n4:, <accumulator>:n2:} (addr:0x10c01141ac8)
 [0m   [0m8: CheckedSmiUntag [v0/n2:(x)] → (x)
 [0m  [0m10: Int32BitwiseAnd [v0/n8:(x), v0/n9:(x)] → (x)
 [0m[0;34m  13 : a8 11             JumpIfFalse [17]
[m[0;31m╭──[0m14: BranchIfInt32Compare(StrictEqual) [v0/n10:(x), v0/n12:(x)] b2 b3
[0;31m│[0m   ↓
[0;31m│ [0mBlock b2
[0;31m│[0m[0;34m  24 : 74 f8 f7 01 03    Construct r1, r2-r2, FBV[3]
[m[0;31m│[0m  [0m21: 🐢 CallKnownJSFunction(0x09b8001af209 <SharedFunctionInfo Error>, {}) [v0/n17:(x), v0/n20:(x), v0/n19:(x), v0/n17:(x), v0/n18:(x)] → (x)
[0;31m│[0m      │      @24 : {<closure>:n3:, <this>:n1:, a0:n2:, <context>:n4:} (addr:0x10c01143058)
[0;31m│[0m      ↳ lazy @ConstructInvokeStub : {<this>:n19:, <context>:n4:} (addr:0x10c01143098)
[0;31m│[0m[0;34m  29 : b7                Throw
[m[0;31m│[0m  [0m22: Throw(Throw, has_input=1) [v0/n21:(x)]
[0;31m│[0m      ↳ lazy @29 : {<closure>:n3:, <this>:n1:, a0:n2:, <context>:n4:} (addr:0x10c01143210)
[0;31m│[0m
[0;31m╰►[0mBlock b3
 [0m[0;34m  35 : 4f 01 05          AddSmi [1], FBV[5]
[m [0m      ↱ eager @35 : {<closure>:n3:, <this>:n1:, a0:n2:, <context>:n4:, <accumulator>:n2:} (addr:0x10c011433e0)
 [0m  [0m23: Int32IncrementWithOverflow [v0/n8:(x)] → (x)
 [0m[0;34m  39 : 56 03 06          BitwiseXorSmi [3], FBV[6]
[m [0m  [0m25: Int32BitwiseXor [v0/n23:(x), v0/n24:(x)] → (x)
 [0m[0;34m  43 : 4f 02 07          AddSmi [2], FBV[7]
[m [0m  [0m27: Int32Add [v0/n25:(x), v0/n26:(x)] → (x)
 [0m[0;34m  47 : 56 05 08          BitwiseXorSmi [5], FBV[8]
[m [0m  [0m29: Int32BitwiseXor [v0/n27:(x), v0/n28:(x)] → (x)
 [0m[0;34m  51 : 4f 04 09          AddSmi [4], FBV[9]
[m [0m  [0m31: Int32Add [v0/n29:(x), v0/n30:(x)] → (x)
 [0m[0;34m  55 : 56 07 0a          BitwiseXorSmi [7], FBV[10]
[m [0m  [0m33: Int32BitwiseXor [v0/n31:(x), v0/n32:(x)] → (x)
 [0m[0;34m  59 : 4f 08 0b          AddSmi [8], FBV[11]
[m [0m  [0m35: Int32Add [v0/n33:(x), v0/n34:(x)] → (x)
 [0m[0;34m  63 : 56 0b 0c          BitwiseXorSmi [11], FBV[12]
[m [0m  [0m37: Int32BitwiseXor [v0/n35:(x), v0/n36:(x)] → (x)
 [0m[0;34m  67 : 4f 10 0d          AddSmi [16], FBV[13]
[m [0m  [0m39: Int32Add [v0/n37:(x), v0/n38:(x)] → (x)
 [0m[0;34m  71 : 56 0d 0e          BitwiseXorSmi [13], FBV[14]
[m [0m  [0m41: Int32BitwiseXor [v0/n39:(x), v0/n40:(x)] → (x)
 [0m[0;34m  75 : 4f 20 0f          AddSmi [32], FBV[15]
[m [0m  [0m43: Int32Add [v0/n41:(x), v0/n42:(x)] → (x)
 [0m[0;34m  79 : 56 11 10          BitwiseXorSmi [17], FBV[16]
[m [0m  [0m45: Int32BitwiseXor [v0/n43:(x), v0/n44:(x)] → (x)
 [0m[0;34m  83 : 4f 40 11          AddSmi [64], FBV[17]
[m [0m  [0m47: Int32Add [v0/n45:(x), v0/n46:(x)] → (x)
 [0m[0;34m  87 : 56 13 12          BitwiseXorSmi [19], FBV[18]
[m [0m  [0m49: Int32BitwiseXor [v0/n47:(x), v0/n48:(x)] → (x)
 [0m[0;34m  91 : 00 4f 80 00 13 00 AddSmi.Wide [128], FBV[19]
[m [0m  [0m51: Int32Add [v0/n49:(x), v0/n50:(x)] → (x)
 [0m[0;34m  98 : 56 17 14          BitwiseXorSmi [23], FBV[20]
[m [0m  [0m53: Int32BitwiseXor [v0/n51:(x), v0/n52:(x)] → (x)
 [0m[0;34m 102 : 00 4f 00 01 15 00 AddSmi.Wide [256], FBV[21]
[m [0m  [0m55: Int32Add [v0/n53:(x), v0/n54:(x)] → (x)
 [0m[0;34m 109 : 56 1d 16          BitwiseXorSmi [29], FBV[22]
[m [0m  [0m57: Int32BitwiseXor [v0/n55:(x), v0/n56:(x)] → (x)
 [0m[0;34m 113 : b9                Return
[m [0m  [0m59: ReduceInterruptBudgetForReturn(113) [v0/n58:(x)]
 [0m  [0m60: Int32ToNumber[kCanonicalizeSmi] [v0/n57:(x)] → (x)
 [0m  [0m61: Return [v0/n60:(x)]
 [0m

----- After register allocation pre-processing -----
Graph

 [0m   [0m1/20: Constant(0x09b8010049d9 <NativeContext[307]>) → v-1, live range: [1-34]
 [0m   [0m2/58: Constant(0x09b80101e2a9 <FeedbackCell[one closure]>) → v-1, live range: [2-54]
 [0m    [0m3/3: Constant(0x09b80101e2fd <JSFunction mayThrow (sfi = 0x9b80101e1d5)>) → v-1, live range: [3-36]
 [0m    [0m4/4: Constant(0x09b80101e2e9 <ScriptContext[3]>) → v-1, live range: [4-36]
 [0m   [0m5/17: Constant(0x09b801006e6d <JSFunction Error (sfi = 0x9b8001af209)>) → v-1, live range: [5-34]
 [0m   [0m6/18: Constant(0x09b80101e455 <String[4]: #boom>) → v-1, live range: [6-34]
 [0m   [0m7/19: RootConstant(the_hole_value) → v-1, live range: [7-34]
 [0m   [0m8/12: Int32Constant(0) → v-1, live range: [8-33]
 [0m   [0m9/26: Int32Constant(2) → v-1, live range: [9-38]
 [0m  [0m10/24: Int32Constant(3) → v-1, live range: [10-37]
 [0m  [0m11/30: Int32Constant(4) → v-1, live range: [11-40]
 [0m  [0m12/28: Int32Constant(5) → v-1, live range: [12-39]
 [0m  [0m13/32: Int32Constant(7) → v-1, live range: [13-41]
 [0m  [0m14/34: Int32Constant(8) → v-1, live range: [14-42]
 [0m  [0m15/36: Int32Constant(11) → v-1, live range: [15-43]
 [0m  [0m16/40: Int32Constant(13) → v-1, live range: [16-45]
 [0m  [0m17/38: Int32Constant(16) → v-1, live range: [17-44]
 [0m  [0m18/44: Int32Constant(17) → v-1, live range: [18-47]
 [0m  [0m19/48: Int32Constant(19) → v-1, live range: [19-49]
 [0m  [0m20/52: Int32Constant(23) → v-1, live range: [20-51]
 [0m  [0m21/56: Int32Constant(29) → v-1, live range: [21-53]
 [0m  [0m22/42: Int32Constant(32) → v-1, live range: [22-46]
 [0m  [0m23/46: Int32Constant(64) → v-1, live range: [23-48]
 [0m  [0m24/50: Int32Constant(128) → v-1, live range: [24-50]
 [0m  [0m25/54: Int32Constant(256) → v-1, live range: [25-52]
 [0m   [0m26/9: Int32Constant(1023) → v-1, live range: [26-32]
  [0mBlock b0
 [0m[1;34m0x09b80101e1d5 <SharedFunctionInfo mayThrow> (0x09b80104a8b5 <String[18]: "workloads/throw.js">:17:17)
[m [0m[0;34m   0 : 0b 03             Ldar a0
[m [0m   [0m27/1: InitialValue(<this>) → v-1(=-6S), live range: [27-36]
 [0m   [0m28/2: InitialValue(a0) → v-1(=-7S), live range: [28-36]
 [0m   [0m29/6: FunctionEntryStackCheck
 [0m         ↳ lazy @-1 : {<closure>:n3:(x), <this>:n1:(x), a0:n2:(x), <context>:n4:(x)} (addr:0x10c01141450)
 [0m   [0m30/7: Jump b1
 [0m      ↓
  [0mBlock b1
 [0m[1;34m0x09b80101e1d5 <SharedFunctionInfo mayThrow> (0x09b80104a8b5 <String[18]: "workloads/throw.js">:0:0)
[m [0m[0;34m   2 : 00 57 ff 03 00 00 BitwiseAndSmi.Wide [1023], FBV[0]
[m [0m         ↱ eager @2 : {<closure>:n3:(x), <this>:n1:(x), a0:n2:(x), <context>:n4:(x), <accumulator>:n2:(x)} (addr:0x10c01141ac8)
 [0m   [0m31/8: CheckedSmiUntag [v28/n2:v-1(R)] → v-1(0), live range: [31-36]
 [0m  [0m32/10: Int32BitwiseAnd [v31/n8:v-1(R), v26/n9:v-1(*)] → v-1(R), live range: [32-33]
 [0m[0;34m  13 : a8 11             JumpIfFalse [17]
[m[0;31m╭──[0m33/14: BranchIfInt32Compare(StrictEqual) [v32/n10:v-1(R), v8/n12:v-1(R)] b2 b3
[0;31m│[0m      ↓
[0;31m│ [0mBlock b2
[0;31m│[0m[0;34m  24 : 74 f8 f7 01 03    Construct r1, r2-r2, FBV[3]
[m[0;31m│[0m  [0m34/21: 🐢 CallKnownJSFunction(0x09b8001af209 <SharedFunctionInfo Error>, {}) [v5/n17:v-1(=x1), v1/n20:v-1(=x27), v7/n19:v-1(*), v5/n17:v-1(=x3), v6/n18:v-1(*)] → v-1(=x0), live range: [34-35]
[0;31m│[0m         │      @24 : {<closure>:n3:(x), <this>:n1:(x), a0:n2:(x), <context>:n4:(x)} (addr:0x10c01143058)
[0;31m│[0m         ↳ lazy @ConstructInvokeStub : {<this>:n19:(x), <context>:n4:(x)} (addr:0x10c01143098)
[0;31m│[0m[0;34m  29 : b7                Throw
[m[0;31m│[0m  [0m35/22: Throw(Throw, has_input=1) [v34/n21:v-1(*)]
[0;31m│[0m         ↳ lazy @29 : {<closure>:n3:(x), <this>:n1:(x), a0:n2:(x), <context>:n4:(x)} (addr:0x10c01143210)
[0;31m│[0m
[0;31m╰►[0mBlock b3
 [0m[0;34m  35 : 4f 01 05          AddSmi [1], FBV[5]
[m [0m         ↱ eager @35 : {<closure>:n3:(x), <this>:n1:(x), a0:n2:(x), <context>:n4:(x), <accumulator>:n2:(x)} (addr:0x10c011433e0)
 [0m  [0m36/23: Int32IncrementWithOverflow [v31/n8:v-1(R)] → v-1(R), live range: [36-37]
 [0m[0;34m  39 : 56 03 06          BitwiseXorSmi [3], FBV[6]
[m [0m  [0m37/25: Int32BitwiseXor [v36/n23:v-1(R), v10/n24:v-1(*)] → v-1(R), live range: [37-38]
 [0m[0;34m  43 : 4f 02 07          AddSmi [2], FBV[7]
[m [0m  [0m38/27: Int32Add [v37/n25:v-1(R), v9/n26:v-1(*)] → v-1(R), live range: [38-39]
 [0m[0;34m  47 : 56 05 08          BitwiseXorSmi [5], FBV[8]
[m [0m  [0m39/29: Int32BitwiseXor [v38/n27:v-1(R), v12/n28:v-1(R)] → v-1(R), live range: [39-40]
 [0m[0;34m  51 : 4f 04 09          AddSmi [4], FBV[9]
[m [0m  [0m40/31: Int32Add [v39/n29:v-1(R), v11/n30:v-1(*)] → v-1(R), live range: [40-41]
 [0m[0;34m  55 : 56 07 0a          BitwiseXorSmi [7], FBV[10]
[m [0m  [0m41/33: Int32BitwiseXor [v40/n31:v-1(R), v13/n32:v-1(*)] → v-1(R), live range: [41-42]
 [0m[0;34m  59 : 4f 08 0b          AddSmi [8], FBV[11]
[m [0m  [0m42/35: Int32Add [v41/n33:v-1(R), v14/n34:v-1(*)] → v-1(R), live range: [42-43]
 [0m[0;34m  63 : 56 0b 0c          BitwiseXorSmi [11], FBV[12]
[m [0m  [0m43/37: Int32BitwiseXor [v42/n35:v-1(R), v15/n36:v-1(R)] → v-1(R), live range: [43-44]
 [0m[0;34m  67 : 4f 10 0d          AddSmi [16], FBV[13]
[m [0m  [0m44/39: Int32Add [v43/n37:v-1(R), v17/n38:v-1(*)] → v-1(R), live range: [44-45]
 [0m[0;34m  71 : 56 0d 0e          BitwiseXorSmi [13], FBV[14]
[m [0m  [0m45/41: Int32BitwiseXor [v44/n39:v-1(R), v16/n40:v-1(R)] → v-1(R), live range: [45-46]
 [0m[0;34m  75 : 4f 20 0f          AddSmi [32], FBV[15]
[m [0m  [0m46/43: Int32Add [v45/n41:v-1(R), v22/n42:v-1(*)] → v-1(R), live range: [46-47]
 [0m[0;34m  79 : 56 11 10          BitwiseXorSmi [17], FBV[16]
[m [0m  [0m47/45: Int32BitwiseXor [v46/n43:v-1(R), v18/n44:v-1(R)] → v-1(R), live range: [47-48]
 [0m[0;34m  83 : 4f 40 11          AddSmi [64], FBV[17]
[m [0m  [0m48/47: Int32Add [v47/n45:v-1(R), v23/n46:v-1(*)] → v-1(R), live range: [48-49]
 [0m[0;34m  87 : 56 13 12          BitwiseXorSmi [19], FBV[18]
[m [0m  [0m49/49: Int32BitwiseXor [v48/n47:v-1(R), v19/n48:v-1(R)] → v-1(R), live range: [49-50]
 [0m[0;34m  91 : 00 4f 80 00 13 00 AddSmi.Wide [128], FBV[19]
[m [0m  [0m50/51: Int32Add [v49/n49:v-1(R), v24/n50:v-1(*)] → v-1(R), live range: [50-51]
 [0m[0;34m  98 : 56 17 14          BitwiseXorSmi [23], FBV[20]
[m [0m  [0m51/53: Int32BitwiseXor [v50/n51:v-1(R), v20/n52:v-1(R)] → v-1(R), live range: [51-52]
 [0m[0;34m 102 : 00 4f 00 01 15 00 AddSmi.Wide [256], FBV[21]
[m [0m  [0m52/55: Int32Add [v51/n53:v-1(R), v25/n54:v-1(*)] → v-1(R), live range: [52-53]
 [0m[0;34m 109 : 56 1d 16          BitwiseXorSmi [29], FBV[22]
[m [0m  [0m53/57: Int32BitwiseXor [v52/n55:v-1(R), v21/n56:v-1(R)] → v-1(R), live range: [53-55]
 [0m[0;34m 113 : b9                Return
[m [0m  [0m54/59: ReduceInterruptBudgetForReturn(113) [v2/n58:v-1(R)]
 [0m  [0m55/60: Int32ToNumber[kCanonicalizeSmi] [v53/n57:v-1(R)] → v-1(R), live range: [55-56]
 [0m  [0m56/61: Return [v55/n60:v-1(=x0)]
 [0m

----- After register allocation -----
Graph

 [0m   [0m1/20: Constant(0x09b8010049d9 <NativeContext[307]>) → v-1, live range: [1-34]
 [0m   [0m2/58: Constant(0x09b80101e2a9 <FeedbackCell[one closure]>) → v-1, live range: [2-54]
 [0m    [0m3/3: Constant(0x09b80101e2fd <JSFunction mayThrow (sfi = 0x9b80101e1d5)>) → v-1, live range: [3-36]
 [0m    [0m4/4: Constant(0x09b80101e2e9 <ScriptContext[3]>) → v-1, live range: [4-36]
 [0m   [0m5/17: Constant(0x09b801006e6d <JSFunction Error (sfi = 0x9b8001af209)>) → v-1, live range: [5-34]
 [0m   [0m6/18: Constant(0x09b80101e455 <String[4]: #boom>) → v-1, live range: [6-34]
 [0m   [0m7/19: RootConstant(the_hole_value) → v-1, live range: [7-34]
 [0m   [0m8/12: Int32Constant(0) → v-1, live range: [8-33]
 [0m   [0m9/26: Int32Constant(2) → v-1, live range: [9-38]
 [0m  [0m10/24: Int32Constant(3) → v-1, live range: [10-37]
 [0m  [0m11/30: Int32Constant(4) → v-1, live range: [11-40]
 [0m  [0m12/28: Int32Constant(5) → v-1, live range: [12-39]
 [0m  [0m13/32: Int32Constant(7) → v-1, live range: [13-41]
 [0m  [0m14/34: Int32Constant(8) → v-1, live range: [14-42]
 [0m  [0m15/36: Int32Constant(11) → v-1, live range: [15-43]
 [0m  [0m16/40: Int32Constant(13) → v-1, live range: [16-45]
 [0m  [0m17/38: Int32Constant(16) → v-1, live range: [17-44]
 [0m  [0m18/44: Int32Constant(17) → v-1, live range: [18-47]
 [0m  [0m19/48: Int32Constant(19) → v-1, live range: [19-49]
 [0m  [0m20/52: Int32Constant(23) → v-1, live range: [20-51]
 [0m  [0m21/56: Int32Constant(29) → v-1, live range: [21-53]
 [0m  [0m22/42: Int32Constant(32) → v-1, live range: [22-46]
 [0m  [0m23/46: Int32Constant(64) → v-1, live range: [23-48]
 [0m  [0m24/50: Int32Constant(128) → v-1, live range: [24-50]
 [0m  [0m25/54: Int32Constant(256) → v-1, live range: [25-52]
 [0m   [0m26/9: Int32Constant(1023) → v-1, live range: [26-32]
  [0mBlock b0
 [0m[1;34m0x09b80101e1d5 <SharedFunctionInfo mayThrow> (0x09b80104a8b5 <String[18]: "workloads/throw.js">:17:17)
[m [0m[0;34m   0 : 0b 03             Ldar a0
[m [0m   [0m27/1: InitialValue(<this>) → [stack:-6|t], live range: [27-36]
 [0m   [0m28/2: InitialValue(a0) → [stack:-7|t], live range: [28-36]
 [0m   [0m29/6: FunctionEntryStackCheck
 [0m         ↳ lazy @-1 : {<closure>:n3:[constant:v-1], <this>:n1:[stack:-6|t], a0:n2:[stack:-7|t], <context>:n4:[constant:v-1]} (addr:0x10c01141450)
 [0m   [0m30/7: Jump b1
 [0m      ↓
  [0mBlock b1
 [0m     [0m62: GapMove([stack:-7|t] → [x0|R|t])
 [0m[1;34m0x09b80101e1d5 <SharedFunctionInfo mayThrow> (0x09b80104a8b5 <String[18]: "workloads/throw.js">:0:0)
[m [0m[0;34m   2 : 00 57 ff 03 00 00 BitwiseAndSmi.Wide [1023], FBV[0]
[m [0m         ↱ eager @2 : {<closure>:n3:[constant:v-1], <this>:n1:[stack:-6|t], a0:n2:[stack:-7|t], <context>:n4:[constant:v-1], <accumulator>:n2:[stack:-7|t]} (addr:0x10c01141ac8)
 [0m   [0m31/8: CheckedSmiUntag [v28/n2:[x0|R|t]] → [x0|R|w32] (spilled: [stack:0|w32]), live range: [31-36]
 [0m  [0m32/10: Int32BitwiseAnd [v31/n8:[x0|R|w32], v26/n9:[constant:v-1]] → [x1|R|w32], live range: [32-33]
 [0m     [0m63: ConstantGapMove(n12 → [x2|R|w32])
 [0m[0;34m  13 : a8 11             JumpIfFalse [17]
[m[0;31m╭──[0m33/14: BranchIfInt32Compare(StrictEqual) [v32/n10:[x1|R|w32], v8/n12:[x2|R|w32]] b2 b3
[0;31m│[0m      ↓
[0;31m│ [0mBlock b2
[0;31m│[0m     [0m64: ConstantGapMove(n17 → [x1|R|t])
[0;31m│[0m     [0m65: ConstantGapMove(n20 → [x27|R|t])
[0;31m│[0m     [0m66: GapMove([x1|R|t] → [x3|R|t])
[0;31m│[0m[0;34m  24 : 74 f8 f7 01 03    Construct r1, r2-r2, FBV[3]
[m[0;31m│[0m  [0m34/21: 🐢 CallKnownJSFunction(0x09b8001af209 <SharedFunctionInfo Error>, {}) [v5/n17:[x1|R|t], v1/n20:[x27|R|t], v7/n19:[constant:v-1], v5/n17:[x3|R|t], v6/n18:[constant:v-1]] → [x0|R|t], live range: [34-35]
[0;31m│[0m         │      @24 : {<closure>:n3:[constant:v-1], <this>:n1:[stack:-6|t], a0:n2:[stack:-7|t], <context>:n4:[constant:v-1]} (addr:0x10c01143058)
[0;31m│[0m         ↳ lazy @ConstructInvokeStub : {<this>:n19:[constant:v-1], <context>:n4:[constant:v-1]} (addr:0x10c01143098)
[0;31m│[0m[0;34m  29 : b7                Throw
[m[0;31m│[0m  [0m35/22: Throw(Throw, has_input=1) [v34/n21:[x0|R|t]]
[0;31m│[0m         ↳ lazy @29 : {<closure>:n3:[constant:v-1], <this>:n1:[stack:-6|t], a0:n2:[stack:-7|t], <context>:n4:[constant:v-1]} (addr:0x10c01143210)
[0;31m│[0m
[0;31m╰►[0mBlock b3
 [0m[0;34m  35 : 4f 01 05          AddSmi [1], FBV[5]
[m [0m         ↱ eager @35 : {<closure>:n3:[constant:v-1], <this>:n1:[stack:-6|t], a0:n2:[stack:-7|t], <context>:n4:[constant:v-1], <accumulator>:n2:[stack:-7|t]} (addr:0x10c011433e0)
 [0m  [0m36/23: Int32IncrementWithOverflow [v31/n8:[x0|R|w32]] → [x1|R|w32], live range: [36-37]
 [0m[0;34m  39 : 56 03 06          BitwiseXorSmi [3], FBV[6]
[m [0m  [0m37/25: Int32BitwiseXor [v36/n23:[x1|R|w32], v10/n24:[constant:v-1]] → [x0|R|w32], live range: [37-38]
 [0m[0;34m  43 : 4f 02 07          AddSmi [2], FBV[7]
[m [0m  [0m38/27: Int32Add [v37/n25:[x0|R|w32], v9/n26:[constant:v-1]] → [x1|R|w32], live range: [38-39]
 [0m     [0m67: ConstantGapMove(n28 → [x0|R|w32])
 [0m[0;34m  47 : 56 05 08          BitwiseXorSmi [5], FBV[8]
[m [0m  [0m39/29: Int32BitwiseXor [v38/n27:[x1|R|w32], v12/n28:[x0|R|w32]] → [x2|R|w32], live range: [39-40]
 [0m[0;34m  51 : 4f 04 09          AddSmi [4], FBV[9]
[m [0m  [0m40/31: Int32Add [v39/n29:[x2|R|w32], v11/n30:[constant:v-1]] → [x0|R|w32], live range: [40-41]
 [0m[0;34m  55 : 56 07 0a          BitwiseXorSmi [7], FBV[10]
[m [0m  [0m41/33: Int32BitwiseXor [v40/n31:[x0|R|w32], v13/n32:[constant:v-1]] → [x1|R|w32], live range: [41-42]
 [0m[0;34m  59 : 4f 08 0b          AddSmi [8], FBV[11]
[m [0m  [0m42/35: Int32Add [v41/n33:[x1|R|w32], v14/n34:[constant:v-1]] → [x0|R|w32], live range: [42-43]
 [0m     [0m68: ConstantGapMove(n36 → [x1|R|w32])
 [0m[0;34m  63 : 56 0b 0c          BitwiseXorSmi [11], FBV[12]
[m [0m  [0m43/37: Int32BitwiseXor [v42/n35:[x0|R|w32], v15/n36:[x1|R|w32]] → [x2|R|w32], live range: [43-44]
 [0m[0;34m  67 : 4f 10 0d          AddSmi [16], FBV[13]
[m [0m  [0m44/39: Int32Add [v43/n37:[x2|R|w32], v17/n38:[constant:v-1]] → [x0|R|w32], live range: [44-45]
 [0m     [0m69: ConstantGapMove(n40 → [x1|R|w32])
 [0m[0;34m  71 : 56 0d 0e          BitwiseXorSmi [13], FBV[14]
[m [0m  [0m45/41: Int32BitwiseXor [v44/n39:[x0|R|w32], v16/n40:[x1|R|w32]] → [x2|R|w32], live range: [45-46]
 [0m[0;34m  75 : 4f 20 0f          AddSmi [32], FBV[15]
[m [0m  [0m46/43: Int32Add [v45/n41:[x2|R|w32], v22/n42:[constant:v-1]] → [x0|R|w32], live range: [46-47]
 [0m     [0m70: ConstantGapMove(n44 → [x1|R|w32])
 [0m[0;34m  79 : 56 11 10          BitwiseXorSmi [17], FBV[16]
[m [0m  [0m47/45: Int32BitwiseXor [v46/n43:[x0|R|w32], v18/n44:[x1|R|w32]] → [x2|R|w32], live range: [47-48]
 [0m[0;34m  83 : 4f 40 11          AddSmi [64], FBV[17]
[m [0m  [0m48/47: Int32Add [v47/n45:[x2|R|w32], v23/n46:[constant:v-1]] → [x0|R|w32], live range: [48-49]
 [0m     [0m71: ConstantGapMove(n48 → [x1|R|w32])
 [0m[0;34m  87 : 56 13 12          BitwiseXorSmi [19], FBV[18]
[m [0m  [0m49/49: Int32BitwiseXor [v48/n47:[x0|R|w32], v19/n48:[x1|R|w32]] → [x2|R|w32], live range: [49-50]
 [0m[0;34m  91 : 00 4f 80 00 13 00 AddSmi.Wide [128], FBV[19]
[m [0m  [0m50/51: Int32Add [v49/n49:[x2|R|w32], v24/n50:[constant:v-1]] → [x0|R|w32], live range: [50-51]
 [0m     [0m72: ConstantGapMove(n52 → [x1|R|w32])
 [0m[0;34m  98 : 56 17 14          BitwiseXorSmi [23], FBV[20]
[m [0m  [0m51/53: Int32BitwiseXor [v50/n51:[x0|R|w32], v20/n52:[x1|R|w32]] → [x2|R|w32], live range: [51-52]
 [0m[0;34m 102 : 00 4f 00 01 15 00 AddSmi.Wide [256], FBV[21]
[m [0m  [0m52/55: Int32Add [v51/n53:[x2|R|w32], v25/n54:[constant:v-1]] → [x0|R|w32], live range: [52-53]
 [0m     [0m73: ConstantGapMove(n56 → [x1|R|w32])
 [0m[0;34m 109 : 56 1d 16          BitwiseXorSmi [29], FBV[22]
[m [0m  [0m53/57: Int32BitwiseXor [v52/n55:[x0|R|w32], v21/n56:[x1|R|w32]] → [x2|R|w32], live range: [53-55]
 [0m     [0m74: ConstantGapMove(n58 → [x0|R|t])
 [0m[0;34m 113 : b9                Return
[m [0m  [0m54/59: ReduceInterruptBudgetForReturn(113) [v2/n58:[x0|R|t]]
 [0m  [0m55/60: Int32ToNumber[kCanonicalizeSmi] [v53/n57:[x2|R|w32]] → [x0|R|t], live range: [55-56]
 [0m  [0m56/61: Return [v55/n60:[x0|R|t]]
 [0m
Compiling 0x09b80101e331 <JSFunction risky (sfi = 0x9b80101e205)> with Maglev
----- Bytecode array -----
Parameter count 2
Register count 4
Frame size 32
         0x31a01000184 @    0 : 0b 03             Ldar a0
         0x31a01000186 @    2 : 51 02 00          MulSmi [2], FBV[0]
         0x31a01000189 @    5 : d4                Star0
         0x31a0100018a @    6 : 1b ff f8          Mov <context>, r1
         0x31a0100018d @    9 : 23 00 02          LdaGlobal [0:"mayThrow"], FBV[2]
         0x31a01000190 @   12 : d1                Star3
         0x31a01000191 @   13 : 6d f6 03 04       CallUndefinedReceiver1 r3, a0, FBV[4]
         0x31a01000195 @   17 : 42 f9 01          Add r0, FBV[1]
         0x31a01000198 @   20 : 1b f9 f7          Mov r0, r2
         0x31a0100019b @   23 : d4                Star0
         0x31a0100019c @   24 : 98 15             Jump [21] (0x31a010001b1 @ 45)
         0x31a0100019e @   26 : d2                Star2
         0x31a0100019f @   27 : 8f f7 01          CreateCatchContext r2, [1:0x09b80101e415 <ScopeInfo CATCH_SCOPE>]
         0x31a010001a2 @   30 : d3                Star1
         0x31a010001a3 @   31 : 10                LdaTheHole
         0x31a010001a4 @   32 : b6                SetPendingMessage
         0x31a010001a5 @   33 : 0b f8             Ldar r1
         0x31a010001a7 @   35 : 1c f7             PushContext r2
         0x31a010001a9 @   37 : 0b f9             Ldar r0
         0x31a010001ab @   39 : 50 01 06          SubSmi [1], FBV[6]
         0x31a010001ae @   42 : d4                Star0
         0x31a010001af @   43 : 1d f7             PopContext r2
         0x31a010001b1 @   45 : 0b f9             Ldar r0
         0x31a010001b3 @   47 : b9                Return
Constant pool (size = 2)
0x31a0100014d: [TrustedFixedArray]
 - map: 0x09b800000605 <Map(TRUSTED_FIXED_ARRAY_TYPE)>
 - length: 2
           0: 0x09b80101e0ed <String[8]: #mayThrow>
           1: 0x09b80101e415 <ScopeInfo CATCH_SCOPE>
Handler Table (size = 16)
   from   to       hdlr (prediction,   data)
  (   9,  24)  ->    26 (prediction=1, data=1)
Source Position Table (size = 0)
0x9b80101e61d: [FeedbackVector] in OldSpace
 - map: 0x09b800000899 <Map(FEEDBACK_VECTOR_TYPE)>
 - length: 7
 - shared function info: 0x09b80101e205 <SharedFunctionInfo risky>
 - tiering_in_progress: 0
 - osr_tiering_in_progress: 0
 - invocation count: 15802
 - closure feedback cell array: 0x9b800002071: [ClosureFeedbackCellArray] in ReadOnlySpace
 - map: 0x09b800000871 <Map(CLOSURE_FEEDBACK_CELL_ARRAY_TYPE)>
 - length: 0
 - elements:

 - slot #0 BinaryOp BinaryOp:SignedSmall {
     [0]: 1
  }
 - slot #1 BinaryOp BinaryOp:SignedSmall {
     [1]: 1
  }
 - slot #2 LoadGlobalNotInsideTypeof MONOMORPHIC
   [weak] 0x09b80101e31d <PropertyCell name=0x09b80101e0ed <String[8]: #mayThrow> value=0x09b80101e2fd <JSFunction mayThrow (sfi = 0x9b80101e1d5)>> {
     [2]: [weak] 0x09b80101e31d <PropertyCell name=0x09b80101e0ed <String[8]: #mayThrow> value=0x09b80101e2fd <JSFunction mayThrow (sfi = 0x9b80101e1d5)>>
     [3]: 0x09b800000e95 <Symbol: (uninitialized_symbol)>
  }
 - slot #4 Call MONOMORPHIC {
     [4]: [weak] 0x09b80101e2fd <JSFunction mayThrow (sfi = 0x9b80101e1d5)>
     [5]: 126408
  }
 - slot #6 BinaryOp BinaryOp:SignedSmall {
     [6]: 1
  }

----- After graph building -----
Graph

 [0m  [0m35: Constant(0x09b80101e2b9 <FeedbackCell[one closure]>), 1 uses
 [0m   [0m3: Constant(0x09b80101e331 <JSFunction risky (sfi = 0x9b80101e205)>), 5 uses
 [0m   [0m4: Constant(0x09b80101e2e9 <ScriptContext[3]>), 9 uses
 [0m  [0m11: Constant(0x09b80101e2fd <JSFunction mayThrow (sfi = 0x9b80101e1d5)>), 1 uses
 [0m  [0m12: Constant(0x09b801004979 <JSGlobalProxy>), 1 uses
 [0m  [0m20: Constant(0x09b80101e415 <ScopeInfo CATCH_SCOPE>), 1 uses
 [0m  [0m18: Constant(0x09b801014af1 <Map(CATCH_CONTEXT_TYPE)>), 0 uses 🪦
 [0m   [0m5: RootConstant(undefined_value), 1 uses
 [0m  [0m28: RootConstant(the_hole_value), 1 uses
 [0m  [0m19: SmiConstant(3), 1 uses
 [0m   [0m8: Int32Constant(2), 1 uses, cannot truncate to int32
  [0mBlock b0
 [0m[1;34m0x09b80101e205 <SharedFunctionInfo risky> (0x09b80104a8b5 <String[18]: "workloads/throw.js">:27:14)
[m [0m[0;34m   0 : 0b 03             Ldar a0
[m [0m   [0m1: InitialValue(<this>), 5 uses
 [0m   [0m2: InitialValue(a0), 8 uses
 [0m   [0m6: FunctionEntryStackCheck
 [0m      ↳ lazy @-1 : {<closure>:n3:, <this>:n1:, a0:n2:, <context>:n4:} (addr:0x10c0114c688)
 [0m   [0m7: Jump b1
 [0m   ↓
  [0mBlock b1
 [0m[1;34m0x09b80101e205 <SharedFunctionInfo risky> (0x09b80104a8b5 <String[18]: "workloads/throw.js">:0:0)
[m [0m[0;34m   2 : 51 02 00          MulSmi [2], FBV[0]
[m [0m      ↱ eager @2 : {<closure>:n3:, <this>:n1:, a0:n2:, <context>:n4:, <accumulator>:n2:} (addr:0x10c0114cfb0)
 [0m   [0m9: CheckedSmiUntag [n2], 1 uses, cannot truncate to int32
 [0m      ↱ eager @2 : {<closure>:n3:, <this>:n1:, a0:n2:, <context>:n4:, <accumulator>:n2:} (addr:0x10c0114cfb0)
 [0m  [0m10: Int32MultiplyWithOverflow [n9, n8], 5 uses, cannot truncate to int32
 [0m[0;34m  13 : 6d f6 03 04       CallUndefinedReceiver1 r3, a0, FBV[4]
[m [0m  [0m13: 🐢 CallKnownJSFunction(0x09b80101e1d5 <SharedFunctionInfo mayThrow>, {Int32}) [n11, n4, n12, n5, n2], 2 uses
 [0m      ↳ lazy @13 : {<closure>:n3:, <this>:n1:, a0:n2:, <context>:n4:, r0:n10:, r1:n4:} (addr:0x10c0114ecb0)
 [0m      ↳ throw @26 (b2) : {<this>:n1, a0:n2, <context>:n4, r0:n10}
 [0m[0;34m  17 : 42 f9 01          Add r0, FBV[1]
[m [0m      ↱ eager @17 : {<closure>:n3:, <this>:n1:, a0:n2:, <context>:n4:, r0:n10:, r1:n4:, <accumulator>:n13:} (addr:0x10c0114f0a8)
 [0m  [0m14: CheckedSmiUntag [n13], 1 uses, cannot truncate to int32
 [0m      ↱ eager @17 : {<closure>:n3:, <this>:n1:, a0:n2:, <context>:n4:, r0:n10:, r1:n4:, <accumulator>:n13:} (addr:0x10c0114f0a8)
 [0m  [0m15: Int32AddWithOverflow [n10, n14], 1 uses, can truncate to int32 [-2147483648, 2147483647]
 [0m  [0m32: Int32ToNumber[kCanonicalizeSmi] [n15], 1 uses
 [0m[0;34m  24 : 98 15             Jump [21]
[m[0;31m╭──[0m16: Jump b3
[0;31m│[0m      with gap moves:
[0;31m│[0m        - n32 → 34: φᵀ r0
[0;31m│[0m
[0;31m│ [0mBlock b2 (exception handler)
[0;31m│[0m  [0m17: φᵀₑ <accumulator>, 2 uses
[0;31m│[0m[0;34m  27 : 8f f7 01          CreateCatchContext r2, [1:0x09b80101e415 <ScopeInfo CATCH_SCOPE>]
[m[0;31m│[0m  [0m21: AllocationBlock(Young), 1 uses
[0;31m│[0m  [0m22: InlinedAllocation(object 0x09b801014af1 <Map(CATCH_CONTEXT_TYPE)>) [n21], 6 uses (6 non escaping uses)
[0;31m│[0m  [0m23: StoreMap(0x09b801014af1 <Map(CATCH_CONTEXT_TYPE)>, InlinedAllocation) [n22]
[0;31m│[0m  [0m24: StoreTaggedFieldNoWriteBarrier(0x4, mutable) [n22, n19]
[0;31m│[0m  [0m25: StoreTaggedFieldWithWriteBarrier(0x8, constant, maybe_smi:0) [n22, n20]
[0;31m│[0m  [0m26: StoreTaggedFieldWithWriteBarrier(0xc, constant, maybe_smi:0) [n22, n4]
[0;31m│[0m  [0m27: StoreTaggedFieldWithWriteBarrier(0x10, constant, maybe_smi:1) [n22, n17]
[0;31m│[0m[0;34m  32 : b6                SetPendingMessage
[m[0;31m│[0m  [0m29: SetPendingMessage [n28], 0 uses, but required
[0;31m│[0m[0;34m  39 : 50 01 06          SubSmi [1], FBV[6]
[m[0;31m│[0m      ↱ eager @39 : {<closure>:n3:, <this>:n1:, a0:n2:, <context>:n22:, r2:n4:, <accumulator>:n10:} (addr:0x10c0114fee8)
[0;31m│[0m  [0m30: Int32DecrementWithOverflow [n10], 1 uses, cannot truncate to int32
[0;31m│[0m  [0m33: Int32ToNumber[kCanonicalizeSmi] [n30], 1 uses
[0;31m│[0m[0;34m  45 : 0b f9             Ldar r0
[m[0;31m│[0m  [0m31: Jump b3
[0;31m│[0m   │  with gap moves:
[0;31m│[0m   │    - n33 → 34: φᵀ r0
[0;31m│[0m   ▼
[0;31m╰►[0mBlock b3
 [0m  [0m34: φᵀ r0 (n32, n33), 1 uses
 [0m[0;34m  47 : b9                Return
[m [0m  [0m36: ReduceInterruptBudgetForReturn(47) [n35]
 [0m  [0m37: Return [n34]
 [0m

----- After use marking -----
Graph

 [0m  [0m35: Constant(0x09b80101e2b9 <FeedbackCell[one closure]>) → (x)
 [0m   [0m3: Constant(0x09b80101e331 <JSFunction risky (sfi = 0x9b80101e205)>) → (x)
 [0m   [0m4: Constant(0x09b80101e2e9 <ScriptContext[3]>) → (x)
 [0m  [0m11: Constant(0x09b80101e2fd <JSFunction mayThrow (sfi = 0x9b80101e1d5)>) → (x)
 [0m  [0m12: Constant(0x09b801004979 <JSGlobalProxy>) → (x)
 [0m  [0m20: Constant(0x09b80101e415 <ScopeInfo CATCH_SCOPE>) → (x)
 [0m   [0m5: RootConstant(undefined_value) → (x)
 [0m  [0m28: RootConstant(the_hole_value) → (x)
 [0m  [0m19: SmiConstant(3) → (x)
 [0m   [0m8: Int32Constant(2) → (x)
  [0mBlock b0
 [0m[1;34m0x09b80101e205 <SharedFunctionInfo risky> (0x09b80104a8b5 <String[18]: "workloads/throw.js">:27:14)
[m [0m[0;34m   0 : 0b 03             Ldar a0
[m [0m   [0m1: InitialValue(<this>) → (x)
 [0m   [0m2: InitialValue(a0) → (x)
 [0m   [0m6: FunctionEntryStackCheck
 [0m      ↳ lazy @-1 : {<closure>:n3:, <this>:n1:, a0:n2:, <context>:n4:} (addr:0x10c0114c688)
 [0m   [0m7: Jump b1
 [0m   ↓
  [0mBlock b1
 [0m[1;34m0x09b80101e205 <SharedFunctionInfo risky> (0x09b80104a8b5 <String[18]: "workloads/throw.js">:0:0)
[m [0m[0;34m   2 : 51 02 00          MulSmi [2], FBV[0]
[m [0m      ↱ eager @2 : {<closure>:n3:, <this>:n1:, a0:n2:, <context>:n4:, <accumulator>:n2:} (addr:0x10c0114cfb0)
 [0m   [0m9: CheckedSmiUntag [v0/n2:(x)] → (x)
 [0m      ↱ eager @2 : {<closure>:n3:, <this>:n1:, a0:n2:, <context>:n4:, <accumulator>:n2:} (addr:0x10c0114cfb0)
 [0m  [0m10: Int32MultiplyWithOverflow [v0/n9:(x), v0/n8:(x)] → (x)
 [0m[0;34m  13 : 6d f6 03 04       CallUndefinedReceiver1 r3, a0, FBV[4]
[m [0m  [0m13: 🐢 CallKnownJSFunction(0x09b80101e1d5 <SharedFunctionInfo mayThrow>, {Int32}) [v0/n11:(x), v0/n4:(x), v0/n12:(x), v0/n5:(x), v0/n2:(x)] → (x)
 [0m      ↳ lazy @13 : {<closure>:n3:, <this>:n1:, a0:n2:, <context>:n4:, r0:n10:, r1:n4:} (addr:0x10c0114ecb0)
 [0m      ↳ throw @26 (b2) : {<this>:n1, a0:n2, <context>:n4, r0:n10}
 [0m[0;34m  17 : 42 f9 01          Add r0, FBV[1]
[m [0m      ↱ eager @17 : {<closure>:n3:, <this>:n1:, a0:n2:, <context>:n4:, r0:n10:, r1:n4:, <accumulator>:n13:} (addr:0x10c0114f0a8)
 [0m  [0m14: CheckedSmiUntag [v0/n13:(x)] → (x)
 [0m      ↱ eager @17 : {<closure>:n3:, <this>:n1:, a0:n2:, <context>:n4:, r0:n10:, r1:n4:, <accumulator>:n13:} (addr:0x10c0114f0a8)
 [0m  [0m15: Int32AddWithOverflow [v0/n10:(x), v0/n14:(x)] → (x)
 [0m  [0m32: Int32ToNumber[kCanonicalizeSmi] [v0/n15:(x)] → (x)
 [0m[0;34m  24 : 98 15             Jump [21]
[m[0;31m╭──[0m16: Jump b3
[0;31m│[0m      with gap moves:
[0;31m│[0m        - v0/n32:(x) → 34: φᵀ r0 (x)
[0;31m│[0m
[0;31m│ [0mBlock b2 (exception handler)
[0;31m│[0m  [0m17: φᵀₑ <accumulator> (compressed) → (x)
[0;31m│[0m[0;34m  27 : 8f f7 01          CreateCatchContext r2, [1:0x09b80101e415 <ScopeInfo CATCH_SCOPE>]
[m[0;31m│[0m  [0m21: AllocationBlock(Young) → (x)
[0;31m│[0m  [0m22: InlinedAllocation(object 0x09b801014af1 <Map(CATCH_CONTEXT_TYPE)>) [v0/n21:(x)] → (x)
[0;31m│[0m  [0m23: StoreMap(0x09b801014af1 <Map(CATCH_CONTEXT_TYPE)>, InlinedAllocation) [v0/n22:(x)] 🪦
[0;31m│[0m  [0m24: StoreTaggedFieldNoWriteBarrier(0x4, mutable) [v0/n22:(x), v0/n19:(x)] 🪦
[0;31m│[0m  [0m25: StoreTaggedFieldWithWriteBarrier(0x8, constant, maybe_smi:0) [v0/n22:(x), v0/n20:(x)] 🪦
[0;31m│[0m  [0m26: StoreTaggedFieldWithWriteBarrier(0xc, constant, maybe_smi:0) [v0/n22:(x), v0/n4:(x)] 🪦
[0;31m│[0m  [0m27: StoreTaggedFieldWithWriteBarrier(0x10, constant, maybe_smi:1) [v0/n22:(x), v0/n17:(x)] 🪦
[0;31m│[0m[0;34m  32 : b6                SetPendingMessage
[m[0;31m│[0m  [0m29: SetPendingMessage [v0/n28:(x)] → (x)
[0;31m│[0m[0;34m  39 : 50 01 06          SubSmi [1], FBV[6]
[m[0;31m│[0m      ↱ eager @39 : {<closure>:n3:, <this>:n1:, a0:n2:, <context>:n22:(elided), r2:n4:, <accumulator>:n10:} (addr:0x10c0114fee8)
[0;31m│[0m  [0m30: Int32DecrementWithOverflow [v0/n10:(x)] → (x)
[0;31m│[0m  [0m33: Int32ToNumber[kCanonicalizeSmi] [v0/n30:(x)] → (x)
[0;31m│[0m[0;34m  45 : 0b f9             Ldar r0
[m[0;31m│[0m  [0m31: Jump b3
[0;31m│[0m   │  with gap moves:
[0;31m│[0m   │    - v0/n33:(x) → 34: φᵀ r0 (x)
[0;31m│[0m   ▼
[0;31m╰►[0mBlock b3
 [0m  [0m34: φᵀ r0 (n32, n33) (compressed) → (x)
 [0m[0;34m  47 : b9                Return
[m [0m  [0m36: ReduceInterruptBudgetForReturn(47) [v0/n35:(x)]
 [0m  [0m37: Return [v0/n34:(x)]
 [0m

----- After register allocation pre-processing -----
Graph

 [0m   [0m1/35: Constant(0x09b80101e2b9 <FeedbackCell[one closure]>) → v-1, live range: [1-26]
 [0m    [0m2/3: Constant(0x09b80101e331 <JSFunction risky (sfi = 0x9b80101e205)>) → v-1, live range: [2-22]
 [0m    [0m3/4: Constant(0x09b80101e2e9 <ScriptContext[3]>) → v-1, live range: [3-22]
 [0m   [0m4/11: Constant(0x09b80101e2fd <JSFunction mayThrow (sfi = 0x9b80101e1d5)>) → v-1, live range: [4-15]
 [0m   [0m5/12: Constant(0x09b801004979 <JSGlobalProxy>) → v-1, live range: [5-15]
 [0m    [0m6/5: RootConstant(undefined_value) → v-1, live range: [6-15]
 [0m   [0m7/28: RootConstant(the_hole_value) → v-1, live range: [7-21]
 [0m    [0m8/8: Int32Constant(2) → v-1, live range: [8-14]
  [0mBlock b0
 [0m[1;34m0x09b80101e205 <SharedFunctionInfo risky> (0x09b80104a8b5 <String[18]: "workloads/throw.js">:27:14)
[m [0m[0;34m   0 : 0b 03             Ldar a0
[m [0m    [0m9/1: InitialValue(<this>) → v-1(=-6S), live range: [9-22]
 [0m   [0m10/2: InitialValue(a0) → v-1(=-7S), live range: [10-22]
 [0m   [0m11/6: FunctionEntryStackCheck
 [0m         ↳ lazy @-1 : {<closure>:n3:(x), <this>:n1:(x), a0:n2:(x), <context>:n4:(x)} (addr:0x10c0114c688)
 [0m   [0m12/7: Jump b1
 [0m      ↓
  [0mBlock b1
 [0m[1;34m0x09b80101e205 <SharedFunctionInfo risky> (0x09b80104a8b5 <String[18]: "workloads/throw.js">:0:0)
[m [0m[0;34m   2 : 51 02 00          MulSmi [2], FBV[0]
[m [0m         ↱ eager @2 : {<closure>:n3:(x), <this>:n1:(x), a0:n2:(x), <context>:n4:(x), <accumulator>:n2:(x)} (addr:0x10c0114cfb0)
 [0m   [0m13/9: CheckedSmiUntag [v10/n2:v-1(R)] → v-1(0), live range: [13-14]
 [0m         ↱ eager @2 : {<closure>:n3:(x), <this>:n1:(x), a0:n2:(x), <context>:n4:(x), <accumulator>:n2:(x)} (addr:0x10c0114cfb0)
 [0m  [0m14/10: Int32MultiplyWithOverflow [v13/n9:v-1(R), v8/n8:v-1(R)] → v-1(R), live range: [14-22]
 [0m[0;34m  13 : 6d f6 03 04       CallUndefinedReceiver1 r3, a0, FBV[4]
[m [0m  [0m15/13: 🐢 CallKnownJSFunction(0x09b80101e1d5 <SharedFunctionInfo mayThrow>, {Int32}) [v4/n11:v-1(=x1), v3/n4:v-1(=x27), v5/n12:v-1(*), v6/n5:v-1(=x3), v10/n2:v-1(*)] → v-1(=x0), live range: [15-17]
 [0m         ↳ lazy @13 : {<closure>:n3:(x), <this>:n1:(x), a0:n2:(x), <context>:n4:(x), r0:n10:(x), r1:n4:(x)} (addr:0x10c0114ecb0)
 [0m         ↳ throw @26 (b2) : {<this>:n1, a0:n2, <context>:n4, r0:n10}
 [0m[0;34m  17 : 42 f9 01          Add r0, FBV[1]
[m [0m         ↱ eager @17 : {<closure>:n3:(x), <this>:n1:(x), a0:n2:(x), <context>:n4:(x), r0:n10:(x), r1:n4:(x), <accumulator>:n13:(x)} (addr:0x10c0114f0a8)
 [0m  [0m16/14: CheckedSmiUntag [v15/n13:v-1(R)] → v-1(0), live range: [16-17]
 [0m         ↱ eager @17 : {<closure>:n3:(x), <this>:n1:(x), a0:n2:(x), <context>:n4:(x), r0:n10:(x), r1:n4:(x), <accumulator>:n13:(x)} (addr:0x10c0114f0a8)
 [0m  [0m17/15: Int32AddWithOverflow [v14/n10:v-1(R), v16/n14:v-1(R)] → v-1(R), live range: [17-18]
 [0m  [0m18/32: Int32ToNumber[kCanonicalizeSmi] [v17/n15:v-1(R)] → v-1(R), live range: [18-19]
 [0m[0;34m  24 : 98 15             Jump [21]
[m[0;31m╭──[0m19/16: Jump b3
[0;31m│[0m         with gap moves:
[0;31m│[0m           - v18/n32:v-1(*) → 34: φᵀ r0 v-1(*)
[0;31m│[0m
[0;31m│ [0mBlock b2 (exception handler)
[0;31m│[0m  [0m20/17: φᵀₑ <accumulator> → v-1(*), live range: [20-22]
[0;31m│[0m[0;34m  32 : b6                SetPendingMessage
[m[0;31m│[0m  [0m21/29: SetPendingMessage [v7/n28:v-1(R)] → v-1(R)
[0;31m│[0m[0;34m  39 : 50 01 06          SubSmi [1], FBV[6]
[m[0;31m│[0m         ↱ eager @39 : {<closure>:n3:(x), <this>:n1:(x), a0:n2:(x), <context>:n22:(elided), r2:n4:(x), <accumulator>:n10:(x)} (addr:0x10c0114fee8)
[0;31m│[0m  [0m22/30: Int32DecrementWithOverflow [v14/n10:v-1(R)] → v-1(R), live range: [22-23]
[0;31m│[0m  [0m23/33: Int32ToNumber[kCanonicalizeSmi] [v22/n30:v-1(R)] → v-1(R), live range: [23-24]
[0;31m│[0m[0;34m  45 : 0b f9             Ldar r0
[m[0;31m│[0m  [0m24/31: Jump b3
[0;31m│[0m      │  with gap moves:
[0;31m│[0m      │    - v23/n33:v-1(*) → 34: φᵀ r0 v-1(*)
[0;31m│[0m      ▼
[0;31m╰►[0mBlock b3
 [0m  [0m25/34: φᵀ r0 (n32, n33) → v-1(*), live range: [25-27]
 [0m[0;34m  47 : b9                Return
[m [0m  [0m26/36: ReduceInterruptBudgetForReturn(47) [v1/n35:v-1(R)]
 [0m  [0m27/37: Return [v25/n34:v-1(=x0)]
 [0m

----- After register allocation -----
Graph

 [0m   [0m1/35: Constant(0x09b80101e2b9 <FeedbackCell[one closure]>) → v-1, live range: [1-26]
 [0m    [0m2/3: Constant(0x09b80101e331 <JSFunction risky (sfi = 0x9b80101e205)>) → v-1, live range: [2-22]
 [0m    [0m3/4: Constant(0x09b80101e2e9 <ScriptContext[3]>) → v-1, live range: [3-22]
 [0m   [0m4/11: Constant(0x09b80101e2fd <JSFunction mayThrow (sfi = 0x9b80101e1d5)>) → v-1, live range: [4-15]
 [0m   [0m5/12: Constant(0x09b801004979 <JSGlobalProxy>) → v-1, live range: [5-15]
 [0m    [0m6/5: RootConstant(undefined_value) → v-1, live range: [6-15]
 [0m   [0m7/28: RootConstant(the_hole_value) → v-1, live range: [7-21]
 [0m    [0m8/8: Int32Constant(2) → v-1, live range: [8-14]
  [0mBlock b0
 [0m[1;34m0x09b80101e205 <SharedFunctionInfo risky> (0x09b80104a8b5 <String[18]: "workloads/throw.js">:27:14)
[m [0m[0;34m   0 : 0b 03             Ldar a0
[m [0m    [0m9/1: InitialValue(<this>) → [stack:-6|t], live range: [9-22]
 [0m   [0m10/2: InitialValue(a0) → [stack:-7|t], live range: [10-22]
 [0m   [0m11/6: FunctionEntryStackCheck
 [0m         ↳ lazy @-1 : {<closure>:n3:[constant:v-1], <this>:n1:[stack:-6|t], a0:n2:[stack:-7|t], <context>:n4:[constant:v-1]} (addr:0x10c0114c688)
 [0m   [0m12/7: Jump b1
 [0m      ↓
  [0mBlock b1
 [0m     [0m38: GapMove([stack:-7|t] → [x0|R|t])
 [0m[1;34m0x09b80101e205 <SharedFunctionInfo risky> (0x09b80104a8b5 <String[18]: "workloads/throw.js">:0:0)
[m [0m[0;34m   2 : 51 02 00          MulSmi [2], FBV[0]
[m [0m         ↱ eager @2 : {<closure>:n3:[constant:v-1], <this>:n1:[stack:-6|t], a0:n2:[stack:-7|t], <context>:n4:[constant:v-1], <accumulator>:n2:[stack:-7|t]} (addr:0x10c0114cfb0)
 [0m   [0m13/9: CheckedSmiUntag [v10/n2:[x0|R|t]] → [x0|R|w32], live range: [13-14]
 [0m     [0m39: ConstantGapMove(n8 → [x1|R|w32])
 [0m         ↱ eager @2 : {<closure>:n3:[constant:v-1], <this>:n1:[stack:-6|t], a0:n2:[stack:-7|t], <context>:n4:[constant:v-1], <accumulator>:n2:[stack:-7|t]} (addr:0x10c0114cfb0)
 [0m  [0m14/10: Int32MultiplyWithOverflow [v13/n9:[x0|R|w32], v8/n8:[x1|R|w32]] → [x2|R|w32] (spilled: [stack:0|w32]), live range: [14-22]
 [0m     [0m40: ConstantGapMove(n11 → [x1|R|t])
 [0m     [0m41: ConstantGapMove(n4 → [x27|R|t])
 [0m     [0m42: ConstantGapMove(n5 → [x3|R|t])
 [0m[0;34m  13 : 6d f6 03 04       CallUndefinedReceiver1 r3, a0, FBV[4]
[m [0m  [0m15/13: 🐢 CallKnownJSFunction(0x09b80101e1d5 <SharedFunctionInfo mayThrow>, {Int32}) [v4/n11:[x1|R|t], v3/n4:[x27|R|t], v5/n12:[constant:v-1], v6/n5:[x3|R|t], v10/n2:[stack:-7|t]] → [x0|R|t], live range: [15-17]
 [0m         ↳ lazy @13 : {<closure>:n3:[constant:v-1], <this>:n1:[stack:-6|t], a0:n2:[stack:-7|t], <context>:n4:[constant:v-1], r0:n10:[stack:0|w32], r1:n4:[constant:v-1]} (addr:0x10c0114ecb0)
 [0m         ↳ throw @26 (b2) : {<this>:n1, a0:n2, <context>:n4, r0:n10}
 [0m     [0m43: GapMove([x0|R|t] → [x1|R|t])
 [0m[0;34m  17 : 42 f9 01          Add r0, FBV[1]
[m [0m         ↱ eager @17 : {<closure>:n3:[constant:v-1], <this>:n1:[stack:-6|t], a0:n2:[stack:-7|t], <context>:n4:[constant:v-1], r0:n10:[stack:0|w32], r1:n4:[constant:v-1], <accumulator>:n13:[x1|R|t]} (addr:0x10c0114f0a8)
 [0m  [0m16/14: CheckedSmiUntag [v15/n13:[x0|R|t]] → [x0|R|w32], live range: [16-17]
 [0m     [0m44: GapMove([stack:0|w32] → [x2|R|w32])
 [0m         ↱ eager @17 : {<closure>:n3:[constant:v-1], <this>:n1:[stack:-6|t], a0:n2:[stack:-7|t], <context>:n4:[constant:v-1], r0:n10:[x2|R|w32], r1:n4:[constant:v-1], <accumulator>:n13:[x1|R|t]} (addr:0x10c0114f0a8)
 [0m  [0m17/15: Int32AddWithOverflow [v14/n10:[x2|R|w32], v16/n14:[x0|R|w32]] → [x3|R|w32], live range: [17-18]
 [0m  [0m18/32: Int32ToNumber[kCanonicalizeSmi] [v17/n15:[x3|R|w32]] → [x0|R|t], live range: [18-19]
 [0m[0;34m  24 : 98 15             Jump [21]
[m[0;31m╭──[0m19/16: Jump b3
[0;31m│[0m         with gap moves:
[0;31m│[0m           - v18/n32:[x0|R|t] → 34: φᵀ r0 [x0|R|t]
[0;31m│[0m         with register merges:
[0;31m│[0m
[0;31m│ [0mBlock b2 (exception handler)
[0;31m│[0m  [0m20/17: φᵀₑ <accumulator> (compressed) → [x0|R|t], live range: [20-22]
[0;31m│[0m     [0m45: ConstantGapMove(n28 → [x1|R|t])
[0;31m│[0m[0;34m  32 : b6                SetPendingMessage
[m[0;31m│[0m  [0m21/29: SetPendingMessage [v7/n28:[x1|R|t]] → [x2|R|t]
[0;31m│[0m     [0m46: GapMove([stack:0|w32] → [x1|R|w32])
[0;31m│[0m[0;34m  39 : 50 01 06          SubSmi [1], FBV[6]
[m[0;31m│[0m         ↱ eager @39 : {<closure>:n3:[constant:v-1], <this>:n1:[stack:-6|t], a0:n2:[stack:-7|t], <context>:n22:(elided), r2:n4:[x0|R|t], <accumulator>:n10:[constant:v-1]} (addr:0x10c0114fee8)
[0;31m│[0m  [0m22/30: Int32DecrementWithOverflow [v14/n10:[x1|R|w32]] → [x2|R|w32], live range: [22-23]
[0;31m│[0m  [0m23/33: Int32ToNumber[kCanonicalizeSmi] [v22/n30:[x2|R|w32]] → [x0|R|t], live range: [23-24]
[0;31m│[0m[0;34m  45 : 0b f9             Ldar r0
[m[0;31m│[0m  [0m24/31: Jump b3
[0;31m│[0m      │  with gap moves:
[0;31m│[0m      │    - v23/n33:[x0|R|t] → 34: φᵀ r0 [x0|R|t]
[0;31m│[0m      │  with register merges:
[0;31m│[0m      ▼
[0;31m╰►[0mBlock b3
 [0m  [0m25/34: φᵀ r0 (n32, n33) (decompressed) → [x0|R|t], live range: [25-27]
 [0m     [0m47: ConstantGapMove(n35 → [x1|R|t])
 [0m[0;34m  47 : b9                Return
[m [0m  [0m26/36: ReduceInterruptBudgetForReturn(47) [v1/n35:[x1|R|t]]
 [0m  [0m27/37: Return [v25/n34:[x0|R|t]]
 [0m
Compiling 0x09b80101e365 <JSFunction bare (sfi = 0x9b80101e235)> with Maglev
----- Bytecode array -----
Parameter count 2
Register count 2
Frame size 16
         0x31a010002b0 @    0 : 1b ff f9          Mov <context>, r0
         0x31a010002b3 @    3 : 23 00 00          LdaGlobal [0:"mayThrow"], FBV[0]
         0x31a010002b6 @    6 : d3                Star1
         0x31a010002b7 @    7 : 6d f8 03 02       CallUndefinedReceiver1 r1, a0, FBV[2]
         0x31a010002bb @   11 : 98 0f             Jump [15] (0x31a010002ca @ 26)
         0x31a010002bd @   13 : d3                Star1
         0x31a010002be @   14 : 8f f8 01          CreateCatchContext r1, [1:0x09b80101e4e1 <ScopeInfo CATCH_SCOPE>]
         0x31a010002c1 @   17 : d4                Star0
         0x31a010002c2 @   18 : 10                LdaTheHole
         0x31a010002c3 @   19 : b6                SetPendingMessage
         0x31a010002c4 @   20 : 0b f9             Ldar r0
         0x31a010002c6 @   22 : 1c f8             PushContext r1
         0x31a010002c8 @   24 : 1d f8             PopContext r1
         0x31a010002ca @   26 : 0c                LdaZero
         0x31a010002cb @   27 : b9                Return
Constant pool (size = 2)
0x31a01000279: [TrustedFixedArray]
 - map: 0x09b800000605 <Map(TRUSTED_FIXED_ARRAY_TYPE)>
 - length: 2
           0: 0x09b80101e0ed <String[8]: #mayThrow>
           1: 0x09b80101e4e1 <ScopeInfo CATCH_SCOPE>
Handler Table (size = 16)
   from   to       hdlr (prediction,   data)
  (   3,  11)  ->    13 (prediction=1, data=0)
Source Position Table (size = 0)
0x9b80101e655: [FeedbackVector] in OldSpace
 - map: 0x09b800000899 <Map(FEEDBACK_VECTOR_TYPE)>
 - length: 4
 - shared function info: 0x09b80101e235 <SharedFunctionInfo bare>
 - tiering_in_progress: 0
 - osr_tiering_in_progress: 0
 - invocation count: 15811
 - closure feedback cell array: 0x9b800002071: [ClosureFeedbackCellArray] in ReadOnlySpace
 - map: 0x09b800000871 <Map(CLOSURE_FEEDBACK_CELL_ARRAY_TYPE)>
 - length: 0
 - elements:

 - slot #0 LoadGlobalNotInsideTypeof MONOMORPHIC
   [weak] 0x09b80101e31d <PropertyCell name=0x09b80101e0ed <String[8]: #mayThrow> value=0x09b80101e2fd <JSFunction mayThrow (sfi = 0x9b80101e1d5)>> {
     [0]: [weak] 0x09b80101e31d <PropertyCell name=0x09b80101e0ed <String[8]: #mayThrow> value=0x09b80101e2fd <JSFunction mayThrow (sfi = 0x9b80101e1d5)>>
     [1]: 0x09b800000e95 <Symbol: (uninitialized_symbol)>
  }
 - slot #2 Call MONOMORPHIC {
     [2]: [weak] 0x09b80101e2fd <JSFunction mayThrow (sfi = 0x9b80101e1d5)>
     [3]: 126480
  }

----- After graph building -----
Graph

 [0m  [0m27: Constant(0x09b80101e2c9 <FeedbackCell[one closure]>), 1 uses
 [0m   [0m3: Constant(0x09b80101e365 <JSFunction bare (sfi = 0x9b80101e235)>), 2 uses
 [0m   [0m4: Constant(0x09b80101e2e9 <ScriptContext[3]>), 5 uses
 [0m   [0m8: Constant(0x09b80101e2fd <JSFunction mayThrow (sfi = 0x9b80101e1d5)>), 1 uses
 [0m   [0m9: Constant(0x09b801004979 <JSGlobalProxy>), 1 uses
 [0m  [0m15: Constant(0x09b80101e4e1 <ScopeInfo CATCH_SCOPE>), 1 uses
 [0m  [0m13: Constant(0x09b801014af1 <Map(CATCH_CONTEXT_TYPE)>), 0 uses 🪦
 [0m   [0m5: RootConstant(undefined_value), 1 uses
 [0m  [0m23: RootConstant(the_hole_value), 1 uses
 [0m  [0m26: SmiConstant(0), 1 uses
 [0m  [0m14: SmiConstant(3), 1 uses
  [0mBlock b0
 [0m[1;34m0x09b80101e235 <SharedFunctionInfo bare> (0x09b80104a8b5 <String[18]: "workloads/throw.js">:34:13)
[m [0m[0;34m   0 : 1b ff f9          Mov <context>, r0
[m [0m   [0m1: InitialValue(<this>), 2 uses
 [0m   [0m2: InitialValue(a0), 3 uses
 [0m   [0m6: FunctionEntryStackCheck
 [0m      ↳ lazy @-1 : {<closure>:n3:, <this>:n1:, a0:n2:, <context>:n4:} (addr:0x10c0114c410)
 [0m   [0m7: Jump b1
 [0m   ↓
  [0mBlock b1
 [0m[1;34m0x09b80101e235 <SharedFunctionInfo bare> (0x09b80104a8b5 <String[18]: "workloads/throw.js">:0:0)
[m [0m[0;34m   7 : 6d f8 03 02       CallUndefinedReceiver1 r1, a0, FBV[2]
[m [0m  [0m10: 🐢 CallKnownJSFunction(0x09b80101e1d5 <SharedFunctionInfo mayThrow>, {}) [n8, n4, n9, n5, n2], 0 uses, but required
 [0m      ↳ lazy @7 : {<closure>:n3:, <this>:n1:, a0:n2:, <context>:n4:, r0:n4:} (addr:0x10c0114e7e0)
 [0m      ↳ throw @13 (b2) : {<this>:n1, a0:n2, <context>:n4}
 [0m[0;34m  11 : 98 0f             Jump [15]
[m[0;31m╭──[0m11: Jump b3
[0;31m│[0m
[0;31m│ [0mBlock b2 (exception handler)
[0;31m│[0m  [0m12: φᵀₑ <accumulator>, 1 uses
[0;31m│[0m[0;34m  14 : 8f f8 01          CreateCatchContext r1, [1:0x09b80101e4e1 <ScopeInfo CATCH_SCOPE>]
[m[0;31m│[0m  [0m16: AllocationBlock(Young), 1 uses
[0;31m│[0m  [0m17: InlinedAllocation(object 0x09b801014af1 <Map(CATCH_CONTEXT_TYPE)>) [n16], 5 uses (5 non escaping uses)
[0;31m│[0m  [0m18: StoreMap(0x09b801014af1 <Map(CATCH_CONTEXT_TYPE)>, InlinedAllocation) [n17]
[0;31m│[0m  [0m19: StoreTaggedFieldNoWriteBarrier(0x4, mutable) [n17, n14]
[0;31m│[0m  [0m20: StoreTaggedFieldWithWriteBarrier(0x8, constant, maybe_smi:0) [n17, n15]
[0;31m│[0m  [0m21: StoreTaggedFieldWithWriteBarrier(0xc, constant, maybe_smi:0) [n17, n4]
[0;31m│[0m  [0m22: StoreTaggedFieldWithWriteBarrier(0x10, constant, maybe_smi:1) [n17, n12]
[0;31m│[0m[0;34m  19 : b6                SetPendingMessage
[m[0;31m│[0m  [0m24: SetPendingMessage [n23], 0 uses, but required
[0;31m│[0m[0;34m  26 : 0c                LdaZero
[m[0;31m│[0m  [0m25: Jump b3
[0;31m│[0m   ↓
[0;31m╰►[0mBlock b3
 [0m[0;34m  27 : b9                Return
[m [0m  [0m28: ReduceInterruptBudgetForReturn(27) [n27]
 [0m  [0m29: Return [n26]
 [0m

----- After use marking -----
Graph

 [0m  [0m27: Constant(0x09b80101e2c9 <FeedbackCell[one closure]>) → (x)
 [0m   [0m3: Constant(0x09b80101e365 <JSFunction bare (sfi = 0x9b80101e235)>) → (x)
 [0m   [0m4: Constant(0x09b80101e2e9 <ScriptContext[3]>) → (x)
 [0m   [0m8: Constant(0x09b80101e2fd <JSFunction mayThrow (sfi = 0x9b80101e1d5)>) → (x)
 [0m   [0m9: Constant(0x09b801004979 <JSGlobalProxy>) → (x)
 [0m  [0m15: Constant(0x09b80101e4e1 <ScopeInfo CATCH_SCOPE>) → (x)
 [0m   [0m5: RootConstant(undefined_value) → (x)
 [0m  [0m23: RootConstant(the_hole_value) → (x)
 [0m  [0m26: SmiConstant(0) → (x)
 [0m  [0m14: SmiConstant(3) → (x)
  [0mBlock b0
 [0m[1;34m0x09b80101e235 <SharedFunctionInfo bare> (0x09b80104a8b5 <String[18]: "workloads/throw.js">:34:13)
[m [0m[0;34m   0 : 1b ff f9          Mov <context>, r0
[m [0m   [0m1: InitialValue(<this>) → (x)
 [0m   [0m2: InitialValue(a0) → (x)
 [0m   [0m6: FunctionEntryStackCheck
 [0m      ↳ lazy @-1 : {<closure>:n3:, <this>:n1:, a0:n2:, <context>:n4:} (addr:0x10c0114c410)
 [0m   [0m7: Jump b1
 [0m   ↓
  [0mBlock b1
 [0m[1;34m0x09b80101e235 <SharedFunctionInfo bare> (0x09b80104a8b5 <String[18]: "workloads/throw.js">:0:0)
[m [0m[0;34m   7 : 6d f8 03 02       CallUndefinedReceiver1 r1, a0, FBV[2]
[m [0m  [0m10: 🐢 CallKnownJSFunction(0x09b80101e1d5 <SharedFunctionInfo mayThrow>, {}) [v0/n8:(x), v0/n4:(x), v0/n9:(x), v0/n5:(x), v0/n2:(x)] → (x)
 [0m      ↳ lazy @7 : {<closure>:n3:, <this>:n1:, a0:n2:, <context>:n4:, r0:n4:} (addr:0x10c0114e7e0)
 [0m      ↳ throw @13 (b2) : {<this>:n1, a0:n2, <context>:n4}
 [0m[0;34m  11 : 98 0f             Jump [15]
[m[0;31m╭──[0m11: Jump b3
[0;31m│[0m
[0;31m│ [0mBlock b2 (exception handler)
[0;31m│[0m  [0m12: φᵀₑ <accumulator> (compressed) → (x)
[0;31m│[0m[0;34m  14 : 8f f8 01          CreateCatchContext r1, [1:0x09b80101e4e1 <ScopeInfo CATCH_SCOPE>]
[m[0;31m│[0m  [0m16: AllocationBlock(Young) → (x)
[0;31m│[0m  [0m17: InlinedAllocation(object 0x09b801014af1 <Map(CATCH_CONTEXT_TYPE)>) [v0/n16:(x)] → (x)
[0;31m│[0m  [0m18: StoreMap(0x09b801014af1 <Map(CATCH_CONTEXT_TYPE)>, InlinedAllocation) [v0/n17:(x)] 🪦
[0;31m│[0m  [0m19: StoreTaggedFieldNoWriteBarrier(0x4, mutable) [v0/n17:(x), v0/n14:(x)] 🪦
[0;31m│[0m  [0m20: StoreTaggedFieldWithWriteBarrier(0x8, constant, maybe_smi:0) [v0/n17:(x), v0/n15:(x)] 🪦
[0;31m│[0m  [0m21: StoreTaggedFieldWithWriteBarrier(0xc, constant, maybe_smi:0) [v0/n17:(x), v0/n4:(x)] 🪦
[0;31m│[0m  [0m22: StoreTaggedFieldWithWriteBarrier(0x10, constant, maybe_smi:1) [v0/n17:(x), v0/n12:(x)] 🪦
[0;31m│[0m[0;34m  19 : b6                SetPendingMessage
[m[0;31m│[0m  [0m24: SetPendingMessage [v0/n23:(x)] → (x)
[0;31m│[0m[0;34m  26 : 0c                LdaZero
[m[0;31m│[0m  [0m25: Jump b3
[0;31m│[0m   ↓
[0;31m╰►[0mBlock b3
 [0m[0;34m  27 : b9                Return
[m [0m  [0m28: ReduceInterruptBudgetForReturn(27) [v0/n27:(x)]
 [0m  [0m29: Return [v0/n26:(x)]
 [0m

----- After register allocation pre-processing -----
Graph

 [0m   [0m1/27: Constant(0x09b80101e2c9 <FeedbackCell[one closure]>) → v-1, live range: [1-17]
 [0m    [0m2/3: Constant(0x09b80101e365 <JSFunction bare (sfi = 0x9b80101e235)>) → v-1, live range: [2-13]
 [0m    [0m3/4: Constant(0x09b80101e2e9 <ScriptContext[3]>) → v-1, live range: [3-13]
 [0m    [0m4/8: Constant(0x09b80101e2fd <JSFunction mayThrow (sfi = 0x9b80101e1d5)>) → v-1, live range: [4-13]
 [0m    [0m5/9: Constant(0x09b801004979 <JSGlobalProxy>) → v-1, live range: [5-13]
 [0m    [0m6/5: RootConstant(undefined_value) → v-1, live range: [6-13]
 [0m   [0m7/23: RootConstant(the_hole_value) → v-1, live range: [7-15]
 [0m   [0m8/26: SmiConstant(0) → v-1, live range: [8-18]
  [0mBlock b0
 [0m[1;34m0x09b80101e235 <SharedFunctionInfo bare> (0x09b80104a8b5 <String[18]: "workloads/throw.js">:34:13)
[m [0m[0;34m   0 : 1b ff f9          Mov <context>, r0
[m [0m    [0m9/1: InitialValue(<this>) → v-1(=-6S), live range: [9-13]
 [0m   [0m10/2: InitialValue(a0) → v-1(=-7S), live range: [10-13]
 [0m   [0m11/6: FunctionEntryStackCheck
 [0m         ↳ lazy @-1 : {<closure>:n3:(x), <this>:n1:(x), a0:n2:(x), <context>:n4:(x)} (addr:0x10c0114c410)
 [0m   [0m12/7: Jump b1
 [0m      ↓
  [0mBlock b1
 [0m[1;34m0x09b80101e235 <SharedFunctionInfo bare> (0x09b80104a8b5 <String[18]: "workloads/throw.js">:0:0)
[m [0m[0;34m   7 : 6d f8 03 02       CallUndefinedReceiver1 r1, a0, FBV[2]
[m [0m  [0m13/10: 🐢 CallKnownJSFunction(0x09b80101e1d5 <SharedFunctionInfo mayThrow>, {}) [v4/n8:v-1(=x1), v3/n4:v-1(=x27), v5/n9:v-1(*), v6/n5:v-1(=x3), v10/n2:v-1(*)] → v-1(=x0)
 [0m         ↳ lazy @7 : {<closure>:n3:(x), <this>:n1:(x), a0:n2:(x), <context>:n4:(x), r0:n4:(x)} (addr:0x10c0114e7e0)
 [0m         ↳ throw (b2)
 [0m[0;34m  11 : 98 0f             Jump [15]
[m[0;31m╭──[0m14/11: Jump b3
[0;31m│[0m
[0;31m│ [0mBlock b2 (exception handler)
[0;31m│[0m[0;34m  19 : b6                SetPendingMessage
[m[0;31m│[0m  [0m15/24: SetPendingMessage [v7/n23:v-1(R)] → v-1(R)
[0;31m│[0m[0;34m  26 : 0c                LdaZero
[m[0;31m│[0m  [0m16/25: Jump b3
[0;31m│[0m      ↓
[0;31m╰►[0mBlock b3
 [0m[0;34m  27 : b9                Return
[m [0m  [0m17/28: ReduceInterruptBudgetForReturn(27) [v1/n27:v-1(R)]
 [0m  [0m18/29: Return [v8/n26:v-1(=x0)]
 [0m

----- After register allocation -----
Graph

 [0m   [0m1/27: Constant(0x09b80101e2c9 <FeedbackCell[one closure]>) → v-1, live range: [1-17]
 [0m    [0m2/3: Constant(0x09b80101e365 <JSFunction bare (sfi = 0x9b80101e235)>) → v-1, live range: [2-13]
 [0m    [0m3/4: Constant(0x09b80101e2e9 <ScriptContext[3]>) → v-1, live range: [3-13]
 [0m    [0m4/8: Constant(0x09b80101e2fd <JSFunction mayThrow (sfi = 0x9b80101e1d5)>) → v-1, live range: [4-13]
 [0m    [0m5/9: Constant(0x09b801004979 <JSGlobalProxy>) → v-1, live range: [5-13]
 [0m    [0m6/5: RootConstant(undefined_value) → v-1, live range: [6-13]
 [0m   [0m7/23: RootConstant(the_hole_value) → v-1, live range: [7-15]
 [0m   [0m8/26: SmiConstant(0) → v-1, live range: [8-18]
  [0mBlock b0
 [0m[1;34m0x09b80101e235 <SharedFunctionInfo bare> (0x09b80104a8b5 <String[18]: "workloads/throw.js">:34:13)
[m [0m[0;34m   0 : 1b ff f9          Mov <context>, r0
[m [0m    [0m9/1: InitialValue(<this>) → [stack:-6|t], live range: [9-13]
 [0m   [0m10/2: InitialValue(a0) → [stack:-7|t], live range: [10-13]
 [0m   [0m11/6: FunctionEntryStackCheck
 [0m         ↳ lazy @-1 : {<closure>:n3:[constant:v-1], <this>:n1:[stack:-6|t], a0:n2:[stack:-7|t], <context>:n4:[constant:v-1]} (addr:0x10c0114c410)
 [0m   [0m12/7: Jump b1
 [0m      ↓
  [0mBlock b1
 [0m     [0m30: ConstantGapMove(n8 → [x1|R|t])
 [0m     [0m31: ConstantGapMove(n4 → [x27|R|t])
 [0m     [0m32: ConstantGapMove(n5 → [x3|R|t])
 [0m[1;34m0x09b80101e235 <SharedFunctionInfo bare> (0x09b80104a8b5 <String[18]: "workloads/throw.js">:0:0)
[m [0m[0;34m   7 : 6d f8 03 02       CallUndefinedReceiver1 r1, a0, FBV[2]
[m [0m  [0m13/10: 🐢 CallKnownJSFunction(0x09b80101e1d5 <SharedFunctionInfo mayThrow>, {}) [v4/n8:[x1|R|t], v3/n4:[x27|R|t], v5/n9:[constant:v-1], v6/n5:[x3|R|t], v10/n2:[stack:-7|t]] → [x0|R|t]
 [0m         ↳ lazy @7 : {<closure>:n3:[constant:v-1], <this>:n1:[stack:-6|t], a0:n2:[stack:-7|t], <context>:n4:[constant:v-1], r0:n4:[constant:v-1]} (addr:0x10c0114e7e0)
 [0m         ↳ throw (b2)
 [0m[0;34m  11 : 98 0f             Jump [15]
[m[0;31m╭──[0m14/11: Jump b3
[0;31m│[0m
[0;31m│ [0mBlock b2 (exception handler)
[0;31m│[0m     [0m33: ConstantGapMove(n23 → [x0|R|t])
[0;31m│[0m[0;34m  19 : b6                SetPendingMessage
[m[0;31m│[0m  [0m15/24: SetPendingMessage [v7/n23:[x0|R|t]] → [x1|R|t]
[0;31m│[0m[0;34m  26 : 0c                LdaZero
[m[0;31m│[0m  [0m16/25: Jump b3
[0;31m│[0m      ↓
[0;31m╰►[0mBlock b3
 [0m     [0m34: ConstantGapMove(n27 → [x0|R|t])
 [0m[0;34m  27 : b9                Return
[m [0m  [0m17/28: ReduceInterruptBudgetForReturn(27) [v1/n27:[x0|R|t]]
 [0m     [0m35: ConstantGapMove(n26 → [x0|R|t])
 [0m  [0m18/29: Return [v8/n26:[x0|R|t]]
 [0m
Compiling 0x09b80101e289 <JSFunction (sfi = 0x9b80101e15d)> with Maglev
----- Bytecode array -----
Parameter count 1
Register count 4
Frame size 32
         0x31a010000e8 @    0 : 13 00             LdaConstant [0:0x09b80101e1b5 <FixedArray[6]>]
         0x31a010000ea @    2 : d2                Star2
         0x31a010000eb @    3 : 1b fe f6          Mov <closure>, r3
         0x31a010000ee @    6 : 70 75 01 f7 02    CallRuntime [DeclareGlobals], r2-r3
         0x31a010000f3 @   11 : 0c                LdaZero
         0x31a010000f4 @   12 : 29 02             StaCurrentContextSlot [2]
         0x31a010000f6 @   14 : 0d 01             LdaSmi [1]
         0x31a010000f8 @   16 : d3                Star1
         0x31a010000f9 @   17 : 0e                LdaUndefined
         0x31a010000fa @   18 : d4                Star0
         0x31a010000fb @   19 : 01 0d 80 1a 06 00 LdaSmi.ExtraWide [400000]
         0x31a01000101 @   25 : 79 f8 04          TestLessThan r1, EmbeddedFeedback[4]
         0x31a01000104 @   28 : a8 2c             JumpIfFalse [44] (0x31a01000130 @ 72)
         0x31a01000106 @   30 : 18 02             LdaCurrentContextSlot [2]
         0x31a01000108 @   32 : d2                Star2
         0x31a01000109 @   33 : 23 01 01          LdaGlobal [1:"risky"], FBV[1]
         0x31a0100010c @   36 : d1                Star3
         0x31a0100010d @   37 : 6d f6 f8 03       CallUndefinedReceiver1 r3, r1, FBV[3]
         0x31a01000111 @   41 : 42 f7 00          Add r2, FBV[0]
         0x31a01000114 @   44 : 29 02             StaCurrentContextSlot [2]
         0x31a01000116 @   46 : 18 02             LdaCurrentContextSlot [2]
         0x31a01000118 @   48 : d2                Star2
         0x31a01000119 @   49 : 23 02 06          LdaGlobal [2:"bare"], FBV[6]
         0x31a0100011c @   52 : d1                Star3
         0x31a0100011d @   53 : 6d f6 f8 08       CallUndefinedReceiver1 r3, r1, FBV[8]
         0x31a01000121 @   57 : 42 f7 05          Add r2, FBV[5]
         0x31a01000124 @   60 : 29 02             StaCurrentContextSlot [2]
         0x31a01000126 @   62 : d4                Star0
         0x31a01000127 @   63 : 0b f8             Ldar r1
         0x31a01000129 @   65 : 5b 0a             Inc FBV[10]
         0x31a0100012b @   67 : d3                Star1
         0x31a0100012c @   68 : 97 31 00 0b       JumpLoop [49], [0], FBV[11] (0x31a010000fb @ 19)
         0x31a01000130 @   72 : 0b f9             Ldar r0
         0x31a01000132 @   74 : b9                Return
Constant pool (size = 3)
0x31a010000ad: [TrustedFixedArray]
 - map: 0x09b800000605 <Map(TRUSTED_FIXED_ARRAY_TYPE)>
 - length: 3
           0: 0x09b80101e1b5 <FixedArray[6]>
           1: 0x09b80101e101 <String[5]: #risky>
           2: 0x09b80101e125 <String[4]: #bare>
Handler Table (size = 0)
Source Position Table (size = 0)
0x9b80101e681: [FeedbackVector] in OldSpace
 - map: 0x09b800000899 <Map(FEEDBACK_VECTOR_TYPE)>
 - length: 12
 - shared function info: 0x09b80101e15d <SharedFunctionInfo>
 - tiering_in_progress: 0
 - osr_tiering_in_progress: 0
 - invocation count: 1
 - closure feedback cell array: 0x9b80104c1d5: [ClosureFeedbackCellArray]
 - map: 0x09b800000871 <Map(CLOSURE_FEEDBACK_CELL_ARRAY_TYPE)>
 - length: 3
 - elements:
           0: 0x09b80101e2a9 <FeedbackCell[one closure]>
           1: 0x09b80101e2b9 <FeedbackCell[one closure]>
           2: 0x09b80101e2c9 <FeedbackCell[one closure]>

 - slot #0 BinaryOp BinaryOp:SignedSmall {
     [0]: 1
  }
 - slot #1 LoadGlobalNotInsideTypeof MONOMORPHIC
   [weak] 0x09b80101e351 <PropertyCell name=0x09b80101e101 <String[5]: #risky> value=0x09b80101e331 <JSFunction risky (sfi = 0x9b80101e205)>> {
     [1]: [weak] 0x09b80101e351 <PropertyCell name=0x09b80101e101 <String[5]: #risky> value=0x09b80101e331 <JSFunction risky (sfi = 0x9b80101e205)>>
     [2]: 0x09b800000e95 <Symbol: (uninitialized_symbol)>
  }
 - slot #3 Call MONOMORPHIC {
     [3]: [weak] 0x09b80101e331 <JSFunction risky (sfi = 0x9b80101e205)>
     [4]: 185680
  }
 - slot #5 BinaryOp BinaryOp:SignedSmall {
     [5]: 1
  }
 - slot #6 LoadGlobalNotInsideTypeof MONOMORPHIC
   [weak] 0x09b80101e385 <PropertyCell name=0x09b80101e125 <String[4]: #bare> value=0x09b80101e365 <JSFunction bare (sfi = 0x9b80101e235)>> {
     [6]: [weak] 0x09b80101e385 <PropertyCell name=0x09b80101e125 <String[4]: #bare> value=0x09b80101e365 <JSFunction bare (sfi = 0x9b80101e235)>>
     [7]: 0x09b800000e95 <Symbol: (uninitialized_symbol)>
  }
 - slot #8 Call MONOMORPHIC {
     [8]: [weak] 0x09b80101e365 <JSFunction bare (sfi = 0x9b80101e235)>
     [9]: 185680
  }
 - slot #10 BinaryOp BinaryOp:SignedSmall {
     [10]: 1
  }
 - slot #11 JumpLoop JumpLoop {
     [11]: [cleared]
  }

----- Inlining 0x09b80101e205 <SharedFunctionInfo risky> with bytecode -----
Parameter count 2
Register count 4
Frame size 32
         0x31a01000184 @    0 : 0b 03             Ldar a0
         0x31a01000186 @    2 : 51 02 00          MulSmi [2], FBV[0]
         0x31a01000189 @    5 : d4                Star0
         0x31a0100018a @    6 : 1b ff f8          Mov <context>, r1
         0x31a0100018d @    9 : 23 00 02          LdaGlobal [0:"mayThrow"], FBV[2]
         0x31a01000190 @   12 : d1                Star3
         0x31a01000191 @   13 : 6d f6 03 04       CallUndefinedReceiver1 r3, a0, FBV[4]
         0x31a01000195 @   17 : 42 f9 01          Add r0, FBV[1]
         0x31a01000198 @   20 : 1b f9 f7          Mov r0, r2
         0x31a0100019b @   23 : d4                Star0
         0x31a0100019c @   24 : 98 15             Jump [21] (0x31a010001b1 @ 45)
         0x31a0100019e @   26 : d2                Star2
         0x31a0100019f @   27 : 8f f7 01          CreateCatchContext r2, [1:0x09b80101e415 <ScopeInfo CATCH_SCOPE>]
         0x31a010001a2 @   30 : d3                Star1
         0x31a010001a3 @   31 : 10                LdaTheHole
         0x31a010001a4 @   32 : b6                SetPendingMessage
         0x31a010001a5 @   33 : 0b f8             Ldar r1
         0x31a010001a7 @   35 : 1c f7             PushContext r2
         0x31a010001a9 @   37 : 0b f9             Ldar r0
         0x31a010001ab @   39 : 50 01 06          SubSmi [1], FBV[6]
         0x31a010001ae @   42 : d4                Star0
         0x31a010001af @   43 : 1d f7             PopContext r2
         0x31a010001b1 @   45 : 0b f9             Ldar r0
         0x31a010001b3 @   47 : b9                Return
Constant pool (size = 2)
0x31a0100014d: [TrustedFixedArray]
 - map: 0x09b800000605 <Map(TRUSTED_FIXED_ARRAY_TYPE)>
 - length: 2
           0: 0x09b80101e0ed <String[8]: #mayThrow>
           1: 0x09b80101e415 <ScopeInfo CATCH_SCOPE>
Handler Table (size = 16)
   from   to       hdlr (prediction,   data)
  (   9,  24)  ->    26 (prediction=1, data=1)
Source Position Table (size = 0)
0x9b80101e61d: [FeedbackVector] in OldSpace
 - map: 0x09b800000899 <Map(FEEDBACK_VECTOR_TYPE)>
 - length: 7
 - shared function info: 0x09b80101e205 <SharedFunctionInfo risky>
 - tiering_in_progress: 0
 - osr_tiering_in_progress: 0
 - invocation count: 15802
 - closure feedback cell array: 0x9b800002071: [ClosureFeedbackCellArray] in ReadOnlySpace
 - map: 0x09b800000871 <Map(CLOSURE_FEEDBACK_CELL_ARRAY_TYPE)>
 - length: 0
 - elements:

 - slot #0 BinaryOp BinaryOp:SignedSmall {
     [0]: 1
  }
 - slot #1 BinaryOp BinaryOp:SignedSmall {
     [1]: 1
  }
 - slot #2 LoadGlobalNotInsideTypeof MONOMORPHIC
   [weak] 0x09b80101e31d <PropertyCell name=0x09b80101e0ed <String[8]: #mayThrow> value=0x09b80101e2fd <JSFunction mayThrow (sfi = 0x9b80101e1d5)>> {
     [2]: [weak] 0x09b80101e31d <PropertyCell name=0x09b80101e0ed <String[8]: #mayThrow> value=0x09b80101e2fd <JSFunction mayThrow (sfi = 0x9b80101e1d5)>>
     [3]: 0x09b800000e95 <Symbol: (uninitialized_symbol)>
  }
 - slot #4 Call MONOMORPHIC {
     [4]: [weak] 0x09b80101e2fd <JSFunction mayThrow (sfi = 0x9b80101e1d5)>
     [5]: 126408
  }
 - slot #6 BinaryOp BinaryOp:SignedSmall {
     [6]: 1
  }

----- Inlining 0x09b80101e235 <SharedFunctionInfo bare> with bytecode -----
Parameter count 2
Register count 2
Frame size 16
         0x31a010002b0 @    0 : 1b ff f9          Mov <context>, r0
         0x31a010002b3 @    3 : 23 00 00          LdaGlobal [0:"mayThrow"], FBV[0]
         0x31a010002b6 @    6 : d3                Star1
         0x31a010002b7 @    7 : 6d f8 03 02       CallUndefinedReceiver1 r1, a0, FBV[2]
         0x31a010002bb @   11 : 98 0f             Jump [15] (0x31a010002ca @ 26)
         0x31a010002bd @   13 : d3                Star1
         0x31a010002be @   14 : 8f f8 01          CreateCatchContext r1, [1:0x09b80101e4e1 <ScopeInfo CATCH_SCOPE>]
         0x31a010002c1 @   17 : d4                Star0
         0x31a010002c2 @   18 : 10                LdaTheHole
         0x31a010002c3 @   19 : b6                SetPendingMessage
         0x31a010002c4 @   20 : 0b f9             Ldar r0
         0x31a010002c6 @   22 : 1c f8             PushContext r1
         0x31a010002c8 @   24 : 1d f8             PopContext r1
         0x31a010002ca @   26 : 0c                LdaZero
         0x31a010002cb @   27 : b9                Return
Constant pool (size = 2)
0x31a01000279: [TrustedFixedArray]
 - map: 0x09b800000605 <Map(TRUSTED_FIXED_ARRAY_TYPE)>
 - length: 2
           0: 0x09b80101e0ed <String[8]: #mayThrow>
           1: 0x09b80101e4e1 <ScopeInfo CATCH_SCOPE>
Handler Table (size = 16)
   from   to       hdlr (prediction,   data)
  (   3,  11)  ->    13 (prediction=1, data=0)
Source Position Table (size = 0)
0x9b80101e655: [FeedbackVector] in OldSpace
 - map: 0x09b800000899 <Map(FEEDBACK_VECTOR_TYPE)>
 - length: 4
 - shared function info: 0x09b80101e235 <SharedFunctionInfo bare>
 - tiering_in_progress: 0
 - osr_tiering_in_progress: 0
 - invocation count: 15811
 - closure feedback cell array: 0x9b800002071: [ClosureFeedbackCellArray] in ReadOnlySpace
 - map: 0x09b800000871 <Map(CLOSURE_FEEDBACK_CELL_ARRAY_TYPE)>
 - length: 0
 - elements:

 - slot #0 LoadGlobalNotInsideTypeof MONOMORPHIC
   [weak] 0x09b80101e31d <PropertyCell name=0x09b80101e0ed <String[8]: #mayThrow> value=0x09b80101e2fd <JSFunction mayThrow (sfi = 0x9b80101e1d5)>> {
     [0]: [weak] 0x09b80101e31d <PropertyCell name=0x09b80101e0ed <String[8]: #mayThrow> value=0x09b80101e2fd <JSFunction mayThrow (sfi = 0x9b80101e1d5)>>
     [1]: 0x09b800000e95 <Symbol: (uninitialized_symbol)>
  }
 - slot #2 Call MONOMORPHIC {
     [2]: [weak] 0x09b80101e2fd <JSFunction mayThrow (sfi = 0x9b80101e1d5)>
     [3]: 126480
  }

----- Inlining 0x09b80101e205 <SharedFunctionInfo risky> with bytecode -----
Parameter count 2
Register count 4
Frame size 32
         0x31a01000184 @    0 : 0b 03             Ldar a0
         0x31a01000186 @    2 : 51 02 00          MulSmi [2], FBV[0]
         0x31a01000189 @    5 : d4                Star0
         0x31a0100018a @    6 : 1b ff f8          Mov <context>, r1
         0x31a0100018d @    9 : 23 00 02          LdaGlobal [0:"mayThrow"], FBV[2]
         0x31a01000190 @   12 : d1                Star3
         0x31a01000191 @   13 : 6d f6 03 04       CallUndefinedReceiver1 r3, a0, FBV[4]
         0x31a01000195 @   17 : 42 f9 01          Add r0, FBV[1]
         0x31a01000198 @   20 : 1b f9 f7          Mov r0, r2
         0x31a0100019b @   23 : d4                Star0
         0x31a0100019c @   24 : 98 15             Jump [21] (0x31a010001b1 @ 45)
         0x31a0100019e @   26 : d2                Star2
         0x31a0100019f @   27 : 8f f7 01          CreateCatchContext r2, [1:0x09b80101e415 <ScopeInfo CATCH_SCOPE>]
         0x31a010001a2 @   30 : d3                Star1
         0x31a010001a3 @   31 : 10                LdaTheHole
         0x31a010001a4 @   32 : b6                SetPendingMessage
         0x31a010001a5 @   33 : 0b f8             Ldar r1
         0x31a010001a7 @   35 : 1c f7             PushContext r2
         0x31a010001a9 @   37 : 0b f9             Ldar r0
         0x31a010001ab @   39 : 50 01 06          SubSmi [1], FBV[6]
         0x31a010001ae @   42 : d4                Star0
         0x31a010001af @   43 : 1d f7             PopContext r2
         0x31a010001b1 @   45 : 0b f9             Ldar r0
         0x31a010001b3 @   47 : b9                Return
Constant pool (size = 2)
0x31a0100014d: [TrustedFixedArray]
 - map: 0x09b800000605 <Map(TRUSTED_FIXED_ARRAY_TYPE)>
 - length: 2
           0: 0x09b80101e0ed <String[8]: #mayThrow>
           1: 0x09b80101e415 <ScopeInfo CATCH_SCOPE>
Handler Table (size = 16)
   from   to       hdlr (prediction,   data)
  (   9,  24)  ->    26 (prediction=1, data=1)
Source Position Table (size = 0)
0x9b80101e61d: [FeedbackVector] in OldSpace
 - map: 0x09b800000899 <Map(FEEDBACK_VECTOR_TYPE)>
 - length: 7
 - shared function info: 0x09b80101e205 <SharedFunctionInfo risky>
 - tiering_in_progress: 0
 - osr_tiering_in_progress: 0
 - invocation count: 15802
 - closure feedback cell array: 0x9b800002071: [ClosureFeedbackCellArray] in ReadOnlySpace
 - map: 0x09b800000871 <Map(CLOSURE_FEEDBACK_CELL_ARRAY_TYPE)>
 - length: 0
 - elements:

 - slot #0 BinaryOp BinaryOp:SignedSmall {
     [0]: 1
  }
 - slot #1 BinaryOp BinaryOp:SignedSmall {
     [1]: 1
  }
 - slot #2 LoadGlobalNotInsideTypeof MONOMORPHIC
   [weak] 0x09b80101e31d <PropertyCell name=0x09b80101e0ed <String[8]: #mayThrow> value=0x09b80101e2fd <JSFunction mayThrow (sfi = 0x9b80101e1d5)>> {
     [2]: [weak] 0x09b80101e31d <PropertyCell name=0x09b80101e0ed <String[8]: #mayThrow> value=0x09b80101e2fd <JSFunction mayThrow (sfi = 0x9b80101e1d5)>>
     [3]: 0x09b800000e95 <Symbol: (uninitialized_symbol)>
  }
 - slot #4 Call MONOMORPHIC {
     [4]: [weak] 0x09b80101e2fd <JSFunction mayThrow (sfi = 0x9b80101e1d5)>
     [5]: 126408
  }
 - slot #6 BinaryOp BinaryOp:SignedSmall {
     [6]: 1
  }

----- Inlining 0x09b80101e235 <SharedFunctionInfo bare> with bytecode -----
Parameter count 2
Register count 2
Frame size 16
         0x31a010002b0 @    0 : 1b ff f9          Mov <context>, r0
         0x31a010002b3 @    3 : 23 00 00          LdaGlobal [0:"mayThrow"], FBV[0]
         0x31a010002b6 @    6 : d3                Star1
         0x31a010002b7 @    7 : 6d f8 03 02       CallUndefinedReceiver1 r1, a0, FBV[2]
         0x31a010002bb @   11 : 98 0f             Jump [15] (0x31a010002ca @ 26)
         0x31a010002bd @   13 : d3                Star1
         0x31a010002be @   14 : 8f f8 01          CreateCatchContext r1, [1:0x09b80101e4e1 <ScopeInfo CATCH_SCOPE>]
         0x31a010002c1 @   17 : d4                Star0
         0x31a010002c2 @   18 : 10                LdaTheHole
         0x31a010002c3 @   19 : b6                SetPendingMessage
         0x31a010002c4 @   20 : 0b f9             Ldar r0
         0x31a010002c6 @   22 : 1c f8             PushContext r1
         0x31a010002c8 @   24 : 1d f8             PopContext r1
         0x31a010002ca @   26 : 0c                LdaZero
         0x31a010002cb @   27 : b9                Return
Constant pool (size = 2)
0x31a01000279: [TrustedFixedArray]
 - map: 0x09b800000605 <Map(TRUSTED_FIXED_ARRAY_TYPE)>
 - length: 2
           0: 0x09b80101e0ed <String[8]: #mayThrow>
           1: 0x09b80101e4e1 <ScopeInfo CATCH_SCOPE>
Handler Table (size = 16)
   from   to       hdlr (prediction,   data)
  (   3,  11)  ->    13 (prediction=1, data=0)
Source Position Table (size = 0)
0x9b80101e655: [FeedbackVector] in OldSpace
 - map: 0x09b800000899 <Map(FEEDBACK_VECTOR_TYPE)>
 - length: 4
 - shared function info: 0x09b80101e235 <SharedFunctionInfo bare>
 - tiering_in_progress: 0
 - osr_tiering_in_progress: 0
 - invocation count: 15811
 - closure feedback cell array: 0x9b800002071: [ClosureFeedbackCellArray] in ReadOnlySpace
 - map: 0x09b800000871 <Map(CLOSURE_FEEDBACK_CELL_ARRAY_TYPE)>
 - length: 0
 - elements:

 - slot #0 LoadGlobalNotInsideTypeof MONOMORPHIC
   [weak] 0x09b80101e31d <PropertyCell name=0x09b80101e0ed <String[8]: #mayThrow> value=0x09b80101e2fd <JSFunction mayThrow (sfi = 0x9b80101e1d5)>> {
     [0]: [weak] 0x09b80101e31d <PropertyCell name=0x09b80101e0ed <String[8]: #mayThrow> value=0x09b80101e2fd <JSFunction mayThrow (sfi = 0x9b80101e1d5)>>
     [1]: 0x09b800000e95 <Symbol: (uninitialized_symbol)>
  }
 - slot #2 Call MONOMORPHIC {
     [2]: [weak] 0x09b80101e2fd <JSFunction mayThrow (sfi = 0x9b80101e1d5)>
     [3]: 126480
  }

----- After graph building -----
Graph

    [0m   [0m71: Constant(0x09b80101e2d9 <FeedbackCell[one closure]>), 3 uses
    [0m   [0m25: Constant(0x09b80101e2fd <JSFunction mayThrow (sfi = 0x9b80101e1d5)>), 4 uses
    [0m   [0m33: Constant(0x09b80101e415 <ScopeInfo CATCH_SCOPE>), 2 uses
    [0m   [0m31: Constant(0x09b801014af1 <Map(CATCH_CONTEXT_TYPE)>), 0 uses 🪦
    [0m   [0m53: Constant(0x09b80101e365 <JSFunction bare (sfi = 0x9b80101e235)>), 2 uses
    [0m   [0m58: Constant(0x09b80101e4e1 <ScopeInfo CATCH_SCOPE>), 2 uses
    [0m   [0m18: Constant(0x09b80101e331 <JSFunction risky (sfi = 0x9b80101e205)>), 8 uses
    [0m   [0m20: Constant(0x09b80101e2e9 <ScriptContext[3]>), 24 uses
    [0m   [0m21: Constant(0x09b801004979 <JSGlobalProxy>), 14 uses
    [0m   [0m19: RootConstant(undefined_value), 4 uses
    [0m   [0m41: RootConstant(the_hole_value), 4 uses
    [0m   [0m16: RootConstant(true_value), 0 uses 🪦
    [0m   [0m15: RootConstant(false_value), 0 uses 🪦
    [0m   [0m73: RootConstant(optimized_out), 0 uses 🪦
    [0m   [0m68: SmiConstant(0), 0 uses 🪦
    [0m   [0m32: SmiConstant(3), 4 uses
    [0m   [0m10: SmiConstant(400000), 2 uses
    [0m   [0m23: Int32Constant(2), 2 uses, cannot truncate to int32
    [0m   [0m12: Int32Constant(400000), 4 uses, cannot truncate to int32
     [0mBlock b0
    [0m[1;34m0x09b80101e15d <SharedFunctionInfo> (0x09b80104a8b5 <String[18]: "workloads/throw.js">:0:0)
[m    [0m[0;34m  19 : 01 0d 80 1a 06 00 LdaSmi.ExtraWide [400000]
[m    [0m    [0m1: InitialValue(<this>), 17 uses
    [0m    [0m2: InitialValue(<context>), 23 uses
    [0m    [0m3: InitialValue(<closure>), 17 uses
    [0m    [0m4: InitialValue(r0), 3 uses
    [0m    [0m5: InitialValue(r1), 17 uses
    [0m    [0m6: InitialValue(r2), 0 uses 🪦
    [0m    [0m7: InitialValue(r3), 0 uses 🪦
    [0m    [0m8: FunctionEntryStackCheck
    [0m       ↳ lazy @68 : {<closure>:n3:, <this>:n1:, <context>:n2:, r0:n4:, r1:n5:} (addr:0x10c0114c9f0)
    [0m       ↱ eager @68 : {<closure>:n3:, <this>:n1:, <context>:n2:, r0:n4:, r1:n5:} (addr:0x10c0114c9f0)
    [0m    [0m9: CheckpointedJump b1
    [0m    ↓
     [0mBlock b1
    [0m[0;34m  25 : 79 f8 04          TestLessThan r1, EmbeddedFeedback[4]
[m    [0m       ↱ eager @25 : {<closure>:n3:, <this>:n1:, <context>:n2:, r0:n4:, r1:n5:, <accumulator>:n10:} (addr:0x10c0114e3b8)
    [0m   [0m11: CheckedSmiUntag [n5], 4 uses, cannot truncate to int32
    [0m   [0m13: Int32Compare[LessThan] [n11, n12], 0 uses 🪦
    [0m[0;34m  28 : a8 2c             JumpIfFalse [44]
[m[0;31m╭──────[0m14: BranchIfInt32Compare(LessThan) [n11, n12] b2 b18
[0;31m│   [0m    ↓
[0;31m│    [0mBlock b2
[0;31m│   [0m[0;34m  30 : 18 02             LdaCurrentContextSlot [2]
[m[0;31m│   [0m   [0m17: LoadContextSlot(0x10, mutable) [n2], 3 uses
[0;31m│   [0m[1;34m0x09b80101e205 <SharedFunctionInfo risky> (0x09b80104a8b5 <String[18]: "workloads/throw.js">:27:14)
[m[0;31m│   [0m[0;34m   0 : 0b 03             Ldar a0
[m[0;31m│   [0m   [0m22: Jump b3
[0;31m│   [0m    ↓
[0;31m│    [0mBlock b3
[0;31m│   [0m[1;34m0x09b80101e205 <SharedFunctionInfo risky> (0x09b80104a8b5 <String[18]: "workloads/throw.js">:0:0)
[m[0;31m│   [0m[0;34m   2 : 51 02 00          MulSmi [2], FBV[0]
[m[0;31m│   [0m       ↱ eager @37 : {<closure>:n3:, <this>:n1:, <context>:n2:, r1:n5:, r2:n17:} (addr:0x10c0114f8b8)
[0;31m│   [0m       │       @2 : {<closure>:n18:, <this>:n21:, a0:n5:, <context>:n20:, <accumulator>:n5:} (addr:0x10c0111c308)
[0;31m│   [0m   [0m24: Int32MultiplyWithOverflow [n11, n23], 5 uses, cannot truncate to int32
[0;31m│   [0m[0;34m  13 : 6d f6 03 04       CallUndefinedReceiver1 r3, a0, FBV[4]
[m[0;31m│   [0m   [0m26: 🐢 CallKnownJSFunction(0x09b80101e1d5 <SharedFunctionInfo mayThrow>, {Int32}) [n25, n20, n21, n19, n5], 2 uses
[0;31m│   [0m       │      @37 : {<closure>:n3:, <this>:n1:, <context>:n2:, r1:n5:, r2:n17:} (addr:0x10c0114f8b8)
[0;31m│   [0m       ↳ lazy @13 : {<closure>:n18:, <this>:n21:, a0:n5:, <context>:n20:, r0:n24:, r1:n20:} (addr:0x10c0111daf0)
[0;31m│   [0m       ↳ throw @26 (b4) : {<this>:n21, a0:n5, <context>:n20, r0:n24}
[0;31m│   [0m[0;34m  17 : 42 f9 01          Add r0, FBV[1]
[m[0;31m│   [0m       ↱ eager @37 : {<closure>:n3:, <this>:n1:, <context>:n2:, r1:n5:, r2:n17:} (addr:0x10c0114f8b8)
[0;31m│   [0m       │       @17 : {<closure>:n18:, <this>:n21:, a0:n5:, <context>:n20:, r0:n24:, r1:n20:, <accumulator>:n26:} (addr:0x10c0111e178)
[0;31m│   [0m   [0m27: CheckedSmiUntag [n26], 1 uses, cannot truncate to int32
[0;31m│   [0m       ↱ eager @37 : {<closure>:n3:, <this>:n1:, <context>:n2:, r1:n5:, r2:n17:} (addr:0x10c0114f8b8)
[0;31m│   [0m       │       @17 : {<closure>:n18:, <this>:n21:, a0:n5:, <context>:n20:, r0:n24:, r1:n20:, <accumulator>:n26:} (addr:0x10c0111e178)
[0;31m│   [0m   [0m28: Int32AddWithOverflow [n24, n27], 1 uses, can truncate to int32 [-2147483648, 2147483647]
[0;31m│   [0m   [0m45: Int32ToNumber[kCanonicalizeSmi] [n28], 1 uses
[0;31m│   [0m[0;34m  24 : 98 15             Jump [21]
[m[0;31m│[0;32m╭─────[0m29: Jump b5
[0;31m│[0;32m│  [0m       with gap moves:
[0;31m│[0;32m│  [0m         - n45 → 47: φᵀ r0
[0;31m│[0;32m│  [0m
[0;31m│[0;32m│   [0mBlock b4 (exception handler)
[0;31m│[0;32m│  [0m   [0m30: φᵀₑ <accumulator>, 2 uses
[0;31m│[0;32m│  [0m[0;34m  27 : 8f f7 01          CreateCatchContext r2, [1:0x09b80101e415 <ScopeInfo CATCH_SCOPE>]
[m[0;31m│[0;32m│  [0m   [0m34: AllocationBlock(Young), 1 uses
[0;31m│[0;32m│  [0m   [0m35: InlinedAllocation(object 0x09b801014af1 <Map(CATCH_CONTEXT_TYPE)>) [n34], 6 uses (6 non escaping uses)
[0;31m│[0;32m│  [0m   [0m36: StoreMap(0x09b801014af1 <Map(CATCH_CONTEXT_TYPE)>, InlinedAllocation) [n35]
[0;31m│[0;32m│  [0m   [0m37: StoreTaggedFieldNoWriteBarrier(0x4, mutable) [n35, n32]
[0;31m│[0;32m│  [0m   [0m38: StoreTaggedFieldWithWriteBarrier(0x8, constant, maybe_smi:0) [n35, n33]
[0;31m│[0;32m│  [0m   [0m39: StoreTaggedFieldWithWriteBarrier(0xc, constant, maybe_smi:0) [n35, n20]
[0;31m│[0;32m│  [0m   [0m40: StoreTaggedFieldWithWriteBarrier(0x10, constant, maybe_smi:1) [n35, n30]
[0;31m│[0;32m│  [0m[0;34m  32 : b6                SetPendingMessage
[m[0;31m│[0;32m│  [0m   [0m42: SetPendingMessage [n41], 0 uses, but required
[0;31m│[0;32m│  [0m[0;34m  39 : 50 01 06          SubSmi [1], FBV[6]
[m[0;31m│[0;32m│  [0m       ↱ eager @37 : {<closure>:n3:, <this>:n1:, <context>:n2:, r1:n5:, r2:n17:} (addr:0x10c0114f8b8)
[0;31m│[0;32m│  [0m       │       @39 : {<closure>:n18:, <this>:n21:, a0:n5:, <context>:n35:, r2:n20:, <accumulator>:n24:} (addr:0x10c0111f250)
[0;31m│[0;32m│  [0m   [0m43: Int32DecrementWithOverflow [n24], 1 uses, cannot truncate to int32
[0;31m│[0;32m│  [0m   [0m46: Int32ToNumber[kCanonicalizeSmi] [n43], 1 uses
[0;31m│[0;32m│  [0m[0;34m  45 : 0b f9             Ldar r0
[m[0;31m│[0;32m│  [0m   [0m44: Jump b5
[0;31m│[0;32m│  [0m    │  with gap moves:
[0;31m│[0;32m│  [0m    │    - n46 → 47: φᵀ r0
[0;31m│[0;32m│  [0m    ▼
[0;31m│[0;32m╰──►[0mBlock b5
[0;31m│   [0m   [0m47: φᵀ r0 (n45, n46), 2 uses
[0;31m│   [0m[1;34m0x09b80101e15d <SharedFunctionInfo> (0x09b80104a8b5 <String[18]: "workloads/throw.js">:0:0)
[m[0;31m│   [0m[0;34m  41 : 42 f7 00          Add r2, FBV[0]
[m[0;31m│   [0m       ↱ eager @41 : {<closure>:n3:, <this>:n1:, <context>:n2:, r1:n5:, r2:n17:, <accumulator>:n47:} (addr:0x10c0111f698)
[0;31m│   [0m   [0m48: CheckedSmiUntag [n17], 1 uses, cannot truncate to int32
[0;31m│   [0m       ↱ eager @41 : {<closure>:n3:, <this>:n1:, <context>:n2:, r1:n5:, r2:n17:, <accumulator>:n47:} (addr:0x10c0111f698)
[0;31m│   [0m   [0m49: CheckedSmiUntag [n47], 1 uses, cannot truncate to int32
[0;31m│   [0m       ↱ eager @41 : {<closure>:n3:, <this>:n1:, <context>:n2:, r1:n5:, r2:n17:, <accumulator>:n47:} (addr:0x10c0111f698)
[0;31m│   [0m   [0m50: Int32AddWithOverflow [n48, n49], 5 uses, can truncate to int32 [-2147483648, 2147483647]
[0;31m│   [0m[0;34m  44 : 29 02             StaCurrentContextSlot [2]
[m[0;31m│   [0m   [0m51: Int32ToNumber[kCanonicalizeSmi] [n50], 3 uses
[0;31m│   [0m   [0m52: StoreContextSlotWithWriteBarrier(2, mutable) [n2, n51]
[0;31m│   [0m       ↳ lazy @44 : {<closure>:n3:, <this>:n1:, <context>:n2:, r1:n5:} (addr:0x10c0111fa10)
[0;31m│   [0m[1;34m0x09b80101e235 <SharedFunctionInfo bare> (0x09b80104a8b5 <String[18]: "workloads/throw.js">:34:13)
[m[0;31m│   [0m[0;34m   0 : 1b ff f9          Mov <context>, r0
[m[0;31m│   [0m   [0m54: Jump b6
[0;31m│   [0m    ↓
[0;31m│    [0mBlock b6
[0;31m│   [0m[1;34m0x09b80101e235 <SharedFunctionInfo bare> (0x09b80104a8b5 <String[18]: "workloads/throw.js">:0:0)
[m[0;31m│   [0m[0;34m   7 : 6d f8 03 02       CallUndefinedReceiver1 r1, a0, FBV[2]
[m[0;31m│   [0m   [0m55: 🐢 CallKnownJSFunction(0x09b80101e1d5 <SharedFunctionInfo mayThrow>, {}) [n25, n20, n21, n19, n5], 0 uses, but required
[0;31m│   [0m       │      @53 : {<closure>:n3:, <this>:n1:, <context>:n2:, r1:n5:, r2:n50:} (addr:0x10c0111fea0)
[0;31m│   [0m       ↳ lazy @7 : {<closure>:n53:, <this>:n21:, a0:n5:, <context>:n20:, r0:n20:} (addr:0x10c011251f0)
[0;31m│   [0m       ↳ throw @13 (b7) : {<this>:n21, a0:n5, <context>:n20}
[0;31m│   [0m[0;34m  11 : 98 0f             Jump [15]
[m[0;31m│[0;32m╭─────[0m56: Jump b8
[0;31m│[0;32m│  [0m
[0;31m│[0;32m│   [0mBlock b7 (exception handler)
[0;31m│[0;32m│  [0m   [0m57: φᵀₑ <accumulator>, 1 uses
[0;31m│[0;32m│  [0m[0;34m  14 : 8f f8 01          CreateCatchContext r1, [1:0x09b80101e4e1 <ScopeInfo CATCH_SCOPE>]
[m[0;31m│[0;32m│  [0m   [0m59: AllocationBlock(Young), 1 uses
[0;31m│[0;32m│  [0m   [0m60: InlinedAllocation(object 0x09b801014af1 <Map(CATCH_CONTEXT_TYPE)>) [n59], 5 uses (5 non escaping uses)
[0;31m│[0;32m│  [0m   [0m61: StoreMap(0x09b801014af1 <Map(CATCH_CONTEXT_TYPE)>, InlinedAllocation) [n60]
[0;31m│[0;32m│  [0m   [0m62: StoreTaggedFieldNoWriteBarrier(0x4, mutable) [n60, n32]
[0;31m│[0;32m│  [0m   [0m63: StoreTaggedFieldWithWriteBarrier(0x8, constant, maybe_smi:0) [n60, n58]
[0;31m│[0;32m│  [0m   [0m64: StoreTaggedFieldWithWriteBarrier(0xc, constant, maybe_smi:0) [n60, n20]
[0;31m│[0;32m│  [0m   [0m65: StoreTaggedFieldWithWriteBarrier(0x10, constant, maybe_smi:1) [n60, n57]
[0;31m│[0;32m│  [0m[0;34m  19 : b6                SetPendingMessage
[m[0;31m│[0;32m│  [0m   [0m66: SetPendingMessage [n41], 0 uses, but required
[0;31m│[0;32m│  [0m[0;34m  26 : 0c                LdaZero
[m[0;31m│[0;32m│  [0m   [0m67: Jump b8
[0;31m│[0;32m│  [0m    ↓
[0;31m│[0;32m╰──►[0mBlock b8
[0;31m│   [0m[1;34m0x09b80101e15d <SharedFunctionInfo> (0x09b80104a8b5 <String[18]: "workloads/throw.js">:0:0)
[m[0;31m│   [0m[0;34m  60 : 29 02             StaCurrentContextSlot [2]
[m[0;31m│   [0m   [0m69: StoreContextSlotWithWriteBarrier(2, mutable) [n2, n51]
[0;31m│   [0m       ↳ lazy @60 : {<closure>:n3:, <this>:n1:, <context>:n2:, r1:n5:, <accumulator>:n50:} (addr:0x10c01126570)
[0;31m│   [0m[0;34m  65 : 5b 0a             Inc FBV[10]
[m[0;31m│   [0m       ↱ eager @65 : {<closure>:n3:, <this>:n1:, <context>:n2:, r0:n50:, <accumulator>:n5:} (addr:0x10c01126758)
[0;31m│   [0m   [0m70: Int32IncrementWithOverflow [n11], 2 uses, cannot truncate to int32
[0;31m│   [0m[0;34m  68 : 97 31 00 0b       JumpLoop [49], [0], FBV[11]
[m[0;31m│   [0m   [0m72: ReduceInterruptBudgetForLoop(39) [n71]
[0;31m│   [0m       ↳ lazy @68 : {<closure>:n3:, <this>:n1:, <context>:n2:, r0:n50:, r1:n70:} (addr:0x10c01126950)
[0;31m│   [0m   [0m75: Int32ToNumber[kCanonicalizeSmi] [n70], 1 uses
[0;31m│   [0m   [0m74: Jump b9
[0;31m│   [0m    │  with gap moves:
[0;31m│   [0m    │    - n51 → 76: φᵀ r0
[0;31m│   [0m    │    - n75 → 77: φᵀ r1
[0;31m│   [0m    ▼
[0;31m│[0;32m╭──►[0mBlock b9 peeled (effects: ua c1)
[0;31m│[0;32m│  [0m   [0m76: φᵀ r0 (n51, n105), 2 uses
[0;31m│[0;32m│  [0m   [0m77: φᵀ r1 (n75, n124), 16 uses
[0;31m│[0;32m│  [0m[0;34m  25 : 79 f8 04          TestLessThan r1, EmbeddedFeedback[4]
[m[0;31m│[0;32m│  [0m       ↱ eager @25 : {<closure>:n3:, <this>:n1:, <context>:n2:, r0:n76:, r1:n77:, <accumulator>:n10:} (addr:0x10c01127808)
[0;31m│[0;32m│  [0m   [0m78: CheckedSmiUntag [n77], 4 uses, cannot truncate to int32
[0;31m│[0;32m│  [0m   [0m79: Int32Compare[LessThan] [n78, n12], 0 uses 🪦
[0;31m│[0;32m│  [0m[0;34m  28 : a8 2c             JumpIfFalse [44]
[m[0;31m│[0;32m│[0;33m╭────[0m80: BranchIfInt32Compare(LessThan) [n78, n12] b10 b17
[0;31m│[0;32m│[0;33m│ [0m    ↓
[0;31m│[0;32m│[0;33m│  [0mBlock b10
[0;31m│[0;32m│[0;33m│ [0m[0;34m  30 : 18 02             LdaCurrentContextSlot [2]
[m[0;31m│[0;32m│[0;33m│ [0m   [0m81: LoadContextSlot(0x10, mutable) [n2], 3 uses
[0;31m│[0;32m│[0;33m│ [0m[1;34m0x09b80101e205 <SharedFunctionInfo risky> (0x09b80104a8b5 <String[18]: "workloads/throw.js">:27:14)
[m[0;31m│[0;32m│[0;33m│ [0m[0;34m   0 : 0b 03             Ldar a0
[m[0;31m│[0;32m│[0;33m│ [0m   [0m82: Jump b11
[0;31m│[0;32m│[0;33m│ [0m    ↓
[0;31m│[0;32m│[0;33m│  [0mBlock b11
[0;31m│[0;32m│[0;33m│ [0m[1;34m0x09b80101e205 <SharedFunctionInfo risky> (0x09b80104a8b5 <String[18]: "workloads/throw.js">:0:0)
[m[0;31m│[0;32m│[0;33m│ [0m[0;34m   2 : 51 02 00          MulSmi [2], FBV[0]
[m[0;31m│[0;32m│[0;33m│ [0m       ↱ eager @37 : {<closure>:n3:, <this>:n1:, <context>:n2:, r1:n77:, r2:n81:} (addr:0x10c01127b38)
[0;31m│[0;32m│[0;33m│ [0m       │       @2 : {<closure>:n18:, <this>:n21:, a0:n77:, <context>:n20:, <accumulator>:n77:} (addr:0x10c0112b648)
[0;31m│[0;32m│[0;33m│ [0m   [0m83: Int32MultiplyWithOverflow [n78, n23], 5 uses, cannot truncate to int32
[0;31m│[0;32m│[0;33m│ [0m[0;34m  13 : 6d f6 03 04       CallUndefinedReceiver1 r3, a0, FBV[4]
[m[0;31m│[0;32m│[0;33m│ [0m   [0m84: 🐢 CallKnownJSFunction(0x09b80101e1d5 <SharedFunctionInfo mayThrow>, {Int32}) [n25, n20, n21, n19, n77], 2 uses
[0;31m│[0;32m│[0;33m│ [0m       │      @37 : {<closure>:n3:, <this>:n1:, <context>:n2:, r1:n77:, r2:n81:} (addr:0x10c01127b38)
[0;31m│[0;32m│[0;33m│ [0m       ↳ lazy @13 : {<closure>:n18:, <this>:n21:, a0:n77:, <context>:n20:, r0:n83:, r1:n20:} (addr:0x10c0112c7e8)
[0;31m│[0;32m│[0;33m│ [0m       ↳ throw @26 (b12) : {<this>:n21, a0:n77, <context>:n20, r0:n83}
[0;31m│[0;32m│[0;33m│ [0m[0;34m  17 : 42 f9 01          Add r0, FBV[1]
[m[0;31m│[0;32m│[0;33m│ [0m       ↱ eager @37 : {<closure>:n3:, <this>:n1:, <context>:n2:, r1:n77:, r2:n81:} (addr:0x10c01127b38)
[0;31m│[0;32m│[0;33m│ [0m       │       @17 : {<closure>:n18:, <this>:n21:, a0:n77:, <context>:n20:, r0:n83:, r1:n20:, <accumulator>:n84:} (addr:0x10c0112cec0)
[0;31m│[0;32m│[0;33m│ [0m   [0m85: CheckedSmiUntag [n84], 1 uses, cannot truncate to int32
[0;31m│[0;32m│[0;33m│ [0m       ↱ eager @37 : {<closure>:n3:, <this>:n1:, <context>:n2:, r1:n77:, r2:n81:} (addr:0x10c01127b38)
[0;31m│[0;32m│[0;33m│ [0m       │       @17 : {<closure>:n18:, <this>:n21:, a0:n77:, <context>:n20:, r0:n83:, r1:n20:, <accumulator>:n84:} (addr:0x10c0112cec0)
[0;31m│[0;32m│[0;33m│ [0m   [0m86: Int32AddWithOverflow [n83, n85], 1 uses, can truncate to int32 [-2147483648, 2147483647]
[0;31m│[0;32m│[0;33m│ [0m   [0m99: Int32ToNumber[kCanonicalizeSmi] [n86], 1 uses
[0;31m│[0;32m│[0;33m│ [0m[0;34m  24 : 98 15             Jump [21]
[m[0;31m│[0;32m│[0;33m│[0;34m╭───[0m87: Jump b13
[0;31m│[0;32m│[0;33m│[0;34m│[0m       with gap moves:
[0;31m│[0;32m│[0;33m│[0;34m│[0m         - n99 → 101: φᵀ r0
[0;31m│[0;32m│[0;33m│[0;34m│[0m
[0;31m│[0;32m│[0;33m│[0;34m│ [0mBlock b12 (exception handler)
[0;31m│[0;32m│[0;33m│[0;34m│[0m   [0m88: φᵀₑ <accumulator>, 2 uses
[0;31m│[0;32m│[0;33m│[0;34m│[0m[0;34m  27 : 8f f7 01          CreateCatchContext r2, [1:0x09b80101e415 <ScopeInfo CATCH_SCOPE>]
[m[0;31m│[0;32m│[0;33m│[0;34m│[0m   [0m89: AllocationBlock(Young), 1 uses
[0;31m│[0;32m│[0;33m│[0;34m│[0m   [0m90: InlinedAllocation(object 0x09b801014af1 <Map(CATCH_CONTEXT_TYPE)>) [n89], 6 uses (6 non escaping uses)
[0;31m│[0;32m│[0;33m│[0;34m│[0m   [0m91: StoreMap(0x09b801014af1 <Map(CATCH_CONTEXT_TYPE)>, InlinedAllocation) [n90]
[0;31m│[0;32m│[0;33m│[0;34m│[0m   [0m92: StoreTaggedFieldNoWriteBarrier(0x4, mutable) [n90, n32]
[0;31m│[0;32m│[0;33m│[0;34m│[0m   [0m93: StoreTaggedFieldWithWriteBarrier(0x8, constant, maybe_smi:0) [n90, n33]
[0;31m│[0;32m│[0;33m│[0;34m│[0m   [0m94: StoreTaggedFieldWithWriteBarrier(0xc, constant, maybe_smi:0) [n90, n20]
[0;31m│[0;32m│[0;33m│[0;34m│[0m   [0m95: StoreTaggedFieldWithWriteBarrier(0x10, constant, maybe_smi:1) [n90, n88]
[0;31m│[0;32m│[0;33m│[0;34m│[0m[0;34m  32 : b6                SetPendingMessage
[m[0;31m│[0;32m│[0;33m│[0;34m│[0m   [0m96: SetPendingMessage [n41], 0 uses, but required
[0;31m│[0;32m│[0;33m│[0;34m│[0m[0;34m  39 : 50 01 06          SubSmi [1], FBV[6]
[m[0;31m│[0;32m│[0;33m│[0;34m│[0m       ↱ eager @37 : {<closure>:n3:, <this>:n1:, <context>:n2:, r1:n77:, r2:n81:} (addr:0x10c01127b38)
[0;31m│[0;32m│[0;33m│[0;34m│[0m       │       @39 : {<closure>:n18:, <this>:n21:, a0:n77:, <context>:n90:, r2:n20:, <accumulator>:n83:} (addr:0x10c0112de08)
[0;31m│[0;32m│[0;33m│[0;34m│[0m   [0m97: Int32DecrementWithOverflow [n83], 1 uses, cannot truncate to int32
[0;31m│[0;32m│[0;33m│[0;34m│[0m  [0m100: Int32ToNumber[kCanonicalizeSmi] [n97], 1 uses
[0;31m│[0;32m│[0;33m│[0;34m│[0m[0;34m  45 : 0b f9             Ldar r0
[m[0;31m│[0;32m│[0;33m│[0;34m│[0m   [0m98: Jump b13
[0;31m│[0;32m│[0;33m│[0;34m│[0m    │  with gap moves:
[0;31m│[0;32m│[0;33m│[0;34m│[0m    │    - n100 → 101: φᵀ r0
[0;31m│[0;32m│[0;33m│[0;34m│[0m    ▼
[0;31m│[0;32m│[0;33m│[0;34m╰►[0mBlock b13
[0;31m│[0;32m│[0;33m│ [0m  [0m101: φᵀ r0 (n99, n100), 2 uses
[0;31m│[0;32m│[0;33m│ [0m[1;34m0x09b80101e15d <SharedFunctionInfo> (0x09b80104a8b5 <String[18]: "workloads/throw.js">:0:0)
[m[0;31m│[0;32m│[0;33m│ [0m[0;34m  41 : 42 f7 00          Add r2, FBV[0]
[m[0;31m│[0;32m│[0;33m│ [0m       ↱ eager @41 : {<closure>:n3:, <this>:n1:, <context>:n2:, r1:n77:, r2:n81:, <accumulator>:n101:} (addr:0x10c0112e230)
[0;31m│[0;32m│[0;33m│ [0m  [0m102: CheckedSmiUntag [n81], 1 uses, cannot truncate to int32
[0;31m│[0;32m│[0;33m│ [0m       ↱ eager @41 : {<closure>:n3:, <this>:n1:, <context>:n2:, r1:n77:, r2:n81:, <accumulator>:n101:} (addr:0x10c0112e230)
[0;31m│[0;32m│[0;33m│ [0m  [0m103: CheckedSmiUntag [n101], 1 uses, cannot truncate to int32
[0;31m│[0;32m│[0;33m│ [0m       ↱ eager @41 : {<closure>:n3:, <this>:n1:, <context>:n2:, r1:n77:, r2:n81:, <accumulator>:n101:} (addr:0x10c0112e230)
[0;31m│[0;32m│[0;33m│ [0m  [0m104: Int32AddWithOverflow [n102, n103], 5 uses, can truncate to int32 [-2147483648, 2147483647]
[0;31m│[0;32m│[0;33m│ [0m[0;34m  44 : 29 02             StaCurrentContextSlot [2]
[m[0;31m│[0;32m│[0;33m│ [0m  [0m105: Int32ToNumber[kCanonicalizeSmi] [n104], 3 uses
[0;31m│[0;32m│[0;33m│ [0m  [0m106: StoreContextSlotWithWriteBarrier(2, mutable) [n2, n105]
[0;31m│[0;32m│[0;33m│ [0m       ↳ lazy @44 : {<closure>:n3:, <this>:n1:, <context>:n2:, r1:n77:} (addr:0x10c0112e5a8)
[0;31m│[0;32m│[0;33m│ [0m[1;34m0x09b80101e235 <SharedFunctionInfo bare> (0x09b80104a8b5 <String[18]: "workloads/throw.js">:34:13)
[m[0;31m│[0;32m│[0;33m│ [0m[0;34m   0 : 1b ff f9          Mov <context>, r0
[m[0;31m│[0;32m│[0;33m│ [0m  [0m107: Jump b14
[0;31m│[0;32m│[0;33m│ [0m    ↓
[0;31m│[0;32m│[0;33m│  [0mBlock b14
[0;31m│[0;32m│[0;33m│ [0m[1;34m0x09b80101e235 <SharedFunctionInfo bare> (0x09b80104a8b5 <String[18]: "workloads/throw.js">:0:0)
[m[0;31m│[0;32m│[0;33m│ [0m[0;34m   7 : 6d f8 03 02       CallUndefinedReceiver1 r1, a0, FBV[2]
[m[0;31m│[0;32m│[0;33m│ [0m  [0m108: 🐢 CallKnownJSFunction(0x09b80101e1d5 <SharedFunctionInfo mayThrow>, {}) [n25, n20, n21, n19, n77], 0 uses, but required
[0;31m│[0;32m│[0;33m│ [0m       │      @53 : {<closure>:n3:, <this>:n1:, <context>:n2:, r1:n77:, r2:n104:} (addr:0x10c0112e848)
[0;31m│[0;32m│[0;33m│ [0m       ↳ lazy @7 : {<closure>:n53:, <this>:n21:, a0:n77:, <context>:n20:, r0:n20:} (addr:0x10c011330e8)
[0;31m│[0;32m│[0;33m│ [0m       ↳ throw @13 (b15) : {<this>:n21, a0:n77, <context>:n20}
[0;31m│[0;32m│[0;33m│ [0m[0;34m  11 : 98 0f             Jump [15]
[m[0;31m│[0;32m│[0;33m│[0;34m╭──[0m109: Jump b16
[0;31m│[0;32m│[0;33m│[0;34m│[0m
[0;31m│[0;32m│[0;33m│[0;34m│ [0mBlock b15 (exception handler)
[0;31m│[0;32m│[0;33m│[0;34m│[0m  [0m110: φᵀₑ <accumulator>, 1 uses
[0;31m│[0;32m│[0;33m│[0;34m│[0m[0;34m  14 : 8f f8 01          CreateCatchContext r1, [1:0x09b80101e4e1 <ScopeInfo CATCH_SCOPE>]
[m[0;31m│[0;32m│[0;33m│[0;34m│[0m  [0m111: AllocationBlock(Young), 1 uses
[0;31m│[0;32m│[0;33m│[0;34m│[0m  [0m112: InlinedAllocation(object 0x09b801014af1 <Map(CATCH_CONTEXT_TYPE)>) [n111], 5 uses (5 non escaping uses)
[0;31m│[0;32m│[0;33m│[0;34m│[0m  [0m113: StoreMap(0x09b801014af1 <Map(CATCH_CONTEXT_TYPE)>, InlinedAllocation) [n112]
[0;31m│[0;32m│[0;33m│[0;34m│[0m  [0m114: StoreTaggedFieldNoWriteBarrier(0x4, mutable) [n112, n32]
[0;31m│[0;32m│[0;33m│[0;34m│[0m  [0m115: StoreTaggedFieldWithWriteBarrier(0x8, constant, maybe_smi:0) [n112, n58]
[0;31m│[0;32m│[0;33m│[0;34m│[0m  [0m116: StoreTaggedFieldWithWriteBarrier(0xc, constant, maybe_smi:0) [n112, n20]
[0;31m│[0;32m│[0;33m│[0;34m│[0m  [0m117: StoreTaggedFieldWithWriteBarrier(0x10, constant, maybe_smi:1) [n112, n110]
[0;31m│[0;32m│[0;33m│[0;34m│[0m[0;34m  19 : b6                SetPendingMessage
[m[0;31m│[0;32m│[0;33m│[0;34m│[0m  [0m118: SetPendingMessage [n41], 0 uses, but required
[0;31m│[0;32m│[0;33m│[0;34m│[0m[0;34m  26 : 0c                LdaZero
[m[0;31m│[0;32m│[0;33m│[0;34m│[0m  [0m119: Jump b16
[0;31m│[0;32m│[0;33m│[0;34m│[0m    ↓
[0;31m│[0;32m│[0;33m│[0;34m╰►[0mBlock b16
[0;31m│[0;32m│[0;33m│ [0m[1;34m0x09b80101e15d <SharedFunctionInfo> (0x09b80104a8b5 <String[18]: "workloads/throw.js">:0:0)
[m[0;31m│[0;32m│[0;33m│ [0m[0;34m  60 : 29 02             StaCurrentContextSlot [2]
[m[0;31m│[0;32m│[0;33m│ [0m  [0m120: StoreContextSlotWithWriteBarrier(2, mutable) [n2, n105]
[0;31m│[0;32m│[0;33m│ [0m       ↳ lazy @60 : {<closure>:n3:, <this>:n1:, <context>:n2:, r1:n77:, <accumulator>:n104:} (addr:0x10c011346f8)
[0;31m│[0;32m│[0;33m│ [0m[0;34m  65 : 5b 0a             Inc FBV[10]
[m[0;31m│[0;32m│[0;33m│ [0m       ↱ eager @65 : {<closure>:n3:, <this>:n1:, <context>:n2:, r0:n104:, <accumulator>:n77:} (addr:0x10c01134858)
[0;31m│[0;32m│[0;33m│ [0m  [0m121: Int32IncrementWithOverflow [n78], 2 uses, cannot truncate to int32
[0;31m│[0;32m│[0;33m│ [0m[0;34m  68 : 97 31 00 0b       JumpLoop [49], [0], FBV[11]
[m[0;31m│[0;32m│[0;33m│ [0m  [0m122: ReduceInterruptBudgetForLoop(39) [n71]
[0;31m│[0;32m│[0;33m│ [0m       ↳ lazy @68 : {<closure>:n3:, <this>:n1:, <context>:n2:, r0:n104:, r1:n121:} (addr:0x10c01134968)
[0;31m│[0;32m│[0;33m│ [0m  [0m124: Int32ToNumber[kCanonicalizeSmi] [n121], 1 uses
[0;31m│[0;32m│[0;33m│ [0m       ↱ eager @65 : {<closure>:n3:, <this>:n1:, <context>:n2:, r0:n104:, <accumulator>:n77:} (addr:0x10c01134858)
[0;31m│[0;32m╰──◄─[0m123: JumpLoop b9
[0;31m│ [0;33m│ [0m       with gap moves:
[0;31m│ [0;33m│ [0m         - n105 → 76: φᵀ r0
[0;31m│ [0;33m│ [0m         - n124 → 77: φᵀ r1
[0;31m│ [0;33m│ [0m
[0;31m│ [0;33m╰─►[0mBlock b17
[0;31m│   [0m[0;34m  72 : 0b f9             Ldar r0
[m[0;31m│[0;32m╭────[0m125: Jump b19
[0;31m│[0;32m│  [0m       with gap moves:
[0;31m│[0;32m│  [0m         - n76 → 127: φᵀ r0
[0;31m│[0;32m│  [0m
[0;31m╰───►[0mBlock b18
 [0;32m│  [0m  [0m126: Jump b19
 [0;32m│  [0m    │  with gap moves:
 [0;32m│  [0m    │    - n4 → 127: φᵀ r0
 [0;32m│  [0m    ▼
 [0;32m╰──►[0mBlock b19
    [0m  [0m127: φᵀ r0 (n4, n76), 1 uses
    [0m[0;34m  74 : b9                Return
[m    [0m  [0m128: ReduceInterruptBudgetForReturn(74) [n71]
    [0m  [0m129: Return [n127]
    [0m

----- After use marking -----
Graph

    [0m   [0m71: Constant(0x09b80101e2d9 <FeedbackCell[one closure]>) → (x)
    [0m   [0m25: Constant(0x09b80101e2fd <JSFunction mayThrow (sfi = 0x9b80101e1d5)>) → (x)
    [0m   [0m33: Constant(0x09b80101e415 <ScopeInfo CATCH_SCOPE>) → (x)
    [0m   [0m53: Constant(0x09b80101e365 <JSFunction bare (sfi = 0x9b80101e235)>) → (x)
    [0m   [0m58: Constant(0x09b80101e4e1 <ScopeInfo CATCH_SCOPE>) → (x)
    [0m   [0m18: Constant(0x09b80101e331 <JSFunction risky (sfi = 0x9b80101e205)>) → (x)
    [0m   [0m20: Constant(0x09b80101e2e9 <ScriptContext[3]>) → (x)
    [0m   [0m21: Constant(0x09b801004979 <JSGlobalProxy>) → (x)
    [0m   [0m19: RootConstant(undefined_value) → (x)
    [0m   [0m41: RootConstant(the_hole_value) → (x)
    [0m   [0m32: SmiConstant(3) → (x)
    [0m   [0m10: SmiConstant(400000) → (x)
    [0m   [0m23: Int32Constant(2) → (x)
    [0m   [0m12: Int32Constant(400000) → (x)
     [0mBlock b0
    [0m[1;34m0x09b80101e15d <SharedFunctionInfo> (0x09b80104a8b5 <String[18]: "workloads/throw.js">:0:0)
[m    [0m[0;34m  19 : 01 0d 80 1a 06 00 LdaSmi.ExtraWide [400000]
[m    [0m    [0m1: InitialValue(<this>) → (x)
    [0m    [0m2: InitialValue(<context>) → (x)
    [0m    [0m3: InitialValue(<closure>) → (x)
    [0m    [0m4: InitialValue(r0) → (x)
    [0m    [0m5: InitialValue(r1) → (x)
    [0m    [0m8: FunctionEntryStackCheck
    [0m       ↳ lazy @68 : {<closure>:n3:, <this>:n1:, <context>:n2:, r0:n4:, r1:n5:} (addr:0x10c0114c9f0)
    [0m       ↱ eager @68 : {<closure>:n3:, <this>:n1:, <context>:n2:, r0:n4:, r1:n5:} (addr:0x10c0114c9f0)
    [0m    [0m9: CheckpointedJump b1
    [0m    ↓
     [0mBlock b1
    [0m[0;34m  25 : 79 f8 04          TestLessThan r1, EmbeddedFeedback[4]
[m    [0m       ↱ eager @25 : {<closure>:n3:, <this>:n1:, <context>:n2:, r0:n4:, r1:n5:, <accumulator>:n10:} (addr:0x10c0114e3b8)
    [0m   [0m11: CheckedSmiUntag [v0/n5:(x)] → (x)
    [0m[0;34m  28 : a8 2c             JumpIfFalse [44]
[m[0;31m╭──────[0m14: BranchIfInt32Compare(LessThan) [v0/n11:(x), v0/n12:(x)] b2 b18
[0;31m│   [0m    ↓
[0;31m│    [0mBlock b2
[0;31m│   [0m[0;34m  30 : 18 02             LdaCurrentContextSlot [2]
[m[0;31m│   [0m   [0m17: LoadContextSlot(0x10, mutable) [v0/n2:(x)] → (x)
[0;31m│   [0m[1;34m0x09b80101e205 <SharedFunctionInfo risky> (0x09b80104a8b5 <String[18]: "workloads/throw.js">:27:14)
[m[0;31m│   [0m[0;34m   0 : 0b 03             Ldar a0
[m[0;31m│   [0m   [0m22: Jump b3
[0;31m│   [0m    ↓
[0;31m│    [0mBlock b3
[0;31m│   [0m[1;34m0x09b80101e205 <SharedFunctionInfo risky> (0x09b80104a8b5 <String[18]: "workloads/throw.js">:0:0)
[m[0;31m│   [0m[0;34m   2 : 51 02 00          MulSmi [2], FBV[0]
[m[0;31m│   [0m       ↱ eager @37 : {<closure>:n3:, <this>:n1:, <context>:n2:, r1:n5:, r2:n17:} (addr:0x10c0114f8b8)
[0;31m│   [0m       │       @2 : {<closure>:n18:, <this>:n21:, a0:n5:, <context>:n20:, <accumulator>:n5:} (addr:0x10c0111c308)
[0;31m│   [0m   [0m24: Int32MultiplyWithOverflow [v0/n11:(x), v0/n23:(x)] → (x)
[0;31m│   [0m[0;34m  13 : 6d f6 03 04       CallUndefinedReceiver1 r3, a0, FBV[4]
[m[0;31m│   [0m   [0m26: 🐢 CallKnownJSFunction(0x09b80101e1d5 <SharedFunctionInfo mayThrow>, {Int32}) [v0/n25:(x), v0/n20:(x), v0/n21:(x), v0/n19:(x), v0/n5:(x)] → (x)
[0;31m│   [0m       │      @37 : {<closure>:n3:, <this>:n1:, <context>:n2:, r1:n5:, r2:n17:} (addr:0x10c0114f8b8)
[0;31m│   [0m       ↳ lazy @13 : {<closure>:n18:, <this>:n21:, a0:n5:, <context>:n20:, r0:n24:, r1:n20:} (addr:0x10c0111daf0)
[0;31m│   [0m       ↳ throw @26 (b4) : {<this>:n21, a0:n5, <context>:n20, r0:n24}
[0;31m│   [0m[0;34m  17 : 42 f9 01          Add r0, FBV[1]
[m[0;31m│   [0m       ↱ eager @37 : {<closure>:n3:, <this>:n1:, <context>:n2:, r1:n5:, r2:n17:} (addr:0x10c0114f8b8)
[0;31m│   [0m       │       @17 : {<closure>:n18:, <this>:n21:, a0:n5:, <context>:n20:, r0:n24:, r1:n20:, <accumulator>:n26:} (addr:0x10c0111e178)
[0;31m│   [0m   [0m27: CheckedSmiUntag [v0/n26:(x)] → (x)
[0;31m│   [0m       ↱ eager @37 : {<closure>:n3:, <this>:n1:, <context>:n2:, r1:n5:, r2:n17:} (addr:0x10c0114f8b8)
[0;31m│   [0m       │       @17 : {<closure>:n18:, <this>:n21:, a0:n5:, <context>:n20:, r0:n24:, r1:n20:, <accumulator>:n26:} (addr:0x10c0111e178)
[0;31m│   [0m   [0m28: Int32AddWithOverflow [v0/n24:(x), v0/n27:(x)] → (x)
[0;31m│   [0m   [0m45: Int32ToNumber[kCanonicalizeSmi] [v0/n28:(x)] → (x)
[0;31m│   [0m[0;34m  24 : 98 15             Jump [21]
[m[0;31m│[0;32m╭─────[0m29: Jump b5
[0;31m│[0;32m│  [0m       with gap moves:
[0;31m│[0;32m│  [0m         - v0/n45:(x) → 47: φᵀ r0 (x)
[0;31m│[0;32m│  [0m
[0;31m│[0;32m│   [0mBlock b4 (exception handler)
[0;31m│[0;32m│  [0m   [0m30: φᵀₑ <accumulator> (compressed) → (x)
[0;31m│[0;32m│  [0m[0;34m  27 : 8f f7 01          CreateCatchContext r2, [1:0x09b80101e415 <ScopeInfo CATCH_SCOPE>]
[m[0;31m│[0;32m│  [0m   [0m34: AllocationBlock(Young) → (x)
[0;31m│[0;32m│  [0m   [0m35: InlinedAllocation(object 0x09b801014af1 <Map(CATCH_CONTEXT_TYPE)>) [v0/n34:(x)] → (x)
[0;31m│[0;32m│  [0m   [0m36: StoreMap(0x09b801014af1 <Map(CATCH_CONTEXT_TYPE)>, InlinedAllocation) [v0/n35:(x)] 🪦
[0;31m│[0;32m│  [0m   [0m37: StoreTaggedFieldNoWriteBarrier(0x4, mutable) [v0/n35:(x), v0/n32:(x)] 🪦
[0;31m│[0;32m│  [0m   [0m38: StoreTaggedFieldWithWriteBarrier(0x8, constant, maybe_smi:0) [v0/n35:(x), v0/n33:(x)] 🪦
[0;31m│[0;32m│  [0m   [0m39: StoreTaggedFieldWithWriteBarrier(0xc, constant, maybe_smi:0) [v0/n35:(x), v0/n20:(x)] 🪦
[0;31m│[0;32m│  [0m   [0m40: StoreTaggedFieldWithWriteBarrier(0x10, constant, maybe_smi:1) [v0/n35:(x), v0/n30:(x)] 🪦
[0;31m│[0;32m│  [0m[0;34m  32 : b6                SetPendingMessage
[m[0;31m│[0;32m│  [0m   [0m42: SetPendingMessage [v0/n41:(x)] → (x)
[0;31m│[0;32m│  [0m[0;34m  39 : 50 01 06          SubSmi [1], FBV[6]
[m[0;31m│[0;32m│  [0m       ↱ eager @37 : {<closure>:n3:, <this>:n1:, <context>:n2:, r1:n5:, r2:n17:} (addr:0x10c0114f8b8)
[0;31m│[0;32m│  [0m       │       @39 : {<closure>:n18:, <this>:n21:, a0:n5:, <context>:n35:(elided), r2:n20:, <accumulator>:n24:} (addr:0x10c0111f250)
[0;31m│[0;32m│  [0m   [0m43: Int32DecrementWithOverflow [v0/n24:(x)] → (x)
[0;31m│[0;32m│  [0m   [0m46: Int32ToNumber[kCanonicalizeSmi] [v0/n43:(x)] → (x)
[0;31m│[0;32m│  [0m[0;34m  45 : 0b f9             Ldar r0
[m[0;31m│[0;32m│  [0m   [0m44: Jump b5
[0;31m│[0;32m│  [0m    │  with gap moves:
[0;31m│[0;32m│  [0m    │    - v0/n46:(x) → 47: φᵀ r0 (x)
[0;31m│[0;32m│  [0m    ▼
[0;31m│[0;32m╰──►[0mBlock b5
[0;31m│   [0m   [0m47: φᵀ r0 (n45, n46) (compressed) → (x)
[0;31m│   [0m[1;34m0x09b80101e15d <SharedFunctionInfo> (0x09b80104a8b5 <String[18]: "workloads/throw.js">:0:0)
[m[0;31m│   [0m[0;34m  41 : 42 f7 00          Add r2, FBV[0]
[m[0;31m│   [0m       ↱ eager @41 : {<closure>:n3:, <this>:n1:, <context>:n2:, r1:n5:, r2:n17:, <accumulator>:n47:} (addr:0x10c0111f698)
[0;31m│   [0m   [0m48: CheckedSmiUntag [v0/n17:(x)] → (x)
[0;31m│   [0m       ↱ eager @41 : {<closure>:n3:, <this>:n1:, <context>:n2:, r1:n5:, r2:n17:, <accumulator>:n47:} (addr:0x10c0111f698)
[0;31m│   [0m   [0m49: CheckedSmiUntag [v0/n47:(x)] → (x)
[0;31m│   [0m       ↱ eager @41 : {<closure>:n3:, <this>:n1:, <context>:n2:, r1:n5:, r2:n17:, <accumulator>:n47:} (addr:0x10c0111f698)
[0;31m│   [0m   [0m50: Int32AddWithOverflow [v0/n48:(x), v0/n49:(x)] → (x)
[0;31m│   [0m[0;34m  44 : 29 02             StaCurrentContextSlot [2]
[m[0;31m│   [0m   [0m51: Int32ToNumber[kCanonicalizeSmi] [v0/n50:(x)] → (x)
[0;31m│   [0m   [0m52: StoreContextSlotWithWriteBarrier(2, mutable) [v0/n2:(x), v0/n51:(x)]
[0;31m│   [0m       ↳ lazy @44 : {<closure>:n3:, <this>:n1:, <context>:n2:, r1:n5:} (addr:0x10c0111fa10)
[0;31m│   [0m[1;34m0x09b80101e235 <SharedFunctionInfo bare> (0x09b80104a8b5 <String[18]: "workloads/throw.js">:34:13)
[m[0;31m│   [0m[0;34m   0 : 1b ff f9          Mov <context>, r0
[m[0;31m│   [0m   [0m54: Jump b6
[0;31m│   [0m    ↓
[0;31m│    [0mBlock b6
[0;31m│   [0m[1;34m0x09b80101e235 <SharedFunctionInfo bare> (0x09b80104a8b5 <String[18]: "workloads/throw.js">:0:0)
[m[0;31m│   [0m[0;34m   7 : 6d f8 03 02       CallUndefinedReceiver1 r1, a0, FBV[2]
[m[0;31m│   [0m   [0m55: 🐢 CallKnownJSFunction(0x09b80101e1d5 <SharedFunctionInfo mayThrow>, {}) [v0/n25:(x), v0/n20:(x), v0/n21:(x), v0/n19:(x), v0/n5:(x)] → (x)
[0;31m│   [0m       │      @53 : {<closure>:n3:, <this>:n1:, <context>:n2:, r1:n5:, r2:n50:} (addr:0x10c0111fea0)
[0;31m│   [0m       ↳ lazy @7 : {<closure>:n53:, <this>:n21:, a0:n5:, <context>:n20:, r0:n20:} (addr:0x10c011251f0)
[0;31m│   [0m       ↳ throw @13 (b7) : {<this>:n21, a0:n5, <context>:n20}
[0;31m│   [0m[0;34m  11 : 98 0f             Jump [15]
[m[0;31m│[0;32m╭─────[0m56: Jump b8
[0;31m│[0;32m│  [0m
[0;31m│[0;32m│   [0mBlock b7 (exception handler)
[0;31m│[0;32m│  [0m   [0m57: φᵀₑ <accumulator> (compressed) → (x)
[0;31m│[0;32m│  [0m[0;34m  14 : 8f f8 01          CreateCatchContext r1, [1:0x09b80101e4e1 <ScopeInfo CATCH_SCOPE>]
[m[0;31m│[0;32m│  [0m   [0m59: AllocationBlock(Young) → (x)
[0;31m│[0;32m│  [0m   [0m60: InlinedAllocation(object 0x09b801014af1 <Map(CATCH_CONTEXT_TYPE)>) [v0/n59:(x)] → (x)
[0;31m│[0;32m│  [0m   [0m61: StoreMap(0x09b801014af1 <Map(CATCH_CONTEXT_TYPE)>, InlinedAllocation) [v0/n60:(x)] 🪦
[0;31m│[0;32m│  [0m   [0m62: StoreTaggedFieldNoWriteBarrier(0x4, mutable) [v0/n60:(x), v0/n32:(x)] 🪦
[0;31m│[0;32m│  [0m   [0m63: StoreTaggedFieldWithWriteBarrier(0x8, constant, maybe_smi:0) [v0/n60:(x), v0/n58:(x)] 🪦
[0;31m│[0;32m│  [0m   [0m64: StoreTaggedFieldWithWriteBarrier(0xc, constant, maybe_smi:0) [v0/n60:(x), v0/n20:(x)] 🪦
[0;31m│[0;32m│  [0m   [0m65: StoreTaggedFieldWithWriteBarrier(0x10, constant, maybe_smi:1) [v0/n60:(x), v0/n57:(x)] 🪦
[0;31m│[0;32m│  [0m[0;34m  19 : b6                SetPendingMessage
[m[0;31m│[0;32m│  [0m   [0m66: SetPendingMessage [v0/n41:(x)] → (x)
[0;31m│[0;32m│  [0m[0;34m  26 : 0c                LdaZero
[m[0;31m│[0;32m│  [0m   [0m67: Jump b8
[0;31m│[0;32m│  [0m    ↓
[0;31m│[0;32m╰──►[0mBlock b8
[0;31m│   [0m[1;34m0x09b80101e15d <SharedFunctionInfo> (0x09b80104a8b5 <String[18]: "workloads/throw.js">:0:0)
[m[0;31m│   [0m[0;34m  60 : 29 02             StaCurrentContextSlot [2]
[m[0;31m│   [0m   [0m69: StoreContextSlotWithWriteBarrier(2, mutable) [v0/n2:(x), v0/n51:(x)]
[0;31m│   [0m       ↳ lazy @60 : {<closure>:n3:, <this>:n1:, <context>:n2:, r1:n5:, <accumulator>:n50:} (addr:0x10c01126570)
[0;31m│   [0m[0;34m  65 : 5b 0a             Inc FBV[10]
[m[0;31m│   [0m       ↱ eager @65 : {<closure>:n3:, <this>:n1:, <context>:n2:, r0:n50:, <accumulator>:n5:} (addr:0x10c01126758)
[0;31m│   [0m   [0m70: Int32IncrementWithOverflow [v0/n11:(x)] → (x)
[0;31m│   [0m[0;34m  68 : 97 31 00 0b       JumpLoop [49], [0], FBV[11]
[m[0;31m│   [0m   [0m72: ReduceInterruptBudgetForLoop(39) [v0/n71:(x)]
[0;31m│   [0m       ↳ lazy @68 : {<closure>:n3:, <this>:n1:, <context>:n2:, r0:n50:, r1:n70:} (addr:0x10c01126950)
[0;31m│   [0m   [0m75: Int32ToNumber[kCanonicalizeSmi] [v0/n70:(x)] → (x)
[0;31m│   [0m   [0m74: Jump b9
[0;31m│   [0m    │  with gap moves:
[0;31m│   [0m    │    - v0/n51:(x) → 76: φᵀ r0 (x)
[0;31m│   [0m    │    - v0/n75:(x) → 77: φᵀ r1 (x)
[0;31m│   [0m    ▼
[0;31m│[0;32m╭──►[0mBlock b9 peeled (effects: ua c1)
[0;31m│[0;32m│  [0m   [0m76: φᵀ r0 (n51, n105) (compressed) → (x)
[0;31m│[0;32m│  [0m   [0m77: φᵀ r1 (n75, n124) (compressed) → (x)
[0;31m│[0;32m│  [0m[0;34m  25 : 79 f8 04          TestLessThan r1, EmbeddedFeedback[4]
[m[0;31m│[0;32m│  [0m       ↱ eager @25 : {<closure>:n3:, <this>:n1:, <context>:n2:, r0:n76:, r1:n77:, <accumulator>:n10:} (addr:0x10c01127808)
[0;31m│[0;32m│  [0m   [0m78: CheckedSmiUntag [v0/n77:(x)] → (x)
[0;31m│[0;32m│  [0m[0;34m  28 : a8 2c             JumpIfFalse [44]
[m[0;31m│[0;32m│[0;33m╭────[0m80: BranchIfInt32Compare(LessThan) [v0/n78:(x), v0/n12:(x)] b10 b17
[0;31m│[0;32m│[0;33m│ [0m    ↓
[0;31m│[0;32m│[0;33m│  [0mBlock b10
[0;31m│[0;32m│[0;33m│ [0m[0;34m  30 : 18 02             LdaCurrentContextSlot [2]
[m[0;31m│[0;32m│[0;33m│ [0m   [0m81: LoadContextSlot(0x10, mutable) [v0/n2:(x)] → (x)
[0;31m│[0;32m│[0;33m│ [0m[1;34m0x09b80101e205 <SharedFunctionInfo risky> (0x09b80104a8b5 <String[18]: "workloads/throw.js">:27:14)
[m[0;31m│[0;32m│[0;33m│ [0m[0;34m   0 : 0b 03             Ldar a0
[m[0;31m│[0;32m│[0;33m│ [0m   [0m82: Jump b11
[0;31m│[0;32m│[0;33m│ [0m    ↓
[0;31m│[0;32m│[0;33m│  [0mBlock b11
[0;31m│[0;32m│[0;33m│ [0m[1;34m0x09b80101e205 <SharedFunctionInfo risky> (0x09b80104a8b5 <String[18]: "workloads/throw.js">:0:0)
[m[0;31m│[0;32m│[0;33m│ [0m[0;34m   2 : 51 02 00          MulSmi [2], FBV[0]
[m[0;31m│[0;32m│[0;33m│ [0m       ↱ eager @37 : {<closure>:n3:, <this>:n1:, <context>:n2:, r1:n77:, r2:n81:} (addr:0x10c01127b38)
[0;31m│[0;32m│[0;33m│ [0m       │       @2 : {<closure>:n18:, <this>:n21:, a0:n77:, <context>:n20:, <accumulator>:n77:} (addr:0x10c0112b648)
[0;31m│[0;32m│[0;33m│ [0m   [0m83: Int32MultiplyWithOverflow [v0/n78:(x), v0/n23:(x)] → (x)
[0;31m│[0;32m│[0;33m│ [0m[0;34m  13 : 6d f6 03 04       CallUndefinedReceiver1 r3, a0, FBV[4]
[m[0;31m│[0;32m│[0;33m│ [0m   [0m84: 🐢 CallKnownJSFunction(0x09b80101e1d5 <SharedFunctionInfo mayThrow>, {Int32}) [v0/n25:(x), v0/n20:(x), v0/n21:(x), v0/n19:(x), v0/n77:(x)] → (x)
[0;31m│[0;32m│[0;33m│ [0m       │      @37 : {<closure>:n3:, <this>:n1:, <context>:n2:, r1:n77:, r2:n81:} (addr:0x10c01127b38)
[0;31m│[0;32m│[0;33m│ [0m       ↳ lazy @13 : {<closure>:n18:, <this>:n21:, a0:n77:, <context>:n20:, r0:n83:, r1:n20:} (addr:0x10c0112c7e8)
[0;31m│[0;32m│[0;33m│ [0m       ↳ throw @26 (b12) : {<this>:n21, a0:n77, <context>:n20, r0:n83}
[0;31m│[0;32m│[0;33m│ [0m[0;34m  17 : 42 f9 01          Add r0, FBV[1]
[m[0;31m│[0;32m│[0;33m│ [0m       ↱ eager @37 : {<closure>:n3:, <this>:n1:, <context>:n2:, r1:n77:, r2:n81:} (addr:0x10c01127b38)
[0;31m│[0;32m│[0;33m│ [0m       │       @17 : {<closure>:n18:, <this>:n21:, a0:n77:, <context>:n20:, r0:n83:, r1:n20:, <accumulator>:n84:} (addr:0x10c0112cec0)
[0;31m│[0;32m│[0;33m│ [0m   [0m85: CheckedSmiUntag [v0/n84:(x)] → (x)
[0;31m│[0;32m│[0;33m│ [0m       ↱ eager @37 : {<closure>:n3:, <this>:n1:, <context>:n2:, r1:n77:, r2:n81:} (addr:0x10c01127b38)
[0;31m│[0;32m│[0;33m│ [0m       │       @17 : {<closure>:n18:, <this>:n21:, a0:n77:, <context>:n20:, r0:n83:, r1:n20:, <accumulator>:n84:} (addr:0x10c0112cec0)
[0;31m│[0;32m│[0;33m│ [0m   [0m86: Int32AddWithOverflow [v0/n83:(x), v0/n85:(x)] → (x)
[0;31m│[0;32m│[0;33m│ [0m   [0m99: Int32ToNumber[kCanonicalizeSmi] [v0/n86:(x)] → (x)
[0;31m│[0;32m│[0;33m│ [0m[0;34m  24 : 98 15             Jump [21]
[m[0;31m│[0;32m│[0;33m│[0;34m╭───[0m87: Jump b13
[0;31m│[0;32m│[0;33m│[0;34m│[0m       with gap moves:
[0;31m│[0;32m│[0;33m│[0;34m│[0m         - v0/n99:(x) → 101: φᵀ r0 (x)
[0;31m│[0;32m│[0;33m│[0;34m│[0m
[0;31m│[0;32m│[0;33m│[0;34m│ [0mBlock b12 (exception handler)
[0;31m│[0;32m│[0;33m│[0;34m│[0m   [0m88: φᵀₑ <accumulator> (compressed) → (x)
[0;31m│[0;32m│[0;33m│[0;34m│[0m[0;34m  27 : 8f f7 01          CreateCatchContext r2, [1:0x09b80101e415 <ScopeInfo CATCH_SCOPE>]
[m[0;31m│[0;32m│[0;33m│[0;34m│[0m   [0m89: AllocationBlock(Young) → (x)
[0;31m│[0;32m│[0;33m│[0;34m│[0m   [0m90: InlinedAllocation(object 0x09b801014af1 <Map(CATCH_CONTEXT_TYPE)>) [v0/n89:(x)] → (x)
[0;31m│[0;32m│[0;33m│[0;34m│[0m   [0m91: StoreMap(0x09b801014af1 <Map(CATCH_CONTEXT_TYPE)>, InlinedAllocation) [v0/n90:(x)] 🪦
[0;31m│[0;32m│[0;33m│[0;34m│[0m   [0m92: StoreTaggedFieldNoWriteBarrier(0x4, mutable) [v0/n90:(x), v0/n32:(x)] 🪦
[0;31m│[0;32m│[0;33m│[0;34m│[0m   [0m93: StoreTaggedFieldWithWriteBarrier(0x8, constant, maybe_smi:0) [v0/n90:(x), v0/n33:(x)] 🪦
[0;31m│[0;32m│[0;33m│[0;34m│[0m   [0m94: StoreTaggedFieldWithWriteBarrier(0xc, constant, maybe_smi:0) [v0/n90:(x), v0/n20:(x)] 🪦
[0;31m│[0;32m│[0;33m│[0;34m│[0m   [0m95: StoreTaggedFieldWithWriteBarrier(0x10, constant, maybe_smi:1) [v0/n90:(x), v0/n88:(x)] 🪦
[0;31m│[0;32m│[0;33m│[0;34m│[0m[0;34m  32 : b6                SetPendingMessage
[m[0;31m│[0;32m│[0;33m│[0;34m│[0m   [0m96: SetPendingMessage [v0/n41:(x)] → (x)
[0;31m│[0;32m│[0;33m│[0;34m│[0m[0;34m  39 : 50 01 06          SubSmi [1], FBV[6]
[m[0;31m│[0;32m│[0;33m│[0;34m│[0m       ↱ eager @37 : {<closure>:n3:, <this>:n1:, <context>:n2:, r1:n77:, r2:n81:} (addr:0x10c01127b38)
[0;31m│[0;32m│[0;33m│[0;34m│[0m       │       @39 : {<closure>:n18:, <this>:n21:, a0:n77:, <context>:n90:(elided), r2:n20:, <accumulator>:n83:} (addr:0x10c0112de08)
[0;31m│[0;32m│[0;33m│[0;34m│[0m   [0m97: Int32DecrementWithOverflow [v0/n83:(x)] → (x)
[0;31m│[0;32m│[0;33m│[0;34m│[0m  [0m100: Int32ToNumber[kCanonicalizeSmi] [v0/n97:(x)] → (x)
[0;31m│[0;32m│[0;33m│[0;34m│[0m[0;34m  45 : 0b f9             Ldar r0
[m[0;31m│[0;32m│[0;33m│[0;34m│[0m   [0m98: Jump b13
[0;31m│[0;32m│[0;33m│[0;34m│[0m    │  with gap moves:
[0;31m│[0;32m│[0;33m│[0;34m│[0m    │    - v0/n100:(x) → 101: φᵀ r0 (x)
[0;31m│[0;32m│[0;33m│[0;34m│[0m    ▼
[0;31m│[0;32m│[0;33m│[0;34m╰►[0mBlock b13
[0;31m│[0;32m│[0;33m│ [0m  [0m101: φᵀ r0 (n99, n100) (compressed) → (x)
[0;31m│[0;32m│[0;33m│ [0m[1;34m0x09b80101e15d <SharedFunctionInfo> (0x09b80104a8b5 <String[18]: "workloads/throw.js">:0:0)
[m[0;31m│[0;32m│[0;33m│ [0m[0;34m  41 : 42 f7 00          Add r2, FBV[0]
[m[0;31m│[0;32m│[0;33m│ [0m       ↱ eager @41 : {<closure>:n3:, <this>:n1:, <context>:n2:, r1:n77:, r2:n81:, <accumulator>:n101:} (addr:0x10c0112e230)
[0;31m│[0;32m│[0;33m│ [0m  [0m102: CheckedSmiUntag [v0/n81:(x)] → (x)
[0;31m│[0;32m│[0;33m│ [0m       ↱ eager @41 : {<closure>:n3:, <this>:n1:, <context>:n2:, r1:n77:, r2:n81:, <accumulator>:n101:} (addr:0x10c0112e230)
[0;31m│[0;32m│[0;33m│ [0m  [0m103: CheckedSmiUntag [v0/n101:(x)] → (x)
[0;31m│[0;32m│[0;33m│ [0m       ↱ eager @41 : {<closure>:n3:, <this>:n1:, <context>:n2:, r1:n77:, r2:n81:, <accumulator>:n101:} (addr:0x10c0112e230)
[0;31m│[0;32m│[0;33m│ [0m  [0m104: Int32AddWithOverflow [v0/n102:(x), v0/n103:(x)] → (x)
[0;31m│[0;32m│[0;33m│ [0m[0;34m  44 : 29 02             StaCurrentContextSlot [2]
[m[0;31m│[0;32m│[0;33m│ [0m  [0m105: Int32ToNumber[kCanonicalizeSmi] [v0/n104:(x)] → (x)
[0;31m│[0;32m│[0;33m│ [0m  [0m106: StoreContextSlotWithWriteBarrier(2, mutable) [v0/n2:(x), v0/n105:(x)]
[0;31m│[0;32m│[0;33m│ [0m       ↳ lazy @44 : {<closure>:n3:, <this>:n1:, <context>:n2:, r1:n77:} (addr:0x10c0112e5a8)
[0;31m│[0;32m│[0;33m│ [0m[1;34m0x09b80101e235 <SharedFunctionInfo bare> (0x09b80104a8b5 <String[18]: "workloads/throw.js">:34:13)
[m[0;31m│[0;32m│[0;33m│ [0m[0;34m   0 : 1b ff f9          Mov <context>, r0
[m[0;31m│[0;32m│[0;33m│ [0m  [0m107: Jump b14
[0;31m│[0;32m│[0;33m│ [0m    ↓
[0;31m│[0;32m│[0;33m│  [0mBlock b14
[0;31m│[0;32m│[0;33m│ [0m[1;34m0x09b80101e235 <SharedFunctionInfo bare> (0x09b80104a8b5 <String[18]: "workloads/throw.js">:0:0)
[m[0;31m│[0;32m│[0;33m│ [0m[0;34m   7 : 6d f8 03 02       CallUndefinedReceiver1 r1, a0, FBV[2]
[m[0;31m│[0;32m│[0;33m│ [0m  [0m108: 🐢 CallKnownJSFunction(0x09b80101e1d5 <SharedFunctionInfo mayThrow>, {}) [v0/n25:(x), v0/n20:(x), v0/n21:(x), v0/n19:(x), v0/n77:(x)] → (x)
[0;31m│[0;32m│[0;33m│ [0m       │      @53 : {<closure>:n3:, <this>:n1:, <context>:n2:, r1:n77:, r2:n104:} (addr:0x10c0112e848)
[0;31m│[0;32m│[0;33m│ [0m       ↳ lazy @7 : {<closure>:n53:, <this>:n21:, a0:n77:, <context>:n20:, r0:n20:} (addr:0x10c011330e8)
[0;31m│[0;32m│[0;33m│ [0m       ↳ throw @13 (b15) : {<this>:n21, a0:n77, <context>:n20}
[0;31m│[0;32m│[0;33m│ [0m[0;34m  11 : 98 0f             Jump [15]
[m[0;31m│[0;32m│[0;33m│[0;34m╭──[0m109: Jump b16
[0;31m│[0;32m│[0;33m│[0;34m│[0m
[0;31m│[0;32m│[0;33m│[0;34m│ [0mBlock b15 (exception handler)
[0;31m│[0;32m│[0;33m│[0;34m│[0m  [0m110: φᵀₑ <accumulator> (compressed) → (x)
[0;31m│[0;32m│[0;33m│[0;34m│[0m[0;34m  14 : 8f f8 01          CreateCatchContext r1, [1:0x09b80101e4e1 <ScopeInfo CATCH_SCOPE>]
[m[0;31m│[0;32m│[0;33m│[0;34m│[0m  [0m111: AllocationBlock(Young) → (x)
[0;31m│[0;32m│[0;33m│[0;34m│[0m  [0m112: InlinedAllocation(object 0x09b801014af1 <Map(CATCH_CONTEXT_TYPE)>) [v0/n111:(x)] → (x)
[0;31m│[0;32m│[0;33m│[0;34m│[0m  [0m113: StoreMap(0x09b801014af1 <Map(CATCH_CONTEXT_TYPE)>, InlinedAllocation) [v0/n112:(x)] 🪦
[0;31m│[0;32m│[0;33m│[0;34m│[0m  [0m114: StoreTaggedFieldNoWriteBarrier(0x4, mutable) [v0/n112:(x), v0/n32:(x)] 🪦
[0;31m│[0;32m│[0;33m│[0;34m│[0m  [0m115: StoreTaggedFieldWithWriteBarrier(0x8, constant, maybe_smi:0) [v0/n112:(x), v0/n58:(x)] 🪦
[0;31m│[0;32m│[0;33m│[0;34m│[0m  [0m116: StoreTaggedFieldWithWriteBarrier(0xc, constant, maybe_smi:0) [v0/n112:(x), v0/n20:(x)] 🪦
[0;31m│[0;32m│[0;33m│[0;34m│[0m  [0m117: StoreTaggedFieldWithWriteBarrier(0x10, constant, maybe_smi:1) [v0/n112:(x), v0/n110:(x)] 🪦
[0;31m│[0;32m│[0;33m│[0;34m│[0m[0;34m  19 : b6                SetPendingMessage
[m[0;31m│[0;32m│[0;33m│[0;34m│[0m  [0m118: SetPendingMessage [v0/n41:(x)] → (x)
[0;31m│[0;32m│[0;33m│[0;34m│[0m[0;34m  26 : 0c                LdaZero
[m[0;31m│[0;32m│[0;33m│[0;34m│[0m  [0m119: Jump b16
[0;31m│[0;32m│[0;33m│[0;34m│[0m    ↓
[0;31m│[0;32m│[0;33m│[0;34m╰►[0mBlock b16
[0;31m│[0;32m│[0;33m│ [0m[1;34m0x09b80101e15d <SharedFunctionInfo> (0x09b80104a8b5 <String[18]: "workloads/throw.js">:0:0)
[m[0;31m│[0;32m│[0;33m│ [0m[0;34m  60 : 29 02             StaCurrentContextSlot [2]
[m[0;31m│[0;32m│[0;33m│ [0m  [0m120: StoreContextSlotWithWriteBarrier(2, mutable) [v0/n2:(x), v0/n105:(x)]
[0;31m│[0;32m│[0;33m│ [0m       ↳ lazy @60 : {<closure>:n3:, <this>:n1:, <context>:n2:, r1:n77:, <accumulator>:n104:} (addr:0x10c011346f8)
[0;31m│[0;32m│[0;33m│ [0m[0;34m  65 : 5b 0a             Inc FBV[10]
[m[0;31m│[0;32m│[0;33m│ [0m       ↱ eager @65 : {<closure>:n3:, <this>:n1:, <context>:n2:, r0:n104:, <accumulator>:n77:} (addr:0x10c01134858)
[0;31m│[0;32m│[0;33m│ [0m  [0m121: Int32IncrementWithOverflow [v0/n78:(x)] → (x)
[0;31m│[0;32m│[0;33m│ [0m[0;34m  68 : 97 31 00 0b       JumpLoop [49], [0], FBV[11]
[m[0;31m│[0;32m│[0;33m│ [0m  [0m122: ReduceInterruptBudgetForLoop(39) [v0/n71:(x)]
[0;31m│[0;32m│[0;33m│ [0m       ↳ lazy @68 : {<closure>:n3:, <this>:n1:, <context>:n2:, r0:n104:, r1:n121:} (addr:0x10c01134968)
[0;31m│[0;32m│[0;33m│ [0m  [0m124: Int32ToNumber[kCanonicalizeSmi] [v0/n121:(x)] → (x)
[0;31m│[0;32m│[0;33m│ [0m       ↱ eager @65 : {<closure>:n3:, <this>:n1:, <context>:n2:, r0:n104:, <accumulator>:n77:} (addr:0x10c01134858)
[0;31m│[0;32m╰──◄─[0m123: JumpLoop b9
[0;31m│ [0;33m│ [0m       with gap moves:
[0;31m│ [0;33m│ [0m         - v0/n105:(x) → 76: φᵀ r0 (x)
[0;31m│ [0;33m│ [0m         - v0/n124:(x) → 77: φᵀ r1 (x)
[0;31m│ [0;33m│ [0m
[0;31m│ [0;33m╰─►[0mBlock b17
[0;31m│   [0m[0;34m  72 : 0b f9             Ldar r0
[m[0;31m│[0;32m╭────[0m125: Jump b19
[0;31m│[0;32m│  [0m       with gap moves:
[0;31m│[0;32m│  [0m         - v0/n76:(x) → 127: φᵀ r0 (x)
[0;31m│[0;32m│  [0m
[0;31m╰───►[0mBlock b18
 [0;32m│  [0m  [0m126: Jump b19
 [0;32m│  [0m    │  with gap moves:
 [0;32m│  [0m    │    - v0/n4:(x) → 127: φᵀ r0 (x)
 [0;32m│  [0m    ▼
 [0;32m╰──►[0mBlock b19
    [0m  [0m127: φᵀ r0 (n4, n76) (compressed) → (x)
    [0m[0;34m  74 : b9                Return
[m    [0m  [0m128: ReduceInterruptBudgetForReturn(74) [v0/n71:(x)]
    [0m  [0m129: Return [v0/n127:(x)]
    [0m

----- After register allocation pre-processing -----
Graph

    [0m    [0m1/71: Constant(0x09b80101e2d9 <FeedbackCell[one closure]>) → v-1, live range: [1-86]
    [0m    [0m2/25: Constant(0x09b80101e2fd <JSFunction mayThrow (sfi = 0x9b80101e1d5)>) → v-1, live range: [2-82]
    [0m    [0m3/53: Constant(0x09b80101e365 <JSFunction bare (sfi = 0x9b80101e235)>) → v-1, live range: [3-82]
    [0m    [0m4/18: Constant(0x09b80101e331 <JSFunction risky (sfi = 0x9b80101e205)>) → v-1, live range: [4-82]
    [0m    [0m5/20: Constant(0x09b80101e2e9 <ScriptContext[3]>) → v-1, live range: [5-82]
    [0m    [0m6/21: Constant(0x09b801004979 <JSGlobalProxy>) → v-1, live range: [6-82]
    [0m    [0m7/19: RootConstant(undefined_value) → v-1, live range: [7-82]
    [0m    [0m8/41: RootConstant(the_hole_value) → v-1, live range: [8-82]
    [0m    [0m9/10: SmiConstant(400000) → v-1, live range: [9-82]
    [0m   [0m10/23: Int32Constant(2) → v-1, live range: [10-82]
    [0m   [0m11/12: Int32Constant(400000) → v-1, live range: [11-82]
     [0mBlock b0
    [0m[1;34m0x09b80101e15d <SharedFunctionInfo> (0x09b80104a8b5 <String[18]: "workloads/throw.js">:0:0)
[m    [0m[0;34m  19 : 01 0d 80 1a 06 00 LdaSmi.ExtraWide [400000]
[m    [0m    [0m12/1: InitialValue(<this>) → v-1(=-6S), live range: [12-82]
    [0m    [0m13/2: InitialValue(<context>) → v-1(=-3S), live range: [13-82]
    [0m    [0m14/3: InitialValue(<closure>) → v-1(=-2S), live range: [14-82]
    [0m    [0m15/4: InitialValue(r0) → v-1(=3S), live range: [15-84]
    [0m    [0m16/5: InitialValue(r1) → v-1(=4S), live range: [16-46]
    [0m    [0m17/8: FunctionEntryStackCheck
    [0m          ↳ lazy @68 : {<closure>:n3:(x), <this>:n1:(x), <context>:n2:(x), r0:n4:(x), r1:n5:(x)} (addr:0x10c0114c9f0)
    [0m          ↱ eager @68 : {<closure>:n3:, <this>:n1:, <context>:n2:, r0:n4:, r1:n5:} (addr:0x10c0114c9f0)
    [0m    [0m18/9: CheckpointedJump b1
    [0m       ↓
     [0mBlock b1
    [0m[0;34m  25 : 79 f8 04          TestLessThan r1, EmbeddedFeedback[4]
[m    [0m          ↱ eager @25 : {<closure>:n3:(x), <this>:n1:(x), <context>:n2:(x), r0:n4:(x), r1:n5:(x), <accumulator>:n10:(x)} (addr:0x10c0114e3b8)
    [0m   [0m19/11: CheckedSmiUntag [v16/n5:v-1(R)] → v-1(0), live range: [19-46]
    [0m[0;34m  28 : a8 2c             JumpIfFalse [44]
[m[0;31m╭──────[0m20/14: BranchIfInt32Compare(LessThan) [v19/n11:v-1(R), v11/n12:v-1(R)] b2 b18
[0;31m│   [0m       ↓
[0;31m│    [0mBlock b2
[0;31m│   [0m[0;34m  30 : 18 02             LdaCurrentContextSlot [2]
[m[0;31m│   [0m   [0m21/17: LoadContextSlot(0x10, mutable) [v13/n2:v-1(R)] → v-1(R), live range: [21-37]
[0;31m│   [0m[1;34m0x09b80101e205 <SharedFunctionInfo risky> (0x09b80104a8b5 <String[18]: "workloads/throw.js">:27:14)
[m[0;31m│   [0m[0;34m   0 : 0b 03             Ldar a0
[m[0;31m│   [0m   [0m22/22: Jump b3
[0;31m│   [0m       ↓
[0;31m│    [0mBlock b3
[0;31m│   [0m[1;34m0x09b80101e205 <SharedFunctionInfo risky> (0x09b80104a8b5 <String[18]: "workloads/throw.js">:0:0)
[m[0;31m│   [0m[0;34m   2 : 51 02 00          MulSmi [2], FBV[0]
[m[0;31m│   [0m          ↱ eager @37 : {<closure>:n3:(x), <this>:n1:(x), <context>:n2:(x), r1:n5:(x), r2:n17:(x)} (addr:0x10c0114f8b8)
[0;31m│   [0m          │       @2 : {<closure>:n18:(x), <this>:n21:(x), a0:n5:(x), <context>:n20:(x), <accumulator>:n5:(x)} (addr:0x10c0111c308)
[0;31m│   [0m   [0m23/24: Int32MultiplyWithOverflow [v19/n11:v-1(R), v10/n23:v-1(R)] → v-1(R), live range: [23-31]
[0;31m│   [0m[0;34m  13 : 6d f6 03 04       CallUndefinedReceiver1 r3, a0, FBV[4]
[m[0;31m│   [0m   [0m24/26: 🐢 CallKnownJSFunction(0x09b80101e1d5 <SharedFunctionInfo mayThrow>, {Int32}) [v2/n25:v-1(=x1), v5/n20:v-1(=x27), v6/n21:v-1(*), v7/n19:v-1(=x3), v16/n5:v-1(*)] → v-1(=x0), live range: [24-26]
[0;31m│   [0m          │      @37 : {<closure>:n3:(x), <this>:n1:(x), <context>:n2:(x), r1:n5:(x), r2:n17:(x)} (addr:0x10c0114f8b8)
[0;31m│   [0m          ↳ lazy @13 : {<closure>:n18:(x), <this>:n21:(x), a0:n5:(x), <context>:n20:(x), r0:n24:(x), r1:n20:(x)} (addr:0x10c0111daf0)
[0;31m│   [0m          ↳ throw @26 (b4) : {<this>:n21, a0:n5, <context>:n20, r0:n24}
[0;31m│   [0m[0;34m  17 : 42 f9 01          Add r0, FBV[1]
[m[0;31m│   [0m          ↱ eager @37 : {<closure>:n3:(x), <this>:n1:(x), <context>:n2:(x), r1:n5:(x), r2:n17:(x)} (addr:0x10c0114f8b8)
[0;31m│   [0m          │       @17 : {<closure>:n18:(x), <this>:n21:(x), a0:n5:(x), <context>:n20:(x), r0:n24:(x), r1:n20:(x), <accumulator>:n26:(x)} (addr:0x10c0111e178)
[0;31m│   [0m   [0m25/27: CheckedSmiUntag [v24/n26:v-1(R)] → v-1(0), live range: [25-26]
[0;31m│   [0m          ↱ eager @37 : {<closure>:n3:(x), <this>:n1:(x), <context>:n2:(x), r1:n5:(x), r2:n17:(x)} (addr:0x10c0114f8b8)
[0;31m│   [0m          │       @17 : {<closure>:n18:(x), <this>:n21:(x), a0:n5:(x), <context>:n20:(x), r0:n24:(x), r1:n20:(x), <accumulator>:n26:(x)} (addr:0x10c0111e178)
[0;31m│   [0m   [0m26/28: Int32AddWithOverflow [v23/n24:v-1(R), v25/n27:v-1(R)] → v-1(R), live range: [26-27]
[0;31m│   [0m   [0m27/45: Int32ToNumber[kCanonicalizeSmi] [v26/n28:v-1(R)] → v-1(R), live range: [27-28]
[0;31m│   [0m[0;34m  24 : 98 15             Jump [21]
[m[0;31m│[0;32m╭─────[0m28/29: Jump b5
[0;31m│[0;32m│  [0m          with gap moves:
[0;31m│[0;32m│  [0m            - v27/n45:v-1(*) → 47: φᵀ r0 v-1(*)
[0;31m│[0;32m│  [0m
[0;31m│[0;32m│   [0mBlock b4 (exception handler)
[0;31m│[0;32m│  [0m   [0m29/30: φᵀₑ <accumulator> → v-1(*), live range: [29-31]
[0;31m│[0;32m│  [0m[0;34m  32 : b6                SetPendingMessage
[m[0;31m│[0;32m│  [0m   [0m30/42: SetPendingMessage [v8/n41:v-1(R)] → v-1(R)
[0;31m│[0;32m│  [0m[0;34m  39 : 50 01 06          SubSmi [1], FBV[6]
[m[0;31m│[0;32m│  [0m          ↱ eager @37 : {<closure>:n3:(x), <this>:n1:(x), <context>:n2:(x), r1:n5:(x), r2:n17:(x)} (addr:0x10c0114f8b8)
[0;31m│[0;32m│  [0m          │       @39 : {<closure>:n18:(x), <this>:n21:(x), a0:n5:(x), <context>:n35:(elided), r2:n20:(x), <accumulator>:n24:(x)} (addr:0x10c0111f250)
[0;31m│[0;32m│  [0m   [0m31/43: Int32DecrementWithOverflow [v23/n24:v-1(R)] → v-1(R), live range: [31-32]
[0;31m│[0;32m│  [0m   [0m32/46: Int32ToNumber[kCanonicalizeSmi] [v31/n43:v-1(R)] → v-1(R), live range: [32-33]
[0;31m│[0;32m│  [0m[0;34m  45 : 0b f9             Ldar r0
[m[0;31m│[0;32m│  [0m   [0m33/44: Jump b5
[0;31m│[0;32m│  [0m       │  with gap moves:
[0;31m│[0;32m│  [0m       │    - v32/n46:v-1(*) → 47: φᵀ r0 v-1(*)
[0;31m│[0;32m│  [0m       ▼
[0;31m│[0;32m╰──►[0mBlock b5
[0;31m│   [0m   [0m34/47: φᵀ r0 (n45, n46) → v-1(*), live range: [34-37]
[0;31m│   [0m[1;34m0x09b80101e15d <SharedFunctionInfo> (0x09b80104a8b5 <String[18]: "workloads/throw.js">:0:0)
[m[0;31m│   [0m[0;34m  41 : 42 f7 00          Add r2, FBV[0]
[m[0;31m│   [0m          ↱ eager @41 : {<closure>:n3:(x), <this>:n1:(x), <context>:n2:(x), r1:n5:(x), r2:n17:(x), <accumulator>:n47:(x)} (addr:0x10c0111f698)
[0;31m│   [0m   [0m35/48: CheckedSmiUntag [v21/n17:v-1(R)] → v-1(0), live range: [35-37]
[0;31m│   [0m          ↱ eager @41 : {<closure>:n3:(x), <this>:n1:(x), <context>:n2:(x), r1:n5:(x), r2:n17:(x), <accumulator>:n47:(x)} (addr:0x10c0111f698)
[0;31m│   [0m   [0m36/49: CheckedSmiUntag [v34/n47:v-1(R)] → v-1(0), live range: [36-37]
[0;31m│   [0m          ↱ eager @41 : {<closure>:n3:(x), <this>:n1:(x), <context>:n2:(x), r1:n5:(x), r2:n17:(x), <accumulator>:n47:(x)} (addr:0x10c0111f698)
[0;31m│   [0m   [0m37/50: Int32AddWithOverflow [v35/n48:v-1(R), v36/n49:v-1(R)] → v-1(R), live range: [37-47]
[0;31m│   [0m[0;34m  44 : 29 02             StaCurrentContextSlot [2]
[m[0;31m│   [0m   [0m38/51: Int32ToNumber[kCanonicalizeSmi] [v37/n50:v-1(R)] → v-1(R), live range: [38-49]
[0;31m│   [0m   [0m39/52: StoreContextSlotWithWriteBarrier(2, mutable) [v13/n2:v-1(=x1), v38/n51:v-1(R)]
[0;31m│   [0m          ↳ lazy @44 : {<closure>:n3:(x), <this>:n1:(x), <context>:n2:(x), r1:n5:(x)} (addr:0x10c0111fa10)
[0;31m│   [0m[1;34m0x09b80101e235 <SharedFunctionInfo bare> (0x09b80104a8b5 <String[18]: "workloads/throw.js">:34:13)
[m[0;31m│   [0m[0;34m   0 : 1b ff f9          Mov <context>, r0
[m[0;31m│   [0m   [0m40/54: Jump b6
[0;31m│   [0m       ↓
[0;31m│    [0mBlock b6
[0;31m│   [0m[1;34m0x09b80101e235 <SharedFunctionInfo bare> (0x09b80104a8b5 <String[18]: "workloads/throw.js">:0:0)
[m[0;31m│   [0m[0;34m   7 : 6d f8 03 02       CallUndefinedReceiver1 r1, a0, FBV[2]
[m[0;31m│   [0m   [0m41/55: 🐢 CallKnownJSFunction(0x09b80101e1d5 <SharedFunctionInfo mayThrow>, {}) [v2/n25:v-1(=x1), v5/n20:v-1(=x27), v6/n21:v-1(*), v7/n19:v-1(=x3), v16/n5:v-1(*)] → v-1(=x0)
[0;31m│   [0m          │      @53 : {<closure>:n3:(x), <this>:n1:(x), <context>:n2:(x), r1:n5:(x), r2:n50:(x)} (addr:0x10c0111fea0)
[0;31m│   [0m          ↳ lazy @7 : {<closure>:n53:(x), <this>:n21:(x), a0:n5:(x), <context>:n20:(x), r0:n20:(x)} (addr:0x10c011251f0)
[0;31m│   [0m          ↳ throw (b7)
[0;31m│   [0m[0;34m  11 : 98 0f             Jump [15]
[m[0;31m│[0;32m╭─────[0m42/56: Jump b8
[0;31m│[0;32m│  [0m
[0;31m│[0;32m│   [0mBlock b7 (exception handler)
[0;31m│[0;32m│  [0m[0;34m  19 : b6                SetPendingMessage
[m[0;31m│[0;32m│  [0m   [0m43/66: SetPendingMessage [v8/n41:v-1(R)] → v-1(R)
[0;31m│[0;32m│  [0m[0;34m  26 : 0c                LdaZero
[m[0;31m│[0;32m│  [0m   [0m44/67: Jump b8
[0;31m│[0;32m│  [0m       ↓
[0;31m│[0;32m╰──►[0mBlock b8
[0;31m│   [0m[1;34m0x09b80101e15d <SharedFunctionInfo> (0x09b80104a8b5 <String[18]: "workloads/throw.js">:0:0)
[m[0;31m│   [0m[0;34m  60 : 29 02             StaCurrentContextSlot [2]
[m[0;31m│   [0m   [0m45/69: StoreContextSlotWithWriteBarrier(2, mutable) [v13/n2:v-1(=x1), v38/n51:v-1(R)]
[0;31m│   [0m          ↳ lazy @60 : {<closure>:n3:(x), <this>:n1:(x), <context>:n2:(x), r1:n5:(x), <accumulator>:n50:(x)} (addr:0x10c01126570)
[0;31m│   [0m[0;34m  65 : 5b 0a             Inc FBV[10]
[m[0;31m│   [0m          ↱ eager @65 : {<closure>:n3:(x), <this>:n1:(x), <context>:n2:(x), r0:n50:(x), <accumulator>:n5:(x)} (addr:0x10c01126758)
[0;31m│   [0m   [0m46/70: Int32IncrementWithOverflow [v19/n11:v-1(R)] → v-1(R), live range: [46-48]
[0;31m│   [0m[0;34m  68 : 97 31 00 0b       JumpLoop [49], [0], FBV[11]
[m[0;31m│   [0m   [0m47/72: ReduceInterruptBudgetForLoop(39) [v1/n71:v-1(R)]
[0;31m│   [0m          ↳ lazy @68 : {<closure>:n3:(x), <this>:n1:(x), <context>:n2:(x), r0:n50:(x), r1:n70:(x)} (addr:0x10c01126950)
[0;31m│   [0m   [0m48/75: Int32ToNumber[kCanonicalizeSmi] [v46/n70:v-1(R)] → v-1(R), live range: [48-49]
[0;31m│   [0m   [0m49/74: Jump b9
[0;31m│   [0m       │  with gap moves:
[0;31m│   [0m       │    - v38/n51:v-1(*) → 76: φᵀ r0 v-1(*)
[0;31m│   [0m       │    - v48/n75:v-1(*) → 77: φᵀ r1 v-1(*)
[0;31m│   [0m       ▼
[0;31m│[0;32m╭──►[0mBlock b9 peeled (effects: ua c1)
[0;31m│[0;32m│  [0m   [0m50/76: φᵀ r0 (n51, n105) → v-1(*), live range: [50-83]
[0;31m│[0;32m│  [0m   [0m51/77: φᵀ r1 (n75, n124) → v-1(*), live range: [51-79]
[0;31m│[0;32m│  [0m[0;34m  25 : 79 f8 04          TestLessThan r1, EmbeddedFeedback[4]
[m[0;31m│[0;32m│  [0m          ↱ eager @25 : {<closure>:n3:(x), <this>:n1:(x), <context>:n2:(x), r0:n76:(x), r1:n77:(x), <accumulator>:n10:(x)} (addr:0x10c01127808)
[0;31m│[0;32m│  [0m   [0m52/78: CheckedSmiUntag [v51/n77:v-1(R)] → v-1(0), live range: [52-79]
[0;31m│[0;32m│  [0m[0;34m  28 : a8 2c             JumpIfFalse [44]
[m[0;31m│[0;32m│[0;33m╭────[0m53/80: BranchIfInt32Compare(LessThan) [v52/n78:v-1(R), v11/n12:v-1(R)] b10 b17
[0;31m│[0;32m│[0;33m│ [0m       ↓
[0;31m│[0;32m│[0;33m│  [0mBlock b10
[0;31m│[0;32m│[0;33m│ [0m[0;34m  30 : 18 02             LdaCurrentContextSlot [2]
[m[0;31m│[0;32m│[0;33m│ [0m   [0m54/81: LoadContextSlot(0x10, mutable) [v13/n2:v-1(R)] → v-1(R), live range: [54-70]
[0;31m│[0;32m│[0;33m│ [0m[1;34m0x09b80101e205 <SharedFunctionInfo risky> (0x09b80104a8b5 <String[18]: "workloads/throw.js">:27:14)
[m[0;31m│[0;32m│[0;33m│ [0m[0;34m   0 : 0b 03             Ldar a0
[m[0;31m│[0;32m│[0;33m│ [0m   [0m55/82: Jump b11
[0;31m│[0;32m│[0;33m│ [0m       ↓
[0;31m│[0;32m│[0;33m│  [0mBlock b11
[0;31m│[0;32m│[0;33m│ [0m[1;34m0x09b80101e205 <SharedFunctionInfo risky> (0x09b80104a8b5 <String[18]: "workloads/throw.js">:0:0)
[m[0;31m│[0;32m│[0;33m│ [0m[0;34m   2 : 51 02 00          MulSmi [2], FBV[0]
[m[0;31m│[0;32m│[0;33m│ [0m          ↱ eager @37 : {<closure>:n3:(x), <this>:n1:(x), <context>:n2:(x), r1:n77:(x), r2:n81:(x)} (addr:0x10c01127b38)
[0;31m│[0;32m│[0;33m│ [0m          │       @2 : {<closure>:n18:(x), <this>:n21:(x), a0:n77:(x), <context>:n20:(x), <accumulator>:n77:(x)} (addr:0x10c0112b648)
[0;31m│[0;32m│[0;33m│ [0m   [0m56/83: Int32MultiplyWithOverflow [v52/n78:v-1(R), v10/n23:v-1(R)] → v-1(R), live range: [56-64]
[0;31m│[0;32m│[0;33m│ [0m[0;34m  13 : 6d f6 03 04       CallUndefinedReceiver1 r3, a0, FBV[4]
[m[0;31m│[0;32m│[0;33m│ [0m   [0m57/84: 🐢 CallKnownJSFunction(0x09b80101e1d5 <SharedFunctionInfo mayThrow>, {Int32}) [v2/n25:v-1(=x1), v5/n20:v-1(=x27), v6/n21:v-1(*), v7/n19:v-1(=x3), v51/n77:v-1(*)] → v-1(=x0), live range: [57-59]
[0;31m│[0;32m│[0;33m│ [0m          │      @37 : {<closure>:n3:(x), <this>:n1:(x), <context>:n2:(x), r1:n77:(x), r2:n81:(x)} (addr:0x10c01127b38)
[0;31m│[0;32m│[0;33m│ [0m          ↳ lazy @13 : {<closure>:n18:(x), <this>:n21:(x), a0:n77:(x), <context>:n20:(x), r0:n83:(x), r1:n20:(x)} (addr:0x10c0112c7e8)
[0;31m│[0;32m│[0;33m│ [0m          ↳ throw @26 (b12) : {<this>:n21, a0:n77, <context>:n20, r0:n83}
[0;31m│[0;32m│[0;33m│ [0m[0;34m  17 : 42 f9 01          Add r0, FBV[1]
[m[0;31m│[0;32m│[0;33m│ [0m          ↱ eager @37 : {<closure>:n3:(x), <this>:n1:(x), <context>:n2:(x), r1:n77:(x), r2:n81:(x)} (addr:0x10c01127b38)
[0;31m│[0;32m│[0;33m│ [0m          │       @17 : {<closure>:n18:(x), <this>:n21:(x), a0:n77:(x), <context>:n20:(x), r0:n83:(x), r1:n20:(x), <accumulator>:n84:(x)} (addr:0x10c0112cec0)
[0;31m│[0;32m│[0;33m│ [0m   [0m58/85: CheckedSmiUntag [v57/n84:v-1(R)] → v-1(0), live range: [58-59]
[0;31m│[0;32m│[0;33m│ [0m          ↱ eager @37 : {<closure>:n3:(x), <this>:n1:(x), <context>:n2:(x), r1:n77:(x), r2:n81:(x)} (addr:0x10c01127b38)
[0;31m│[0;32m│[0;33m│ [0m          │       @17 : {<closure>:n18:(x), <this>:n21:(x), a0:n77:(x), <context>:n20:(x), r0:n83:(x), r1:n20:(x), <accumulator>:n84:(x)} (addr:0x10c0112cec0)
[0;31m│[0;32m│[0;33m│ [0m   [0m59/86: Int32AddWithOverflow [v56/n83:v-1(R), v58/n85:v-1(R)] → v-1(R), live range: [59-60]
[0;31m│[0;32m│[0;33m│ [0m   [0m60/99: Int32ToNumber[kCanonicalizeSmi] [v59/n86:v-1(R)] → v-1(R), live range: [60-61]
[0;31m│[0;32m│[0;33m│ [0m[0;34m  24 : 98 15             Jump [21]
[m[0;31m│[0;32m│[0;33m│[0;34m╭───[0m61/87: Jump b13
[0;31m│[0;32m│[0;33m│[0;34m│[0m          with gap moves:
[0;31m│[0;32m│[0;33m│[0;34m│[0m            - v60/n99:v-1(*) → 101: φᵀ r0 v-1(*)
[0;31m│[0;32m│[0;33m│[0;34m│[0m
[0;31m│[0;32m│[0;33m│[0;34m│ [0mBlock b12 (exception handler)
[0;31m│[0;32m│[0;33m│[0;34m│[0m   [0m62/88: φᵀₑ <accumulator> → v-1(*), live range: [62-64]
[0;31m│[0;32m│[0;33m│[0;34m│[0m[0;34m  32 : b6                SetPendingMessage
[m[0;31m│[0;32m│[0;33m│[0;34m│[0m   [0m63/96: SetPendingMessage [v8/n41:v-1(R)] → v-1(R)
[0;31m│[0;32m│[0;33m│[0;34m│[0m[0;34m  39 : 50 01 06          SubSmi [1], FBV[6]
[m[0;31m│[0;32m│[0;33m│[0;34m│[0m          ↱ eager @37 : {<closure>:n3:(x), <this>:n1:(x), <context>:n2:(x), r1:n77:(x), r2:n81:(x)} (addr:0x10c01127b38)
[0;31m│[0;32m│[0;33m│[0;34m│[0m          │       @39 : {<closure>:n18:(x), <this>:n21:(x), a0:n77:(x), <context>:n90:(elided), r2:n20:(x), <accumulator>:n83:(x)} (addr:0x10c0112de08)
[0;31m│[0;32m│[0;33m│[0;34m│[0m   [0m64/97: Int32DecrementWithOverflow [v56/n83:v-1(R)] → v-1(R), live range: [64-65]
[0;31m│[0;32m│[0;33m│[0;34m│[0m  [0m65/100: Int32ToNumber[kCanonicalizeSmi] [v64/n97:v-1(R)] → v-1(R), live range: [65-66]
[0;31m│[0;32m│[0;33m│[0;34m│[0m[0;34m  45 : 0b f9             Ldar r0
[m[0;31m│[0;32m│[0;33m│[0;34m│[0m   [0m66/98: Jump b13
[0;31m│[0;32m│[0;33m│[0;34m│[0m       │  with gap moves:
[0;31m│[0;32m│[0;33m│[0;34m│[0m       │    - v65/n100:v-1(*) → 101: φᵀ r0 v-1(*)
[0;31m│[0;32m│[0;33m│[0;34m│[0m       ▼
[0;31m│[0;32m│[0;33m│[0;34m╰►[0mBlock b13
[0;31m│[0;32m│[0;33m│ [0m  [0m67/101: φᵀ r0 (n99, n100) → v-1(*), live range: [67-70]
[0;31m│[0;32m│[0;33m│ [0m[1;34m0x09b80101e15d <SharedFunctionInfo> (0x09b80104a8b5 <String[18]: "workloads/throw.js">:0:0)
[m[0;31m│[0;32m│[0;33m│ [0m[0;34m  41 : 42 f7 00          Add r2, FBV[0]
[m[0;31m│[0;32m│[0;33m│ [0m          ↱ eager @41 : {<closure>:n3:(x), <this>:n1:(x), <context>:n2:(x), r1:n77:(x), r2:n81:(x), <accumulator>:n101:(x)} (addr:0x10c0112e230)
[0;31m│[0;32m│[0;33m│ [0m  [0m68/102: CheckedSmiUntag [v54/n81:v-1(R)] → v-1(0), live range: [68-70]
[0;31m│[0;32m│[0;33m│ [0m          ↱ eager @41 : {<closure>:n3:(x), <this>:n1:(x), <context>:n2:(x), r1:n77:(x), r2:n81:(x), <accumulator>:n101:(x)} (addr:0x10c0112e230)
[0;31m│[0;32m│[0;33m│ [0m  [0m69/103: CheckedSmiUntag [v67/n101:v-1(R)] → v-1(0), live range: [69-70]
[0;31m│[0;32m│[0;33m│ [0m          ↱ eager @41 : {<closure>:n3:(x), <this>:n1:(x), <context>:n2:(x), r1:n77:(x), r2:n81:(x), <accumulator>:n101:(x)} (addr:0x10c0112e230)
[0;31m│[0;32m│[0;33m│ [0m  [0m70/104: Int32AddWithOverflow [v68/n102:v-1(R), v69/n103:v-1(R)] → v-1(R), live range: [70-80]
[0;31m│[0;32m│[0;33m│ [0m[0;34m  44 : 29 02             StaCurrentContextSlot [2]
[m[0;31m│[0;32m│[0;33m│ [0m  [0m71/105: Int32ToNumber[kCanonicalizeSmi] [v70/n104:v-1(R)] → v-1(R), live range: [71-82]
[0;31m│[0;32m│[0;33m│ [0m  [0m72/106: StoreContextSlotWithWriteBarrier(2, mutable) [v13/n2:v-1(=x1), v71/n105:v-1(R)]
[0;31m│[0;32m│[0;33m│ [0m          ↳ lazy @44 : {<closure>:n3:(x), <this>:n1:(x), <context>:n2:(x), r1:n77:(x)} (addr:0x10c0112e5a8)
[0;31m│[0;32m│[0;33m│ [0m[1;34m0x09b80101e235 <SharedFunctionInfo bare> (0x09b80104a8b5 <String[18]: "workloads/throw.js">:34:13)
[m[0;31m│[0;32m│[0;33m│ [0m[0;34m   0 : 1b ff f9          Mov <context>, r0
[m[0;31m│[0;32m│[0;33m│ [0m  [0m73/107: Jump b14
[0;31m│[0;32m│[0;33m│ [0m       ↓
[0;31m│[0;32m│[0;33m│  [0mBlock b14
[0;31m│[0;32m│[0;33m│ [0m[1;34m0x09b80101e235 <SharedFunctionInfo bare> (0x09b80104a8b5 <String[18]: "workloads/throw.js">:0:0)
[m[0;31m│[0;32m│[0;33m│ [0m[0;34m   7 : 6d f8 03 02       CallUndefinedReceiver1 r1, a0, FBV[2]
[m[0;31m│[0;32m│[0;33m│ [0m  [0m74/108: 🐢 CallKnownJSFunction(0x09b80101e1d5 <SharedFunctionInfo mayThrow>, {}) [v2/n25:v-1(=x1), v5/n20:v-1(=x27), v6/n21:v-1(*), v7/n19:v-1(=x3), v51/n77:v-1(*)] → v-1(=x0)
[0;31m│[0;32m│[0;33m│ [0m          │      @53 : {<closure>:n3:(x), <this>:n1:(x), <context>:n2:(x), r1:n77:(x), r2:n104:(x)} (addr:0x10c0112e848)
[0;31m│[0;32m│[0;33m│ [0m          ↳ lazy @7 : {<closure>:n53:(x), <this>:n21:(x), a0:n77:(x), <context>:n20:(x), r0:n20:(x)} (addr:0x10c011330e8)
[0;31m│[0;32m│[0;33m│ [0m          ↳ throw (b15)
[0;31m│[0;32m│[0;33m│ [0m[0;34m  11 : 98 0f             Jump [15]
[m[0;31m│[0;32m│[0;33m│[0;34m╭──[0m75/109: Jump b16
[0;31m│[0;32m│[0;33m│[0;34m│[0m
[0;31m│[0;32m│[0;33m│[0;34m│ [0mBlock b15 (exception handler)
[0;31m│[0;32m│[0;33m│[0;34m│[0m[0;34m  19 : b6                SetPendingMessage
[m[0;31m│[0;32m│[0;33m│[0;34m│[0m  [0m76/118: SetPendingMessage [v8/n41:v-1(R)] → v-1(R)
[0;31m│[0;32m│[0;33m│[0;34m│[0m[0;34m  26 : 0c                LdaZero
[m[0;31m│[0;32m│[0;33m│[0;34m│[0m  [0m77/119: Jump b16
[0;31m│[0;32m│[0;33m│[0;34m│[0m       ↓
[0;31m│[0;32m│[0;33m│[0;34m╰►[0mBlock b16
[0;31m│[0;32m│[0;33m│ [0m[1;34m0x09b80101e15d <SharedFunctionInfo> (0x09b80104a8b5 <String[18]: "workloads/throw.js">:0:0)
[m[0;31m│[0;32m│[0;33m│ [0m[0;34m  60 : 29 02             StaCurrentContextSlot [2]
[m[0;31m│[0;32m│[0;33m│ [0m  [0m78/120: StoreContextSlotWithWriteBarrier(2, mutable) [v13/n2:v-1(=x1), v71/n105:v-1(R)]
[0;31m│[0;32m│[0;33m│ [0m          ↳ lazy @60 : {<closure>:n3:(x), <this>:n1:(x), <context>:n2:(x), r1:n77:(x), <accumulator>:n104:(x)} (addr:0x10c011346f8)
[0;31m│[0;32m│[0;33m│ [0m[0;34m  65 : 5b 0a             Inc FBV[10]
[m[0;31m│[0;32m│[0;33m│ [0m          ↱ eager @65 : {<closure>:n3:(x), <this>:n1:(x), <context>:n2:(x), r0:n104:(x), <accumulator>:n77:(x)} (addr:0x10c01134858)
[0;31m│[0;32m│[0;33m│ [0m  [0m79/121: Int32IncrementWithOverflow [v52/n78:v-1(R)] → v-1(R), live range: [79-81]
[0;31m│[0;32m│[0;33m│ [0m[0;34m  68 : 97 31 00 0b       JumpLoop [49], [0], FBV[11]
[m[0;31m│[0;32m│[0;33m│ [0m  [0m80/122: ReduceInterruptBudgetForLoop(39) [v1/n71:v-1(R)]
[0;31m│[0;32m│[0;33m│ [0m          ↳ lazy @68 : {<closure>:n3:(x), <this>:n1:(x), <context>:n2:(x), r0:n104:(x), r1:n121:(x)} (addr:0x10c01134968)
[0;31m│[0;32m│[0;33m│ [0m  [0m81/124: Int32ToNumber[kCanonicalizeSmi] [v79/n121:v-1(R)] → v-1(R), live range: [81-82]
[0;31m│[0;32m│[0;33m│ [0m          ↱ eager @65 : {<closure>:n3:, <this>:n1:, <context>:n2:, r0:n104:, <accumulator>:n77:} (addr:0x10c01134858)
[0;31m│[0;32m╰──◄─[0m82/123: JumpLoop b9
[0;31m│ [0;33m│ [0m          with gap moves:
[0;31m│ [0;33m│ [0m            - v71/n105:v-1(*) → 76: φᵀ r0 v-1(*)
[0;31m│ [0;33m│ [0m            - v81/n124:v-1(*) → 77: φᵀ r1 v-1(*)
[0;31m│ [0;33m│ [0m
[0;31m│ [0;33m╰─►[0mBlock b17
[0;31m│   [0m[0;34m  72 : 0b f9             Ldar r0
[m[0;31m│[0;32m╭────[0m83/125: Jump b19
[0;31m│[0;32m│  [0m          with gap moves:
[0;31m│[0;32m│  [0m            - v50/n76:v-1(*) → 127: φᵀ r0 v-1(*)
[0;31m│[0;32m│  [0m
[0;31m╰───►[0mBlock b18
 [0;32m│  [0m  [0m84/126: Jump b19
 [0;32m│  [0m       │  with gap moves:
 [0;32m│  [0m       │    - v15/n4:v-1(*) → 127: φᵀ r0 v-1(*)
 [0;32m│  [0m       ▼
 [0;32m╰──►[0mBlock b19
    [0m  [0m85/127: φᵀ r0 (n4, n76) → v-1(*), live range: [85-87]
    [0m[0;34m  74 : b9                Return
[m    [0m  [0m86/128: ReduceInterruptBudgetForReturn(74) [v1/n71:v-1(R)]
    [0m  [0m87/129: Return [v85/n127:v-1(=x0)]
    [0m

----- After register allocation -----
Graph

    [0m    [0m1/71: Constant(0x09b80101e2d9 <FeedbackCell[one closure]>) → v-1, live range: [1-86]
    [0m    [0m2/25: Constant(0x09b80101e2fd <JSFunction mayThrow (sfi = 0x9b80101e1d5)>) → v-1, live range: [2-82]
    [0m    [0m3/53: Constant(0x09b80101e365 <JSFunction bare (sfi = 0x9b80101e235)>) → v-1, live range: [3-82]
    [0m    [0m4/18: Constant(0x09b80101e331 <JSFunction risky (sfi = 0x9b80101e205)>) → v-1, live range: [4-82]
    [0m    [0m5/20: Constant(0x09b80101e2e9 <ScriptContext[3]>) → v-1, live range: [5-82]
    [0m    [0m6/21: Constant(0x09b801004979 <JSGlobalProxy>) → v-1, live range: [6-82]
    [0m    [0m7/19: RootConstant(undefined_value) → v-1, live range: [7-82]
    [0m    [0m8/41: RootConstant(the_hole_value) → v-1, live range: [8-82]
    [0m    [0m9/10: SmiConstant(400000) → v-1, live range: [9-82]
    [0m   [0m10/23: Int32Constant(2) → v-1, live range: [10-82]
    [0m   [0m11/12: Int32Constant(400000) → v-1, live range: [11-82]
     [0mBlock b0
    [0m[1;34m0x09b80101e15d <SharedFunctionInfo> (0x09b80104a8b5 <String[18]: "workloads/throw.js">:0:0)
[m    [0m[0;34m  19 : 01 0d 80 1a 06 00 LdaSmi.ExtraWide [400000]
[m    [0m    [0m12/1: InitialValue(<this>) → [stack:-6|t], live range: [12-82]
    [0m    [0m13/2: InitialValue(<context>) → [stack:-3|t], live range: [13-82]
    [0m    [0m14/3: InitialValue(<closure>) → [stack:-2|t], live range: [14-82]
    [0m    [0m15/4: InitialValue(r0) → [stack:3|t], live range: [15-84]
    [0m    [0m16/5: InitialValue(r1) → [stack:4|t], live range: [16-46]
    [0m    [0m17/8: FunctionEntryStackCheck
    [0m          ↳ lazy @68 : {<closure>:n3:[stack:-2|t], <this>:n1:[stack:-6|t], <context>:n2:[stack:-3|t], r0:n4:[stack:3|t], r1:n5:[stack:4|t]} (addr:0x10c0114c9f0)
    [0m          ↱ eager @68 : {<closure>:n3:, <this>:n1:, <context>:n2:, r0:n4:, r1:n5:} (addr:0x10c0114c9f0)
    [0m    [0m18/9: CheckpointedJump b1
    [0m       ↓
     [0mBlock b1
    [0m     [0m130: GapMove([stack:4|t] → [x0|R|t])
    [0m[0;34m  25 : 79 f8 04          TestLessThan r1, EmbeddedFeedback[4]
[m    [0m          ↱ eager @25 : {<closure>:n3:[stack:-2|t], <this>:n1:[stack:-6|t], <context>:n2:[stack:-3|t], r0:n4:[stack:3|t], r1:n5:[stack:4|t], <accumulator>:n10:[constant:v-1]} (addr:0x10c0114e3b8)
    [0m   [0m19/11: CheckedSmiUntag [v16/n5:[x0|R|t]] → [x0|R|w32] (spilled: [stack:0|w32]), live range: [19-46]
    [0m     [0m131: ConstantGapMove(n12 → [x1|R|w32])
    [0m[0;34m  28 : a8 2c             JumpIfFalse [44]
[m[0;31m╭──────[0m20/14: BranchIfInt32Compare(LessThan) [v19/n11:[x0|R|w32], v11/n12:[x1|R|w32]] b2 b18
[0;31m│   [0m       ↓
[0;31m│    [0mBlock b2
[0;31m│   [0m     [0m132: GapMove([stack:-3|t] → [x2|R|t])
[0;31m│   [0m[0;34m  30 : 18 02             LdaCurrentContextSlot [2]
[m[0;31m│   [0m   [0m21/17: LoadContextSlot(0x10, mutable) [v13/n2:[x2|R|t]] → [x5|R|t] (spilled: [stack:2|t]), live range: [21-37]
[0;31m│   [0m[1;34m0x09b80101e205 <SharedFunctionInfo risky> (0x09b80104a8b5 <String[18]: "workloads/throw.js">:27:14)
[m[0;31m│   [0m[0;34m   0 : 0b 03             Ldar a0
[m[0;31m│   [0m   [0m22/22: Jump b3
[0;31m│   [0m       ↓
[0;31m│    [0mBlock b3
[0;31m│   [0m     [0m133: ConstantGapMove(n23 → [x3|R|w32])
[0;31m│   [0m[1;34m0x09b80101e205 <SharedFunctionInfo risky> (0x09b80104a8b5 <String[18]: "workloads/throw.js">:0:0)
[m[0;31m│   [0m[0;34m   2 : 51 02 00          MulSmi [2], FBV[0]
[m[0;31m│   [0m          ↱ eager @37 : {<closure>:n3:[stack:-2|t], <this>:n1:[stack:-6|t], <context>:n2:[x2|R|t], r1:n5:[stack:4|t], r2:n17:[x5|R|t]} (addr:0x10c0114f8b8)
[0;31m│   [0m          │       @2 : {<closure>:n18:[constant:v-1], <this>:n21:[constant:v-1], a0:n5:[stack:4|t], <context>:n20:[constant:v-1], <accumulator>:n5:[stack:4|t]} (addr:0x10c0111c308)
[0;31m│   [0m   [0m23/24: Int32MultiplyWithOverflow [v19/n11:[x0|R|w32], v10/n23:[x3|R|w32]] → [x4|R|w32] (spilled: [stack:1|w32]), live range: [23-31]
[0;31m│   [0m     [0m134: ConstantGapMove(n25 → [x1|R|t])
[0;31m│   [0m     [0m135: ConstantGapMove(n20 → [x27|R|t])
[0;31m│   [0m     [0m136: ConstantGapMove(n19 → [x3|R|t])
[0;31m│   [0m[0;34m  13 : 6d f6 03 04       CallUndefinedReceiver1 r3, a0, FBV[4]
[m[0;31m│   [0m   [0m24/26: 🐢 CallKnownJSFunction(0x09b80101e1d5 <SharedFunctionInfo mayThrow>, {Int32}) [v2/n25:[x1|R|t], v5/n20:[x27|R|t], v6/n21:[constant:v-1], v7/n19:[x3|R|t], v16/n5:[stack:4|t]] → [x0|R|t], live range: [24-26]
[0;31m│   [0m          │      @37 : {<closure>:n3:[stack:-2|t], <this>:n1:[stack:-6|t], <context>:n2:[stack:-3|t], r1:n5:[stack:4|t], r2:n17:[stack:2|t]} (addr:0x10c0114f8b8)
[0;31m│   [0m          ↳ lazy @13 : {<closure>:n18:[constant:v-1], <this>:n21:[constant:v-1], a0:n5:[stack:4|t], <context>:n20:[constant:v-1], r0:n24:[stack:1|w32], r1:n20:[constant:v-1]} (addr:0x10c0111daf0)
[0;31m│   [0m          ↳ throw @26 (b4) : {<this>:n21, a0:n5, <context>:n20, r0:n24}
[0;31m│   [0m     [0m137: GapMove([x0|R|t] → [x1|R|t])
[0;31m│   [0m[0;34m  17 : 42 f9 01          Add r0, FBV[1]
[m[0;31m│   [0m          ↱ eager @37 : {<closure>:n3:[stack:-2|t], <this>:n1:[stack:-6|t], <context>:n2:[stack:-3|t], r1:n5:[stack:4|t], r2:n17:[stack:2|t]} (addr:0x10c0114f8b8)
[0;31m│   [0m          │       @17 : {<closure>:n18:[constant:v-1], <this>:n21:[constant:v-1], a0:n5:[stack:4|t], <context>:n20:[constant:v-1], r0:n24:[stack:1|w32], r1:n20:[constant:v-1], <accumulator>:n26:[x1|R|t]} (addr:0x10c0111e178)
[0;31m│   [0m   [0m25/27: CheckedSmiUntag [v24/n26:[x0|R|t]] → [x0|R|w32], live range: [25-26]
[0;31m│   [0m     [0m138: GapMove([stack:1|w32] → [x2|R|w32])
[0;31m│   [0m          ↱ eager @37 : {<closure>:n3:[stack:-2|t], <this>:n1:[stack:-6|t], <context>:n2:[stack:-3|t], r1:n5:[stack:4|t], r2:n17:[stack:2|t]} (addr:0x10c0114f8b8)
[0;31m│   [0m          │       @17 : {<closure>:n18:[constant:v-1], <this>:n21:[constant:v-1], a0:n5:[stack:4|t], <context>:n20:[constant:v-1], r0:n24:[x2|R|w32], r1:n20:[constant:v-1], <accumulator>:n26:[x1|R|t]} (addr:0x10c0111e178)
[0;31m│   [0m   [0m26/28: Int32AddWithOverflow [v23/n24:[x2|R|w32], v25/n27:[x0|R|w32]] → [x3|R|w32], live range: [26-27]
[0;31m│   [0m   [0m27/45: Int32ToNumber[kCanonicalizeSmi] [v26/n28:[x3|R|w32]] → [x0|R|t], live range: [27-28]
[0;31m│   [0m[0;34m  24 : 98 15             Jump [21]
[m[0;31m│[0;32m╭─────[0m28/29: Jump b5
[0;31m│[0;32m│  [0m          with gap moves:
[0;31m│[0;32m│  [0m            - v27/n45:[x0|R|t] → 47: φᵀ r0 [x0|R|t]
[0;31m│[0;32m│  [0m          with register merges:
[0;31m│[0;32m│  [0m            - [constant:v-1] → x1
[0;31m│[0;32m│  [0m
[0;31m│[0;32m│   [0mBlock b4 (exception handler)
[0;31m│[0;32m│  [0m   [0m29/30: φᵀₑ <accumulator> (compressed) → [x0|R|t], live range: [29-31]
[0;31m│[0;32m│  [0m     [0m139: ConstantGapMove(n41 → [x1|R|t])
[0;31m│[0;32m│  [0m[0;34m  32 : b6                SetPendingMessage
[m[0;31m│[0;32m│  [0m   [0m30/42: SetPendingMessage [v8/n41:[x1|R|t]] → [x2|R|t]
[0;31m│[0;32m│  [0m     [0m140: GapMove([stack:1|w32] → [x2|R|w32])
[0;31m│[0;32m│  [0m[0;34m  39 : 50 01 06          SubSmi [1], FBV[6]
[m[0;31m│[0;32m│  [0m          ↱ eager @37 : {<closure>:n3:[stack:-2|t], <this>:n1:[stack:-6|t], <context>:n2:[stack:-3|t], r1:n5:[stack:4|t], r2:n17:[stack:2|t]} (addr:0x10c0114f8b8)
[0;31m│[0;32m│  [0m          │       @39 : {<closure>:n18:[constant:v-1], <this>:n21:[constant:v-1], a0:n5:[stack:4|t], <context>:n35:(elided), r2:n20:[x0|R|t], <accumulator>:n24:[constant:v-1]} (addr:0x10c0111f250)
[0;31m│[0;32m│  [0m   [0m31/43: Int32DecrementWithOverflow [v23/n24:[x2|R|w32]] → [x3|R|w32], live range: [31-32]
[0;31m│[0;32m│  [0m   [0m32/46: Int32ToNumber[kCanonicalizeSmi] [v31/n43:[x3|R|w32]] → [x0|R|t], live range: [32-33]
[0;31m│[0;32m│  [0m[0;34m  45 : 0b f9             Ldar r0
[m[0;31m│[0;32m│  [0m   [0m33/44: Jump b5
[0;31m│[0;32m│  [0m       │  with gap moves:
[0;31m│[0;32m│  [0m       │    - v32/n46:[x0|R|t] → 47: φᵀ r0 [x0|R|t]
[0;31m│[0;32m│  [0m       │  with register merges:
[0;31m│[0;32m│  [0m       │    - [x1|R|t] → x1
[0;31m│[0;32m│  [0m       ▼
[0;31m│[0;32m╰──►[0mBlock b5
[0;31m│   [0m   [0m34/47: φᵀ r0 (n45, n46) (compressed) → [x0|R|t], live range: [34-37]
[0;31m│   [0m     [0m141: GapMove([stack:2|t] → [x2|R|t])
[0;31m│   [0m[1;34m0x09b80101e15d <SharedFunctionInfo> (0x09b80104a8b5 <String[18]: "workloads/throw.js">:0:0)
[m[0;31m│   [0m[0;34m  41 : 42 f7 00          Add r2, FBV[0]
[m[0;31m│   [0m          ↱ eager @41 : {<closure>:n3:[stack:-2|t], <this>:n1:[stack:-6|t], <context>:n2:[stack:-3|t], r1:n5:[stack:4|t], r2:n17:[stack:2|t], <accumulator>:n47:[x0|R|t]} (addr:0x10c0111f698)
[0;31m│   [0m   [0m35/48: CheckedSmiUntag [v21/n17:[x2|R|t]] → [x2|R|w32], live range: [35-37]
[0;31m│   [0m     [0m142: GapMove([x0|R|t] → [x3|R|t])
[0;31m│   [0m          ↱ eager @41 : {<closure>:n3:[stack:-2|t], <this>:n1:[stack:-6|t], <context>:n2:[stack:-3|t], r1:n5:[stack:4|t], r2:n17:[stack:2|t], <accumulator>:n47:[x3|R|t]} (addr:0x10c0111f698)
[0;31m│   [0m   [0m36/49: CheckedSmiUntag [v34/n47:[x0|R|t]] → [x0|R|w32], live range: [36-37]
[0;31m│   [0m          ↱ eager @41 : {<closure>:n3:[stack:-2|t], <this>:n1:[stack:-6|t], <context>:n2:[stack:-3|t], r1:n5:[stack:4|t], r2:n17:[stack:2|t], <accumulator>:n47:[x3|R|t]} (addr:0x10c0111f698)
[0;31m│   [0m   [0m37/50: Int32AddWithOverflow [v35/n48:[x2|R|w32], v36/n49:[x0|R|w32]] → [x4|R|w32] (spilled: [stack:2|w32]), live range: [37-47]
[0;31m│   [0m[0;34m  44 : 29 02             StaCurrentContextSlot [2]
[m[0;31m│   [0m   [0m38/51: Int32ToNumber[kCanonicalizeSmi] [v37/n50:[x4|R|w32]] → [x0|R|t] (spilled: [stack:2|t]), live range: [38-49]
[0;31m│   [0m     [0m143: GapMove([stack:-3|t] → [x1|R|t])
[0;31m│   [0m   [0m39/52: StoreContextSlotWithWriteBarrier(2, mutable) [v13/n2:[x1|R|t], v38/n51:[x0|R|t]]
[0;31m│   [0m          ↳ lazy @44 : {<closure>:n3:[stack:-2|t], <this>:n1:[stack:-6|t], <context>:n2:[stack:-3|t], r1:n5:[stack:4|t]} (addr:0x10c0111fa10)
[0;31m│   [0m[1;34m0x09b80101e235 <SharedFunctionInfo bare> (0x09b80104a8b5 <String[18]: "workloads/throw.js">:34:13)
[m[0;31m│   [0m[0;34m   0 : 1b ff f9          Mov <context>, r0
[m[0;31m│   [0m   [0m40/54: Jump b6
[0;31m│   [0m       ↓
[0;31m│    [0mBlock b6
[0;31m│   [0m     [0m144: ConstantGapMove(n25 → [x1|R|t])
[0;31m│   [0m     [0m145: ConstantGapMove(n20 → [x27|R|t])
[0;31m│   [0m     [0m146: ConstantGapMove(n19 → [x3|R|t])
[0;31m│   [0m[1;34m0x09b80101e235 <SharedFunctionInfo bare> (0x09b80104a8b5 <String[18]: "workloads/throw.js">:0:0)
[m[0;31m│   [0m[0;34m   7 : 6d f8 03 02       CallUndefinedReceiver1 r1, a0, FBV[2]
[m[0;31m│   [0m   [0m41/55: 🐢 CallKnownJSFunction(0x09b80101e1d5 <SharedFunctionInfo mayThrow>, {}) [v2/n25:[x1|R|t], v5/n20:[x27|R|t], v6/n21:[constant:v-1], v7/n19:[x3|R|t], v16/n5:[stack:4|t]] → [x0|R|t]
[0;31m│   [0m          │      @53 : {<closure>:n3:[stack:-2|t], <this>:n1:[stack:-6|t], <context>:n2:[stack:-3|t], r1:n5:[stack:4|t], r2:n50:[stack:2|w32]} (addr:0x10c0111fea0)
[0;31m│   [0m          ↳ lazy @7 : {<closure>:n53:[constant:v-1], <this>:n21:[constant:v-1], a0:n5:[stack:4|t], <context>:n20:[constant:v-1], r0:n20:[constant:v-1]} (addr:0x10c011251f0)
[0;31m│   [0m          ↳ throw (b7)
[0;31m│   [0m[0;34m  11 : 98 0f             Jump [15]
[m[0;31m│[0;32m╭─────[0m42/56: Jump b8
[0;31m│[0;32m│  [0m
[0;31m│[0;32m│   [0mBlock b7 (exception handler)
[0;31m│[0;32m│  [0m     [0m147: ConstantGapMove(n41 → [x0|R|t])
[0;31m│[0;32m│  [0m[0;34m  19 : b6                SetPendingMessage
[m[0;31m│[0;32m│  [0m   [0m43/66: SetPendingMessage [v8/n41:[x0|R|t]] → [x1|R|t]
[0;31m│[0;32m│  [0m[0;34m  26 : 0c                LdaZero
[m[0;31m│[0;32m│  [0m   [0m44/67: Jump b8
[0;31m│[0;32m│  [0m       ↓
[0;31m│[0;32m╰──►[0mBlock b8
[0;31m│   [0m     [0m148: GapMove([stack:-3|t] → [x1|R|t])
[0;31m│   [0m     [0m149: GapMove([stack:2|t] → [x2|R|t])
[0;31m│   [0m[1;34m0x09b80101e15d <SharedFunctionInfo> (0x09b80104a8b5 <String[18]: "workloads/throw.js">:0:0)
[m[0;31m│   [0m[0;34m  60 : 29 02             StaCurrentContextSlot [2]
[m[0;31m│   [0m   [0m45/69: StoreContextSlotWithWriteBarrier(2, mutable) [v13/n2:[x1|R|t], v38/n51:[x2|R|t]]
[0;31m│   [0m          ↳ lazy @60 : {<closure>:n3:[stack:-2|t], <this>:n1:[stack:-6|t], <context>:n2:[stack:-3|t], r1:n5:[stack:4|t], <accumulator>:n50:[stack:2|w32]} (addr:0x10c01126570)
[0;31m│   [0m     [0m150: GapMove([stack:0|w32] → [x3|R|w32])
[0;31m│   [0m[0;34m  65 : 5b 0a             Inc FBV[10]
[m[0;31m│   [0m          ↱ eager @65 : {<closure>:n3:[stack:-2|t], <this>:n1:[stack:-6|t], <context>:n2:[x1|R|t], r0:n50:[stack:2|w32], <accumulator>:n5:[stack:4|t]} (addr:0x10c01126758)
[0;31m│   [0m   [0m46/70: Int32IncrementWithOverflow [v19/n11:[x3|R|w32]] → [x4|R|w32] (spilled: [stack:3|w32]), live range: [46-48]
[0;31m│   [0m     [0m151: ConstantGapMove(n71 → [x3|R|t])
[0;31m│   [0m[0;34m  68 : 97 31 00 0b       JumpLoop [49], [0], FBV[11]
[m[0;31m│   [0m   [0m47/72: ReduceInterruptBudgetForLoop(39) [v1/n71:[x3|R|t]]
[0;31m│   [0m          ↳ lazy @68 : {<closure>:n3:[stack:-2|t], <this>:n1:[stack:-6|t], <context>:n2:[stack:-3|t], r0:n50:[stack:2|w32], r1:n70:[stack:3|w32]} (addr:0x10c01126950)
[0;31m│   [0m   [0m48/75: Int32ToNumber[kCanonicalizeSmi] [v46/n70:[x4|R|w32]] → [x5|R|t], live range: [48-49]
[0;31m│   [0m   [0m49/74: Jump b9
[0;31m│   [0m       │  with gap moves:
[0;31m│   [0m       │    - v38/n51:[x2|R|t] → 76: φᵀ r0 [x2|R|t]
[0;31m│   [0m       │    - v48/n75:[x5|R|t] → 77: φᵀ r1 [x5|R|t]
[0;31m│   [0m       │  with register merges:
[0;31m│   [0m       ▼
[0;31m│[0;32m╭──►[0mBlock b9 peeled (effects: ua c1)
[0;31m│[0;32m│  [0m   [0m50/76: φᵀ r0 (n51, n105) (decompressed) → [x2|R|t] (spilled: [stack:2|t]), live range: [50-83]
[0;31m│[0;32m│  [0m   [0m51/77: φᵀ r1 (n75, n124) (decompressed) → [x5|R|t] (spilled: [stack:4|t]), live range: [51-79]
[0;31m│[0;32m│  [0m     [0m152: GapMove([x5|R|t] → [x4|R|t])
[0;31m│[0;32m│  [0m[0;34m  25 : 79 f8 04          TestLessThan r1, EmbeddedFeedback[4]
[m[0;31m│[0;32m│  [0m          ↱ eager @25 : {<closure>:n3:[stack:-2|t], <this>:n1:[stack:-6|t], <context>:n2:[x1|R|t], r0:n76:[x2|R|t], r1:n77:[x4|R|t], <accumulator>:n10:[constant:v-1]} (addr:0x10c01127808)
[0;31m│[0;32m│  [0m   [0m52/78: CheckedSmiUntag [v51/n77:[x5|R|t]] → [x5|R|w32] (spilled: [stack:3|w32]), live range: [52-79]
[0;31m│[0;32m│  [0m     [0m153: ConstantGapMove(n12 → [x6|R|w32])
[0;31m│[0;32m│  [0m[0;34m  28 : a8 2c             JumpIfFalse [44]
[m[0;31m│[0;32m│[0;33m╭────[0m53/80: BranchIfInt32Compare(LessThan) [v52/n78:[x5|R|w32], v11/n12:[x6|R|w32]] b10 b17
[0;31m│[0;32m│[0;33m│ [0m       ↓
[0;31m│[0;32m│[0;33m│  [0mBlock b10
[0;31m│[0;32m│[0;33m│ [0m[0;34m  30 : 18 02             LdaCurrentContextSlot [2]
[m[0;31m│[0;32m│[0;33m│ [0m   [0m54/81: LoadContextSlot(0x10, mutable) [v13/n2:[x1|R|t]] → [x9|R|t] (spilled: [stack:1|t]), live range: [54-70]
[0;31m│[0;32m│[0;33m│ [0m[1;34m0x09b80101e205 <SharedFunctionInfo risky> (0x09b80104a8b5 <String[18]: "workloads/throw.js">:27:14)
[m[0;31m│[0;32m│[0;33m│ [0m[0;34m   0 : 0b 03             Ldar a0
[m[0;31m│[0;32m│[0;33m│ [0m   [0m55/82: Jump b11
[0;31m│[0;32m│[0;33m│ [0m       ↓
[0;31m│[0;32m│[0;33m│  [0mBlock b11
[0;31m│[0;32m│[0;33m│ [0m     [0m154: ConstantGapMove(n23 → [x7|R|w32])
[0;31m│[0;32m│[0;33m│ [0m[1;34m0x09b80101e205 <SharedFunctionInfo risky> (0x09b80104a8b5 <String[18]: "workloads/throw.js">:0:0)
[m[0;31m│[0;32m│[0;33m│ [0m[0;34m   2 : 51 02 00          MulSmi [2], FBV[0]
[m[0;31m│[0;32m│[0;33m│ [0m          ↱ eager @37 : {<closure>:n3:[stack:-2|t], <this>:n1:[stack:-6|t], <context>:n2:[x1|R|t], r1:n77:[x4|R|t], r2:n81:[x9|R|t]} (addr:0x10c01127b38)
[0;31m│[0;32m│[0;33m│ [0m          │       @2 : {<closure>:n18:[constant:v-1], <this>:n21:[constant:v-1], a0:n77:[x4|R|t], <context>:n20:[constant:v-1], <accumulator>:n77:[x4|R|t]} (addr:0x10c0112b648)
[0;31m│[0;32m│[0;33m│ [0m   [0m56/83: Int32MultiplyWithOverflow [v52/n78:[x5|R|w32], v10/n23:[x7|R|w32]] → [x8|R|w32] (spilled: [stack:2|w32]), live range: [56-64]
[0;31m│[0;32m│[0;33m│ [0m     [0m155: ConstantGapMove(n25 → [x1|R|t])
[0;31m│[0;32m│[0;33m│ [0m     [0m156: ConstantGapMove(n20 → [x27|R|t])
[0;31m│[0;32m│[0;33m│ [0m     [0m157: ConstantGapMove(n19 → [x3|R|t])
[0;31m│[0;32m│[0;33m│ [0m[0;34m  13 : 6d f6 03 04       CallUndefinedReceiver1 r3, a0, FBV[4]
[m[0;31m│[0;32m│[0;33m│ [0m   [0m57/84: 🐢 CallKnownJSFunction(0x09b80101e1d5 <SharedFunctionInfo mayThrow>, {Int32}) [v2/n25:[x1|R|t], v5/n20:[x27|R|t], v6/n21:[constant:v-1], v7/n19:[x3|R|t], v51/n77:[x4|R|t]] → [x0|R|t], live range: [57-59]
[0;31m│[0;32m│[0;33m│ [0m          │      @37 : {<closure>:n3:[stack:-2|t], <this>:n1:[stack:-6|t], <context>:n2:[stack:-3|t], r1:n77:[stack:4|t], r2:n81:[stack:1|t]} (addr:0x10c01127b38)
[0;31m│[0;32m│[0;33m│ [0m          ↳ lazy @13 : {<closure>:n18:[constant:v-1], <this>:n21:[constant:v-1], a0:n77:[stack:4|t], <context>:n20:[constant:v-1], r0:n83:[stack:2|w32], r1:n20:[constant:v-1]} (addr:0x10c0112c7e8)
[0;31m│[0;32m│[0;33m│ [0m          ↳ throw @26 (b12) : {<this>:n21, a0:n77, <context>:n20, r0:n83}
[0;31m│[0;32m│[0;33m│ [0m     [0m158: GapMove([x0|R|t] → [x1|R|t])
[0;31m│[0;32m│[0;33m│ [0m[0;34m  17 : 42 f9 01          Add r0, FBV[1]
[m[0;31m│[0;32m│[0;33m│ [0m          ↱ eager @37 : {<closure>:n3:[stack:-2|t], <this>:n1:[stack:-6|t], <context>:n2:[stack:-3|t], r1:n77:[stack:4|t], r2:n81:[stack:1|t]} (addr:0x10c01127b38)
[0;31m│[0;32m│[0;33m│ [0m          │       @17 : {<closure>:n18:[constant:v-1], <this>:n21:[constant:v-1], a0:n77:[stack:4|t], <context>:n20:[constant:v-1], r0:n83:[stack:2|w32], r1:n20:[constant:v-1], <accumulator>:n84:[x1|R|t]} (addr:0x10c0112cec0)
[0;31m│[0;32m│[0;33m│ [0m   [0m58/85: CheckedSmiUntag [v57/n84:[x0|R|t]] → [x0|R|w32], live range: [58-59]
[0;31m│[0;32m│[0;33m│ [0m     [0m159: GapMove([stack:2|w32] → [x2|R|w32])
[0;31m│[0;32m│[0;33m│ [0m          ↱ eager @37 : {<closure>:n3:[stack:-2|t], <this>:n1:[stack:-6|t], <context>:n2:[stack:-3|t], r1:n77:[stack:4|t], r2:n81:[stack:1|t]} (addr:0x10c01127b38)
[0;31m│[0;32m│[0;33m│ [0m          │       @17 : {<closure>:n18:[constant:v-1], <this>:n21:[constant:v-1], a0:n77:[stack:4|t], <context>:n20:[constant:v-1], r0:n83:[x2|R|w32], r1:n20:[constant:v-1], <accumulator>:n84:[x1|R|t]} (addr:0x10c0112cec0)
[0;31m│[0;32m│[0;33m│ [0m   [0m59/86: Int32AddWithOverflow [v56/n83:[x2|R|w32], v58/n85:[x0|R|w32]] → [x3|R|w32], live range: [59-60]
[0;31m│[0;32m│[0;33m│ [0m   [0m60/99: Int32ToNumber[kCanonicalizeSmi] [v59/n86:[x3|R|w32]] → [x0|R|t], live range: [60-61]
[0;31m│[0;32m│[0;33m│ [0m[0;34m  24 : 98 15             Jump [21]
[m[0;31m│[0;32m│[0;33m│[0;34m╭───[0m61/87: Jump b13
[0;31m│[0;32m│[0;33m│[0;34m│[0m          with gap moves:
[0;31m│[0;32m│[0;33m│[0;34m│[0m            - v60/n99:[x0|R|t] → 101: φᵀ r0 [x0|R|t]
[0;31m│[0;32m│[0;33m│[0;34m│[0m          with register merges:
[0;31m│[0;32m│[0;33m│[0;34m│[0m            - [constant:v-1] → x1
[0;31m│[0;32m│[0;33m│[0;34m│[0m
[0;31m│[0;32m│[0;33m│[0;34m│ [0mBlock b12 (exception handler)
[0;31m│[0;32m│[0;33m│[0;34m│[0m   [0m62/88: φᵀₑ <accumulator> (compressed) → [x0|R|t], live range: [62-64]
[0;31m│[0;32m│[0;33m│[0;34m│[0m     [0m160: ConstantGapMove(n41 → [x1|R|t])
[0;31m│[0;32m│[0;33m│[0;34m│[0m[0;34m  32 : b6                SetPendingMessage
[m[0;31m│[0;32m│[0;33m│[0;34m│[0m   [0m63/96: SetPendingMessage [v8/n41:[x1|R|t]] → [x2|R|t]
[0;31m│[0;32m│[0;33m│[0;34m│[0m     [0m161: GapMove([stack:2|w32] → [x2|R|w32])
[0;31m│[0;32m│[0;33m│[0;34m│[0m[0;34m  39 : 50 01 06          SubSmi [1], FBV[6]
[m[0;31m│[0;32m│[0;33m│[0;34m│[0m          ↱ eager @37 : {<closure>:n3:[stack:-2|t], <this>:n1:[stack:-6|t], <context>:n2:[stack:-3|t], r1:n77:[stack:4|t], r2:n81:[stack:1|t]} (addr:0x10c01127b38)
[0;31m│[0;32m│[0;33m│[0;34m│[0m          │       @39 : {<closure>:n18:[constant:v-1], <this>:n21:[constant:v-1], a0:n77:[stack:4|t], <context>:n90:(elided), r2:n20:[x0|R|t], <accumulator>:n83:[constant:v-1]} (addr:0x10c0112de08)
[0;31m│[0;32m│[0;33m│[0;34m│[0m   [0m64/97: Int32DecrementWithOverflow [v56/n83:[x2|R|w32]] → [x3|R|w32], live range: [64-65]
[0;31m│[0;32m│[0;33m│[0;34m│[0m  [0m65/100: Int32ToNumber[kCanonicalizeSmi] [v64/n97:[x3|R|w32]] → [x0|R|t], live range: [65-66]
[0;31m│[0;32m│[0;33m│[0;34m│[0m[0;34m  45 : 0b f9             Ldar r0
[m[0;31m│[0;32m│[0;33m│[0;34m│[0m   [0m66/98: Jump b13
[0;31m│[0;32m│[0;33m│[0;34m│[0m       │  with gap moves:
[0;31m│[0;32m│[0;33m│[0;34m│[0m       │    - v65/n100:[x0|R|t] → 101: φᵀ r0 [x0|R|t]
[0;31m│[0;32m│[0;33m│[0;34m│[0m       │  with register merges:
[0;31m│[0;32m│[0;33m│[0;34m│[0m       │    - [x1|R|t] → x1
[0;31m│[0;32m│[0;33m│[0;34m│[0m       ▼
[0;31m│[0;32m│[0;33m│[0;34m╰►[0mBlock b13
[0;31m│[0;32m│[0;33m│ [0m  [0m67/101: φᵀ r0 (n99, n100) (compressed) → [x0|R|t], live range: [67-70]
[0;31m│[0;32m│[0;33m│ [0m     [0m162: GapMove([stack:1|t] → [x2|R|t])
[0;31m│[0;32m│[0;33m│ [0m[1;34m0x09b80101e15d <SharedFunctionInfo> (0x09b80104a8b5 <String[18]: "workloads/throw.js">:0:0)
[m[0;31m│[0;32m│[0;33m│ [0m[0;34m  41 : 42 f7 00          Add r2, FBV[0]
[m[0;31m│[0;32m│[0;33m│ [0m          ↱ eager @41 : {<closure>:n3:[stack:-2|t], <this>:n1:[stack:-6|t], <context>:n2:[stack:-3|t], r1:n77:[stack:4|t], r2:n81:[stack:1|t], <accumulator>:n101:[x0|R|t]} (addr:0x10c0112e230)
[0;31m│[0;32m│[0;33m│ [0m  [0m68/102: CheckedSmiUntag [v54/n81:[x2|R|t]] → [x2|R|w32], live range: [68-70]
[0;31m│[0;32m│[0;33m│ [0m     [0m163: GapMove([x0|R|t] → [x3|R|t])
[0;31m│[0;32m│[0;33m│ [0m          ↱ eager @41 : {<closure>:n3:[stack:-2|t], <this>:n1:[stack:-6|t], <context>:n2:[stack:-3|t], r1:n77:[stack:4|t], r2:n81:[stack:1|t], <accumulator>:n101:[x3|R|t]} (addr:0x10c0112e230)
[0;31m│[0;32m│[0;33m│ [0m  [0m69/103: CheckedSmiUntag [v67/n101:[x0|R|t]] → [x0|R|w32], live range: [69-70]
[0;31m│[0;32m│[0;33m│ [0m          ↱ eager @41 : {<closure>:n3:[stack:-2|t], <this>:n1:[stack:-6|t], <context>:n2:[stack:-3|t], r1:n77:[stack:4|t], r2:n81:[stack:1|t], <accumulator>:n101:[x3|R|t]} (addr:0x10c0112e230)
[0;31m│[0;32m│[0;33m│ [0m  [0m70/104: Int32AddWithOverflow [v68/n102:[x2|R|w32], v69/n103:[x0|R|w32]] → [x4|R|w32] (spilled: [stack:2|w32]), live range: [70-80]
[0;31m│[0;32m│[0;33m│ [0m[0;34m  44 : 29 02             StaCurrentContextSlot [2]
[m[0;31m│[0;32m│[0;33m│ [0m  [0m71/105: Int32ToNumber[kCanonicalizeSmi] [v70/n104:[x4|R|w32]] → [x2|R|t] (spilled: [stack:1|t]), live range: [71-82]
[0;31m│[0;32m│[0;33m│ [0m     [0m164: GapMove([stack:-3|t] → [x1|R|t])
[0;31m│[0;32m│[0;33m│ [0m  [0m72/106: StoreContextSlotWithWriteBarrier(2, mutable) [v13/n2:[x1|R|t], v71/n105:[x2|R|t]]
[0;31m│[0;32m│[0;33m│ [0m          ↳ lazy @44 : {<closure>:n3:[stack:-2|t], <this>:n1:[stack:-6|t], <context>:n2:[stack:-3|t], r1:n77:[stack:4|t]} (addr:0x10c0112e5a8)
[0;31m│[0;32m│[0;33m│ [0m[1;34m0x09b80101e235 <SharedFunctionInfo bare> (0x09b80104a8b5 <String[18]: "workloads/throw.js">:34:13)
[m[0;31m│[0;32m│[0;33m│ [0m[0;34m   0 : 1b ff f9          Mov <context>, r0
[m[0;31m│[0;32m│[0;33m│ [0m  [0m73/107: Jump b14
[0;31m│[0;32m│[0;33m│ [0m       ↓
[0;31m│[0;32m│[0;33m│  [0mBlock b14
[0;31m│[0;32m│[0;33m│ [0m     [0m165: ConstantGapMove(n25 → [x1|R|t])
[0;31m│[0;32m│[0;33m│ [0m     [0m166: ConstantGapMove(n20 → [x27|R|t])
[0;31m│[0;32m│[0;33m│ [0m     [0m167: ConstantGapMove(n19 → [x3|R|t])
[0;31m│[0;32m│[0;33m│ [0m[1;34m0x09b80101e235 <SharedFunctionInfo bare> (0x09b80104a8b5 <String[18]: "workloads/throw.js">:0:0)
[m[0;31m│[0;32m│[0;33m│ [0m[0;34m   7 : 6d f8 03 02       CallUndefinedReceiver1 r1, a0, FBV[2]
[m[0;31m│[0;32m│[0;33m│ [0m  [0m74/108: 🐢 CallKnownJSFunction(0x09b80101e1d5 <SharedFunctionInfo mayThrow>, {}) [v2/n25:[x1|R|t], v5/n20:[x27|R|t], v6/n21:[constant:v-1], v7/n19:[x3|R|t], v51/n77:[stack:4|t]] → [x0|R|t]
[0;31m│[0;32m│[0;33m│ [0m          │      @53 : {<closure>:n3:[stack:-2|t], <this>:n1:[stack:-6|t], <context>:n2:[stack:-3|t], r1:n77:[stack:4|t], r2:n104:[stack:2|w32]} (addr:0x10c0112e848)
[0;31m│[0;32m│[0;33m│ [0m          ↳ lazy @7 : {<closure>:n53:[constant:v-1], <this>:n21:[constant:v-1], a0:n77:[stack:4|t], <context>:n20:[constant:v-1], r0:n20:[constant:v-1]} (addr:0x10c011330e8)
[0;31m│[0;32m│[0;33m│ [0m          ↳ throw (b15)
[0;31m│[0;32m│[0;33m│ [0m[0;34m  11 : 98 0f             Jump [15]
[m[0;31m│[0;32m│[0;33m│[0;34m╭──[0m75/109: Jump b16
[0;31m│[0;32m│[0;33m│[0;34m│[0m
[0;31m│[0;32m│[0;33m│[0;34m│ [0mBlock b15 (exception handler)
[0;31m│[0;32m│[0;33m│[0;34m│[0m     [0m168: ConstantGapMove(n41 → [x0|R|t])
[0;31m│[0;32m│[0;33m│[0;34m│[0m[0;34m  19 : b6                SetPendingMessage
[m[0;31m│[0;32m│[0;33m│[0;34m│[0m  [0m76/118: SetPendingMessage [v8/n41:[x0|R|t]] → [x1|R|t]
[0;31m│[0;32m│[0;33m│[0;34m│[0m[0;34m  26 : 0c                LdaZero
[m[0;31m│[0;32m│[0;33m│[0;34m│[0m  [0m77/119: Jump b16
[0;31m│[0;32m│[0;33m│[0;34m│[0m       ↓
[0;31m│[0;32m│[0;33m│[0;34m╰►[0mBlock b16
[0;31m│[0;32m│[0;33m│ [0m     [0m169: GapMove([stack:-3|t] → [x1|R|t])
[0;31m│[0;32m│[0;33m│ [0m     [0m170: GapMove([stack:1|t] → [x2|R|t])
[0;31m│[0;32m│[0;33m│ [0m[1;34m0x09b80101e15d <SharedFunctionInfo> (0x09b80104a8b5 <String[18]: "workloads/throw.js">:0:0)
[m[0;31m│[0;32m│[0;33m│ [0m[0;34m  60 : 29 02             StaCurrentContextSlot [2]
[m[0;31m│[0;32m│[0;33m│ [0m  [0m78/120: StoreContextSlotWithWriteBarrier(2, mutable) [v13/n2:[x1|R|t], v71/n105:[x2|R|t]]
[0;31m│[0;32m│[0;33m│ [0m          ↳ lazy @60 : {<closure>:n3:[stack:-2|t], <this>:n1:[stack:-6|t], <context>:n2:[stack:-3|t], r1:n77:[stack:4|t], <accumulator>:n104:[stack:2|w32]} (addr:0x10c011346f8)
[0;31m│[0;32m│[0;33m│ [0m     [0m171: GapMove([stack:3|w32] → [x3|R|w32])
[0;31m│[0;32m│[0;33m│ [0m[0;34m  65 : 5b 0a             Inc FBV[10]
[m[0;31m│[0;32m│[0;33m│ [0m          ↱ eager @65 : {<closure>:n3:[stack:-2|t], <this>:n1:[stack:-6|t], <context>:n2:[x1|R|t], r0:n104:[stack:2|w32], <accumulator>:n77:[stack:4|t]} (addr:0x10c01134858)
[0;31m│[0;32m│[0;33m│ [0m  [0m79/121: Int32IncrementWithOverflow [v52/n78:[x3|R|w32]] → [x4|R|w32] (spilled: [stack:4|w32]), live range: [79-81]
[0;31m│[0;32m│[0;33m│ [0m     [0m172: ConstantGapMove(n71 → [x3|R|t])
[0;31m│[0;32m│[0;33m│ [0m[0;34m  68 : 97 31 00 0b       JumpLoop [49], [0], FBV[11]
[m[0;31m│[0;32m│[0;33m│ [0m  [0m80/122: ReduceInterruptBudgetForLoop(39) [v1/n71:[x3|R|t]]
[0;31m│[0;32m│[0;33m│ [0m          ↳ lazy @68 : {<closure>:n3:[stack:-2|t], <this>:n1:[stack:-6|t], <context>:n2:[stack:-3|t], r0:n104:[stack:2|w32], r1:n121:[stack:4|w32]} (addr:0x10c01134968)
[0;31m│[0;32m│[0;33m│ [0m  [0m81/124: Int32ToNumber[kCanonicalizeSmi] [v79/n121:[x4|R|w32]] → [x5|R|t], live range: [81-82]
[0;31m│[0;32m│[0;33m│ [0m          ↱ eager @65 : {<closure>:n3:, <this>:n1:, <context>:n2:, r0:n104:, <accumulator>:n77:} (addr:0x10c01134858)
[0;31m│[0;32m╰──◄─[0m82/123: JumpLoop b9
[0;31m│ [0;33m│ [0m          with gap moves:
[0;31m│ [0;33m│ [0m            - v71/n105:[x2|R|t] → 76: φᵀ r0 [x2|R|t]
[0;31m│ [0;33m│ [0m            - v81/n124:[x5|R|t] → 77: φᵀ r1 [x5|R|t]
[0;31m│ [0;33m│ [0m          with register merges:
[0;31m│ [0;33m│ [0m
[0;31m│ [0;33m╰─►[0mBlock b17
[0;31m│   [0m[0;34m  72 : 0b f9             Ldar r0
[m[0;31m│[0;32m╭────[0m83/125: Jump b19
[0;31m│[0;32m│  [0m          with gap moves:
[0;31m│[0;32m│  [0m            - v50/n76:[x2|R|t] → 127: φᵀ r0 [x2|R|t]
[0;31m│[0;32m│  [0m          with register merges:
[0;31m│[0;32m│  [0m            - [x3|R|t] → x3
[0;31m│[0;32m│  [0m
[0;31m╰───►[0mBlock b18
 [0;32m│  [0m  [0m84/126: Jump b19
 [0;32m│  [0m       │  with gap moves:
 [0;32m│  [0m       │    - v15/n4:[stack:3|t] → 127: φᵀ r0 [x2|R|t]
 [0;32m│  [0m       │  with register merges:
 [0;32m│  [0m       │    - [constant:v-1] → x3
 [0;32m│  [0m       ▼
 [0;32m╰──►[0mBlock b19
    [0m  [0m85/127: φᵀ r0 (n4, n76) (decompressed) → [x2|R|t], live range: [85-87]
    [0m[0;34m  74 : b9                Return
[m    [0m  [0m86/128: ReduceInterruptBudgetForReturn(74) [v1/n71:[x3|R|t]]
    [0m     [0m173: GapMove([x2|R|t] → [x0|R|t])
    [0m  [0m87/129: Return [v85/n127:[x0|R|t]]
    [0m
Compiling 0x09b80101e289 <JSFunction (sfi = 0x9b80101e15d)> with Maglev
----- Bytecode array -----
Parameter count 1
Register count 4
Frame size 32
         0x31a010000e8 @    0 : 13 00             LdaConstant [0:0x09b80101e1b5 <FixedArray[6]>]
         0x31a010000ea @    2 : d2                Star2
         0x31a010000eb @    3 : 1b fe f6          Mov <closure>, r3
         0x31a010000ee @    6 : 70 75 01 f7 02    CallRuntime [DeclareGlobals], r2-r3
         0x31a010000f3 @   11 : 0c                LdaZero
         0x31a010000f4 @   12 : 29 02             StaCurrentContextSlot [2]
         0x31a010000f6 @   14 : 0d 01             LdaSmi [1]
         0x31a010000f8 @   16 : d3                Star1
         0x31a010000f9 @   17 : 0e                LdaUndefined
         0x31a010000fa @   18 : d4                Star0
         0x31a010000fb @   19 : 01 0d 80 1a 06 00 LdaSmi.ExtraWide [400000]
         0x31a01000101 @   25 : 79 f8 04          TestLessThan r1, EmbeddedFeedback[4]
         0x31a01000104 @   28 : a8 2c             JumpIfFalse [44] (0x31a01000130 @ 72)
         0x31a01000106 @   30 : 18 02             LdaCurrentContextSlot [2]
         0x31a01000108 @   32 : d2                Star2
         0x31a01000109 @   33 : 23 01 01          LdaGlobal [1:"risky"], FBV[1]
         0x31a0100010c @   36 : d1                Star3
         0x31a0100010d @   37 : 6d f6 f8 03       CallUndefinedReceiver1 r3, r1, FBV[3]
         0x31a01000111 @   41 : 42 f7 00          Add r2, FBV[0]
         0x31a01000114 @   44 : 29 02             StaCurrentContextSlot [2]
         0x31a01000116 @   46 : 18 02             LdaCurrentContextSlot [2]
         0x31a01000118 @   48 : d2                Star2
         0x31a01000119 @   49 : 23 02 06          LdaGlobal [2:"bare"], FBV[6]
         0x31a0100011c @   52 : d1                Star3
         0x31a0100011d @   53 : 6d f6 f8 08       CallUndefinedReceiver1 r3, r1, FBV[8]
         0x31a01000121 @   57 : 42 f7 05          Add r2, FBV[5]
         0x31a01000124 @   60 : 29 02             StaCurrentContextSlot [2]
         0x31a01000126 @   62 : d4                Star0
         0x31a01000127 @   63 : 0b f8             Ldar r1
         0x31a01000129 @   65 : 5b 0a             Inc FBV[10]
         0x31a0100012b @   67 : d3                Star1
         0x31a0100012c @   68 : 97 31 00 0b       JumpLoop [49], [0], FBV[11] (0x31a010000fb @ 19)
         0x31a01000130 @   72 : 0b f9             Ldar r0
         0x31a01000132 @   74 : b9                Return
Constant pool (size = 3)
0x31a010000ad: [TrustedFixedArray]
 - map: 0x09b800000605 <Map(TRUSTED_FIXED_ARRAY_TYPE)>
 - length: 3
           0: 0x09b80101e1b5 <FixedArray[6]>
           1: 0x09b80101e101 <String[5]: #risky>
           2: 0x09b80101e125 <String[4]: #bare>
Handler Table (size = 0)
Source Position Table (size = 0)
0x9b80101e681: [FeedbackVector] in OldSpace
 - map: 0x09b800000899 <Map(FEEDBACK_VECTOR_TYPE)>
 - length: 12
 - shared function info: 0x09b80101e15d <SharedFunctionInfo>
 - tiering_in_progress: 0
 - osr_tiering_in_progress: 0
 - invocation count: 1
 - closure feedback cell array: 0x9b80104c1d5: [ClosureFeedbackCellArray]
 - map: 0x09b800000871 <Map(CLOSURE_FEEDBACK_CELL_ARRAY_TYPE)>
 - length: 3
 - elements:
           0: 0x09b80101e2a9 <FeedbackCell[one closure]>
           1: 0x09b80101e2b9 <FeedbackCell[one closure]>
           2: 0x09b80101e2c9 <FeedbackCell[one closure]>

 - slot #0 BinaryOp BinaryOp:AdditiveSafeInteger {
     [0]: 7
  }
 - slot #1 LoadGlobalNotInsideTypeof MONOMORPHIC
   [weak] 0x09b80101e351 <PropertyCell name=0x09b80101e101 <String[5]: #risky> value=0x09b80101e331 <JSFunction risky (sfi = 0x9b80101e205)>> {
     [1]: [weak] 0x09b80101e351 <PropertyCell name=0x09b80101e101 <String[5]: #risky> value=0x09b80101e331 <JSFunction risky (sfi = 0x9b80101e205)>>
     [2]: 0x09b800000e95 <Symbol: (uninitialized_symbol)>
  }
 - slot #3 Call MONOMORPHIC {
     [3]: [weak] 0x09b80101e331 <JSFunction risky (sfi = 0x9b80101e205)>
     [4]: 371360
  }
 - slot #5 BinaryOp BinaryOp:AdditiveSafeInteger {
     [5]: 7
  }
 - slot #6 LoadGlobalNotInsideTypeof MONOMORPHIC
   [weak] 0x09b80101e385 <PropertyCell name=0x09b80101e125 <String[4]: #bare> value=0x09b80101e365 <JSFunction bare (sfi = 0x9b80101e235)>> {
     [6]: [weak] 0x09b80101e385 <PropertyCell name=0x09b80101e125 <String[4]: #bare> value=0x09b80101e365 <JSFunction bare (sfi = 0x9b80101e235)>>
     [7]: 0x09b800000e95 <Symbol: (uninitialized_symbol)>
  }
 - slot #8 Call MONOMORPHIC {
     [8]: [weak] 0x09b80101e365 <JSFunction bare (sfi = 0x9b80101e235)>
     [9]: 371368
  }
 - slot #10 BinaryOp BinaryOp:SignedSmall {
     [10]: 1
  }
 - slot #11 JumpLoop JumpLoop {
     [11]: [cleared]
  }

----- Inlining 0x09b80101e235 <SharedFunctionInfo bare> with bytecode -----
Parameter count 2
Register count 2
Frame size 16
         0x31a010002b0 @    0 : 1b ff f9          Mov <context>, r0
         0x31a010002b3 @    3 : 23 00 00          LdaGlobal [0:"mayThrow"], FBV[0]
         0x31a010002b6 @    6 : d3                Star1
         0x31a010002b7 @    7 : 6d f8 03 02       CallUndefinedReceiver1 r1, a0, FBV[2]
         0x31a010002bb @   11 : 98 0f             Jump [15] (0x31a010002ca @ 26)
         0x31a010002bd @   13 : d3                Star1
         0x31a010002be @   14 : 8f f8 01          CreateCatchContext r1, [1:0x09b80101e4e1 <ScopeInfo CATCH_SCOPE>]
         0x31a010002c1 @   17 : d4                Star0
         0x31a010002c2 @   18 : 10                LdaTheHole
         0x31a010002c3 @   19 : b6                SetPendingMessage
         0x31a010002c4 @   20 : 0b f9             Ldar r0
         0x31a010002c6 @   22 : 1c f8             PushContext r1
         0x31a010002c8 @   24 : 1d f8             PopContext r1
         0x31a010002ca @   26 : 0c                LdaZero
         0x31a010002cb @   27 : b9                Return
Constant pool (size = 2)
0x31a01000279: [TrustedFixedArray]
 - map: 0x09b800000605 <Map(TRUSTED_FIXED_ARRAY_TYPE)>
 - length: 2
           0: 0x09b80101e0ed <String[8]: #mayThrow>
           1: 0x09b80101e4e1 <ScopeInfo CATCH_SCOPE>
Handler Table (size = 16)
   from   to       hdlr (prediction,   data)
  (   3,  11)  ->    13 (prediction=1, data=0)
Source Position Table (size = 0)
0x9b80101e655: [FeedbackVector] in OldSpace
 - map: 0x09b800000899 <Map(FEEDBACK_VECTOR_TYPE)>
 - length: 4
 - shared function info: 0x09b80101e235 <SharedFunctionInfo bare>
 - tiering_in_progress: 0
 - osr_tiering_in_progress: 0
 - invocation count: 15811
 - closure feedback cell array: 0x9b800002071: [ClosureFeedbackCellArray] in ReadOnlySpace
 - map: 0x09b800000871 <Map(CLOSURE_FEEDBACK_CELL_ARRAY_TYPE)>
 - length: 0
 - elements:

 - slot #0 LoadGlobalNotInsideTypeof MONOMORPHIC
   [weak] 0x09b80101e31d <PropertyCell name=0x09b80101e0ed <String[8]: #mayThrow> value=0x09b80101e2fd <JSFunction mayThrow (sfi = 0x9b80101e1d5)>> {
     [0]: [weak] 0x09b80101e31d <PropertyCell name=0x09b80101e0ed <String[8]: #mayThrow> value=0x09b80101e2fd <JSFunction mayThrow (sfi = 0x9b80101e1d5)>>
     [1]: 0x09b800000e95 <Symbol: (uninitialized_symbol)>
  }
 - slot #2 Call MONOMORPHIC {
     [2]: [weak] 0x09b80101e2fd <JSFunction mayThrow (sfi = 0x9b80101e1d5)>
     [3]: 126480
  }

----- Inlining 0x09b80101e235 <SharedFunctionInfo bare> with bytecode -----
Parameter count 2
Register count 2
Frame size 16
         0x31a010002b0 @    0 : 1b ff f9          Mov <context>, r0
         0x31a010002b3 @    3 : 23 00 00          LdaGlobal [0:"mayThrow"], FBV[0]
         0x31a010002b6 @    6 : d3                Star1
         0x31a010002b7 @    7 : 6d f8 03 02       CallUndefinedReceiver1 r1, a0, FBV[2]
         0x31a010002bb @   11 : 98 0f             Jump [15] (0x31a010002ca @ 26)
         0x31a010002bd @   13 : d3                Star1
         0x31a010002be @   14 : 8f f8 01          CreateCatchContext r1, [1:0x09b80101e4e1 <ScopeInfo CATCH_SCOPE>]
         0x31a010002c1 @   17 : d4                Star0
         0x31a010002c2 @   18 : 10                LdaTheHole
         0x31a010002c3 @   19 : b6                SetPendingMessage
         0x31a010002c4 @   20 : 0b f9             Ldar r0
         0x31a010002c6 @   22 : 1c f8             PushContext r1
         0x31a010002c8 @   24 : 1d f8             PopContext r1
         0x31a010002ca @   26 : 0c                LdaZero
         0x31a010002cb @   27 : b9                Return
Constant pool (size = 2)
0x31a01000279: [TrustedFixedArray]
 - map: 0x09b800000605 <Map(TRUSTED_FIXED_ARRAY_TYPE)>
 - length: 2
           0: 0x09b80101e0ed <String[8]: #mayThrow>
           1: 0x09b80101e4e1 <ScopeInfo CATCH_SCOPE>
Handler Table (size = 16)
   from   to       hdlr (prediction,   data)
  (   3,  11)  ->    13 (prediction=1, data=0)
Source Position Table (size = 0)
0x9b80101e655: [FeedbackVector] in OldSpace
 - map: 0x09b800000899 <Map(FEEDBACK_VECTOR_TYPE)>
 - length: 4
 - shared function info: 0x09b80101e235 <SharedFunctionInfo bare>
 - tiering_in_progress: 0
 - osr_tiering_in_progress: 0
 - invocation count: 15811
 - closure feedback cell array: 0x9b800002071: [ClosureFeedbackCellArray] in ReadOnlySpace
 - map: 0x09b800000871 <Map(CLOSURE_FEEDBACK_CELL_ARRAY_TYPE)>
 - length: 0
 - elements:

 - slot #0 LoadGlobalNotInsideTypeof MONOMORPHIC
   [weak] 0x09b80101e31d <PropertyCell name=0x09b80101e0ed <String[8]: #mayThrow> value=0x09b80101e2fd <JSFunction mayThrow (sfi = 0x9b80101e1d5)>> {
     [0]: [weak] 0x09b80101e31d <PropertyCell name=0x09b80101e0ed <String[8]: #mayThrow> value=0x09b80101e2fd <JSFunction mayThrow (sfi = 0x9b80101e1d5)>>
     [1]: 0x09b800000e95 <Symbol: (uninitialized_symbol)>
  }
 - slot #2 Call MONOMORPHIC {
     [2]: [weak] 0x09b80101e2fd <JSFunction mayThrow (sfi = 0x9b80101e1d5)>
     [3]: 126480
  }

----- After graph building -----
Graph

    [0m  [0m53: Constant(0x09b80101e2d9 <FeedbackCell[one closure]>), 3 uses
    [0m  [0m30: Constant(0x09b80101e2fd <JSFunction mayThrow (sfi = 0x9b80101e1d5)>), 2 uses
    [0m  [0m36: Constant(0x09b80101e4e1 <ScopeInfo CATCH_SCOPE>), 2 uses
    [0m  [0m34: Constant(0x09b801014af1 <Map(CATCH_CONTEXT_TYPE)>), 0 uses 🪦
    [0m  [0m18: Constant(0x09b80101e331 <JSFunction risky (sfi = 0x9b80101e205)>), 2 uses
    [0m  [0m20: Constant(0x09b80101e2e9 <ScriptContext[3]>), 10 uses
    [0m  [0m21: Constant(0x09b801004979 <JSGlobalProxy>), 6 uses
    [0m  [0m28: Constant(0x09b80101e365 <JSFunction bare (sfi = 0x9b80101e235)>), 2 uses
    [0m  [0m19: RootConstant(undefined_value), 4 uses
    [0m  [0m44: RootConstant(the_hole_value), 2 uses
    [0m  [0m16: RootConstant(true_value), 0 uses 🪦
    [0m  [0m15: RootConstant(false_value), 0 uses 🪦
    [0m  [0m55: RootConstant(optimized_out), 0 uses 🪦
    [0m  [0m47: SmiConstant(0), 0 uses 🪦
    [0m  [0m35: SmiConstant(3), 2 uses
    [0m  [0m10: SmiConstant(400000), 2 uses
    [0m  [0m12: Int32Constant(400000), 4 uses, cannot truncate to int32
    [0m  [0m48: Float64Constant(0), 2 uses
     [0mBlock b0
    [0m[1;34m0x09b80101e15d <SharedFunctionInfo> (0x09b80104a8b5 <String[18]: "workloads/throw.js">:0:0)
[m    [0m[0;34m  19 : 01 0d 80 1a 06 00 LdaSmi.ExtraWide [400000]
[m    [0m   [0m1: InitialValue(<this>), 17 uses
    [0m   [0m2: InitialValue(<context>), 23 uses
    [0m   [0m3: InitialValue(<closure>), 17 uses
    [0m   [0m4: InitialValue(r0), 3 uses
    [0m   [0m5: InitialValue(r1), 12 uses
    [0m   [0m6: InitialValue(r2), 0 uses 🪦
    [0m   [0m7: InitialValue(r3), 0 uses 🪦
    [0m   [0m8: FunctionEntryStackCheck
    [0m      ↳ lazy @68 : {<closure>:n3:, <this>:n1:, <context>:n2:, r0:n4:, r1:n5:} (addr:0x10c0114c9f0)
    [0m      ↱ eager @68 : {<closure>:n3:, <this>:n1:, <context>:n2:, r0:n4:, r1:n5:} (addr:0x10c0114c9f0)
    [0m   [0m9: CheckpointedJump b1
    [0m   ↓
     [0mBlock b1
    [0m[0;34m  25 : 79 f8 04          TestLessThan r1, EmbeddedFeedback[4]
[m    [0m      ↱ eager @25 : {<closure>:n3:, <this>:n1:, <context>:n2:, r0:n4:, r1:n5:, <accumulator>:n10:} (addr:0x10c0114e3b8)
    [0m  [0m11: CheckedSmiUntag [n5], 3 uses, cannot truncate to int32
    [0m  [0m13: Int32Compare[LessThan] [n11, n12], 0 uses 🪦
    [0m[0;34m  28 : a8 2c             JumpIfFalse [44]
[m[0;31m╭─────[0m14: BranchIfInt32Compare(LessThan) [n11, n12] b2 b12
[0;31m│   [0m   ↓
[0;31m│    [0mBlock b2
[0;31m│   [0m[0;34m  30 : 18 02             LdaCurrentContextSlot [2]
[m[0;31m│   [0m  [0m17: LoadContextSlot(0x10, mutable) [n2], 3 uses
[0;31m│   [0m[0;34m  37 : 6d f6 f8 03       CallUndefinedReceiver1 r3, r1, FBV[3]
[m[0;31m│   [0m  [0m22: 🐢 CallKnownJSFunction(0x09b80101e205 <SharedFunctionInfo risky>, {Float64}) [n18, n20, n21, n19, n5], 2 uses
[0;31m│   [0m      ↳ lazy @37 : {<closure>:n3:, <this>:n1:, <context>:n2:, r1:n5:, r2:n17:} (addr:0x10c0114f948)
[0;31m│   [0m[0;34m  41 : 42 f7 00          Add r2, FBV[0]
[m[0;31m│   [0m      ↱ eager @41 : {<closure>:n3:, <this>:n1:, <context>:n2:, r1:n5:, r2:n17:, <accumulator>:n22:} (addr:0x10c0114fab8)
[0;31m│   [0m  [0m23: CheckedNumberToFloat64 [n17], 1 uses, cannot truncate to int32 [-∞, +∞]
[0;31m│   [0m      ↱ eager @41 : {<closure>:n3:, <this>:n1:, <context>:n2:, r1:n5:, r2:n17:, <accumulator>:n22:} (addr:0x10c0114fab8)
[0;31m│   [0m  [0m24: CheckedNumberToFloat64 [n22], 1 uses, cannot truncate to int32 [-∞, +∞]
[0;31m│   [0m  [0m25: Float64Add [n23, n24], 3 uses, cannot truncate to int32 [-∞, +∞]
[0;31m│   [0m[0;34m  44 : 29 02             StaCurrentContextSlot [2]
[m[0;31m│   [0m  [0m26: Float64ToTagged[kCanonicalizeSmi] [n25], 1 uses
[0;31m│   [0m  [0m27: StoreContextSlotWithWriteBarrier(2, mutable) [n2, n26]
[0;31m│   [0m      ↳ lazy @44 : {<closure>:n3:, <this>:n1:, <context>:n2:, r1:n5:} (addr:0x10c0114fe08)
[0;31m│   [0m[1;34m0x09b80101e235 <SharedFunctionInfo bare> (0x09b80104a8b5 <String[18]: "workloads/throw.js">:34:13)
[m[0;31m│   [0m[0;34m   0 : 1b ff f9          Mov <context>, r0
[m[0;31m│   [0m  [0m29: Jump b3
[0;31m│   [0m   ↓
[0;31m│    [0mBlock b3
[0;31m│   [0m[1;34m0x09b80101e235 <SharedFunctionInfo bare> (0x09b80104a8b5 <String[18]: "workloads/throw.js">:0:0)
[m[0;31m│   [0m[0;34m   7 : 6d f8 03 02       CallUndefinedReceiver1 r1, a0, FBV[2]
[m[0;31m│   [0m  [0m31: 🐢 CallKnownJSFunction(0x09b80101e1d5 <SharedFunctionInfo mayThrow>, {}) [n30, n20, n21, n19, n5], 0 uses, but required
[0;31m│   [0m      │      @53 : {<closure>:n3:, <this>:n1:, <context>:n2:, r1:n5:, r2:n25:} (addr:0x10c01150c38)
[0;31m│   [0m      ↳ lazy @7 : {<closure>:n28:, <this>:n21:, a0:n5:, <context>:n20:, r0:n20:} (addr:0x10c0111d978)
[0;31m│   [0m      ↳ throw @13 (b4) : {<this>:n21, a0:n5, <context>:n20}
[0;31m│   [0m[0;34m  11 : 98 0f             Jump [15]
[m[0;31m│[0;32m╭────[0m32: Jump b5
[0;31m│[0;32m│  [0m
[0;31m│[0;32m│   [0mBlock b4 (exception handler)
[0;31m│[0;32m│  [0m  [0m33: φᵀₑ <accumulator>, 1 uses
[0;31m│[0;32m│  [0m[0;34m  14 : 8f f8 01          CreateCatchContext r1, [1:0x09b80101e4e1 <ScopeInfo CATCH_SCOPE>]
[m[0;31m│[0;32m│  [0m  [0m37: AllocationBlock(Young), 1 uses
[0;31m│[0;32m│  [0m  [0m38: InlinedAllocation(object 0x09b801014af1 <Map(CATCH_CONTEXT_TYPE)>) [n37], 5 uses (5 non escaping uses)
[0;31m│[0;32m│  [0m  [0m39: StoreMap(0x09b801014af1 <Map(CATCH_CONTEXT_TYPE)>, InlinedAllocation) [n38]
[0;31m│[0;32m│  [0m  [0m40: StoreTaggedFieldNoWriteBarrier(0x4, mutable) [n38, n35]
[0;31m│[0;32m│  [0m  [0m41: StoreTaggedFieldWithWriteBarrier(0x8, constant, maybe_smi:0) [n38, n36]
[0;31m│[0;32m│  [0m  [0m42: StoreTaggedFieldWithWriteBarrier(0xc, constant, maybe_smi:0) [n38, n20]
[0;31m│[0;32m│  [0m  [0m43: StoreTaggedFieldWithWriteBarrier(0x10, constant, maybe_smi:1) [n38, n33]
[0;31m│[0;32m│  [0m[0;34m  19 : b6                SetPendingMessage
[m[0;31m│[0;32m│  [0m  [0m45: SetPendingMessage [n44], 0 uses, but required
[0;31m│[0;32m│  [0m[0;34m  26 : 0c                LdaZero
[m[0;31m│[0;32m│  [0m  [0m46: Jump b5
[0;31m│[0;32m│  [0m   ↓
[0;31m│[0;32m╰──►[0mBlock b5
[0;31m│   [0m[1;34m0x09b80101e15d <SharedFunctionInfo> (0x09b80104a8b5 <String[18]: "workloads/throw.js">:0:0)
[m[0;31m│   [0m[0;34m  57 : 42 f7 05          Add r2, FBV[5]
[m[0;31m│   [0m  [0m49: Float64Add [n25, n48], 4 uses, cannot truncate to int32 [-∞, +∞]
[0;31m│   [0m[0;34m  60 : 29 02             StaCurrentContextSlot [2]
[m[0;31m│   [0m  [0m50: Float64ToTagged[kCanonicalizeSmi] [n49], 2 uses
[0;31m│   [0m  [0m51: StoreContextSlotWithWriteBarrier(2, mutable) [n2, n50]
[0;31m│   [0m      ↳ lazy @60 : {<closure>:n3:, <this>:n1:, <context>:n2:, r1:n5:, <accumulator>:n49:} (addr:0x10c0111f460)
[0;31m│   [0m[0;34m  65 : 5b 0a             Inc FBV[10]
[m[0;31m│   [0m      ↱ eager @65 : {<closure>:n3:, <this>:n1:, <context>:n2:, r0:n49:, <accumulator>:n5:} (addr:0x10c0111f648)
[0;31m│   [0m  [0m52: Int32IncrementWithOverflow [n11], 2 uses, cannot truncate to int32
[0;31m│   [0m[0;34m  68 : 97 31 00 0b       JumpLoop [49], [0], FBV[11]
[m[0;31m│   [0m  [0m54: ReduceInterruptBudgetForLoop(39) [n53]
[0;31m│   [0m      ↳ lazy @68 : {<closure>:n3:, <this>:n1:, <context>:n2:, r0:n49:, r1:n52:} (addr:0x10c0111f7f8)
[0;31m│   [0m  [0m57: Int32ToNumber[kCanonicalizeSmi] [n52], 1 uses
[0;31m│   [0m  [0m56: Jump b6
[0;31m│   [0m   │  with gap moves:
[0;31m│   [0m   │    - n50 → 58: φᵀ r0
[0;31m│   [0m   │    - n57 → 59: φᵀ r1
[0;31m│   [0m   ▼
[0;31m│[0;32m╭──►[0mBlock b6 peeled (effects: ua c1)
[0;31m│[0;32m│  [0m  [0m58: φᵀ r0 (n50, n84), 2 uses
[0;31m│[0;32m│  [0m  [0m59: φᵀ r1 (n57, n89), 11 uses
[0;31m│[0;32m│  [0m[0;34m  25 : 79 f8 04          TestLessThan r1, EmbeddedFeedback[4]
[m[0;31m│[0;32m│  [0m      ↱ eager @25 : {<closure>:n3:, <this>:n1:, <context>:n2:, r0:n58:, r1:n59:, <accumulator>:n10:} (addr:0x10c01120810)
[0;31m│[0;32m│  [0m  [0m60: CheckedSmiUntag [n59], 3 uses, cannot truncate to int32
[0;31m│[0;32m│  [0m  [0m61: Int32Compare[LessThan] [n60, n12], 0 uses 🪦
[0;31m│[0;32m│  [0m[0;34m  28 : a8 2c             JumpIfFalse [44]
[m[0;31m│[0;32m│[0;33m╭───[0m62: BranchIfInt32Compare(LessThan) [n60, n12] b7 b11
[0;31m│[0;32m│[0;33m│ [0m   ↓
[0;31m│[0;32m│[0;33m│  [0mBlock b7
[0;31m│[0;32m│[0;33m│ [0m[0;34m  30 : 18 02             LdaCurrentContextSlot [2]
[m[0;31m│[0;32m│[0;33m│ [0m  [0m63: LoadContextSlot(0x10, mutable) [n2], 3 uses
[0;31m│[0;32m│[0;33m│ [0m[0;34m  37 : 6d f6 f8 03       CallUndefinedReceiver1 r3, r1, FBV[3]
[m[0;31m│[0;32m│[0;33m│ [0m  [0m64: 🐢 CallKnownJSFunction(0x09b80101e205 <SharedFunctionInfo risky>, {Float64}) [n18, n20, n21, n19, n59], 2 uses
[0;31m│[0;32m│[0;33m│ [0m      ↳ lazy @37 : {<closure>:n3:, <this>:n1:, <context>:n2:, r1:n59:, r2:n63:} (addr:0x10c01120bd0)
[0;31m│[0;32m│[0;33m│ [0m[0;34m  41 : 42 f7 00          Add r2, FBV[0]
[m[0;31m│[0;32m│[0;33m│ [0m      ↱ eager @41 : {<closure>:n3:, <this>:n1:, <context>:n2:, r1:n59:, r2:n63:, <accumulator>:n64:} (addr:0x10c01120d40)
[0;31m│[0;32m│[0;33m│ [0m  [0m65: CheckedNumberToFloat64 [n63], 1 uses, cannot truncate to int32 [-∞, +∞]
[0;31m│[0;32m│[0;33m│ [0m      ↱ eager @41 : {<closure>:n3:, <this>:n1:, <context>:n2:, r1:n59:, r2:n63:, <accumulator>:n64:} (addr:0x10c01120d40)
[0;31m│[0;32m│[0;33m│ [0m  [0m66: CheckedNumberToFloat64 [n64], 1 uses, cannot truncate to int32 [-∞, +∞]
[0;31m│[0;32m│[0;33m│ [0m  [0m67: Float64Add [n65, n66], 3 uses, cannot truncate to int32 [-∞, +∞]
[0;31m│[0;32m│[0;33m│ [0m[0;34m  44 : 29 02             StaCurrentContextSlot [2]
[m[0;31m│[0;32m│[0;33m│ [0m  [0m68: Float64ToTagged[kCanonicalizeSmi] [n67], 1 uses
[0;31m│[0;32m│[0;33m│ [0m  [0m69: StoreContextSlotWithWriteBarrier(2, mutable) [n2, n68]
[0;31m│[0;32m│[0;33m│ [0m      ↳ lazy @44 : {<closure>:n3:, <this>:n1:, <context>:n2:, r1:n59:} (addr:0x10c01121090)
[0;31m│[0;32m│[0;33m│ [0m[1;34m0x09b80101e235 <SharedFunctionInfo bare> (0x09b80104a8b5 <String[18]: "workloads/throw.js">:34:13)
[m[0;31m│[0;32m│[0;33m│ [0m[0;34m   0 : 1b ff f9          Mov <context>, r0
[m[0;31m│[0;32m│[0;33m│ [0m  [0m70: Jump b8
[0;31m│[0;32m│[0;33m│ [0m   ↓
[0;31m│[0;32m│[0;33m│  [0mBlock b8
[0;31m│[0;32m│[0;33m│ [0m[1;34m0x09b80101e235 <SharedFunctionInfo bare> (0x09b80104a8b5 <String[18]: "workloads/throw.js">:0:0)
[m[0;31m│[0;32m│[0;33m│ [0m[0;34m   7 : 6d f8 03 02       CallUndefinedReceiver1 r1, a0, FBV[2]
[m[0;31m│[0;32m│[0;33m│ [0m  [0m71: 🐢 CallKnownJSFunction(0x09b80101e1d5 <SharedFunctionInfo mayThrow>, {}) [n30, n20, n21, n19, n59], 0 uses, but required
[0;31m│[0;32m│[0;33m│ [0m      │      @53 : {<closure>:n3:, <this>:n1:, <context>:n2:, r1:n59:, r2:n67:} (addr:0x10c01121330)
[0;31m│[0;32m│[0;33m│ [0m      ↳ lazy @7 : {<closure>:n28:, <this>:n21:, a0:n59:, <context>:n20:, r0:n20:} (addr:0x10c0112ff08)
[0;31m│[0;32m│[0;33m│ [0m      ↳ throw @13 (b9) : {<this>:n21, a0:n59, <context>:n20}
[0;31m│[0;32m│[0;33m│ [0m[0;34m  11 : 98 0f             Jump [15]
[m[0;31m│[0;32m│[0;33m│[0;34m╭──[0m72: Jump b10
[0;31m│[0;32m│[0;33m│[0;34m│[0m
[0;31m│[0;32m│[0;33m│[0;34m│ [0mBlock b9 (exception handler)
[0;31m│[0;32m│[0;33m│[0;34m│[0m  [0m73: φᵀₑ <accumulator>, 1 uses
[0;31m│[0;32m│[0;33m│[0;34m│[0m[0;34m  14 : 8f f8 01          CreateCatchContext r1, [1:0x09b80101e4e1 <ScopeInfo CATCH_SCOPE>]
[m[0;31m│[0;32m│[0;33m│[0;34m│[0m  [0m74: AllocationBlock(Young), 1 uses
[0;31m│[0;32m│[0;33m│[0;34m│[0m  [0m75: InlinedAllocation(object 0x09b801014af1 <Map(CATCH_CONTEXT_TYPE)>) [n74], 5 uses (5 non escaping uses)
[0;31m│[0;32m│[0;33m│[0;34m│[0m  [0m76: StoreMap(0x09b801014af1 <Map(CATCH_CONTEXT_TYPE)>, InlinedAllocation) [n75]
[0;31m│[0;32m│[0;33m│[0;34m│[0m  [0m77: StoreTaggedFieldNoWriteBarrier(0x4, mutable) [n75, n35]
[0;31m│[0;32m│[0;33m│[0;34m│[0m  [0m78: StoreTaggedFieldWithWriteBarrier(0x8, constant, maybe_smi:0) [n75, n36]
[0;31m│[0;32m│[0;33m│[0;34m│[0m  [0m79: StoreTaggedFieldWithWriteBarrier(0xc, constant, maybe_smi:0) [n75, n20]
[0;31m│[0;32m│[0;33m│[0;34m│[0m  [0m80: StoreTaggedFieldWithWriteBarrier(0x10, constant, maybe_smi:1) [n75, n73]
[0;31m│[0;32m│[0;33m│[0;34m│[0m[0;34m  19 : b6                SetPendingMessage
[m[0;31m│[0;32m│[0;33m│[0;34m│[0m  [0m81: SetPendingMessage [n44], 0 uses, but required
[0;31m│[0;32m│[0;33m│[0;34m│[0m[0;34m  26 : 0c                LdaZero
[m[0;31m│[0;32m│[0;33m│[0;34m│[0m  [0m82: Jump b10
[0;31m│[0;32m│[0;33m│[0;34m│[0m   ↓
[0;31m│[0;32m│[0;33m│[0;34m╰►[0mBlock b10
[0;31m│[0;32m│[0;33m│ [0m[1;34m0x09b80101e15d <SharedFunctionInfo> (0x09b80104a8b5 <String[18]: "workloads/throw.js">:0:0)
[m[0;31m│[0;32m│[0;33m│ [0m[0;34m  57 : 42 f7 05          Add r2, FBV[5]
[m[0;31m│[0;32m│[0;33m│ [0m  [0m83: Float64Add [n67, n48], 4 uses, cannot truncate to int32 [-∞, +∞]
[0;31m│[0;32m│[0;33m│ [0m[0;34m  60 : 29 02             StaCurrentContextSlot [2]
[m[0;31m│[0;32m│[0;33m│ [0m  [0m84: Float64ToTagged[kCanonicalizeSmi] [n83], 2 uses
[0;31m│[0;32m│[0;33m│ [0m  [0m85: StoreContextSlotWithWriteBarrier(2, mutable) [n2, n84]
[0;31m│[0;32m│[0;33m│ [0m      ↳ lazy @60 : {<closure>:n3:, <this>:n1:, <context>:n2:, r1:n59:, <accumulator>:n83:} (addr:0x10c01131a50)
[0;31m│[0;32m│[0;33m│ [0m[0;34m  65 : 5b 0a             Inc FBV[10]
[m[0;31m│[0;32m│[0;33m│ [0m      ↱ eager @65 : {<closure>:n3:, <this>:n1:, <context>:n2:, r0:n83:, <accumulator>:n59:} (addr:0x10c01131bb0)
[0;31m│[0;32m│[0;33m│ [0m  [0m86: Int32IncrementWithOverflow [n60], 2 uses, cannot truncate to int32
[0;31m│[0;32m│[0;33m│ [0m[0;34m  68 : 97 31 00 0b       JumpLoop [49], [0], FBV[11]
[m[0;31m│[0;32m│[0;33m│ [0m  [0m87: ReduceInterruptBudgetForLoop(39) [n53]
[0;31m│[0;32m│[0;33m│ [0m      ↳ lazy @68 : {<closure>:n3:, <this>:n1:, <context>:n2:, r0:n83:, r1:n86:} (addr:0x10c01131d58)
[0;31m│[0;32m│[0;33m│ [0m  [0m89: Int32ToNumber[kCanonicalizeSmi] [n86], 1 uses
[0;31m│[0;32m│[0;33m│ [0m      ↱ eager @65 : {<closure>:n3:, <this>:n1:, <context>:n2:, r0:n83:, <accumulator>:n59:} (addr:0x10c01131bb0)
[0;31m│[0;32m╰──◄─[0m88: JumpLoop b6
[0;31m│ [0;33m│ [0m      with gap moves:
[0;31m│ [0;33m│ [0m        - n84 → 58: φᵀ r0
[0;31m│ [0;33m│ [0m        - n89 → 59: φᵀ r1
[0;31m│ [0;33m│ [0m
[0;31m│ [0;33m╰─►[0mBlock b11
[0;31m│   [0m[0;34m  72 : 0b f9             Ldar r0
[m[0;31m│[0;32m╭────[0m90: Jump b13
[0;31m│[0;32m│  [0m      with gap moves:
[0;31m│[0;32m│  [0m        - n58 → 92: φᵀ r0
[0;31m│[0;32m│  [0m
[0;31m╰───►[0mBlock b12
 [0;32m│  [0m  [0m91: Jump b13
 [0;32m│  [0m   │  with gap moves:
 [0;32m│  [0m   │    - n4 → 92: φᵀ r0
 [0;32m│  [0m   ▼
 [0;32m╰──►[0mBlock b13
    [0m  [0m92: φᵀ r0 (n4, n58), 1 uses
    [0m[0;34m  74 : b9                Return
[m    [0m  [0m93: ReduceInterruptBudgetForReturn(74) [n53]
    [0m  [0m94: Return [n92]
    [0m

----- After use marking -----
Graph

    [0m  [0m53: Constant(0x09b80101e2d9 <FeedbackCell[one closure]>) → (x)
    [0m  [0m30: Constant(0x09b80101e2fd <JSFunction mayThrow (sfi = 0x9b80101e1d5)>) → (x)
    [0m  [0m36: Constant(0x09b80101e4e1 <ScopeInfo CATCH_SCOPE>) → (x)
    [0m  [0m18: Constant(0x09b80101e331 <JSFunction risky (sfi = 0x9b80101e205)>) → (x)
    [0m  [0m20: Constant(0x09b80101e2e9 <ScriptContext[3]>) → (x)
    [0m  [0m21: Constant(0x09b801004979 <JSGlobalProxy>) → (x)
    [0m  [0m28: Constant(0x09b80101e365 <JSFunction bare (sfi = 0x9b80101e235)>) → (x)
    [0m  [0m19: RootConstant(undefined_value) → (x)
    [0m  [0m44: RootConstant(the_hole_value) → (x)
    [0m  [0m35: SmiConstant(3) → (x)
    [0m  [0m10: SmiConstant(400000) → (x)
    [0m  [0m12: Int32Constant(400000) → (x)
    [0m  [0m48: Float64Constant(0) → (x)
     [0mBlock b0
    [0m[1;34m0x09b80101e15d <SharedFunctionInfo> (0x09b80104a8b5 <String[18]: "workloads/throw.js">:0:0)
[m    [0m[0;34m  19 : 01 0d 80 1a 06 00 LdaSmi.ExtraWide [400000]
[m    [0m   [0m1: InitialValue(<this>) → (x)
    [0m   [0m2: InitialValue(<context>) → (x)
    [0m   [0m3: InitialValue(<closure>) → (x)
    [0m   [0m4: InitialValue(r0) → (x)
    [0m   [0m5: InitialValue(r1) → (x)
    [0m   [0m8: FunctionEntryStackCheck
    [0m      ↳ lazy @68 : {<closure>:n3:, <this>:n1:, <context>:n2:, r0:n4:, r1:n5:} (addr:0x10c0114c9f0)
    [0m      ↱ eager @68 : {<closure>:n3:, <this>:n1:, <context>:n2:, r0:n4:, r1:n5:} (addr:0x10c0114c9f0)
    [0m   [0m9: CheckpointedJump b1
    [0m   ↓
     [0mBlock b1
    [0m[0;34m  25 : 79 f8 04          TestLessThan r1, EmbeddedFeedback[4]
[m    [0m      ↱ eager @25 : {<closure>:n3:, <this>:n1:, <context>:n2:, r0:n4:, r1:n5:, <accumulator>:n10:} (addr:0x10c0114e3b8)
    [0m  [0m11: CheckedSmiUntag [v0/n5:(x)] → (x)
    [0m[0;34m  28 : a8 2c             JumpIfFalse [44]
[m[0;31m╭─────[0m14: BranchIfInt32Compare(LessThan) [v0/n11:(x), v0/n12:(x)] b2 b12
[0;31m│   [0m   ↓
[0;31m│    [0mBlock b2
[0;31m│   [0m[0;34m  30 : 18 02             LdaCurrentContextSlot [2]
[m[0;31m│   [0m  [0m17: LoadContextSlot(0x10, mutable) [v0/n2:(x)] → (x)
[0;31m│   [0m[0;34m  37 : 6d f6 f8 03       CallUndefinedReceiver1 r3, r1, FBV[3]
[m[0;31m│   [0m  [0m22: 🐢 CallKnownJSFunction(0x09b80101e205 <SharedFunctionInfo risky>, {Float64}) [v0/n18:(x), v0/n20:(x), v0/n21:(x), v0/n19:(x), v0/n5:(x)] → (x)
[0;31m│   [0m      ↳ lazy @37 : {<closure>:n3:, <this>:n1:, <context>:n2:, r1:n5:, r2:n17:} (addr:0x10c0114f948)
[0;31m│   [0m[0;34m  41 : 42 f7 00          Add r2, FBV[0]
[m[0;31m│   [0m      ↱ eager @41 : {<closure>:n3:, <this>:n1:, <context>:n2:, r1:n5:, r2:n17:, <accumulator>:n22:} (addr:0x10c0114fab8)
[0;31m│   [0m  [0m23: CheckedNumberToFloat64 [v0/n17:(x)] → (x)
[0;31m│   [0m      ↱ eager @41 : {<closure>:n3:, <this>:n1:, <context>:n2:, r1:n5:, r2:n17:, <accumulator>:n22:} (addr:0x10c0114fab8)
[0;31m│   [0m  [0m24: CheckedNumberToFloat64 [v0/n22:(x)] → (x)
[0;31m│   [0m  [0m25: Float64Add [v0/n23:(x), v0/n24:(x)] → (x)
[0;31m│   [0m[0;34m  44 : 29 02             StaCurrentContextSlot [2]
[m[0;31m│   [0m  [0m26: Float64ToTagged[kCanonicalizeSmi] [v0/n25:(x)] → (x)
[0;31m│   [0m  [0m27: StoreContextSlotWithWriteBarrier(2, mutable) [v0/n2:(x), v0/n26:(x)]
[0;31m│   [0m      ↳ lazy @44 : {<closure>:n3:, <this>:n1:, <context>:n2:, r1:n5:} (addr:0x10c0114fe08)
[0;31m│   [0m[1;34m0x09b80101e235 <SharedFunctionInfo bare> (0x09b80104a8b5 <String[18]: "workloads/throw.js">:34:13)
[m[0;31m│   [0m[0;34m   0 : 1b ff f9          Mov <context>, r0
[m[0;31m│   [0m  [0m29: Jump b3
[0;31m│   [0m   ↓
[0;31m│    [0mBlock b3
[0;31m│   [0m[1;34m0x09b80101e235 <SharedFunctionInfo bare> (0x09b80104a8b5 <String[18]: "workloads/throw.js">:0:0)
[m[0;31m│   [0m[0;34m   7 : 6d f8 03 02       CallUndefinedReceiver1 r1, a0, FBV[2]
[m[0;31m│   [0m  [0m31: 🐢 CallKnownJSFunction(0x09b80101e1d5 <SharedFunctionInfo mayThrow>, {}) [v0/n30:(x), v0/n20:(x), v0/n21:(x), v0/n19:(x), v0/n5:(x)] → (x)
[0;31m│   [0m      │      @53 : {<closure>:n3:, <this>:n1:, <context>:n2:, r1:n5:, r2:n25:} (addr:0x10c01150c38)
[0;31m│   [0m      ↳ lazy @7 : {<closure>:n28:, <this>:n21:, a0:n5:, <context>:n20:, r0:n20:} (addr:0x10c0111d978)
[0;31m│   [0m      ↳ throw @13 (b4) : {<this>:n21, a0:n5, <context>:n20}
[0;31m│   [0m[0;34m  11 : 98 0f             Jump [15]
[m[0;31m│[0;32m╭────[0m32: Jump b5
[0;31m│[0;32m│  [0m
[0;31m│[0;32m│   [0mBlock b4 (exception handler)
[0;31m│[0;32m│  [0m  [0m33: φᵀₑ <accumulator> (compressed) → (x)
[0;31m│[0;32m│  [0m[0;34m  14 : 8f f8 01          CreateCatchContext r1, [1:0x09b80101e4e1 <ScopeInfo CATCH_SCOPE>]
[m[0;31m│[0;32m│  [0m  [0m37: AllocationBlock(Young) → (x)
[0;31m│[0;32m│  [0m  [0m38: InlinedAllocation(object 0x09b801014af1 <Map(CATCH_CONTEXT_TYPE)>) [v0/n37:(x)] → (x)
[0;31m│[0;32m│  [0m  [0m39: StoreMap(0x09b801014af1 <Map(CATCH_CONTEXT_TYPE)>, InlinedAllocation) [v0/n38:(x)] 🪦
[0;31m│[0;32m│  [0m  [0m40: StoreTaggedFieldNoWriteBarrier(0x4, mutable) [v0/n38:(x), v0/n35:(x)] 🪦
[0;31m│[0;32m│  [0m  [0m41: StoreTaggedFieldWithWriteBarrier(0x8, constant, maybe_smi:0) [v0/n38:(x), v0/n36:(x)] 🪦
[0;31m│[0;32m│  [0m  [0m42: StoreTaggedFieldWithWriteBarrier(0xc, constant, maybe_smi:0) [v0/n38:(x), v0/n20:(x)] 🪦
[0;31m│[0;32m│  [0m  [0m43: StoreTaggedFieldWithWriteBarrier(0x10, constant, maybe_smi:1) [v0/n38:(x), v0/n33:(x)] 🪦
[0;31m│[0;32m│  [0m[0;34m  19 : b6                SetPendingMessage
[m[0;31m│[0;32m│  [0m  [0m45: SetPendingMessage [v0/n44:(x)] → (x)
[0;31m│[0;32m│  [0m[0;34m  26 : 0c                LdaZero
[m[0;31m│[0;32m│  [0m  [0m46: Jump b5
[0;31m│[0;32m│  [0m   ↓
[0;31m│[0;32m╰──►[0mBlock b5
[0;31m│   [0m[1;34m0x09b80101e15d <SharedFunctionInfo> (0x09b80104a8b5 <String[18]: "workloads/throw.js">:0:0)
[m[0;31m│   [0m[0;34m  57 : 42 f7 05          Add r2, FBV[5]
[m[0;31m│   [0m  [0m49: Float64Add [v0/n25:(x), v0/n48:(x)] → (x)
[0;31m│   [0m[0;34m  60 : 29 02             StaCurrentContextSlot [2]
[m[0;31m│   [0m  [0m50: Float64ToTagged[kCanonicalizeSmi] [v0/n49:(x)] → (x)
[0;31m│   [0m  [0m51: StoreContextSlotWithWriteBarrier(2, mutable) [v0/n2:(x), v0/n50:(x)]
[0;31m│   [0m      ↳ lazy @60 : {<closure>:n3:, <this>:n1:, <context>:n2:, r1:n5:, <accumulator>:n49:} (addr:0x10c0111f460)
[0;31m│   [0m[0;34m  65 : 5b 0a             Inc FBV[10]
[m[0;31m│   [0m      ↱ eager @65 : {<closure>:n3:, <this>:n1:, <context>:n2:, r0:n49:, <accumulator>:n5:} (addr:0x10c0111f648)
[0;31m│   [0m  [0m52: Int32IncrementWithOverflow [v0/n11:(x)] → (x)
[0;31m│   [0m[0;34m  68 : 97 31 00 0b       JumpLoop [49], [0], FBV[11]
[m[0;31m│   [0m  [0m54: ReduceInterruptBudgetForLoop(39) [v0/n53:(x)]
[0;31m│   [0m      ↳ lazy @68 : {<closure>:n3:, <this>:n1:, <context>:n2:, r0:n49:, r1:n52:} (addr:0x10c0111f7f8)
[0;31m│   [0m  [0m57: Int32ToNumber[kCanonicalizeSmi] [v0/n52:(x)] → (x)
[0;31m│   [0m  [0m56: Jump b6
[0;31m│   [0m   │  with gap moves:
[0;31m│   [0m   │    - v0/n50:(x) → 58: φᵀ r0 (x)
[0;31m│   [0m   │    - v0/n57:(x) → 59: φᵀ r1 (x)
[0;31m│   [0m   ▼
[0;31m│[0;32m╭──►[0mBlock b6 peeled (effects: ua c1)
[0;31m│[0;32m│  [0m  [0m58: φᵀ r0 (n50, n84) (compressed) → (x)
[0;31m│[0;32m│  [0m  [0m59: φᵀ r1 (n57, n89) (compressed) → (x)
[0;31m│[0;32m│  [0m[0;34m  25 : 79 f8 04          TestLessThan r1, EmbeddedFeedback[4]
[m[0;31m│[0;32m│  [0m      ↱ eager @25 : {<closure>:n3:, <this>:n1:, <context>:n2:, r0:n58:, r1:n59:, <accumulator>:n10:} (addr:0x10c01120810)
[0;31m│[0;32m│  [0m  [0m60: CheckedSmiUntag [v0/n59:(x)] → (x)
[0;31m│[0;32m│  [0m[0;34m  28 : a8 2c             JumpIfFalse [44]
[m[0;31m│[0;32m│[0;33m╭───[0m62: BranchIfInt32Compare(LessThan) [v0/n60:(x), v0/n12:(x)] b7 b11
[0;31m│[0;32m│[0;33m│ [0m   ↓
[0;31m│[0;32m│[0;33m│  [0mBlock b7
[0;31m│[0;32m│[0;33m│ [0m[0;34m  30 : 18 02             LdaCurrentContextSlot [2]
[m[0;31m│[0;32m│[0;33m│ [0m  [0m63: LoadContextSlot(0x10, mutable) [v0/n2:(x)] → (x)
[0;31m│[0;32m│[0;33m│ [0m[0;34m  37 : 6d f6 f8 03       CallUndefinedReceiver1 r3, r1, FBV[3]
[m[0;31m│[0;32m│[0;33m│ [0m  [0m64: 🐢 CallKnownJSFunction(0x09b80101e205 <SharedFunctionInfo risky>, {Float64}) [v0/n18:(x), v0/n20:(x), v0/n21:(x), v0/n19:(x), v0/n59:(x)] → (x)
[0;31m│[0;32m│[0;33m│ [0m      ↳ lazy @37 : {<closure>:n3:, <this>:n1:, <context>:n2:, r1:n59:, r2:n63:} (addr:0x10c01120bd0)
[0;31m│[0;32m│[0;33m│ [0m[0;34m  41 : 42 f7 00          Add r2, FBV[0]
[m[0;31m│[0;32m│[0;33m│ [0m      ↱ eager @41 : {<closure>:n3:, <this>:n1:, <context>:n2:, r1:n59:, r2:n63:, <accumulator>:n64:} (addr:0x10c01120d40)
[0;31m│[0;32m│[0;33m│ [0m  [0m65: CheckedNumberToFloat64 [v0/n63:(x)] → (x)
[0;31m│[0;32m│[0;33m│ [0m      ↱ eager @41 : {<closure>:n3:, <this>:n1:, <context>:n2:, r1:n59:, r2:n63:, <accumulator>:n64:} (addr:0x10c01120d40)
[0;31m│[0;32m│[0;33m│ [0m  [0m66: CheckedNumberToFloat64 [v0/n64:(x)] → (x)
[0;31m│[0;32m│[0;33m│ [0m  [0m67: Float64Add [v0/n65:(x), v0/n66:(x)] → (x)
[0;31m│[0;32m│[0;33m│ [0m[0;34m  44 : 29 02             StaCurrentContextSlot [2]
[m[0;31m│[0;32m│[0;33m│ [0m  [0m68: Float64ToTagged[kCanonicalizeSmi] [v0/n67:(x)] → (x)
[0;31m│[0;32m│[0;33m│ [0m  [0m69: StoreContextSlotWithWriteBarrier(2, mutable) [v0/n2:(x), v0/n68:(x)]
[0;31m│[0;32m│[0;33m│ [0m      ↳ lazy @44 : {<closure>:n3:, <this>:n1:, <context>:n2:, r1:n59:} (addr:0x10c01121090)
[0;31m│[0;32m│[0;33m│ [0m[1;34m0x09b80101e235 <SharedFunctionInfo bare> (0x09b80104a8b5 <String[18]: "workloads/throw.js">:34:13)
[m[0;31m│[0;32m│[0;33m│ [0m[0;34m   0 : 1b ff f9          Mov <context>, r0
[m[0;31m│[0;32m│[0;33m│ [0m  [0m70: Jump b8
[0;31m│[0;32m│[0;33m│ [0m   ↓
[0;31m│[0;32m│[0;33m│  [0mBlock b8
[0;31m│[0;32m│[0;33m│ [0m[1;34m0x09b80101e235 <SharedFunctionInfo bare> (0x09b80104a8b5 <String[18]: "workloads/throw.js">:0:0)
[m[0;31m│[0;32m│[0;33m│ [0m[0;34m   7 : 6d f8 03 02       CallUndefinedReceiver1 r1, a0, FBV[2]
[m[0;31m│[0;32m│[0;33m│ [0m  [0m71: 🐢 CallKnownJSFunction(0x09b80101e1d5 <SharedFunctionInfo mayThrow>, {}) [v0/n30:(x), v0/n20:(x), v0/n21:(x), v0/n19:(x), v0/n59:(x)] → (x)
[0;31m│[0;32m│[0;33m│ [0m      │      @53 : {<closure>:n3:, <this>:n1:, <context>:n2:, r1:n59:, r2:n67:} (addr:0x10c01121330)
[0;31m│[0;32m│[0;33m│ [0m      ↳ lazy @7 : {<closure>:n28:, <this>:n21:, a0:n59:, <context>:n20:, r0:n20:} (addr:0x10c0112ff08)
[0;31m│[0;32m│[0;33m│ [0m      ↳ throw @13 (b9) : {<this>:n21, a0:n59, <context>:n20}
[0;31m│[0;32m│[0;33m│ [0m[0;34m  11 : 98 0f             Jump [15]
[m[0;31m│[0;32m│[0;33m│[0;34m╭──[0m72: Jump b10
[0;31m│[0;32m│[0;33m│[0;34m│[0m
[0;31m│[0;32m│[0;33m│[0;34m│ [0mBlock b9 (exception handler)
[0;31m│[0;32m│[0;33m│[0;34m│[0m  [0m73: φᵀₑ <accumulator> (compressed) → (x)
[0;31m│[0;32m│[0;33m│[0;34m│[0m[0;34m  14 : 8f f8 01          CreateCatchContext r1, [1:0x09b80101e4e1 <ScopeInfo CATCH_SCOPE>]
[m[0;31m│[0;32m│[0;33m│[0;34m│[0m  [0m74: AllocationBlock(Young) → (x)
[0;31m│[0;32m│[0;33m│[0;34m│[0m  [0m75: InlinedAllocation(object 0x09b801014af1 <Map(CATCH_CONTEXT_TYPE)>) [v0/n74:(x)] → (x)
[0;31m│[0;32m│[0;33m│[0;34m│[0m  [0m76: StoreMap(0x09b801014af1 <Map(CATCH_CONTEXT_TYPE)>, InlinedAllocation) [v0/n75:(x)] 🪦
[0;31m│[0;32m│[0;33m│[0;34m│[0m  [0m77: StoreTaggedFieldNoWriteBarrier(0x4, mutable) [v0/n75:(x), v0/n35:(x)] 🪦
[0;31m│[0;32m│[0;33m│[0;34m│[0m  [0m78: StoreTaggedFieldWithWriteBarrier(0x8, constant, maybe_smi:0) [v0/n75:(x), v0/n36:(x)] 🪦
[0;31m│[0;32m│[0;33m│[0;34m│[0m  [0m79: StoreTaggedFieldWithWriteBarrier(0xc, constant, maybe_smi:0) [v0/n75:(x), v0/n20:(x)] 🪦
[0;31m│[0;32m│[0;33m│[0;34m│[0m  [0m80: StoreTaggedFieldWithWriteBarrier(0x10, constant, maybe_smi:1) [v0/n75:(x), v0/n73:(x)] 🪦
[0;31m│[0;32m│[0;33m│[0;34m│[0m[0;34m  19 : b6                SetPendingMessage
[m[0;31m│[0;32m│[0;33m│[0;34m│[0m  [0m81: SetPendingMessage [v0/n44:(x)] → (x)
[0;31m│[0;32m│[0;33m│[0;34m│[0m[0;34m  26 : 0c                LdaZero
[m[0;31m│[0;32m│[0;33m│[0;34m│[0m  [0m82: Jump b10
[0;31m│[0;32m│[0;33m│[0;34m│[0m   ↓
[0;31m│[0;32m│[0;33m│[0;34m╰►[0mBlock b10
[0;31m│[0;32m│[0;33m│ [0m[1;34m0x09b80101e15d <SharedFunctionInfo> (0x09b80104a8b5 <String[18]: "workloads/throw.js">:0:0)
[m[0;31m│[0;32m│[0;33m│ [0m[0;34m  57 : 42 f7 05          Add r2, FBV[5]
[m[0;31m│[0;32m│[0;33m│ [0m  [0m83: Float64Add [v0/n67:(x), v0/n48:(x)] → (x)
[0;31m│[0;32m│[0;33m│ [0m[0;34m  60 : 29 02             StaCurrentContextSlot [2]
[m[0;31m│[0;32m│[0;33m│ [0m  [0m84: Float64ToTagged[kCanonicalizeSmi] [v0/n83:(x)] → (x)
[0;31m│[0;32m│[0;33m│ [0m  [0m85: StoreContextSlotWithWriteBarrier(2, mutable) [v0/n2:(x), v0/n84:(x)]
[0;31m│[0;32m│[0;33m│ [0m      ↳ lazy @60 : {<closure>:n3:, <this>:n1:, <context>:n2:, r1:n59:, <accumulator>:n83:} (addr:0x10c01131a50)
[0;31m│[0;32m│[0;33m│ [0m[0;34m  65 : 5b 0a             Inc FBV[10]
[m[0;31m│[0;32m│[0;33m│ [0m      ↱ eager @65 : {<closure>:n3:, <this>:n1:, <context>:n2:, r0:n83:, <accumulator>:n59:} (addr:0x10c01131bb0)
[0;31m│[0;32m│[0;33m│ [0m  [0m86: Int32IncrementWithOverflow [v0/n60:(x)] → (x)
[0;31m│[0;32m│[0;33m│ [0m[0;34m  68 : 97 31 00 0b       JumpLoop [49], [0], FBV[11]
[m[0;31m│[0;32m│[0;33m│ [0m  [0m87: ReduceInterruptBudgetForLoop(39) [v0/n53:(x)]
[0;31m│[0;32m│[0;33m│ [0m      ↳ lazy @68 : {<closure>:n3:, <this>:n1:, <context>:n2:, r0:n83:, r1:n86:} (addr:0x10c01131d58)
[0;31m│[0;32m│[0;33m│ [0m  [0m89: Int32ToNumber[kCanonicalizeSmi] [v0/n86:(x)] → (x)
[0;31m│[0;32m│[0;33m│ [0m      ↱ eager @65 : {<closure>:n3:, <this>:n1:, <context>:n2:, r0:n83:, <accumulator>:n59:} (addr:0x10c01131bb0)
[0;31m│[0;32m╰──◄─[0m88: JumpLoop b6
[0;31m│ [0;33m│ [0m      with gap moves:
[0;31m│ [0;33m│ [0m        - v0/n84:(x) → 58: φᵀ r0 (x)
[0;31m│ [0;33m│ [0m        - v0/n89:(x) → 59: φᵀ r1 (x)
[0;31m│ [0;33m│ [0m
[0;31m│ [0;33m╰─►[0mBlock b11
[0;31m│   [0m[0;34m  72 : 0b f9             Ldar r0
[m[0;31m│[0;32m╭────[0m90: Jump b13
[0;31m│[0;32m│  [0m      with gap moves:
[0;31m│[0;32m│  [0m        - v0/n58:(x) → 92: φᵀ r0 (x)
[0;31m│[0;32m│  [0m
[0;31m╰───►[0mBlock b12
 [0;32m│  [0m  [0m91: Jump b13
 [0;32m│  [0m   │  with gap moves:
 [0;32m│  [0m   │    - v0/n4:(x) → 92: φᵀ r0 (x)
 [0;32m│  [0m   ▼
 [0;32m╰──►[0mBlock b13
    [0m  [0m92: φᵀ r0 (n4, n58) (compressed) → (x)
    [0m[0;34m  74 : b9                Return
[m    [0m  [0m93: ReduceInterruptBudgetForReturn(74) [v0/n53:(x)]
    [0m  [0m94: Return [v0/n92:(x)]
    [0m

----- After register allocation pre-processing -----
Graph

    [0m   [0m1/53: Constant(0x09b80101e2d9 <FeedbackCell[one closure]>) → v-1, live range: [1-66]
    [0m   [0m2/30: Constant(0x09b80101e2fd <JSFunction mayThrow (sfi = 0x9b80101e1d5)>) → v-1, live range: [2-62]
    [0m   [0m3/18: Constant(0x09b80101e331 <JSFunction risky (sfi = 0x9b80101e205)>) → v-1, live range: [3-62]
    [0m   [0m4/20: Constant(0x09b80101e2e9 <ScriptContext[3]>) → v-1, live range: [4-62]
    [0m   [0m5/21: Constant(0x09b801004979 <JSGlobalProxy>) → v-1, live range: [5-62]
    [0m   [0m6/28: Constant(0x09b80101e365 <JSFunction bare (sfi = 0x9b80101e235)>) → v-1, live range: [6-62]
    [0m   [0m7/19: RootConstant(undefined_value) → v-1, live range: [7-62]
    [0m   [0m8/44: RootConstant(the_hole_value) → v-1, live range: [8-62]
    [0m   [0m9/10: SmiConstant(400000) → v-1, live range: [9-62]
    [0m  [0m10/12: Int32Constant(400000) → v-1, live range: [10-62]
    [0m  [0m11/48: Float64Constant(0) → v-1, live range: [11-62]
     [0mBlock b0
    [0m[1;34m0x09b80101e15d <SharedFunctionInfo> (0x09b80104a8b5 <String[18]: "workloads/throw.js">:0:0)
[m    [0m[0;34m  19 : 01 0d 80 1a 06 00 LdaSmi.ExtraWide [400000]
[m    [0m   [0m12/1: InitialValue(<this>) → v-1(=-6S), live range: [12-62]
    [0m   [0m13/2: InitialValue(<context>) → v-1(=-3S), live range: [13-62]
    [0m   [0m14/3: InitialValue(<closure>) → v-1(=-2S), live range: [14-62]
    [0m   [0m15/4: InitialValue(r0) → v-1(=3S), live range: [15-64]
    [0m   [0m16/5: InitialValue(r1) → v-1(=4S), live range: [16-36]
    [0m   [0m17/8: FunctionEntryStackCheck
    [0m         ↳ lazy @68 : {<closure>:n3:(x), <this>:n1:(x), <context>:n2:(x), r0:n4:(x), r1:n5:(x)} (addr:0x10c0114c9f0)
    [0m         ↱ eager @68 : {<closure>:n3:, <this>:n1:, <context>:n2:, r0:n4:, r1:n5:} (addr:0x10c0114c9f0)
    [0m   [0m18/9: CheckpointedJump b1
    [0m      ↓
     [0mBlock b1
    [0m[0;34m  25 : 79 f8 04          TestLessThan r1, EmbeddedFeedback[4]
[m    [0m         ↱ eager @25 : {<closure>:n3:(x), <this>:n1:(x), <context>:n2:(x), r0:n4:(x), r1:n5:(x), <accumulator>:n10:(x)} (addr:0x10c0114e3b8)
    [0m  [0m19/11: CheckedSmiUntag [v16/n5:v-1(R)] → v-1(0), live range: [19-36]
    [0m[0;34m  28 : a8 2c             JumpIfFalse [44]
[m[0;31m╭─────[0m20/14: BranchIfInt32Compare(LessThan) [v19/n11:v-1(R), v10/n12:v-1(R)] b2 b12
[0;31m│   [0m      ↓
[0;31m│    [0mBlock b2
[0;31m│   [0m[0;34m  30 : 18 02             LdaCurrentContextSlot [2]
[m[0;31m│   [0m  [0m21/17: LoadContextSlot(0x10, mutable) [v13/n2:v-1(R)] → v-1(R), live range: [21-24]
[0;31m│   [0m[0;34m  37 : 6d f6 f8 03       CallUndefinedReceiver1 r3, r1, FBV[3]
[m[0;31m│   [0m  [0m22/22: 🐢 CallKnownJSFunction(0x09b80101e205 <SharedFunctionInfo risky>, {Float64}) [v3/n18:v-1(=x1), v4/n20:v-1(=x27), v5/n21:v-1(*), v7/n19:v-1(=x3), v16/n5:v-1(*)] → v-1(=x0), live range: [22-24]
[0;31m│   [0m         ↳ lazy @37 : {<closure>:n3:(x), <this>:n1:(x), <context>:n2:(x), r1:n5:(x), r2:n17:(x)} (addr:0x10c0114f948)
[0;31m│   [0m[0;34m  41 : 42 f7 00          Add r2, FBV[0]
[m[0;31m│   [0m         ↱ eager @41 : {<closure>:n3:(x), <this>:n1:(x), <context>:n2:(x), r1:n5:(x), r2:n17:(x), <accumulator>:n22:(x)} (addr:0x10c0114fab8)
[0;31m│   [0m  [0m23/23: CheckedNumberToFloat64 [v21/n17:v-1(R)] → v-1(R), live range: [23-25]
[0;31m│   [0m         ↱ eager @41 : {<closure>:n3:(x), <this>:n1:(x), <context>:n2:(x), r1:n5:(x), r2:n17:(x), <accumulator>:n22:(x)} (addr:0x10c0114fab8)
[0;31m│   [0m  [0m24/24: CheckedNumberToFloat64 [v22/n22:v-1(R)] → v-1(R), live range: [24-25]
[0;31m│   [0m  [0m25/25: Float64Add [v23/n23:v-1(R), v24/n24:v-1(R)] → v-1(R), live range: [25-33]
[0;31m│   [0m[0;34m  44 : 29 02             StaCurrentContextSlot [2]
[m[0;31m│   [0m  [0m26/26: Float64ToTagged[kCanonicalizeSmi] [v25/n25:v-1(R)] → v-1(R), live range: [26-27]
[0;31m│   [0m  [0m27/27: StoreContextSlotWithWriteBarrier(2, mutable) [v13/n2:v-1(=x1), v26/n26:v-1(R)]
[0;31m│   [0m         ↳ lazy @44 : {<closure>:n3:(x), <this>:n1:(x), <context>:n2:(x), r1:n5:(x)} (addr:0x10c0114fe08)
[0;31m│   [0m[1;34m0x09b80101e235 <SharedFunctionInfo bare> (0x09b80104a8b5 <String[18]: "workloads/throw.js">:34:13)
[m[0;31m│   [0m[0;34m   0 : 1b ff f9          Mov <context>, r0
[m[0;31m│   [0m  [0m28/29: Jump b3
[0;31m│   [0m      ↓
[0;31m│    [0mBlock b3
[0;31m│   [0m[1;34m0x09b80101e235 <SharedFunctionInfo bare> (0x09b80104a8b5 <String[18]: "workloads/throw.js">:0:0)
[m[0;31m│   [0m[0;34m   7 : 6d f8 03 02       CallUndefinedReceiver1 r1, a0, FBV[2]
[m[0;31m│   [0m  [0m29/31: 🐢 CallKnownJSFunction(0x09b80101e1d5 <SharedFunctionInfo mayThrow>, {}) [v2/n30:v-1(=x1), v4/n20:v-1(=x27), v5/n21:v-1(*), v7/n19:v-1(=x3), v16/n5:v-1(*)] → v-1(=x0)
[0;31m│   [0m         │      @53 : {<closure>:n3:(x), <this>:n1:(x), <context>:n2:(x), r1:n5:(x), r2:n25:(x)} (addr:0x10c01150c38)
[0;31m│   [0m         ↳ lazy @7 : {<closure>:n28:(x), <this>:n21:(x), a0:n5:(x), <context>:n20:(x), r0:n20:(x)} (addr:0x10c0111d978)
[0;31m│   [0m         ↳ throw (b4)
[0;31m│   [0m[0;34m  11 : 98 0f             Jump [15]
[m[0;31m│[0;32m╭────[0m30/32: Jump b5
[0;31m│[0;32m│  [0m
[0;31m│[0;32m│   [0mBlock b4 (exception handler)
[0;31m│[0;32m│  [0m[0;34m  19 : b6                SetPendingMessage
[m[0;31m│[0;32m│  [0m  [0m31/45: SetPendingMessage [v8/n44:v-1(R)] → v-1(R)
[0;31m│[0;32m│  [0m[0;34m  26 : 0c                LdaZero
[m[0;31m│[0;32m│  [0m  [0m32/46: Jump b5
[0;31m│[0;32m│  [0m      ↓
[0;31m│[0;32m╰──►[0mBlock b5
[0;31m│   [0m[1;34m0x09b80101e15d <SharedFunctionInfo> (0x09b80104a8b5 <String[18]: "workloads/throw.js">:0:0)
[m[0;31m│   [0m[0;34m  57 : 42 f7 05          Add r2, FBV[5]
[m[0;31m│   [0m  [0m33/49: Float64Add [v25/n25:v-1(R), v11/n48:v-1(R)] → v-1(R), live range: [33-37]
[0;31m│   [0m[0;34m  60 : 29 02             StaCurrentContextSlot [2]
[m[0;31m│   [0m  [0m34/50: Float64ToTagged[kCanonicalizeSmi] [v33/n49:v-1(R)] → v-1(R), live range: [34-39]
[0;31m│   [0m  [0m35/51: StoreContextSlotWithWriteBarrier(2, mutable) [v13/n2:v-1(=x1), v34/n50:v-1(R)]
[0;31m│   [0m         ↳ lazy @60 : {<closure>:n3:(x), <this>:n1:(x), <context>:n2:(x), r1:n5:(x), <accumulator>:n49:(x)} (addr:0x10c0111f460)
[0;31m│   [0m[0;34m  65 : 5b 0a             Inc FBV[10]
[m[0;31m│   [0m         ↱ eager @65 : {<closure>:n3:(x), <this>:n1:(x), <context>:n2:(x), r0:n49:(x), <accumulator>:n5:(x)} (addr:0x10c0111f648)
[0;31m│   [0m  [0m36/52: Int32IncrementWithOverflow [v19/n11:v-1(R)] → v-1(R), live range: [36-38]
[0;31m│   [0m[0;34m  68 : 97 31 00 0b       JumpLoop [49], [0], FBV[11]
[m[0;31m│   [0m  [0m37/54: ReduceInterruptBudgetForLoop(39) [v1/n53:v-1(R)]
[0;31m│   [0m         ↳ lazy @68 : {<closure>:n3:(x), <this>:n1:(x), <context>:n2:(x), r0:n49:(x), r1:n52:(x)} (addr:0x10c0111f7f8)
[0;31m│   [0m  [0m38/57: Int32ToNumber[kCanonicalizeSmi] [v36/n52:v-1(R)] → v-1(R), live range: [38-39]
[0;31m│   [0m  [0m39/56: Jump b6
[0;31m│   [0m      │  with gap moves:
[0;31m│   [0m      │    - v34/n50:v-1(*) → 58: φᵀ r0 v-1(*)
[0;31m│   [0m      │    - v38/n57:v-1(*) → 59: φᵀ r1 v-1(*)
[0;31m│   [0m      ▼
[0;31m│[0;32m╭──►[0mBlock b6 peeled (effects: ua c1)
[0;31m│[0;32m│  [0m  [0m40/58: φᵀ r0 (n50, n84) → v-1(*), live range: [40-63]
[0;31m│[0;32m│  [0m  [0m41/59: φᵀ r1 (n57, n89) → v-1(*), live range: [41-59]
[0;31m│[0;32m│  [0m[0;34m  25 : 79 f8 04          TestLessThan r1, EmbeddedFeedback[4]
[m[0;31m│[0;32m│  [0m         ↱ eager @25 : {<closure>:n3:(x), <this>:n1:(x), <context>:n2:(x), r0:n58:(x), r1:n59:(x), <accumulator>:n10:(x)} (addr:0x10c01120810)
[0;31m│[0;32m│  [0m  [0m42/60: CheckedSmiUntag [v41/n59:v-1(R)] → v-1(0), live range: [42-59]
[0;31m│[0;32m│  [0m[0;34m  28 : a8 2c             JumpIfFalse [44]
[m[0;31m│[0;32m│[0;33m╭───[0m43/62: BranchIfInt32Compare(LessThan) [v42/n60:v-1(R), v10/n12:v-1(R)] b7 b11
[0;31m│[0;32m│[0;33m│ [0m      ↓
[0;31m│[0;32m│[0;33m│  [0mBlock b7
[0;31m│[0;32m│[0;33m│ [0m[0;34m  30 : 18 02             LdaCurrentContextSlot [2]
[m[0;31m│[0;32m│[0;33m│ [0m  [0m44/63: LoadContextSlot(0x10, mutable) [v13/n2:v-1(R)] → v-1(R), live range: [44-47]
[0;31m│[0;32m│[0;33m│ [0m[0;34m  37 : 6d f6 f8 03       CallUndefinedReceiver1 r3, r1, FBV[3]
[m[0;31m│[0;32m│[0;33m│ [0m  [0m45/64: 🐢 CallKnownJSFunction(0x09b80101e205 <SharedFunctionInfo risky>, {Float64}) [v3/n18:v-1(=x1), v4/n20:v-1(=x27), v5/n21:v-1(*), v7/n19:v-1(=x3), v41/n59:v-1(*)] → v-1(=x0), live range: [45-47]
[0;31m│[0;32m│[0;33m│ [0m         ↳ lazy @37 : {<closure>:n3:(x), <this>:n1:(x), <context>:n2:(x), r1:n59:(x), r2:n63:(x)} (addr:0x10c01120bd0)
[0;31m│[0;32m│[0;33m│ [0m[0;34m  41 : 42 f7 00          Add r2, FBV[0]
[m[0;31m│[0;32m│[0;33m│ [0m         ↱ eager @41 : {<closure>:n3:(x), <this>:n1:(x), <context>:n2:(x), r1:n59:(x), r2:n63:(x), <accumulator>:n64:(x)} (addr:0x10c01120d40)
[0;31m│[0;32m│[0;33m│ [0m  [0m46/65: CheckedNumberToFloat64 [v44/n63:v-1(R)] → v-1(R), live range: [46-48]
[0;31m│[0;32m│[0;33m│ [0m         ↱ eager @41 : {<closure>:n3:(x), <this>:n1:(x), <context>:n2:(x), r1:n59:(x), r2:n63:(x), <accumulator>:n64:(x)} (addr:0x10c01120d40)
[0;31m│[0;32m│[0;33m│ [0m  [0m47/66: CheckedNumberToFloat64 [v45/n64:v-1(R)] → v-1(R), live range: [47-48]
[0;31m│[0;32m│[0;33m│ [0m  [0m48/67: Float64Add [v46/n65:v-1(R), v47/n66:v-1(R)] → v-1(R), live range: [48-56]
[0;31m│[0;32m│[0;33m│ [0m[0;34m  44 : 29 02             StaCurrentContextSlot [2]
[m[0;31m│[0;32m│[0;33m│ [0m  [0m49/68: Float64ToTagged[kCanonicalizeSmi] [v48/n67:v-1(R)] → v-1(R), live range: [49-50]
[0;31m│[0;32m│[0;33m│ [0m  [0m50/69: StoreContextSlotWithWriteBarrier(2, mutable) [v13/n2:v-1(=x1), v49/n68:v-1(R)]
[0;31m│[0;32m│[0;33m│ [0m         ↳ lazy @44 : {<closure>:n3:(x), <this>:n1:(x), <context>:n2:(x), r1:n59:(x)} (addr:0x10c01121090)
[0;31m│[0;32m│[0;33m│ [0m[1;34m0x09b80101e235 <SharedFunctionInfo bare> (0x09b80104a8b5 <String[18]: "workloads/throw.js">:34:13)
[m[0;31m│[0;32m│[0;33m│ [0m[0;34m   0 : 1b ff f9          Mov <context>, r0
[m[0;31m│[0;32m│[0;33m│ [0m  [0m51/70: Jump b8
[0;31m│[0;32m│[0;33m│ [0m      ↓
[0;31m│[0;32m│[0;33m│  [0mBlock b8
[0;31m│[0;32m│[0;33m│ [0m[1;34m0x09b80101e235 <SharedFunctionInfo bare> (0x09b80104a8b5 <String[18]: "workloads/throw.js">:0:0)
[m[0;31m│[0;32m│[0;33m│ [0m[0;34m   7 : 6d f8 03 02       CallUndefinedReceiver1 r1, a0, FBV[2]
[m[0;31m│[0;32m│[0;33m│ [0m  [0m52/71: 🐢 CallKnownJSFunction(0x09b80101e1d5 <SharedFunctionInfo mayThrow>, {}) [v2/n30:v-1(=x1), v4/n20:v-1(=x27), v5/n21:v-1(*), v7/n19:v-1(=x3), v41/n59:v-1(*)] → v-1(=x0)
[0;31m│[0;32m│[0;33m│ [0m         │      @53 : {<closure>:n3:(x), <this>:n1:(x), <context>:n2:(x), r1:n59:(x), r2:n67:(x)} (addr:0x10c01121330)
[0;31m│[0;32m│[0;33m│ [0m         ↳ lazy @7 : {<closure>:n28:(x), <this>:n21:(x), a0:n59:(x), <context>:n20:(x), r0:n20:(x)} (addr:0x10c0112ff08)
[0;31m│[0;32m│[0;33m│ [0m         ↳ throw (b9)
[0;31m│[0;32m│[0;33m│ [0m[0;34m  11 : 98 0f             Jump [15]
[m[0;31m│[0;32m│[0;33m│[0;34m╭──[0m53/72: Jump b10
[0;31m│[0;32m│[0;33m│[0;34m│[0m
[0;31m│[0;32m│[0;33m│[0;34m│ [0mBlock b9 (exception handler)
[0;31m│[0;32m│[0;33m│[0;34m│[0m[0;34m  19 : b6                SetPendingMessage
[m[0;31m│[0;32m│[0;33m│[0;34m│[0m  [0m54/81: SetPendingMessage [v8/n44:v-1(R)] → v-1(R)
[0;31m│[0;32m│[0;33m│[0;34m│[0m[0;34m  26 : 0c                LdaZero
[m[0;31m│[0;32m│[0;33m│[0;34m│[0m  [0m55/82: Jump b10
[0;31m│[0;32m│[0;33m│[0;34m│[0m      ↓
[0;31m│[0;32m│[0;33m│[0;34m╰►[0mBlock b10
[0;31m│[0;32m│[0;33m│ [0m[1;34m0x09b80101e15d <SharedFunctionInfo> (0x09b80104a8b5 <String[18]: "workloads/throw.js">:0:0)
[m[0;31m│[0;32m│[0;33m│ [0m[0;34m  57 : 42 f7 05          Add r2, FBV[5]
[m[0;31m│[0;32m│[0;33m│ [0m  [0m56/83: Float64Add [v48/n67:v-1(R), v11/n48:v-1(R)] → v-1(R), live range: [56-60]
[0;31m│[0;32m│[0;33m│ [0m[0;34m  60 : 29 02             StaCurrentContextSlot [2]
[m[0;31m│[0;32m│[0;33m│ [0m  [0m57/84: Float64ToTagged[kCanonicalizeSmi] [v56/n83:v-1(R)] → v-1(R), live range: [57-62]
[0;31m│[0;32m│[0;33m│ [0m  [0m58/85: StoreContextSlotWithWriteBarrier(2, mutable) [v13/n2:v-1(=x1), v57/n84:v-1(R)]
[0;31m│[0;32m│[0;33m│ [0m         ↳ lazy @60 : {<closure>:n3:(x), <this>:n1:(x), <context>:n2:(x), r1:n59:(x), <accumulator>:n83:(x)} (addr:0x10c01131a50)
[0;31m│[0;32m│[0;33m│ [0m[0;34m  65 : 5b 0a             Inc FBV[10]
[m[0;31m│[0;32m│[0;33m│ [0m         ↱ eager @65 : {<closure>:n3:(x), <this>:n1:(x), <context>:n2:(x), r0:n83:(x), <accumulator>:n59:(x)} (addr:0x10c01131bb0)
[0;31m│[0;32m│[0;33m│ [0m  [0m59/86: Int32IncrementWithOverflow [v42/n60:v-1(R)] → v-1(R), live range: [59-61]
[0;31m│[0;32m│[0;33m│ [0m[0;34m  68 : 97 31 00 0b       JumpLoop [49], [0], FBV[11]
[m[0;31m│[0;32m│[0;33m│ [0m  [0m60/87: ReduceInterruptBudgetForLoop(39) [v1/n53:v-1(R)]
[0;31m│[0;32m│[0;33m│ [0m         ↳ lazy @68 : {<closure>:n3:(x), <this>:n1:(x), <context>:n2:(x), r0:n83:(x), r1:n86:(x)} (addr:0x10c01131d58)
[0;31m│[0;32m│[0;33m│ [0m  [0m61/89: Int32ToNumber[kCanonicalizeSmi] [v59/n86:v-1(R)] → v-1(R), live range: [61-62]
[0;31m│[0;32m│[0;33m│ [0m         ↱ eager @65 : {<closure>:n3:, <this>:n1:, <context>:n2:, r0:n83:, <accumulator>:n59:} (addr:0x10c01131bb0)
[0;31m│[0;32m╰──◄─[0m62/88: JumpLoop b6
[0;31m│ [0;33m│ [0m         with gap moves:
[0;31m│ [0;33m│ [0m           - v57/n84:v-1(*) → 58: φᵀ r0 v-1(*)
[0;31m│ [0;33m│ [0m           - v61/n89:v-1(*) → 59: φᵀ r1 v-1(*)
[0;31m│ [0;33m│ [0m
[0;31m│ [0;33m╰─►[0mBlock b11
[0;31m│   [0m[0;34m  72 : 0b f9             Ldar r0
[m[0;31m│[0;32m╭────[0m63/90: Jump b13
[0;31m│[0;32m│  [0m         with gap moves:
[0;31m│[0;32m│  [0m           - v40/n58:v-1(*) → 92: φᵀ r0 v-1(*)
[0;31m│[0;32m│  [0m
[0;31m╰───►[0mBlock b12
 [0;32m│  [0m  [0m64/91: Jump b13
 [0;32m│  [0m      │  with gap moves:
 [0;32m│  [0m      │    - v15/n4:v-1(*) → 92: φᵀ r0 v-1(*)
 [0;32m│  [0m      ▼
 [0;32m╰──►[0mBlock b13
    [0m  [0m65/92: φᵀ r0 (n4, n58) → v-1(*), live range: [65-67]
    [0m[0;34m  74 : b9                Return
[m    [0m  [0m66/93: ReduceInterruptBudgetForReturn(74) [v1/n53:v-1(R)]
    [0m  [0m67/94: Return [v65/n92:v-1(=x0)]
    [0m

----- After register allocation -----
Graph

    [0m    [0m1/53: Constant(0x09b80101e2d9 <FeedbackCell[one closure]>) → v-1, live range: [1-66]
    [0m    [0m2/30: Constant(0x09b80101e2fd <JSFunction mayThrow (sfi = 0x9b80101e1d5)>) → v-1, live range: [2-62]
    [0m    [0m3/18: Constant(0x09b80101e331 <JSFunction risky (sfi = 0x9b80101e205)>) → v-1, live range: [3-62]
    [0m    [0m4/20: Constant(0x09b80101e2e9 <ScriptContext[3]>) → v-1, live range: [4-62]
    [0m    [0m5/21: Constant(0x09b801004979 <JSGlobalProxy>) → v-1, live range: [5-62]
    [0m    [0m6/28: Constant(0x09b80101e365 <JSFunction bare (sfi = 0x9b80101e235)>) → v-1, live range: [6-62]
    [0m    [0m7/19: RootConstant(undefined_value) → v-1, live range: [7-62]
    [0m    [0m8/44: RootConstant(the_hole_value) → v-1, live range: [8-62]
    [0m    [0m9/10: SmiConstant(400000) → v-1, live range: [9-62]
    [0m   [0m10/12: Int32Constant(400000) → v-1, live range: [10-62]
    [0m   [0m11/48: Float64Constant(0) → v-1, live range: [11-62]
     [0mBlock b0
    [0m[1;34m0x09b80101e15d <SharedFunctionInfo> (0x09b80104a8b5 <String[18]: "workloads/throw.js">:0:0)
[m    [0m[0;34m  19 : 01 0d 80 1a 06 00 LdaSmi.ExtraWide [400000]
[m    [0m    [0m12/1: InitialValue(<this>) → [stack:-6|t], live range: [12-62]
    [0m    [0m13/2: InitialValue(<context>) → [stack:-3|t], live range: [13-62]
    [0m    [0m14/3: InitialValue(<closure>) → [stack:-2|t], live range: [14-62]
    [0m    [0m15/4: InitialValue(r0) → [stack:3|t], live range: [15-64]
    [0m    [0m16/5: InitialValue(r1) → [stack:4|t], live range: [16-36]
    [0m    [0m17/8: FunctionEntryStackCheck
    [0m          ↳ lazy @68 : {<closure>:n3:[stack:-2|t], <this>:n1:[stack:-6|t], <context>:n2:[stack:-3|t], r0:n4:[stack:3|t], r1:n5:[stack:4|t]} (addr:0x10c0114c9f0)
    [0m          ↱ eager @68 : {<closure>:n3:, <this>:n1:, <context>:n2:, r0:n4:, r1:n5:} (addr:0x10c0114c9f0)
    [0m    [0m18/9: CheckpointedJump b1
    [0m       ↓
     [0mBlock b1
    [0m      [0m95: GapMove([stack:4|t] → [x0|R|t])
    [0m[0;34m  25 : 79 f8 04          TestLessThan r1, EmbeddedFeedback[4]
[m    [0m          ↱ eager @25 : {<closure>:n3:[stack:-2|t], <this>:n1:[stack:-6|t], <context>:n2:[stack:-3|t], r0:n4:[stack:3|t], r1:n5:[stack:4|t], <accumulator>:n10:[constant:v-1]} (addr:0x10c0114e3b8)
    [0m   [0m19/11: CheckedSmiUntag [v16/n5:[x0|R|t]] → [x0|R|w32] (spilled: [stack:0|w32]), live range: [19-36]
    [0m      [0m96: ConstantGapMove(n12 → [x1|R|w32])
    [0m[0;34m  28 : a8 2c             JumpIfFalse [44]
[m[0;31m╭──────[0m20/14: BranchIfInt32Compare(LessThan) [v19/n11:[x0|R|w32], v10/n12:[x1|R|w32]] b2 b12
[0;31m│   [0m       ↓
[0;31m│    [0mBlock b2
[0;31m│   [0m      [0m97: GapMove([stack:-3|t] → [x2|R|t])
[0;31m│   [0m[0;34m  30 : 18 02             LdaCurrentContextSlot [2]
[m[0;31m│   [0m   [0m21/17: LoadContextSlot(0x10, mutable) [v13/n2:[x2|R|t]] → [x5|R|t] (spilled: [stack:2|t]), live range: [21-24]
[0;31m│   [0m      [0m98: ConstantGapMove(n18 → [x1|R|t])
[0;31m│   [0m      [0m99: ConstantGapMove(n20 → [x27|R|t])
[0;31m│   [0m     [0m100: ConstantGapMove(n19 → [x3|R|t])
[0;31m│   [0m[0;34m  37 : 6d f6 f8 03       CallUndefinedReceiver1 r3, r1, FBV[3]
[m[0;31m│   [0m   [0m22/22: 🐢 CallKnownJSFunction(0x09b80101e205 <SharedFunctionInfo risky>, {Float64}) [v3/n18:[x1|R|t], v4/n20:[x27|R|t], v5/n21:[constant:v-1], v7/n19:[x3|R|t], v16/n5:[stack:4|t]] → [x0|R|t], live range: [22-24]
[0;31m│   [0m          ↳ lazy @37 : {<closure>:n3:[stack:-2|t], <this>:n1:[stack:-6|t], <context>:n2:[stack:-3|t], r1:n5:[stack:4|t], r2:n17:[stack:2|t]} (addr:0x10c0114f948)
[0;31m│   [0m     [0m101: GapMove([stack:2|t] → [x1|R|t])
[0;31m│   [0m[0;34m  41 : 42 f7 00          Add r2, FBV[0]
[m[0;31m│   [0m          ↱ eager @41 : {<closure>:n3:[stack:-2|t], <this>:n1:[stack:-6|t], <context>:n2:[stack:-3|t], r1:n5:[stack:4|t], r2:n17:[stack:2|t], <accumulator>:n22:[x0|R|t]} (addr:0x10c0114fab8)
[0;31m│   [0m   [0m23/23: CheckedNumberToFloat64 [v21/n17:[x1|R|t]] → [v0|R|f64], live range: [23-25]
[0;31m│   [0m     [0m102: GapMove([x0|R|t] → [x1|R|t])
[0;31m│   [0m          ↱ eager @41 : {<closure>:n3:[stack:-2|t], <this>:n1:[stack:-6|t], <context>:n2:[stack:-3|t], r1:n5:[stack:4|t], r2:n17:[stack:2|t], <accumulator>:n22:[x1|R|t]} (addr:0x10c0114fab8)
[0;31m│   [0m   [0m24/24: CheckedNumberToFloat64 [v22/n22:[x0|R|t]] → [v1|R|f64], live range: [24-25]
[0;31m│   [0m   [0m25/25: Float64Add [v23/n23:[v0|R|f64], v24/n24:[v1|R|f64]] → [v2|R|f64] (spilled: [fp_stack:1|f64]), live range: [25-33]
[0;31m│   [0m[0;34m  44 : 29 02             StaCurrentContextSlot [2]
[m[0;31m│   [0m   [0m26/26: Float64ToTagged[kCanonicalizeSmi] [v25/n25:[v2|R|f64]] → [x0|R|t], live range: [26-27]
[0;31m│   [0m     [0m103: GapMove([stack:-3|t] → [x1|R|t])
[0;31m│   [0m   [0m27/27: StoreContextSlotWithWriteBarrier(2, mutable) [v13/n2:[x1|R|t], v26/n26:[x0|R|t]]
[0;31m│   [0m          ↳ lazy @44 : {<closure>:n3:[stack:-2|t], <this>:n1:[stack:-6|t], <context>:n2:[stack:-3|t], r1:n5:[stack:4|t]} (addr:0x10c0114fe08)
[0;31m│   [0m[1;34m0x09b80101e235 <SharedFunctionInfo bare> (0x09b80104a8b5 <String[18]: "workloads/throw.js">:34:13)
[m[0;31m│   [0m[0;34m   0 : 1b ff f9          Mov <context>, r0
[m[0;31m│   [0m   [0m28/29: Jump b3
[0;31m│   [0m       ↓
[0;31m│    [0mBlock b3
[0;31m│   [0m     [0m104: ConstantGapMove(n30 → [x1|R|t])
[0;31m│   [0m     [0m105: ConstantGapMove(n20 → [x27|R|t])
[0;31m│   [0m     [0m106: ConstantGapMove(n19 → [x3|R|t])
[0;31m│   [0m[1;34m0x09b80101e235 <SharedFunctionInfo bare> (0x09b80104a8b5 <String[18]: "workloads/throw.js">:0:0)
[m[0;31m│   [0m[0;34m   7 : 6d f8 03 02       CallUndefinedReceiver1 r1, a0, FBV[2]
[m[0;31m│   [0m   [0m29/31: 🐢 CallKnownJSFunction(0x09b80101e1d5 <SharedFunctionInfo mayThrow>, {}) [v2/n30:[x1|R|t], v4/n20:[x27|R|t], v5/n21:[constant:v-1], v7/n19:[x3|R|t], v16/n5:[stack:4|t]] → [x0|R|t]
[0;31m│   [0m          │      @53 : {<closure>:n3:[stack:-2|t], <this>:n1:[stack:-6|t], <context>:n2:[stack:-3|t], r1:n5:[stack:4|t], r2:n25:[fp_stack:1|f64]} (addr:0x10c01150c38)
[0;31m│   [0m          ↳ lazy @7 : {<closure>:n28:[constant:v-1], <this>:n21:[constant:v-1], a0:n5:[stack:4|t], <context>:n20:[constant:v-1], r0:n20:[constant:v-1]} (addr:0x10c0111d978)
[0;31m│   [0m          ↳ throw (b4)
[0;31m│   [0m[0;34m  11 : 98 0f             Jump [15]
[m[0;31m│[0;32m╭─────[0m30/32: Jump b5
[0;31m│[0;32m│  [0m
[0;31m│[0;32m│   [0mBlock b4 (exception handler)
[0;31m│[0;32m│  [0m     [0m107: ConstantGapMove(n44 → [x0|R|t])
[0;31m│[0;32m│  [0m[0;34m  19 : b6                SetPendingMessage
[m[0;31m│[0;32m│  [0m   [0m31/45: SetPendingMessage [v8/n44:[x0|R|t]] → [x1|R|t]
[0;31m│[0;32m│  [0m[0;34m  26 : 0c                LdaZero
[m[0;31m│[0;32m│  [0m   [0m32/46: Jump b5
[0;31m│[0;32m│  [0m       ↓
[0;31m│[0;32m╰──►[0mBlock b5
[0;31m│   [0m     [0m108: GapMove([fp_stack:1|f64] → [v0|R|f64])
[0;31m│   [0m     [0m109: ConstantGapMove(n48 → [v1|R|f64])
[0;31m│   [0m[1;34m0x09b80101e15d <SharedFunctionInfo> (0x09b80104a8b5 <String[18]: "workloads/throw.js">:0:0)
[m[0;31m│   [0m[0;34m  57 : 42 f7 05          Add r2, FBV[5]
[m[0;31m│   [0m   [0m33/49: Float64Add [v25/n25:[v0|R|f64], v11/n48:[v1|R|f64]] → [v2|R|f64] (spilled: [fp_stack:2|f64]), live range: [33-37]
[0;31m│   [0m[0;34m  60 : 29 02             StaCurrentContextSlot [2]
[m[0;31m│   [0m   [0m34/50: Float64ToTagged[kCanonicalizeSmi] [v33/n49:[v2|R|f64]] → [x1|R|t], live range: [34-39]
[0;31m│   [0m     [0m110: GapMove([x1|R|t] → [x2|R|t])
[0;31m│   [0m     [0m111: GapMove([stack:-3|t] → [x1|R|t])
[0;31m│   [0m   [0m35/51: StoreContextSlotWithWriteBarrier(2, mutable) [v13/n2:[x1|R|t], v34/n50:[x2|R|t]]
[0;31m│   [0m          ↳ lazy @60 : {<closure>:n3:[stack:-2|t], <this>:n1:[stack:-6|t], <context>:n2:[stack:-3|t], r1:n5:[stack:4|t], <accumulator>:n49:[fp_stack:2|f64]} (addr:0x10c0111f460)
[0;31m│   [0m     [0m112: GapMove([stack:0|w32] → [x3|R|w32])
[0;31m│   [0m[0;34m  65 : 5b 0a             Inc FBV[10]
[m[0;31m│   [0m          ↱ eager @65 : {<closure>:n3:[stack:-2|t], <this>:n1:[stack:-6|t], <context>:n2:[x1|R|t], r0:n49:[v2|R|f64], <accumulator>:n5:[stack:4|t]} (addr:0x10c0111f648)
[0;31m│   [0m   [0m36/52: Int32IncrementWithOverflow [v19/n11:[x3|R|w32]] → [x4|R|w32] (spilled: [stack:3|w32]), live range: [36-38]
[0;31m│   [0m     [0m113: ConstantGapMove(n53 → [x3|R|t])
[0;31m│   [0m[0;34m  68 : 97 31 00 0b       JumpLoop [49], [0], FBV[11]
[m[0;31m│   [0m   [0m37/54: ReduceInterruptBudgetForLoop(39) [v1/n53:[x3|R|t]]
[0;31m│   [0m          ↳ lazy @68 : {<closure>:n3:[stack:-2|t], <this>:n1:[stack:-6|t], <context>:n2:[stack:-3|t], r0:n49:[fp_stack:2|f64], r1:n52:[stack:3|w32]} (addr:0x10c0111f7f8)
[0;31m│   [0m   [0m38/57: Int32ToNumber[kCanonicalizeSmi] [v36/n52:[x4|R|w32]] → [x5|R|t], live range: [38-39]
[0;31m│   [0m   [0m39/56: Jump b6
[0;31m│   [0m       │  with gap moves:
[0;31m│   [0m       │    - v34/n50:[x2|R|t] → 58: φᵀ r0 [x2|R|t]
[0;31m│   [0m       │    - v38/n57:[x5|R|t] → 59: φᵀ r1 [x5|R|t]
[0;31m│   [0m       │  with register merges:
[0;31m│   [0m       ▼
[0;31m│[0;32m╭──►[0mBlock b6 peeled (effects: ua c1)
[0;31m│[0;32m│  [0m   [0m40/58: φᵀ r0 (n50, n84) (decompressed) → [x2|R|t] (spilled: [stack:4|t]), live range: [40-63]
[0;31m│[0;32m│  [0m   [0m41/59: φᵀ r1 (n57, n89) (decompressed) → [x5|R|t] (spilled: [stack:2|t]), live range: [41-59]
[0;31m│[0;32m│  [0m     [0m114: GapMove([x5|R|t] → [x4|R|t])
[0;31m│[0;32m│  [0m[0;34m  25 : 79 f8 04          TestLessThan r1, EmbeddedFeedback[4]
[m[0;31m│[0;32m│  [0m          ↱ eager @25 : {<closure>:n3:[stack:-2|t], <this>:n1:[stack:-6|t], <context>:n2:[x1|R|t], r0:n58:[x2|R|t], r1:n59:[x4|R|t], <accumulator>:n10:[constant:v-1]} (addr:0x10c01120810)
[0;31m│[0;32m│  [0m   [0m42/60: CheckedSmiUntag [v41/n59:[x5|R|t]] → [x5|R|w32] (spilled: [stack:3|w32]), live range: [42-59]
[0;31m│[0;32m│  [0m     [0m115: ConstantGapMove(n12 → [x6|R|w32])
[0;31m│[0;32m│  [0m[0;34m  28 : a8 2c             JumpIfFalse [44]
[m[0;31m│[0;32m│[0;33m╭────[0m43/62: BranchIfInt32Compare(LessThan) [v42/n60:[x5|R|w32], v10/n12:[x6|R|w32]] b7 b11
[0;31m│[0;32m│[0;33m│ [0m       ↓
[0;31m│[0;32m│[0;33m│  [0mBlock b7
[0;31m│[0;32m│[0;33m│ [0m[0;34m  30 : 18 02             LdaCurrentContextSlot [2]
[m[0;31m│[0;32m│[0;33m│ [0m   [0m44/63: LoadContextSlot(0x10, mutable) [v13/n2:[x1|R|t]] → [x9|R|t] (spilled: [stack:1|t]), live range: [44-47]
[0;31m│[0;32m│[0;33m│ [0m     [0m116: ConstantGapMove(n18 → [x1|R|t])
[0;31m│[0;32m│[0;33m│ [0m     [0m117: ConstantGapMove(n20 → [x27|R|t])
[0;31m│[0;32m│[0;33m│ [0m     [0m118: ConstantGapMove(n19 → [x3|R|t])
[0;31m│[0;32m│[0;33m│ [0m[0;34m  37 : 6d f6 f8 03       CallUndefinedReceiver1 r3, r1, FBV[3]
[m[0;31m│[0;32m│[0;33m│ [0m   [0m45/64: 🐢 CallKnownJSFunction(0x09b80101e205 <SharedFunctionInfo risky>, {Float64}) [v3/n18:[x1|R|t], v4/n20:[x27|R|t], v5/n21:[constant:v-1], v7/n19:[x3|R|t], v41/n59:[x4|R|t]] → [x0|R|t], live range: [45-47]
[0;31m│[0;32m│[0;33m│ [0m          ↳ lazy @37 : {<closure>:n3:[stack:-2|t], <this>:n1:[stack:-6|t], <context>:n2:[stack:-3|t], r1:n59:[stack:2|t], r2:n63:[stack:1|t]} (addr:0x10c01120bd0)
[0;31m│[0;32m│[0;33m│ [0m     [0m119: GapMove([stack:1|t] → [x1|R|t])
[0;31m│[0;32m│[0;33m│ [0m[0;34m  41 : 42 f7 00          Add r2, FBV[0]
[m[0;31m│[0;32m│[0;33m│ [0m          ↱ eager @41 : {<closure>:n3:[stack:-2|t], <this>:n1:[stack:-6|t], <context>:n2:[stack:-3|t], r1:n59:[stack:2|t], r2:n63:[stack:1|t], <accumulator>:n64:[x0|R|t]} (addr:0x10c01120d40)
[0;31m│[0;32m│[0;33m│ [0m   [0m46/65: CheckedNumberToFloat64 [v44/n63:[x1|R|t]] → [v0|R|f64], live range: [46-48]
[0;31m│[0;32m│[0;33m│ [0m     [0m120: GapMove([x0|R|t] → [x1|R|t])
[0;31m│[0;32m│[0;33m│ [0m          ↱ eager @41 : {<closure>:n3:[stack:-2|t], <this>:n1:[stack:-6|t], <context>:n2:[stack:-3|t], r1:n59:[stack:2|t], r2:n63:[stack:1|t], <accumulator>:n64:[x1|R|t]} (addr:0x10c01120d40)
[0;31m│[0;32m│[0;33m│ [0m   [0m47/66: CheckedNumberToFloat64 [v45/n64:[x0|R|t]] → [v1|R|f64], live range: [47-48]
[0;31m│[0;32m│[0;33m│ [0m   [0m48/67: Float64Add [v46/n65:[v0|R|f64], v47/n66:[v1|R|f64]] → [v2|R|f64] (spilled: [fp_stack:2|f64]), live range: [48-56]
[0;31m│[0;32m│[0;33m│ [0m[0;34m  44 : 29 02             StaCurrentContextSlot [2]
[m[0;31m│[0;32m│[0;33m│ [0m   [0m49/68: Float64ToTagged[kCanonicalizeSmi] [v48/n67:[v2|R|f64]] → [x0|R|t], live range: [49-50]
[0;31m│[0;32m│[0;33m│ [0m     [0m121: GapMove([stack:-3|t] → [x1|R|t])
[0;31m│[0;32m│[0;33m│ [0m   [0m50/69: StoreContextSlotWithWriteBarrier(2, mutable) [v13/n2:[x1|R|t], v49/n68:[x0|R|t]]
[0;31m│[0;32m│[0;33m│ [0m          ↳ lazy @44 : {<closure>:n3:[stack:-2|t], <this>:n1:[stack:-6|t], <context>:n2:[stack:-3|t], r1:n59:[stack:2|t]} (addr:0x10c01121090)
[0;31m│[0;32m│[0;33m│ [0m[1;34m0x09b80101e235 <SharedFunctionInfo bare> (0x09b80104a8b5 <String[18]: "workloads/throw.js">:34:13)
[m[0;31m│[0;32m│[0;33m│ [0m[0;34m   0 : 1b ff f9          Mov <context>, r0
[m[0;31m│[0;32m│[0;33m│ [0m   [0m51/70: Jump b8
[0;31m│[0;32m│[0;33m│ [0m       ↓
[0;31m│[0;32m│[0;33m│  [0mBlock b8
[0;31m│[0;32m│[0;33m│ [0m     [0m122: ConstantGapMove(n30 → [x1|R|t])
[0;31m│[0;32m│[0;33m│ [0m     [0m123: ConstantGapMove(n20 → [x27|R|t])
[0;31m│[0;32m│[0;33m│ [0m     [0m124: ConstantGapMove(n19 → [x3|R|t])
[0;31m│[0;32m│[0;33m│ [0m[1;34m0x09b80101e235 <SharedFunctionInfo bare> (0x09b80104a8b5 <String[18]: "workloads/throw.js">:0:0)
[m[0;31m│[0;32m│[0;33m│ [0m[0;34m   7 : 6d f8 03 02       CallUndefinedReceiver1 r1, a0, FBV[2]
[m[0;31m│[0;32m│[0;33m│ [0m   [0m52/71: 🐢 CallKnownJSFunction(0x09b80101e1d5 <SharedFunctionInfo mayThrow>, {}) [v2/n30:[x1|R|t], v4/n20:[x27|R|t], v5/n21:[constant:v-1], v7/n19:[x3|R|t], v41/n59:[stack:2|t]] → [x0|R|t]
[0;31m│[0;32m│[0;33m│ [0m          │      @53 : {<closure>:n3:[stack:-2|t], <this>:n1:[stack:-6|t], <context>:n2:[stack:-3|t], r1:n59:[stack:2|t], r2:n67:[fp_stack:2|f64]} (addr:0x10c01121330)
[0;31m│[0;32m│[0;33m│ [0m          ↳ lazy @7 : {<closure>:n28:[constant:v-1], <this>:n21:[constant:v-1], a0:n59:[stack:2|t], <context>:n20:[constant:v-1], r0:n20:[constant:v-1]} (addr:0x10c0112ff08)
[0;31m│[0;32m│[0;33m│ [0m          ↳ throw (b9)
[0;31m│[0;32m│[0;33m│ [0m[0;34m  11 : 98 0f             Jump [15]
[m[0;31m│[0;32m│[0;33m│[0;34m╭───[0m53/72: Jump b10
[0;31m│[0;32m│[0;33m│[0;34m│[0m
[0;31m│[0;32m│[0;33m│[0;34m│ [0mBlock b9 (exception handler)
[0;31m│[0;32m│[0;33m│[0;34m│[0m     [0m125: ConstantGapMove(n44 → [x0|R|t])
[0;31m│[0;32m│[0;33m│[0;34m│[0m[0;34m  19 : b6                SetPendingMessage
[m[0;31m│[0;32m│[0;33m│[0;34m│[0m   [0m54/81: SetPendingMessage [v8/n44:[x0|R|t]] → [x1|R|t]
[0;31m│[0;32m│[0;33m│[0;34m│[0m[0;34m  26 : 0c                LdaZero
[m[0;31m│[0;32m│[0;33m│[0;34m│[0m   [0m55/82: Jump b10
[0;31m│[0;32m│[0;33m│[0;34m│[0m       ↓
[0;31m│[0;32m│[0;33m│[0;34m╰►[0mBlock b10
[0;31m│[0;32m│[0;33m│ [0m     [0m126: GapMove([fp_stack:2|f64] → [v0|R|f64])
[0;31m│[0;32m│[0;33m│ [0m     [0m127: ConstantGapMove(n48 → [v1|R|f64])
[0;31m│[0;32m│[0;33m│ [0m[1;34m0x09b80101e15d <SharedFunctionInfo> (0x09b80104a8b5 <String[18]: "workloads/throw.js">:0:0)
[m[0;31m│[0;32m│[0;33m│ [0m[0;34m  57 : 42 f7 05          Add r2, FBV[5]
[m[0;31m│[0;32m│[0;33m│ [0m   [0m56/83: Float64Add [v48/n67:[v0|R|f64], v11/n48:[v1|R|f64]] → [v2|R|f64] (spilled: [fp_stack:4|f64]), live range: [56-60]
[0;31m│[0;32m│[0;33m│ [0m[0;34m  60 : 29 02             StaCurrentContextSlot [2]
[m[0;31m│[0;32m│[0;33m│ [0m   [0m57/84: Float64ToTagged[kCanonicalizeSmi] [v56/n83:[v2|R|f64]] → [x2|R|t], live range: [57-62]
[0;31m│[0;32m│[0;33m│ [0m     [0m128: GapMove([stack:-3|t] → [x1|R|t])
[0;31m│[0;32m│[0;33m│ [0m   [0m58/85: StoreContextSlotWithWriteBarrier(2, mutable) [v13/n2:[x1|R|t], v57/n84:[x2|R|t]]
[0;31m│[0;32m│[0;33m│ [0m          ↳ lazy @60 : {<closure>:n3:[stack:-2|t], <this>:n1:[stack:-6|t], <context>:n2:[stack:-3|t], r1:n59:[stack:2|t], <accumulator>:n83:[fp_stack:4|f64]} (addr:0x10c01131a50)
[0;31m│[0;32m│[0;33m│ [0m     [0m129: GapMove([stack:3|w32] → [x3|R|w32])
[0;31m│[0;32m│[0;33m│ [0m[0;34m  65 : 5b 0a             Inc FBV[10]
[m[0;31m│[0;32m│[0;33m│ [0m          ↱ eager @65 : {<closure>:n3:[stack:-2|t], <this>:n1:[stack:-6|t], <context>:n2:[x1|R|t], r0:n83:[v2|R|f64], <accumulator>:n59:[stack:2|t]} (addr:0x10c01131bb0)
[0;31m│[0;32m│[0;33m│ [0m   [0m59/86: Int32IncrementWithOverflow [v42/n60:[x3|R|w32]] → [x4|R|w32] (spilled: [stack:5|w32]), live range: [59-61]
[0;31m│[0;32m│[0;33m│ [0m     [0m130: ConstantGapMove(n53 → [x3|R|t])
[0;31m│[0;32m│[0;33m│ [0m[0;34m  68 : 97 31 00 0b       JumpLoop [49], [0], FBV[11]
[m[0;31m│[0;32m│[0;33m│ [0m   [0m60/87: ReduceInterruptBudgetForLoop(39) [v1/n53:[x3|R|t]]
[0;31m│[0;32m│[0;33m│ [0m          ↳ lazy @68 : {<closure>:n3:[stack:-2|t], <this>:n1:[stack:-6|t], <context>:n2:[stack:-3|t], r0:n83:[fp_stack:4|f64], r1:n86:[stack:5|w32]} (addr:0x10c01131d58)
[0;31m│[0;32m│[0;33m│ [0m   [0m61/89: Int32ToNumber[kCanonicalizeSmi] [v59/n86:[x4|R|w32]] → [x5|R|t], live range: [61-62]
[0;31m│[0;32m│[0;33m│ [0m          ↱ eager @65 : {<closure>:n3:, <this>:n1:, <context>:n2:, r0:n83:, <accumulator>:n59:} (addr:0x10c01131bb0)
[0;31m│[0;32m╰──◄──[0m62/88: JumpLoop b6
[0;31m│ [0;33m│ [0m          with gap moves:
[0;31m│ [0;33m│ [0m            - v57/n84:[x2|R|t] → 58: φᵀ r0 [x2|R|t]
[0;31m│ [0;33m│ [0m            - v61/n89:[x5|R|t] → 59: φᵀ r1 [x5|R|t]
[0;31m│ [0;33m│ [0m          with register merges:
[0;31m│ [0;33m│ [0m
[0;31m│ [0;33m╰─►[0mBlock b11
[0;31m│   [0m[0;34m  72 : 0b f9             Ldar r0
[m[0;31m│[0;32m╭─────[0m63/90: Jump b13
[0;31m│[0;32m│  [0m          with gap moves:
[0;31m│[0;32m│  [0m            - v40/n58:[x2|R|t] → 92: φᵀ r0 [x2|R|t]
[0;31m│[0;32m│  [0m          with register merges:
[0;31m│[0;32m│  [0m            - [x3|R|t] → x3
[0;31m│[0;32m│  [0m
[0;31m╰───►[0mBlock b12
 [0;32m│  [0m   [0m64/91: Jump b13
 [0;32m│  [0m       │  with gap moves:
 [0;32m│  [0m       │    - v15/n4:[stack:3|t] → 92: φᵀ r0 [x2|R|t]
 [0;32m│  [0m       │  with register merges:
 [0;32m│  [0m       │    - [constant:v-1] → x3
 [0;32m│  [0m       ▼
 [0;32m╰──►[0mBlock b13
    [0m   [0m65/92: φᵀ r0 (n4, n58) (decompressed) → [x2|R|t], live range: [65-67]
    [0m[0;34m  74 : b9                Return
[m    [0m   [0m66/93: ReduceInterruptBudgetForReturn(74) [v1/n53:[x3|R|t]]
    [0m     [0m131: GapMove([x2|R|t] → [x0|R|t])
    [0m   [0m67/94: Return [v65/n92:[x0|R|t]]
    [0m
