Compiling 0x09b80101e235 <JSFunction trunc (sfi = 0x9b80101e175)> with Maglev
----- Bytecode array -----
Parameter count 3
Register count 3
Frame size 24
         0x31a01000144 @    0 : 0b 04             Ldar a1
         0x31a01000146 @    2 : 44 03 00          Mul a0, FBV[0]
         0x31a01000149 @    5 : d4                Star0
         0x31a0100014a @    6 : 0b 03             Ldar a0
         0x31a0100014c @    8 : 42 f9 01          Add r0, FBV[1]
         0x31a0100014f @   11 : d3                Star1
         0x31a01000150 @   12 : 55 00 03          BitwiseOrSmi [0], FBV[3]
         0x31a01000153 @   15 : d2                Star2
         0x31a01000154 @   16 : 0b f9             Ldar r0
         0x31a01000156 @   18 : 51 02 05          MulSmi [2], FBV[5]
         0x31a01000159 @   21 : 55 00 04          BitwiseOrSmi [0], FBV[4]
         0x31a0100015c @   24 : 42 f7 02          Add r2, FBV[2]
         0x31a0100015f @   27 : b9                Return
Constant pool (size = 0)
Handler Table (size = 0)
Source Position Table (size = 0)
0x9b80101e2fd: [FeedbackVector] in OldSpace
 - map: 0x09b800000899 <Map(FEEDBACK_VECTOR_TYPE)>
 - length: 6
 - shared function info: 0x09b80101e175 <SharedFunctionInfo trunc>
 - tiering_in_progress: 0
 - osr_tiering_in_progress: 0
 - invocation count: 402
 - closure feedback cell array: 0x9b800002071: [ClosureFeedbackCellArray] in ReadOnlySpace
 - map: 0x09b800000871 <Map(CLOSURE_FEEDBACK_CELL_ARRAY_TYPE)>
 - length: 0
 - elements:

 - slot #0 BinaryOp BinaryOp:Number {
     [0]: 15
  }
 - slot #1 BinaryOp BinaryOp:Number {
     [1]: 15
  }
 - slot #2 BinaryOp BinaryOp:SignedSmall {
     [2]: 1
  }
 - slot #3 BinaryOp BinaryOp:Number {
     [3]: 15
  }
 - slot #4 BinaryOp BinaryOp:Number {
     [4]: 15
  }
 - slot #5 BinaryOp BinaryOp:Number {
     [5]: 15
  }
[32m+ 0x12400e40108  n1: InitialValue(<this>), 0 uses 🪦[0m[0m
[32m+ 0x12400e401d0  n2: InitialValue(a0), 0 uses 🪦[0m[0m
[32m+ 0x12400e40220  n3: InitialValue(a1), 0 uses 🪦[0m[0m
[32m+ 0x12400e40480  n4: Constant(0x09b80101e235 <JSFunction trunc (sfi = 0x9b80101e175)>), 0 uses 🪦[0m[0m
[32m+ 0x12400e404d0  n5: Constant(0x09b80101e221 <ScriptContext[3]>), 0 uses 🪦[0m[0m
[32m+ 0x12401140338  n6: RootConstant(undefined_value), 0 uses 🪦[0m[0m
[32m+ 0x124011403d8  n7: FunctionEntryStackCheck[0m[0m
[32m+ 0x12401140478  n8: Jump[0m[0m
[36m   0 : 0b 04             Ldar a1[0m
[33mNew block (merge @0x124011404d8) at 0x09b80101e175 <SharedFunctionInfo trunc>[37m
  VOs (IFS): 
  Constant properties:
  Non-constant properties:
  Constant context slots:
  Non-constant context slots:
[0m
[37mCopying frame state from merge @0x124011404d8[0m
[37m  - VOs (IFS): [0m
[37m  - VOs (merge): [0m
[36m   2 : 44 03 00          Mul a0, FBV[0][0m
[32m+ 0x12401140a80  n9: CheckedNumberToFloat64 [n2], 0 uses, but required, cannot truncate to int32 [-∞, +∞][0m[0m
[32m+ 0x12401140bf0  n10: CheckedNumberToFloat64 [n3], 0 uses, but required, cannot truncate to int32 [-∞, +∞][0m[0m
[32m+ 0x12401140c50  n11: Float64Multiply [n9, n10], 0 uses 🪦, cannot truncate to int32 [-∞, +∞][0m[0m
[36m   5 : d4                Star0[0m
[36m   6 : 0b 03             Ldar a0[0m
[36m   8 : 42 f9 01          Add r0, FBV[1][0m
[32m+ 0x12401140cc0  n12: Float64Add [n9, n11], 0 uses 🪦, cannot truncate to int32 [-∞, +∞][0m[0m
[36m  11 : d3                Star1[0m
[36m  12 : 55 00 03          BitwiseOrSmi [0], FBV[3][0m
[32m+ 0x12401140d90  n13: TruncateFloat64ToInt32 [n12], 0 uses 🪦, cannot truncate to int32[0m[0m
[36m  15 : d2                Star2[0m
[36m  16 : 0b f9             Ldar r0[0m
[36m  18 : 51 02 05          MulSmi [2], FBV[5][0m
[32m+ 0x12401140de0  n14: Float64Constant(2), 0 uses 🪦[0m[0m
[32m+ 0x12401140e40  n15: Float64Multiply [n11, n14], 0 uses 🪦, cannot truncate to int32 [-∞, +∞][0m[0m
[36m  21 : 55 00 04          BitwiseOrSmi [0], FBV[4][0m
[32m+ 0x12401140f10  n16: TruncateFloat64ToInt32 [n15], 0 uses 🪦, cannot truncate to int32[0m[0m
[36m  24 : 42 f7 02          Add r2, FBV[2][0m
[32m+ 0x12401140fa8  n17: Int32AddWithOverflow [n13, n16], 0 uses, but required, cannot truncate to int32[0m[0m
[36m  27 : b9                Return[0m
[32m+ 0x12401140ff8  n18: Constant(0x09b80101e201 <FeedbackCell[one closure]>), 0 uses 🪦[0m[0m
[32m+ 0x12401141068  n19: ReduceInterruptBudgetForReturn(27) [n18][0m[0m
[32m+ 0x12401141128  n20: Int32ToNumber[kCanonicalizeSmi] [n17], 0 uses 🪦[0m[0m
[32m+ 0x12401141088  n21: Return [n20][0m[0m

----- After graph building -----
Graph

[0m  [0m18: Constant(0x09b80101e201 <FeedbackCell[one closure]>), 1 uses
[0m   [0m4: Constant(0x09b80101e235 <JSFunction trunc (sfi = 0x9b80101e175)>), 2 uses
[0m   [0m5: Constant(0x09b80101e221 <ScriptContext[3]>), 2 uses
[0m   [0m6: RootConstant(undefined_value), 0 uses 🪦
[0m  [0m14: Float64Constant(2), 1 uses
 [0mBlock b0
[0m[1;34m0x09b80101e175 <SharedFunctionInfo trunc> (0x09b80104a8b5 <String[23]: "workloads/truncation.js">:5:14)
[m[0m[0;34m   0 : 0b 04             Ldar a1
[m[0m   [0m1: InitialValue(<this>), 2 uses
[0m   [0m2: InitialValue(a0), 3 uses
[0m   [0m3: InitialValue(a1), 4 uses
[0m   [0m7: FunctionEntryStackCheck
[0m      ↳ lazy @-1 (4 live vars)
[0m   [0m8: Jump b1
[0m   ↓
 [0mBlock b1
[0m[1;34m0x09b80101e175 <SharedFunctionInfo trunc> (0x09b80104a8b5 <String[23]: "workloads/truncation.js">:0:0)
[m[0m[0;34m   2 : 44 03 00          Mul a0, FBV[0]
[m[0m      ↱ eager @2 (5 live vars)
[0m   [0m9: CheckedNumberToFloat64 [n2], 2 uses, cannot truncate to int32 [-∞, +∞]
[0m      ↱ eager @2 (5 live vars)
[0m  [0m10: CheckedNumberToFloat64 [n3], 1 uses, cannot truncate to int32 [-∞, +∞]
[0m  [0m11: Float64Multiply [n9, n10], 2 uses, cannot truncate to int32 [-∞, +∞]
[0m[0;34m   8 : 42 f9 01          Add r0, FBV[1]
[m[0m  [0m12: Float64Add [n9, n11], 1 uses, cannot truncate to int32 [-∞, +∞]
[0m[0;34m  12 : 55 00 03          BitwiseOrSmi [0], FBV[3]
[m[0m  [0m13: TruncateFloat64ToInt32 [n12], 1 uses, cannot truncate to int32
[0m[0;34m  18 : 51 02 05          MulSmi [2], FBV[5]
[m[0m  [0m15: Float64Multiply [n11, n14], 1 uses, cannot truncate to int32 [-∞, +∞]
[0m[0;34m  21 : 55 00 04          BitwiseOrSmi [0], FBV[4]
[m[0m  [0m16: TruncateFloat64ToInt32 [n15], 1 uses, cannot truncate to int32
[0m[0;34m  24 : 42 f7 02          Add r2, FBV[2]
[m[0m      ↱ eager @2 (5 live vars)
[0m  [0m17: Int32AddWithOverflow [n13, n16], 1 uses, can truncate to int32 [-2147483648, 2147483647]
[0m[0;34m  27 : b9                Return
[m[0m  [0m19: ReduceInterruptBudgetForReturn(27) [n18]
[0m  [0m20: Int32ToNumber[kCanonicalizeSmi] [n17], 1 uses
[0m  [0m21: Return [n20]
[0m

----- After propagating truncation -----
Graph

[0m  [0m18: Constant(0x09b80101e201 <FeedbackCell[one closure]>), 1 uses
[0m   [0m4: Constant(0x09b80101e235 <JSFunction trunc (sfi = 0x9b80101e175)>), 2 uses
[0m   [0m5: Constant(0x09b80101e221 <ScriptContext[3]>), 2 uses
[0m   [0m6: RootConstant(undefined_value), 0 uses 🪦
[0m  [0m14: Float64Constant(2), 1 uses
 [0mBlock b0
[0m[1;34m0x09b80101e175 <SharedFunctionInfo trunc> (0x09b80104a8b5 <String[23]: "workloads/truncation.js">:5:14)
[m[0m[0;34m   0 : 0b 04             Ldar a1
[m[0m   [0m1: InitialValue(<this>), 2 uses
[0m   [0m2: InitialValue(a0), 3 uses
[0m   [0m3: InitialValue(a1), 4 uses
[0m   [0m7: FunctionEntryStackCheck
[0m      ↳ lazy @-1 (4 live vars)
[0m   [0m8: Jump b1
[0m   ↓
 [0mBlock b1
[0m[1;34m0x09b80101e175 <SharedFunctionInfo trunc> (0x09b80104a8b5 <String[23]: "workloads/truncation.js">:0:0)
[m[0m[0;34m   2 : 44 03 00          Mul a0, FBV[0]
[m[0m      ↱ eager @2 (5 live vars)
[0m   [0m9: CheckedNumberToFloat64 [n2], 2 uses, cannot truncate to int32 [-∞, +∞]
[0m      ↱ eager @2 (5 live vars)
[0m  [0m10: CheckedNumberToFloat64 [n3], 1 uses, cannot truncate to int32 [-∞, +∞]
[0m  [0m11: Float64Multiply [n9, n10], 2 uses, cannot truncate to int32 [-∞, +∞]
[0m[0;34m   8 : 42 f9 01          Add r0, FBV[1]
[m[0m  [0m12: Float64Add [n9, n11], 1 uses, cannot truncate to int32 [-∞, +∞]
[0m[0;34m  12 : 55 00 03          BitwiseOrSmi [0], FBV[3]
[m[0m  [0m13: TruncateFloat64ToInt32 [n12], 1 uses, cannot truncate to int32
[0m[0;34m  18 : 51 02 05          MulSmi [2], FBV[5]
[m[0m  [0m15: Float64Multiply [n11, n14], 1 uses, cannot truncate to int32 [-∞, +∞]
[0m[0;34m  21 : 55 00 04          BitwiseOrSmi [0], FBV[4]
[m[0m  [0m16: TruncateFloat64ToInt32 [n15], 1 uses, cannot truncate to int32
[0m[0;34m  24 : 42 f7 02          Add r2, FBV[2]
[m[0m      ↱ eager @2 (5 live vars)
[0m  [0m17: Int32AddWithOverflow [n13, n16], 1 uses, cannot truncate to int32
[0m[0;34m  27 : b9                Return
[m[0m  [0m19: ReduceInterruptBudgetForReturn(27) [n18]
[0m  [0m20: Int32ToNumber[kCanonicalizeSmi] [n17], 1 uses
[0m  [0m21: Return [n20]
[0m

----- After truncation -----
Graph

[0m  [0m18: Constant(0x09b80101e201 <FeedbackCell[one closure]>), 1 uses
[0m   [0m4: Constant(0x09b80101e235 <JSFunction trunc (sfi = 0x9b80101e175)>), 2 uses
[0m   [0m5: Constant(0x09b80101e221 <ScriptContext[3]>), 2 uses
[0m   [0m6: RootConstant(undefined_value), 0 uses 🪦
[0m  [0m14: Float64Constant(2), 1 uses
 [0mBlock b0
[0m[1;34m0x09b80101e175 <SharedFunctionInfo trunc> (0x09b80104a8b5 <String[23]: "workloads/truncation.js">:5:14)
[m[0m[0;34m   0 : 0b 04             Ldar a1
[m[0m   [0m1: InitialValue(<this>), 2 uses
[0m   [0m2: InitialValue(a0), 3 uses
[0m   [0m3: InitialValue(a1), 4 uses
[0m   [0m7: FunctionEntryStackCheck
[0m      ↳ lazy @-1 (4 live vars)
[0m   [0m8: Jump b1
[0m   ↓
 [0mBlock b1
[0m[1;34m0x09b80101e175 <SharedFunctionInfo trunc> (0x09b80104a8b5 <String[23]: "workloads/truncation.js">:0:0)
[m[0m[0;34m   2 : 44 03 00          Mul a0, FBV[0]
[m[0m      ↱ eager @2 (5 live vars)
[0m   [0m9: CheckedNumberToFloat64 [n2], 2 uses, cannot truncate to int32 [-∞, +∞]
[0m      ↱ eager @2 (5 live vars)
[0m  [0m10: CheckedNumberToFloat64 [n3], 1 uses, cannot truncate to int32 [-∞, +∞]
[0m  [0m11: Float64Multiply [n9, n10], 2 uses, cannot truncate to int32 [-∞, +∞]
[0m[0;34m   8 : 42 f9 01          Add r0, FBV[1]
[m[0m  [0m12: Float64Add [n9, n11], 1 uses, cannot truncate to int32 [-∞, +∞]
[0m[0;34m  12 : 55 00 03          BitwiseOrSmi [0], FBV[3]
[m[0m  [0m13: TruncateFloat64ToInt32 [n12], 1 uses, cannot truncate to int32
[0m[0;34m  18 : 51 02 05          MulSmi [2], FBV[5]
[m[0m  [0m15: Float64Multiply [n11, n14], 1 uses, cannot truncate to int32 [-∞, +∞]
[0m[0;34m  21 : 55 00 04          BitwiseOrSmi [0], FBV[4]
[m[0m  [0m16: TruncateFloat64ToInt32 [n15], 1 uses, cannot truncate to int32
[0m[0;34m  24 : 42 f7 02          Add r2, FBV[2]
[m[0m      ↱ eager @2 (5 live vars)
[0m  [0m17: Int32AddWithOverflow [n13, n16], 1 uses, cannot truncate to int32
[0m[0;34m  27 : b9                Return
[m[0m  [0m19: ReduceInterruptBudgetForReturn(27) [n18]
[0m  [0m20: Int32ToNumber[kCanonicalizeSmi] [n17], 1 uses
[0m  [0m21: Return [n20]
[0m

----- After use marking -----
Graph

[0m  [0m18: Constant(0x09b80101e201 <FeedbackCell[one closure]>) → (x)
[0m   [0m4: Constant(0x09b80101e235 <JSFunction trunc (sfi = 0x9b80101e175)>) → (x)
[0m   [0m5: Constant(0x09b80101e221 <ScriptContext[3]>) → (x)
[0m  [0m14: Float64Constant(2) → (x)
 [0mBlock b0
[0m[1;34m0x09b80101e175 <SharedFunctionInfo trunc> (0x09b80104a8b5 <String[23]: "workloads/truncation.js">:5:14)
[m[0m[0;34m   0 : 0b 04             Ldar a1
[m[0m   [0m1: InitialValue(<this>) → (x)
[0m   [0m2: InitialValue(a0) → (x)
[0m   [0m3: InitialValue(a1) → (x)
[0m   [0m7: FunctionEntryStackCheck
[0m      ↳ lazy @-1 (4 live vars)
[0m   [0m8: Jump b1
[0m   ↓
 [0mBlock b1
[0m[1;34m0x09b80101e175 <SharedFunctionInfo trunc> (0x09b80104a8b5 <String[23]: "workloads/truncation.js">:0:0)
[m[0m[0;34m   2 : 44 03 00          Mul a0, FBV[0]
[m[0m      ↱ eager @2 (5 live vars)
[0m   [0m9: CheckedNumberToFloat64 [v0/n2:(x)] → (x)
[0m      ↱ eager @2 (5 live vars)
[0m  [0m10: CheckedNumberToFloat64 [v0/n3:(x)] → (x)
[0m  [0m11: Float64Multiply [v0/n9:(x), v0/n10:(x)] → (x)
[0m[0;34m   8 : 42 f9 01          Add r0, FBV[1]
[m[0m  [0m12: Float64Add [v0/n9:(x), v0/n11:(x)] → (x)
[0m[0;34m  12 : 55 00 03          BitwiseOrSmi [0], FBV[3]
[m[0m  [0m13: TruncateFloat64ToInt32 [v0/n12:(x)] → (x)
[0m[0;34m  18 : 51 02 05          MulSmi [2], FBV[5]
[m[0m  [0m15: Float64Multiply [v0/n11:(x), v0/n14:(x)] → (x)
[0m[0;34m  21 : 55 00 04          BitwiseOrSmi [0], FBV[4]
[m[0m  [0m16: TruncateFloat64ToInt32 [v0/n15:(x)] → (x)
[0m[0;34m  24 : 42 f7 02          Add r2, FBV[2]
[m[0m      ↱ eager @2 (5 live vars)
[0m  [0m17: Int32AddWithOverflow [v0/n13:(x), v0/n16:(x)] → (x)
[0m[0;34m  27 : b9                Return
[m[0m  [0m19: ReduceInterruptBudgetForReturn(27) [v0/n18:(x)]
[0m  [0m20: Int32ToNumber[kCanonicalizeSmi] [v0/n17:(x)] → (x)
[0m  [0m21: Return [v0/n20:(x)]
[0m

----- After register allocation pre-processing -----
Graph

[0m   [0m1/18: Constant(0x09b80101e201 <FeedbackCell[one closure]>) → v-1, live range: [1-18]
[0m    [0m2/4: Constant(0x09b80101e235 <JSFunction trunc (sfi = 0x9b80101e175)>) → v-1, live range: [2-17]
[0m    [0m3/5: Constant(0x09b80101e221 <ScriptContext[3]>) → v-1, live range: [3-17]
[0m   [0m4/14: Float64Constant(2) → v-1, live range: [4-15]
 [0mBlock b0
[0m[1;34m0x09b80101e175 <SharedFunctionInfo trunc> (0x09b80104a8b5 <String[23]: "workloads/truncation.js">:5:14)
[m[0m[0;34m   0 : 0b 04             Ldar a1
[m[0m    [0m5/1: InitialValue(<this>) → v-1(=-6S), live range: [5-17]
[0m    [0m6/2: InitialValue(a0) → v-1(=-7S), live range: [6-17]
[0m    [0m7/3: InitialValue(a1) → v-1(=-8S), live range: [7-17]
[0m    [0m8/7: FunctionEntryStackCheck
[0m         ↳ lazy @-1 (4 live vars)
[0m    [0m9/8: Jump b1
[0m      ↓
 [0mBlock b1
[0m[1;34m0x09b80101e175 <SharedFunctionInfo trunc> (0x09b80104a8b5 <String[23]: "workloads/truncation.js">:0:0)
[m[0m[0;34m   2 : 44 03 00          Mul a0, FBV[0]
[m[0m         ↱ eager @2 (5 live vars)
[0m   [0m10/9: CheckedNumberToFloat64 [v6/n2:v-1(R)] → v-1(R), live range: [10-13]
[0m         ↱ eager @2 (5 live vars)
[0m  [0m11/10: CheckedNumberToFloat64 [v7/n3:v-1(R)] → v-1(R), live range: [11-12]
[0m  [0m12/11: Float64Multiply [v10/n9:v-1(R), v11/n10:v-1(R)] → v-1(R), live range: [12-15]
[0m[0;34m   8 : 42 f9 01          Add r0, FBV[1]
[m[0m  [0m13/12: Float64Add [v10/n9:v-1(R), v12/n11:v-1(R)] → v-1(R), live range: [13-14]
[0m[0;34m  12 : 55 00 03          BitwiseOrSmi [0], FBV[3]
[m[0m  [0m14/13: TruncateFloat64ToInt32 [v13/n12:v-1(R)] → v-1(R), live range: [14-17]
[0m[0;34m  18 : 51 02 05          MulSmi [2], FBV[5]
[m[0m  [0m15/15: Float64Multiply [v12/n11:v-1(R), v4/n14:v-1(R)] → v-1(R), live range: [15-16]
[0m[0;34m  21 : 55 00 04          BitwiseOrSmi [0], FBV[4]
[m[0m  [0m16/16: TruncateFloat64ToInt32 [v15/n15:v-1(R)] → v-1(R), live range: [16-17]
[0m[0;34m  24 : 42 f7 02          Add r2, FBV[2]
[m[0m         ↱ eager @2 (5 live vars)
[0m  [0m17/17: Int32AddWithOverflow [v14/n13:v-1(R), v16/n16:v-1(R)] → v-1(R), live range: [17-19]
[0m[0;34m  27 : b9                Return
[m[0m  [0m18/19: ReduceInterruptBudgetForReturn(27) [v1/n18:v-1(R)]
[0m  [0m19/20: Int32ToNumber[kCanonicalizeSmi] [v17/n17:v-1(R)] → v-1(R), live range: [19-20]
[0m  [0m20/21: Return [v19/n20:v-1(=x0)]
[0m

----- After register allocation -----
Graph

[0m   [0m1/18: Constant(0x09b80101e201 <FeedbackCell[one closure]>) → v-1, live range: [1-18]
[0m    [0m2/4: Constant(0x09b80101e235 <JSFunction trunc (sfi = 0x9b80101e175)>) → v-1, live range: [2-17]
[0m    [0m3/5: Constant(0x09b80101e221 <ScriptContext[3]>) → v-1, live range: [3-17]
[0m   [0m4/14: Float64Constant(2) → v-1, live range: [4-15]
 [0mBlock b0
[0m[1;34m0x09b80101e175 <SharedFunctionInfo trunc> (0x09b80104a8b5 <String[23]: "workloads/truncation.js">:5:14)
[m[0m[0;34m   0 : 0b 04             Ldar a1
[m[0m    [0m5/1: InitialValue(<this>) → [stack:-6|t], live range: [5-17]
[0m    [0m6/2: InitialValue(a0) → [stack:-7|t], live range: [6-17]
[0m    [0m7/3: InitialValue(a1) → [stack:-8|t], live range: [7-17]
[0m    [0m8/7: FunctionEntryStackCheck
[0m         ↳ lazy @-1 (4 live vars)
[0m    [0m9/8: Jump b1
[0m      ↓
 [0mBlock b1
[0m     [0m22: GapMove([stack:-7|t] → [x0|R|t])
[0m[1;34m0x09b80101e175 <SharedFunctionInfo trunc> (0x09b80104a8b5 <String[23]: "workloads/truncation.js">:0:0)
[m[0m[0;34m   2 : 44 03 00          Mul a0, FBV[0]
[m[0m         ↱ eager @2 (5 live vars)
[0m   [0m10/9: CheckedNumberToFloat64 [v6/n2:[x0|R|t]] → [v0|R|f64], live range: [10-13]
[0m     [0m23: GapMove([stack:-8|t] → [x0|R|t])
[0m         ↱ eager @2 (5 live vars)
[0m  [0m11/10: CheckedNumberToFloat64 [v7/n3:[x0|R|t]] → [v1|R|f64], live range: [11-12]
[0m  [0m12/11: Float64Multiply [v10/n9:[v0|R|f64], v11/n10:[v1|R|f64]] → [v2|R|f64], live range: [12-15]
[0m[0;34m   8 : 42 f9 01          Add r0, FBV[1]
[m[0m  [0m13/12: Float64Add [v10/n9:[v0|R|f64], v12/n11:[v2|R|f64]] → [v1|R|f64], live range: [13-14]
[0m[0;34m  12 : 55 00 03          BitwiseOrSmi [0], FBV[3]
[m[0m  [0m14/13: TruncateFloat64ToInt32 [v13/n12:[v1|R|f64]] → [x0|R|w32], live range: [14-17]
[0m     [0m24: ConstantGapMove(n14 → [v0|R|f64])
[0m[0;34m  18 : 51 02 05          MulSmi [2], FBV[5]
[m[0m  [0m15/15: Float64Multiply [v12/n11:[v2|R|f64], v4/n14:[v0|R|f64]] → [v1|R|f64], live range: [15-16]
[0m[0;34m  21 : 55 00 04          BitwiseOrSmi [0], FBV[4]
[m[0m  [0m16/16: TruncateFloat64ToInt32 [v15/n15:[v1|R|f64]] → [x1|R|w32], live range: [16-17]
[0m[0;34m  24 : 42 f7 02          Add r2, FBV[2]
[m[0m         ↱ eager @2 (5 live vars)
[0m  [0m17/17: Int32AddWithOverflow [v14/n13:[x0|R|w32], v16/n16:[x1|R|w32]] → [x2|R|w32], live range: [17-19]
[0m     [0m25: ConstantGapMove(n18 → [x0|R|t])
[0m[0;34m  27 : b9                Return
[m[0m  [0m18/19: ReduceInterruptBudgetForReturn(27) [v1/n18:[x0|R|t]]
[0m  [0m19/20: Int32ToNumber[kCanonicalizeSmi] [v17/n17:[x2|R|w32]] → [x0|R|t], live range: [19-20]
[0m  [0m20/21: Return [v19/n20:[x0|R|t]]
[0m
Compiling 0x09b80101e1e1 <JSFunction (sfi = 0x9b80101e10d)> with Maglev
----- Bytecode array -----
Parameter count 1
Register count 6
Frame size 48
         0x31a010000c8 @    0 : 13 00             LdaConstant [0:0x09b80101e165 <FixedArray[2]>]
         0x31a010000ca @    2 : d2                Star2
         0x31a010000cb @    3 : 1b fe f6          Mov <closure>, r3
         0x31a010000ce @    6 : 70 75 01 f7 02    CallRuntime [DeclareGlobals], r2-r3
         0x31a010000d3 @   11 : 0c                LdaZero
         0x31a010000d4 @   12 : 29 02             StaCurrentContextSlot [2]
         0x31a010000d6 @   14 : 0c                LdaZero
         0x31a010000d7 @   15 : d3                Star1
         0x31a010000d8 @   16 : 01 0d a0 86 01 00 LdaSmi.ExtraWide [100000]
         0x31a010000de @   22 : 79 f8 04          TestLessThan r1, EmbeddedFeedback[4]
         0x31a010000e1 @   25 : a8 2b             JumpIfFalse [43] (0x31a0100010c @ 68)
         0x31a010000e3 @   27 : 18 02             LdaCurrentContextSlot [2]
         0x31a010000e5 @   29 : d2                Star2
         0x31a010000e6 @   30 : 23 01 02          LdaGlobal [1:"trunc"], FBV[2]
         0x31a010000e9 @   33 : d1                Star3
         0x31a010000ea @   34 : 13 02             LdaConstant [2:0x09b80101e1a5 <HeapNumber 1.5>]
         0x31a010000ec @   36 : 44 f8 04          Mul r1, FBV[4]
         0x31a010000ef @   39 : d0                Star4
         0x31a010000f0 @   40 : 13 03             LdaConstant [3:0x09b80101e1b1 <HeapNumber 0.25>]
         0x31a010000f2 @   42 : 44 f8 05          Mul r1, FBV[5]
         0x31a010000f5 @   45 : cf                Star5
         0x31a010000f6 @   46 : 6e f6 f5 f4 06    CallUndefinedReceiver2 r3, r4, r5, FBV[6]
         0x31a010000fb @   51 : 42 f7 01          Add r2, FBV[1]
         0x31a010000fe @   54 : 55 00 00          BitwiseOrSmi [0], FBV[0]
         0x31a01000101 @   57 : 29 02             StaCurrentContextSlot [2]
         0x31a01000103 @   59 : 0b f8             Ldar r1
         0x31a01000105 @   61 : 5b 08             Inc FBV[8]
         0x31a01000107 @   63 : d3                Star1
         0x31a01000108 @   64 : 97 30 00 09       JumpLoop [48], [0], FBV[9] (0x31a010000d8 @ 16)
         0x31a0100010c @   68 : 23 04 0a          LdaGlobal [4:"print"], FBV[10]
         0x31a0100010f @   71 : d2                Star2
         0x31a01000110 @   72 : 18 02             LdaCurrentContextSlot [2]
         0x31a01000112 @   74 : d1                Star3
         0x31a01000113 @   75 : 6d f7 f6 0c       CallUndefinedReceiver1 r2, r3, FBV[12]
         0x31a01000117 @   79 : d4                Star0
         0x31a01000118 @   80 : b9                Return
Constant pool (size = 5)
0x31a01000085: [TrustedFixedArray]
 - map: 0x09b800000605 <Map(TRUSTED_FIXED_ARRAY_TYPE)>
 - length: 5
           0: 0x09b80101e165 <FixedArray[2]>
           1: 0x09b800002c1d <String[5]: #trunc>
           2: 0x09b80101e1a5 <HeapNumber 1.5>
           3: 0x09b80101e1b1 <HeapNumber 0.25>
           4: 0x09b801002e25 <String[5]: #print>
Handler Table (size = 0)
Source Position Table (size = 0)
0x9b80101e3b9: [FeedbackVector] in OldSpace
 - map: 0x09b800000899 <Map(FEEDBACK_VECTOR_TYPE)>
 - length: 14
 - shared function info: 0x09b80101e10d <SharedFunctionInfo>
 - tiering_in_progress: 0
 - osr_tiering_in_progress: 0
 - invocation count: 1
 - closure feedback cell array: 0x9b801140945: [ClosureFeedbackCellArray]
 - map: 0x09b800000871 <Map(CLOSURE_FEEDBACK_CELL_ARRAY_TYPE)>
 - length: 1
 - elements:
           0: 0x09b80101e201 <FeedbackCell[one closure]>

 - slot #0 BinaryOp BinaryOp:Number {
     [0]: 15
  }
 - slot #1 BinaryOp BinaryOp:AdditiveSafeInteger {
     [1]: 7
  }
 - slot #2 LoadGlobalNotInsideTypeof MONOMORPHIC
   [weak] 0x09b80101e255 <PropertyCell name=0x09b800002c1d <String[5]: #trunc> value=0x09b80101e235 <JSFunction trunc (sfi = 0x9b80101e175)>> {
     [2]: [weak] 0x09b80101e255 <PropertyCell name=0x09b800002c1d <String[5]: #trunc> value=0x09b80101e235 <JSFunction trunc (sfi = 0x9b80101e175)>>
     [3]: 0x09b800000e95 <Symbol: (uninitialized_symbol)>
  }
 - slot #4 BinaryOp BinaryOp:Number {
     [4]: 15
  }
 - slot #5 BinaryOp BinaryOp:Number {
     [5]: 15
  }
 - slot #6 Call MONOMORPHIC {
     [6]: [weak] 0x09b80101e235 <JSFunction trunc (sfi = 0x9b80101e175)>
     [7]: 204384
  }
 - slot #8 BinaryOp BinaryOp:SignedSmall {
     [8]: 1
  }
 - slot #9 JumpLoop JumpLoop {
     [9]: [cleared]
  }
 - slot #10 LoadGlobalNotInsideTypeof UNINITIALIZED {
     [10]: [cleared]
     [11]: 0x09b800000e95 <Symbol: (uninitialized_symbol)>
  }
 - slot #12 Call UNINITIALIZED {
     [12]: 0x09b800000e95 <Symbol: (uninitialized_symbol)>
     [13]: 0
  }
- Non-standard entrypoint @16 by OSR from @64[0m
[32m+ 0x12401140618  n1: InitialValue(<this>), 0 uses 🪦[0m[0m
[32m+ 0x124011406e0  n2: InitialValue(<context>), 0 uses 🪦[0m[0m
[32m+ 0x12401140730  n3: InitialValue(<closure>), 0 uses 🪦[0m[0m
[32m+ 0x12401140850  n4: InitialValue(r0), 0 uses 🪦[0m[0m
[32m+ 0x124011408b0  n5: InitialValue(r1), 0 uses 🪦[0m[0m
[32m+ 0x12401140900  n6: InitialValue(r2), 0 uses 🪦[0m[0m
[32m+ 0x12401140970  n7: InitialValue(r3), 0 uses 🪦[0m[0m
[32m+ 0x124011409c0  n8: InitialValue(r4), 0 uses 🪦[0m[0m
[32m+ 0x12401140a50  n9: InitialValue(r5), 0 uses 🪦[0m[0m
[32m+ 0x12401140af8  n10: FunctionEntryStackCheck[0m[0m
[32m+ 0x12401140bb8  n11: CheckpointedJump[0m[0m
  * Begin loop peeling....[0m
[36m  16 : 01 0d a0 86 01 00 LdaSmi.ExtraWide [100000][0m
[33mNew block (merge @0x12401140c48) at 0x09b80101e10d <SharedFunctionInfo>[37m
  VOs (IFS): 
  Constant properties:
  Non-constant properties:
  Constant context slots:
  Non-constant context slots:
[0m
[37mCopying frame state from merge @0x12401140c48[0m
[37m  - VOs (IFS): [0m
[37m  - VOs (merge): [0m
[32m+ 0x124011423c8  n12: SmiConstant(100000), 0 uses 🪦[0m[0m
[36m  22 : 79 f8 04          TestLessThan r1, EmbeddedFeedback[4][0m
[32m+ 0x124011424c0  n13: CheckedSmiUntag [n5], 0 uses, but required, cannot truncate to int32[0m[0m
[32m+ 0x124011425b0  n14: Int32Constant(100000), 0 uses 🪦, cannot truncate to int32[0m[0m
[32m+ 0x12401142608  n15: Int32Compare[LessThan] [n13, n14], 0 uses 🪦[0m[0m
[36m  25 : a8 2b             JumpIfFalse [43][0m
[32m+ 0x12401142668  n16: BranchIfInt32Compare(LessThan) [n13, n14][0m[0m
[32m+ 0x124011426a8  n17: RootConstant(false_value), 0 uses 🪦[0m[0m
[32m+ 0x12401142e48  n18: RootConstant(true_value), 0 uses 🪦[0m[0m
[33mNew block (single fallthrough) at 0x09b80101e10d <SharedFunctionInfo>[37m
  VOs (IFS): 
  Constant properties:
  Non-constant properties:
  Constant context slots:
  Non-constant context slots:
[0m
[36m  27 : 18 02             LdaCurrentContextSlot [2][0m
[32m+ 0x12401142f40  n19: LoadContextSlot(0x10, mutable) [n2], 0 uses, but required[0m[0m
[36m  29 : d2                Star2[0m
[36m  30 : 23 01 02          LdaGlobal [1:"trunc"], FBV[2][0m
[32m+ 0x12401143780  n20: Constant(0x09b80101e235 <JSFunction trunc (sfi = 0x9b80101e175)>), 0 uses 🪦[0m[0m
[36m  33 : d1                Star3[0m
[36m  34 : 13 02             LdaConstant [2:0x09b80101e1a5 <HeapNumber 1.5>][0m
[32m+ 0x124011437e0  n21: Constant(0x09b80101e1a5 <HeapNumber 1.5>), 0 uses 🪦[0m[0m
[36m  36 : 44 f8 04          Mul r1, FBV[4][0m
[32m+ 0x12401143838  n22: ChangeInt32ToFloat64 [n13], 0 uses 🪦[0m[0m
[32m+ 0x12401143888  n23: Float64Constant(1.5), 0 uses 🪦[0m[0m
[32m+ 0x124011438e8  n24: Float64Multiply [n22, n23], 0 uses 🪦, cannot truncate to int32 [-∞, +∞][0m[0m
[36m  39 : d0                Star4[0m
[36m  40 : 13 03             LdaConstant [3:0x09b80101e1b1 <HeapNumber 0.25>][0m
[32m+ 0x12401143958  n25: Constant(0x09b80101e1b1 <HeapNumber 0.25>), 0 uses 🪦[0m[0m
[36m  42 : 44 f8 05          Mul r1, FBV[5][0m
[32m+ 0x124011439a8  n26: Float64Constant(0.25), 0 uses 🪦[0m[0m
[32m+ 0x12401143a08  n27: Float64Multiply [n22, n26], 0 uses 🪦, cannot truncate to int32 [-∞, +∞][0m[0m
[36m  45 : cf                Star5[0m
[36m  46 : 6e f6 f5 f4 06    CallUndefinedReceiver2 r3, r4, r5, FBV[6][0m
[32m+ 0x12401143ae0  n28: RootConstant(undefined_value), 0 uses 🪦[0m[0m
[32m+ 0x12401143b28  n29: Constant(0x09b80101e221 <ScriptContext[3]>), 0 uses 🪦[0m[0m
[32m+ 0x12401143c68  n30: Constant(0x09b801004979 <JSGlobalProxy>), 0 uses 🪦[0m[0m

----- Inlining 0x09b80101e175 <SharedFunctionInfo trunc> with bytecode -----
Parameter count 3
Register count 3
Frame size 24
         0x31a01000144 @    0 : 0b 04             Ldar a1
         0x31a01000146 @    2 : 44 03 00          Mul a0, FBV[0]
         0x31a01000149 @    5 : d4                Star0
         0x31a0100014a @    6 : 0b 03             Ldar a0
         0x31a0100014c @    8 : 42 f9 01          Add r0, FBV[1]
         0x31a0100014f @   11 : d3                Star1
         0x31a01000150 @   12 : 55 00 03          BitwiseOrSmi [0], FBV[3]
         0x31a01000153 @   15 : d2                Star2
         0x31a01000154 @   16 : 0b f9             Ldar r0
         0x31a01000156 @   18 : 51 02 05          MulSmi [2], FBV[5]
         0x31a01000159 @   21 : 55 00 04          BitwiseOrSmi [0], FBV[4]
         0x31a0100015c @   24 : 42 f7 02          Add r2, FBV[2]
         0x31a0100015f @   27 : b9                Return
Constant pool (size = 0)
Handler Table (size = 0)
Source Position Table (size = 0)
0x9b80101e2fd: [FeedbackVector] in OldSpace
 - map: 0x09b800000899 <Map(FEEDBACK_VECTOR_TYPE)>
 - length: 6
 - shared function info: 0x09b80101e175 <SharedFunctionInfo trunc>
 - tiering_in_progress: 0
 - osr_tiering_in_progress: 0
 - invocation count: 402
 - closure feedback cell array: 0x9b800002071: [ClosureFeedbackCellArray] in ReadOnlySpace
 - map: 0x09b800000871 <Map(CLOSURE_FEEDBACK_CELL_ARRAY_TYPE)>
 - length: 0
 - elements:

 - slot #0 BinaryOp BinaryOp:Number {
     [0]: 15
  }
 - slot #1 BinaryOp BinaryOp:Number {
     [1]: 15
  }
 - slot #2 BinaryOp BinaryOp:SignedSmall {
     [2]: 1
  }
 - slot #3 BinaryOp BinaryOp:Number {
     [3]: 15
  }
 - slot #4 BinaryOp BinaryOp:Number {
     [4]: 15
  }
 - slot #5 BinaryOp BinaryOp:Number {
     [5]: 15
  }
[32m+ 0x1240111b738  n31: Jump[0m[0m
[36m   0 : 0b 04             Ldar a1[0m
[33mNew block (merge @0x1240111b788) at 0x09b80101e175 <SharedFunctionInfo trunc>[37m
  VOs (IFS): 
  Constant properties:
  Non-constant properties:
  Constant context slots:
  Non-constant context slots:
    - @16: n19
[0m
[37mCopying frame state from merge @0x1240111b788[0m
[37m  - VOs (IFS): [0m
[37m  - VOs (merge): [0m
[36m   2 : 44 03 00          Mul a0, FBV[0][0m
[32m+ 0x1240111c0a8  n32: Float64Multiply [n24, n27], 0 uses 🪦, cannot truncate to int32 [-∞, +∞][0m[0m
[36m   5 : d4                Star0[0m
[36m   6 : 0b 03             Ldar a0[0m
[36m   8 : 42 f9 01          Add r0, FBV[1][0m
[32m+ 0x1240111c118  n33: Float64Add [n32, n24], 0 uses 🪦, cannot truncate to int32 [-∞, +∞][0m[0m
[36m  11 : d3                Star1[0m
[36m  12 : 55 00 03          BitwiseOrSmi [0], FBV[3][0m
[32m+ 0x1240111c1e8  n34: TruncateFloat64ToInt32 [n33], 0 uses 🪦, cannot truncate to int32[0m[0m
[36m  15 : d2                Star2[0m
[36m  16 : 0b f9             Ldar r0[0m
[36m  18 : 51 02 05          MulSmi [2], FBV[5][0m
[32m+ 0x1240111c238  n35: Float64Constant(2), 0 uses 🪦[0m[0m
[32m+ 0x1240111c298  n36: Float64Multiply [n32, n35], 0 uses 🪦, cannot truncate to int32 [-∞, +∞][0m[0m
[36m  21 : 55 00 04          BitwiseOrSmi [0], FBV[4][0m
[32m+ 0x1240111c368  n37: TruncateFloat64ToInt32 [n36], 0 uses 🪦, cannot truncate to int32[0m[0m
[36m  24 : 42 f7 02          Add r2, FBV[2][0m
[32m+ 0x1240111c400  n38: Int32AddWithOverflow [n34, n37], 0 uses, but required, cannot truncate to int32[0m[0m
[36m  27 : b9                Return[0m
== Finished inlining 0x09b80101e175 <SharedFunctionInfo trunc>[0m
[36m  51 : 42 f7 01          Add r2, FBV[1][0m
[32m+ 0x1240111c5a8  n39: CheckedNumberToFloat64 [n19], 0 uses, but required, cannot truncate to int32 [-∞, +∞][0m[0m
[32m+ 0x1240111c730  n40: ChangeInt32ToFloat64 [n38], 0 uses 🪦[0m[0m
[32m+ 0x1240111c790  n41: Float64Add [n39, n40], 0 uses 🪦, cannot truncate to int32 [-∞, +∞][0m[0m
[36m  54 : 55 00 00          BitwiseOrSmi [0], FBV[0][0m
[32m+ 0x1240111c860  n42: TruncateFloat64ToInt32 [n41], 0 uses 🪦, cannot truncate to int32[0m[0m
[36m  57 : 29 02             StaCurrentContextSlot [2][0m
[32m+ 0x1240111c9b8  n43: Int32ToNumber[kCanonicalizeSmi] [n42], 0 uses 🪦[0m[0m
[32m+ 0x1240111c918  n44: StoreContextSlotWithWriteBarrier(2, mutable) [n2, n43][0m[0m
  * Recording context slot store n2[16]: TruncateFloat64ToInt32 [n41], 1 uses, cannot truncate to int32[0m
[36m  59 : 0b f8             Ldar r1[0m
[36m  61 : 5b 08             Inc FBV[8][0m
[32m+ 0x1240111cb40  n45: Int32IncrementWithOverflow [n13], 0 uses, but required, cannot truncate to int32[0m[0m
[36m  63 : d3                Star1[0m
[36m  64 : 97 30 00 09       JumpLoop [48], [0], FBV[9][0m
[32m+ 0x1240111cbf8  n46: Constant(0x09b80101e211 <FeedbackCell[one closure]>), 0 uses 🪦[0m[0m
[32m+ 0x1240111cca8  n47: ReduceInterruptBudgetForLoop(38) [n46][0m[0m
[32m+ 0x1240111cd98  n48: RootConstant(optimized_out), 0 uses 🪦[0m[0m
[32m+ 0x1240111d088  n49: Jump[0m[0m
[37mInitializing optimistic loop state...[0m
  <this>: <unregistered node 0><> <- n1<>[0m
 => n1: InitialValue(<this>), 7 uses<JSReceiver>[0m
  <context>: <unregistered node 0><> <- n2<>[0m
 => n2: InitialValue(<context>), 9 uses<Context>[0m
  r1: <unregistered node 0x1240111d050><> <- n45<>[0m
 => <unregistered node 0x1240111d050>: Phi(r1) [n50, <unregistered node 0>], 0 uses 🪦<>[0m
[36m  16 : 01 0d a0 86 01 00 LdaSmi.ExtraWide [100000][0m
[33mNew block (loop header @0x1240111cdf0) at 0x09b80101e10d <SharedFunctionInfo>[37m
  VOs (IFS): 
  Constant properties:
  Non-constant properties:
  Constant context slots:
  Non-constant context slots:
    - @16: n42
[0m
[37mCopying frame state from merge @0x1240111cdf0[0m
[37m  - VOs (IFS): [0m
[37m  - VOs (merge): [0m
  0x1240111d050  n51: Phi(r1) [n50, <unregistered node 0>], 0 uses 🪦[0m
[36m  22 : 79 f8 04          TestLessThan r1, EmbeddedFeedback[4][0m
[32m+ 0x1240111e910  n52: CheckedSmiUntag [n51], 0 uses, but required, cannot truncate to int32[0m[0m
[32m+ 0x1240111e9e0  n53: Int32Compare[LessThan] [n52, n14], 0 uses 🪦[0m[0m
[36m  25 : a8 2b             JumpIfFalse [43][0m
[32m+ 0x1240111ea40  n54: BranchIfInt32Compare(LessThan) [n52, n14][0m[0m
[37mMerging...[0m
  <this>: n1<JSReceiver> <- n1<JSReceiver>[0m
 => n1: InitialValue(<this>), 8 uses<JSReceiver>[0m
  <context>: n2<Context> <- n2<Context>[0m
 => n2: InitialValue(<context>), 10 uses<Context>[0m
[33mNew block (single fallthrough) at 0x09b80101e10d <SharedFunctionInfo>[37m
  VOs (IFS): 
  Constant properties:
  Non-constant properties:
  Constant context slots:
  Non-constant context slots:
[0m
[36m  27 : 18 02             LdaCurrentContextSlot [2][0m
[32m+ 0x1240111eba0  n55: LoadContextSlot(0x10, mutable) [n2], 0 uses, but required[0m[0m
[36m  29 : d2                Star2[0m
[36m  30 : 23 01 02          LdaGlobal [1:"trunc"], FBV[2][0m
[36m  33 : d1                Star3[0m
[36m  34 : 13 02             LdaConstant [2:0x09b80101e1a5 <HeapNumber 1.5>][0m
[36m  36 : 44 f8 04          Mul r1, FBV[4][0m
[32m+ 0x1240111ec18  n56: ChangeInt32ToFloat64 [n52], 0 uses 🪦[0m[0m
[32m+ 0x1240111ec78  n57: Float64Multiply [n56, n23], 0 uses 🪦, cannot truncate to int32 [-∞, +∞][0m[0m
[36m  39 : d0                Star4[0m
[36m  40 : 13 03             LdaConstant [3:0x09b80101e1b1 <HeapNumber 0.25>][0m
[36m  42 : 44 f8 05          Mul r1, FBV[5][0m
[32m+ 0x1240111ece8  n58: Float64Multiply [n56, n26], 0 uses 🪦, cannot truncate to int32 [-∞, +∞][0m[0m
[36m  45 : cf                Star5[0m
[36m  46 : 6e f6 f5 f4 06    CallUndefinedReceiver2 r3, r4, r5, FBV[6][0m

----- Inlining 0x09b80101e175 <SharedFunctionInfo trunc> with bytecode -----
Parameter count 3
Register count 3
Frame size 24
         0x31a01000144 @    0 : 0b 04             Ldar a1
         0x31a01000146 @    2 : 44 03 00          Mul a0, FBV[0]
         0x31a01000149 @    5 : d4                Star0
         0x31a0100014a @    6 : 0b 03             Ldar a0
         0x31a0100014c @    8 : 42 f9 01          Add r0, FBV[1]
         0x31a0100014f @   11 : d3                Star1
         0x31a01000150 @   12 : 55 00 03          BitwiseOrSmi [0], FBV[3]
         0x31a01000153 @   15 : d2                Star2
         0x31a01000154 @   16 : 0b f9             Ldar r0
         0x31a01000156 @   18 : 51 02 05          MulSmi [2], FBV[5]
         0x31a01000159 @   21 : 55 00 04          BitwiseOrSmi [0], FBV[4]
         0x31a0100015c @   24 : 42 f7 02          Add r2, FBV[2]
         0x31a0100015f @   27 : b9                Return
Constant pool (size = 0)
Handler Table (size = 0)
Source Position Table (size = 0)
0x9b80101e2fd: [FeedbackVector] in OldSpace
 - map: 0x09b800000899 <Map(FEEDBACK_VECTOR_TYPE)>
 - length: 6
 - shared function info: 0x09b80101e175 <SharedFunctionInfo trunc>
 - tiering_in_progress: 0
 - osr_tiering_in_progress: 0
 - invocation count: 402
 - closure feedback cell array: 0x9b800002071: [ClosureFeedbackCellArray] in ReadOnlySpace
 - map: 0x09b800000871 <Map(CLOSURE_FEEDBACK_CELL_ARRAY_TYPE)>
 - length: 0
 - elements:

 - slot #0 BinaryOp BinaryOp:Number {
     [0]: 15
  }
 - slot #1 BinaryOp BinaryOp:Number {
     [1]: 15
  }
 - slot #2 BinaryOp BinaryOp:SignedSmall {
     [2]: 1
  }
 - slot #3 BinaryOp BinaryOp:Number {
     [3]: 15
  }
 - slot #4 BinaryOp BinaryOp:Number {
     [4]: 15
  }
 - slot #5 BinaryOp BinaryOp:Number {
     [5]: 15
  }
[32m+ 0x124011217c8  n59: Jump[0m[0m
[36m   0 : 0b 04             Ldar a1[0m
[33mNew block (merge @0x124011217f8) at 0x09b80101e175 <SharedFunctionInfo trunc>[37m
  VOs (IFS): 
  Constant properties:
  Non-constant properties:
  Constant context slots:
  Non-constant context slots:
    - @16: n55
[0m
[37mCopying frame state from merge @0x124011217f8[0m
[37m  - VOs (IFS): [0m
[37m  - VOs (merge): [0m
[36m   2 : 44 03 00          Mul a0, FBV[0][0m
[32m+ 0x124011227a8  n60: Float64Multiply [n57, n58], 0 uses 🪦, cannot truncate to int32 [-∞, +∞][0m[0m
[36m   5 : d4                Star0[0m
[36m   6 : 0b 03             Ldar a0[0m
[36m   8 : 42 f9 01          Add r0, FBV[1][0m
[32m+ 0x12401122818  n61: Float64Add [n57, n60], 0 uses 🪦, cannot truncate to int32 [-∞, +∞][0m[0m
[36m  11 : d3                Star1[0m
[36m  12 : 55 00 03          BitwiseOrSmi [0], FBV[3][0m
[32m+ 0x124011228e8  n62: TruncateFloat64ToInt32 [n61], 0 uses 🪦, cannot truncate to int32[0m[0m
[36m  15 : d2                Star2[0m
[36m  16 : 0b f9             Ldar r0[0m
[36m  18 : 51 02 05          MulSmi [2], FBV[5][0m
[32m+ 0x12401122948  n63: Float64Multiply [n60, n35], 0 uses 🪦, cannot truncate to int32 [-∞, +∞][0m[0m
[36m  21 : 55 00 04          BitwiseOrSmi [0], FBV[4][0m
[32m+ 0x12401122a18  n64: TruncateFloat64ToInt32 [n63], 0 uses 🪦, cannot truncate to int32[0m[0m
[36m  24 : 42 f7 02          Add r2, FBV[2][0m
[32m+ 0x12401122ab0  n65: Int32AddWithOverflow [n62, n64], 0 uses, but required, cannot truncate to int32[0m[0m
[36m  27 : b9                Return[0m
== Finished inlining 0x09b80101e175 <SharedFunctionInfo trunc>[0m
[36m  51 : 42 f7 01          Add r2, FBV[1][0m
[32m+ 0x12401122cf0  n66: CheckedNumberToFloat64 [n55], 0 uses, but required, cannot truncate to int32 [-∞, +∞][0m[0m
[32m+ 0x12401122e28  n67: ChangeInt32ToFloat64 [n65], 0 uses 🪦[0m[0m
[32m+ 0x12401122e88  n68: Float64Add [n66, n67], 0 uses 🪦, cannot truncate to int32 [-∞, +∞][0m[0m
[36m  54 : 55 00 00          BitwiseOrSmi [0], FBV[0][0m
[32m+ 0x12401122f58  n69: TruncateFloat64ToInt32 [n68], 0 uses 🪦, cannot truncate to int32[0m[0m
[36m  57 : 29 02             StaCurrentContextSlot [2][0m
[32m+ 0x124011230b0  n70: Int32ToNumber[kCanonicalizeSmi] [n69], 0 uses 🪦[0m[0m
[32m+ 0x12401123010  n71: StoreContextSlotWithWriteBarrier(2, mutable) [n2, n70][0m[0m
  * Recording context slot store n2[16]: TruncateFloat64ToInt32 [n68], 1 uses, cannot truncate to int32[0m
[36m  59 : 0b f8             Ldar r1[0m
[36m  61 : 5b 08             Inc FBV[8][0m
[32m+ 0x12401123228  n72: Int32IncrementWithOverflow [n52], 0 uses, but required, cannot truncate to int32[0m[0m
[36m  63 : d3                Star1[0m
[36m  64 : 97 30 00 09       JumpLoop [48], [0], FBV[9][0m
[32m+ 0x12401123340  n73: ReduceInterruptBudgetForLoop(38) [n46][0m[0m
[32m+ 0x124011234a8  n74: JumpLoop[0m[0m
[91mNext peeling not needed due to compatible state.[0m
  <this>: n1<JSReceiver> <- n1<JSReceiver>[0m
 => n1: InitialValue(<this>), 13 uses<JSReceiver>[0m
  <context>: n2<Context> <- n2<Context>[0m
 => n2: InitialValue(<context>), 17 uses<Context>[0m
  r1: n51<> <- n72<>[0m
 => n51: Phi(r1) [n50, n75], 6 uses<>[0m
[36m  68 : 23 04 0a          LdaGlobal [4:"print"], FBV[10][0m
[33mNew block (merge @0x12401142708) at 0x09b80101e10d <SharedFunctionInfo>[37m
  VOs (IFS): 
  Constant properties:
  Non-constant properties:
  Constant context slots:
  Non-constant context slots:
    - @16: n69
[0m
[37mCopying frame state from merge @0x12401142708[0m
[37m  - VOs (IFS): [0m
[37m  - VOs (merge): [0m
[33mNew empty block [37m
  VOs (IFS): 
  Constant properties:
  Non-constant properties:
  Constant context slots:
  Non-constant context slots:
[0m
[32m+ 0x124011236c0  n76: Jump[0m[0m
[33mNew empty block [37m
  VOs (IFS): 
  Constant properties:
  Non-constant properties:
  Constant context slots:
  Non-constant context slots:
[0m
[32m+ 0x12401123740  n77: Jump[0m[0m
[32m+ 0x124011238e0  n78: Deopt(Insufficient type feedback for generic global access)[0m[0m
[91mDEAD  : 23 04 0a          LdaGlobal [4:"print"], FBV[10][0m
[36m  71 : d2                Star2[0m
[91mDEAD  : d2                Star2[0m
[36m  72 : 18 02             LdaCurrentContextSlot [2][0m
[91mDEAD  : 18 02             LdaCurrentContextSlot [2][0m
[36m  74 : d1                Star3[0m
[91mDEAD  : d1                Star3[0m
[36m  75 : 6d f7 f6 0c       CallUndefinedReceiver1 r2, r3, FBV[12][0m
[91mDEAD  : 6d f7 f6 0c       CallUndefinedReceiver1 r2, r3, FBV[12][0m
[36m  79 : d4                Star0[0m
[91mDEAD  : d4                Star0[0m
[36m  80 : b9                Return[0m
[91mDEAD  : b9                Return[0m

----- After graph building -----
Graph

   [0m  [0m20: Constant(0x09b80101e235 <JSFunction trunc (sfi = 0x9b80101e175)>), 2 uses
   [0m  [0m29: Constant(0x09b80101e221 <ScriptContext[3]>), 2 uses
   [0m  [0m21: Constant(0x09b80101e1a5 <HeapNumber 1.5>), 0 uses 🪦
   [0m  [0m25: Constant(0x09b80101e1b1 <HeapNumber 0.25>), 0 uses 🪦
   [0m  [0m30: Constant(0x09b801004979 <JSGlobalProxy>), 2 uses
   [0m  [0m46: Constant(0x09b80101e211 <FeedbackCell[one closure]>), 2 uses
   [0m  [0m28: RootConstant(undefined_value), 0 uses 🪦
   [0m  [0m18: RootConstant(true_value), 0 uses 🪦
   [0m  [0m17: RootConstant(false_value), 0 uses 🪦
   [0m  [0m48: RootConstant(optimized_out), 0 uses 🪦
   [0m  [0m12: SmiConstant(100000), 2 uses
   [0m  [0m14: Int32Constant(100000), 4 uses, cannot truncate to int32
   [0m  [0m26: Float64Constant(0.25), 2 uses
   [0m  [0m23: Float64Constant(1.5), 2 uses
   [0m  [0m35: Float64Constant(2), 2 uses
    [0mBlock b0
   [0m[1;34m0x09b80101e10d <SharedFunctionInfo> (0x09b8011406c9 <String[23]: "workloads/truncation.js">:0:0)
[m   [0m[0;34m  16 : 01 0d a0 86 01 00 LdaSmi.ExtraWide [100000]
[m   [0m   [0m1: InitialValue(<this>), 14 uses
   [0m   [0m2: InitialValue(<context>), 18 uses
   [0m   [0m3: InitialValue(<closure>), 14 uses
   [0m   [0m4: InitialValue(r0), 0 uses 🪦
   [0m   [0m5: InitialValue(r1), 7 uses
   [0m   [0m6: InitialValue(r2), 0 uses 🪦
   [0m   [0m7: InitialValue(r3), 0 uses 🪦
   [0m   [0m8: InitialValue(r4), 0 uses 🪦
   [0m   [0m9: InitialValue(r5), 0 uses 🪦
   [0m  [0m10: FunctionEntryStackCheck
   [0m      ↳ lazy @64 (3 live vars)
   [0m      ↱ eager @64 (3 live vars)
   [0m  [0m11: CheckpointedJump b1
   [0m   ↓
    [0mBlock b1
   [0m[0;34m  22 : 79 f8 04          TestLessThan r1, EmbeddedFeedback[4]
[m   [0m      ↱ eager @22 (4 live vars)
   [0m  [0m13: CheckedSmiUntag [n5], 4 uses, cannot truncate to int32
   [0m  [0m15: Int32Compare[LessThan] [n13, n14], 0 uses 🪦
   [0m[0;34m  25 : a8 2b             JumpIfFalse [43]
[m[0;31m╭────[0m16: BranchIfInt32Compare(LessThan) [n13, n14] b2 b8
[0;31m│  [0m   ↓
[0;31m│   [0mBlock b2
[0;31m│  [0m[0;34m  27 : 18 02             LdaCurrentContextSlot [2]
[m[0;31m│  [0m  [0m19: LoadContextSlot(0x10, mutable) [n2], 3 uses
[0;31m│  [0m[0;34m  36 : 44 f8 04          Mul r1, FBV[4]
[m[0;31m│  [0m  [0m22: ChangeInt32ToFloat64 [n13], 2 uses
[0;31m│  [0m  [0m24: Float64Multiply [n22, n23], 3 uses, cannot truncate to int32 [-∞, +∞]
[0;31m│  [0m[0;34m  42 : 44 f8 05          Mul r1, FBV[5]
[m[0;31m│  [0m  [0m27: Float64Multiply [n22, n26], 2 uses, cannot truncate to int32 [-∞, +∞]
[0;31m│  [0m[1;34m0x09b80101e175 <SharedFunctionInfo trunc> (0x09b8011406c9 <String[23]: "workloads/truncation.js">:5:14)
[m[0;31m│  [0m[0;34m   0 : 0b 04             Ldar a1
[m[0;31m│  [0m  [0m31: Jump b3
[0;31m│  [0m   ↓
[0;31m│   [0mBlock b3
[0;31m│  [0m[1;34m0x09b80101e175 <SharedFunctionInfo trunc> (0x09b8011406c9 <String[23]: "workloads/truncation.js">:0:0)
[m[0;31m│  [0m[0;34m   2 : 44 03 00          Mul a0, FBV[0]
[m[0;31m│  [0m  [0m32: Float64Multiply [n24, n27], 2 uses, cannot truncate to int32 [-∞, +∞]
[0;31m│  [0m[0;34m   8 : 42 f9 01          Add r0, FBV[1]
[m[0;31m│  [0m  [0m33: Float64Add [n32, n24], 1 uses, cannot truncate to int32 [-∞, +∞]
[0;31m│  [0m[0;34m  12 : 55 00 03          BitwiseOrSmi [0], FBV[3]
[m[0;31m│  [0m  [0m34: TruncateFloat64ToInt32 [n33], 2 uses, cannot truncate to int32
[0;31m│  [0m[0;34m  18 : 51 02 05          MulSmi [2], FBV[5]
[m[0;31m│  [0m  [0m36: Float64Multiply [n32, n35], 1 uses, cannot truncate to int32 [-∞, +∞]
[0;31m│  [0m[0;34m  21 : 55 00 04          BitwiseOrSmi [0], FBV[4]
[m[0;31m│  [0m  [0m37: TruncateFloat64ToInt32 [n36], 2 uses, cannot truncate to int32
[0;31m│  [0m[0;34m  24 : 42 f7 02          Add r2, FBV[2]
[m[0;31m│  [0m      ↱ eager @46 (4 live vars)
[0;31m│  [0m      │       @24 (6 live vars)
[0;31m│  [0m  [0m38: Int32AddWithOverflow [n34, n37], 2 uses, can truncate to int32 [-2147483648, 2147483647]
[0;31m│  [0m[1;34m0x09b80101e10d <SharedFunctionInfo> (0x09b8011406c9 <String[23]: "workloads/truncation.js">:0:0)
[m[0;31m│  [0m[0;34m  51 : 42 f7 01          Add r2, FBV[1]
[m[0;31m│  [0m      ↱ eager @51 (5 live vars)
[0;31m│  [0m  [0m39: CheckedNumberToFloat64 [n19], 1 uses, cannot truncate to int32 [-∞, +∞]
[0;31m│  [0m  [0m40: ChangeInt32ToFloat64 [n38], 1 uses
[0;31m│  [0m  [0m41: Float64Add [n39, n40], 1 uses, cannot truncate to int32 [-∞, +∞]
[0;31m│  [0m[0;34m  54 : 55 00 00          BitwiseOrSmi [0], FBV[0]
[m[0;31m│  [0m  [0m42: TruncateFloat64ToInt32 [n41], 1 uses, cannot truncate to int32
[0;31m│  [0m[0;34m  57 : 29 02             StaCurrentContextSlot [2]
[m[0;31m│  [0m  [0m43: Int32ToNumber[kCanonicalizeSmi] [n42], 1 uses
[0;31m│  [0m  [0m44: StoreContextSlotWithWriteBarrier(2, mutable) [n2, n43]
[0;31m│  [0m      ↳ lazy @57 (3 live vars)
[0;31m│  [0m[0;34m  61 : 5b 08             Inc FBV[8]
[m[0;31m│  [0m      ↱ eager @61 (3 live vars)
[0;31m│  [0m  [0m45: Int32IncrementWithOverflow [n13], 2 uses, cannot truncate to int32
[0;31m│  [0m[0;34m  64 : 97 30 00 09       JumpLoop [48], [0], FBV[9]
[m[0;31m│  [0m  [0m47: ReduceInterruptBudgetForLoop(38) [n46]
[0;31m│  [0m      ↳ lazy @64 (3 live vars)
[0;31m│  [0m  [0m50: Int32ToNumber[kCanonicalizeSmi] [n45], 1 uses
[0;31m│  [0m  [0m49: Jump b4
[0;31m│  [0m   │  with gap moves:
[0;31m│  [0m   │    - n50 → 51: φᵀ r1
[0;31m│  [0m   ▼
[0;31m│[0;32m╭─►[0mBlock b4 peeled (effects:)
[0;31m│[0;32m│ [0m  [0m51: φᵀ r1 (n50, n75), 6 uses
[0;31m│[0;32m│ [0m[0;34m  22 : 79 f8 04          TestLessThan r1, EmbeddedFeedback[4]
[m[0;31m│[0;32m│ [0m      ↱ eager @22 (4 live vars)
[0;31m│[0;32m│ [0m  [0m52: CheckedSmiUntag [n51], 4 uses, cannot truncate to int32
[0;31m│[0;32m│ [0m  [0m53: Int32Compare[LessThan] [n52, n14], 0 uses 🪦
[0;31m│[0;32m│ [0m[0;34m  25 : a8 2b             JumpIfFalse [43]
[m[0;31m│[0;32m│[0;33m╭──[0m54: BranchIfInt32Compare(LessThan) [n52, n14] b5 b7
[0;31m│[0;32m│[0;33m│[0m   ↓
[0;31m│[0;32m│[0;33m│ [0mBlock b5
[0;31m│[0;32m│[0;33m│[0m[0;34m  27 : 18 02             LdaCurrentContextSlot [2]
[m[0;31m│[0;32m│[0;33m│[0m  [0m55: LoadContextSlot(0x10, mutable) [n2], 3 uses
[0;31m│[0;32m│[0;33m│[0m[0;34m  36 : 44 f8 04          Mul r1, FBV[4]
[m[0;31m│[0;32m│[0;33m│[0m  [0m56: ChangeInt32ToFloat64 [n52], 2 uses
[0;31m│[0;32m│[0;33m│[0m  [0m57: Float64Multiply [n56, n23], 3 uses, cannot truncate to int32 [-∞, +∞]
[0;31m│[0;32m│[0;33m│[0m[0;34m  42 : 44 f8 05          Mul r1, FBV[5]
[m[0;31m│[0;32m│[0;33m│[0m  [0m58: Float64Multiply [n56, n26], 2 uses, cannot truncate to int32 [-∞, +∞]
[0;31m│[0;32m│[0;33m│[0m[1;34m0x09b80101e175 <SharedFunctionInfo trunc> (0x09b8011406c9 <String[23]: "workloads/truncation.js">:5:14)
[m[0;31m│[0;32m│[0;33m│[0m[0;34m   0 : 0b 04             Ldar a1
[m[0;31m│[0;32m│[0;33m│[0m  [0m59: Jump b6
[0;31m│[0;32m│[0;33m│[0m   ↓
[0;31m│[0;32m│[0;33m│ [0mBlock b6
[0;31m│[0;32m│[0;33m│[0m[1;34m0x09b80101e175 <SharedFunctionInfo trunc> (0x09b8011406c9 <String[23]: "workloads/truncation.js">:0:0)
[m[0;31m│[0;32m│[0;33m│[0m[0;34m   2 : 44 03 00          Mul a0, FBV[0]
[m[0;31m│[0;32m│[0;33m│[0m  [0m60: Float64Multiply [n57, n58], 2 uses, cannot truncate to int32 [-∞, +∞]
[0;31m│[0;32m│[0;33m│[0m[0;34m   8 : 42 f9 01          Add r0, FBV[1]
[m[0;31m│[0;32m│[0;33m│[0m  [0m61: Float64Add [n57, n60], 1 uses, cannot truncate to int32 [-∞, +∞]
[0;31m│[0;32m│[0;33m│[0m[0;34m  12 : 55 00 03          BitwiseOrSmi [0], FBV[3]
[m[0;31m│[0;32m│[0;33m│[0m  [0m62: TruncateFloat64ToInt32 [n61], 2 uses, cannot truncate to int32
[0;31m│[0;32m│[0;33m│[0m[0;34m  18 : 51 02 05          MulSmi [2], FBV[5]
[m[0;31m│[0;32m│[0;33m│[0m  [0m63: Float64Multiply [n60, n35], 1 uses, cannot truncate to int32 [-∞, +∞]
[0;31m│[0;32m│[0;33m│[0m[0;34m  21 : 55 00 04          BitwiseOrSmi [0], FBV[4]
[m[0;31m│[0;32m│[0;33m│[0m  [0m64: TruncateFloat64ToInt32 [n63], 2 uses, cannot truncate to int32
[0;31m│[0;32m│[0;33m│[0m[0;34m  24 : 42 f7 02          Add r2, FBV[2]
[m[0;31m│[0;32m│[0;33m│[0m      ↱ eager @46 (4 live vars)
[0;31m│[0;32m│[0;33m│[0m      │       @24 (6 live vars)
[0;31m│[0;32m│[0;33m│[0m  [0m65: Int32AddWithOverflow [n62, n64], 2 uses, can truncate to int32 [-2147483648, 2147483647]
[0;31m│[0;32m│[0;33m│[0m[1;34m0x09b80101e10d <SharedFunctionInfo> (0x09b8011406c9 <String[23]: "workloads/truncation.js">:0:0)
[m[0;31m│[0;32m│[0;33m│[0m[0;34m  51 : 42 f7 01          Add r2, FBV[1]
[m[0;31m│[0;32m│[0;33m│[0m      ↱ eager @51 (5 live vars)
[0;31m│[0;32m│[0;33m│[0m  [0m66: CheckedNumberToFloat64 [n55], 1 uses, cannot truncate to int32 [-∞, +∞]
[0;31m│[0;32m│[0;33m│[0m  [0m67: ChangeInt32ToFloat64 [n65], 1 uses
[0;31m│[0;32m│[0;33m│[0m  [0m68: Float64Add [n66, n67], 1 uses, cannot truncate to int32 [-∞, +∞]
[0;31m│[0;32m│[0;33m│[0m[0;34m  54 : 55 00 00          BitwiseOrSmi [0], FBV[0]
[m[0;31m│[0;32m│[0;33m│[0m  [0m69: TruncateFloat64ToInt32 [n68], 1 uses, cannot truncate to int32
[0;31m│[0;32m│[0;33m│[0m[0;34m  57 : 29 02             StaCurrentContextSlot [2]
[m[0;31m│[0;32m│[0;33m│[0m  [0m70: Int32ToNumber[kCanonicalizeSmi] [n69], 1 uses
[0;31m│[0;32m│[0;33m│[0m  [0m71: StoreContextSlotWithWriteBarrier(2, mutable) [n2, n70]
[0;31m│[0;32m│[0;33m│[0m      ↳ lazy @57 (3 live vars)
[0;31m│[0;32m│[0;33m│[0m[0;34m  61 : 5b 08             Inc FBV[8]
[m[0;31m│[0;32m│[0;33m│[0m      ↱ eager @61 (3 live vars)
[0;31m│[0;32m│[0;33m│[0m  [0m72: Int32IncrementWithOverflow [n52], 2 uses, cannot truncate to int32
[0;31m│[0;32m│[0;33m│[0m[0;34m  64 : 97 30 00 09       JumpLoop [48], [0], FBV[9]
[m[0;31m│[0;32m│[0;33m│[0m  [0m73: ReduceInterruptBudgetForLoop(38) [n46]
[0;31m│[0;32m│[0;33m│[0m      ↳ lazy @64 (3 live vars)
[0;31m│[0;32m│[0;33m│[0m  [0m75: Int32ToNumber[kCanonicalizeSmi] [n72], 1 uses
[0;31m│[0;32m│[0;33m│[0m      ↱ eager @61 (3 live vars)
[0;31m│[0;32m╰─◄─[0m74: JumpLoop b4
[0;31m│ [0;33m│[0m      with gap moves:
[0;31m│ [0;33m│[0m        - n75 → 51: φᵀ r1
[0;31m│ [0;33m│[0m
[0;31m│ [0;33m╰►[0mBlock b7
[0;31m│  [0m[0;34m  68 : 23 04 0a          LdaGlobal [4:"print"], FBV[10]
[m[0;31m│[0;32m╭───[0m76: Jump b9
[0;31m│[0;32m│ [0m
[0;31m╰──►[0mBlock b8
 [0;32m│ [0m  [0m77: Jump b9
 [0;32m│ [0m   ↓
 [0;32m╰─►[0mBlock b9
   [0m      ↱ eager @68 (2 live vars)
   [0m  [0m78: Deopt(Insufficient type feedback for generic global access)
   [0m

----- After propagating truncation -----
Graph

   [0m  [0m20: Constant(0x09b80101e235 <JSFunction trunc (sfi = 0x9b80101e175)>), 2 uses
   [0m  [0m29: Constant(0x09b80101e221 <ScriptContext[3]>), 2 uses
   [0m  [0m21: Constant(0x09b80101e1a5 <HeapNumber 1.5>), 0 uses 🪦
   [0m  [0m25: Constant(0x09b80101e1b1 <HeapNumber 0.25>), 0 uses 🪦
   [0m  [0m30: Constant(0x09b801004979 <JSGlobalProxy>), 2 uses
   [0m  [0m46: Constant(0x09b80101e211 <FeedbackCell[one closure]>), 2 uses
   [0m  [0m28: RootConstant(undefined_value), 0 uses 🪦
   [0m  [0m18: RootConstant(true_value), 0 uses 🪦
   [0m  [0m17: RootConstant(false_value), 0 uses 🪦
   [0m  [0m48: RootConstant(optimized_out), 0 uses 🪦
   [0m  [0m12: SmiConstant(100000), 2 uses
   [0m  [0m14: Int32Constant(100000), 4 uses, cannot truncate to int32
   [0m  [0m26: Float64Constant(0.25), 2 uses
   [0m  [0m23: Float64Constant(1.5), 2 uses
   [0m  [0m35: Float64Constant(2), 2 uses
    [0mBlock b0
   [0m[1;34m0x09b80101e10d <SharedFunctionInfo> (0x09b8011406c9 <String[23]: "workloads/truncation.js">:0:0)
[m   [0m[0;34m  16 : 01 0d a0 86 01 00 LdaSmi.ExtraWide [100000]
[m   [0m   [0m1: InitialValue(<this>), 14 uses
   [0m   [0m2: InitialValue(<context>), 18 uses
   [0m   [0m3: InitialValue(<closure>), 14 uses
   [0m   [0m4: InitialValue(r0), 0 uses 🪦
   [0m   [0m5: InitialValue(r1), 7 uses
   [0m   [0m6: InitialValue(r2), 0 uses 🪦
   [0m   [0m7: InitialValue(r3), 0 uses 🪦
   [0m   [0m8: InitialValue(r4), 0 uses 🪦
   [0m   [0m9: InitialValue(r5), 0 uses 🪦
   [0m  [0m10: FunctionEntryStackCheck
   [0m      ↳ lazy @64 (3 live vars)
   [0m      ↱ eager @64 (3 live vars)
   [0m  [0m11: CheckpointedJump b1
   [0m   ↓
    [0mBlock b1
   [0m[0;34m  22 : 79 f8 04          TestLessThan r1, EmbeddedFeedback[4]
[m   [0m      ↱ eager @22 (4 live vars)
   [0m  [0m13: CheckedSmiUntag [n5], 4 uses, cannot truncate to int32
   [0m  [0m15: Int32Compare[LessThan] [n13, n14], 0 uses 🪦
   [0m[0;34m  25 : a8 2b             JumpIfFalse [43]
[m[0;31m╭────[0m16: BranchIfInt32Compare(LessThan) [n13, n14] b2 b8
[0;31m│  [0m   ↓
[0;31m│   [0mBlock b2
[0;31m│  [0m[0;34m  27 : 18 02             LdaCurrentContextSlot [2]
[m[0;31m│  [0m  [0m19: LoadContextSlot(0x10, mutable) [n2], 3 uses
[0;31m│  [0m[0;34m  36 : 44 f8 04          Mul r1, FBV[4]
[m[0;31m│  [0m  [0m22: ChangeInt32ToFloat64 [n13], 2 uses
[0;31m│  [0m  [0m24: Float64Multiply [n22, n23], 3 uses, cannot truncate to int32 [-∞, +∞]
[0;31m│  [0m[0;34m  42 : 44 f8 05          Mul r1, FBV[5]
[m[0;31m│  [0m  [0m27: Float64Multiply [n22, n26], 2 uses, cannot truncate to int32 [-∞, +∞]
[0;31m│  [0m[1;34m0x09b80101e175 <SharedFunctionInfo trunc> (0x09b8011406c9 <String[23]: "workloads/truncation.js">:5:14)
[m[0;31m│  [0m[0;34m   0 : 0b 04             Ldar a1
[m[0;31m│  [0m  [0m31: Jump b3
[0;31m│  [0m   ↓
[0;31m│   [0mBlock b3
[0;31m│  [0m[1;34m0x09b80101e175 <SharedFunctionInfo trunc> (0x09b8011406c9 <String[23]: "workloads/truncation.js">:0:0)
[m[0;31m│  [0m[0;34m   2 : 44 03 00          Mul a0, FBV[0]
[m[0;31m│  [0m  [0m32: Float64Multiply [n24, n27], 2 uses, cannot truncate to int32 [-∞, +∞]
[0;31m│  [0m[0;34m   8 : 42 f9 01          Add r0, FBV[1]
[m[0;31m│  [0m  [0m33: Float64Add [n32, n24], 1 uses, cannot truncate to int32 [-∞, +∞]
[0;31m│  [0m[0;34m  12 : 55 00 03          BitwiseOrSmi [0], FBV[3]
[m[0;31m│  [0m  [0m34: TruncateFloat64ToInt32 [n33], 2 uses, cannot truncate to int32
[0;31m│  [0m[0;34m  18 : 51 02 05          MulSmi [2], FBV[5]
[m[0;31m│  [0m  [0m36: Float64Multiply [n32, n35], 1 uses, cannot truncate to int32 [-∞, +∞]
[0;31m│  [0m[0;34m  21 : 55 00 04          BitwiseOrSmi [0], FBV[4]
[m[0;31m│  [0m  [0m37: TruncateFloat64ToInt32 [n36], 2 uses, cannot truncate to int32
[0;31m│  [0m[0;34m  24 : 42 f7 02          Add r2, FBV[2]
[m[0;31m│  [0m      ↱ eager @46 (4 live vars)
[0;31m│  [0m      │       @24 (6 live vars)
[0;31m│  [0m  [0m38: Int32AddWithOverflow [n34, n37], 2 uses, cannot truncate to int32
[0;31m│  [0m[1;34m0x09b80101e10d <SharedFunctionInfo> (0x09b8011406c9 <String[23]: "workloads/truncation.js">:0:0)
[m[0;31m│  [0m[0;34m  51 : 42 f7 01          Add r2, FBV[1]
[m[0;31m│  [0m      ↱ eager @51 (5 live vars)
[0;31m│  [0m  [0m39: CheckedNumberToFloat64 [n19], 1 uses, cannot truncate to int32 [-∞, +∞]
[0;31m│  [0m  [0m40: ChangeInt32ToFloat64 [n38], 1 uses
[0;31m│  [0m  [0m41: Float64Add [n39, n40], 1 uses, cannot truncate to int32 [-∞, +∞]
[0;31m│  [0m[0;34m  54 : 55 00 00          BitwiseOrSmi [0], FBV[0]
[m[0;31m│  [0m  [0m42: TruncateFloat64ToInt32 [n41], 1 uses, cannot truncate to int32
[0;31m│  [0m[0;34m  57 : 29 02             StaCurrentContextSlot [2]
[m[0;31m│  [0m  [0m43: Int32ToNumber[kCanonicalizeSmi] [n42], 1 uses
[0;31m│  [0m  [0m44: StoreContextSlotWithWriteBarrier(2, mutable) [n2, n43]
[0;31m│  [0m      ↳ lazy @57 (3 live vars)
[0;31m│  [0m[0;34m  61 : 5b 08             Inc FBV[8]
[m[0;31m│  [0m      ↱ eager @61 (3 live vars)
[0;31m│  [0m  [0m45: Int32IncrementWithOverflow [n13], 2 uses, cannot truncate to int32
[0;31m│  [0m[0;34m  64 : 97 30 00 09       JumpLoop [48], [0], FBV[9]
[m[0;31m│  [0m  [0m47: ReduceInterruptBudgetForLoop(38) [n46]
[0;31m│  [0m      ↳ lazy @64 (3 live vars)
[0;31m│  [0m  [0m50: Int32ToNumber[kCanonicalizeSmi] [n45], 1 uses
[0;31m│  [0m  [0m49: Jump b4
[0;31m│  [0m   │  with gap moves:
[0;31m│  [0m   │    - n50 → 51: φᵀ r1
[0;31m│  [0m   ▼
[0;31m│[0;32m╭─►[0mBlock b4 peeled (effects:)
[0;31m│[0;32m│ [0m  [0m51: φᵀ r1 (n50, n75), 6 uses
[0;31m│[0;32m│ [0m[0;34m  22 : 79 f8 04          TestLessThan r1, EmbeddedFeedback[4]
[m[0;31m│[0;32m│ [0m      ↱ eager @22 (4 live vars)
[0;31m│[0;32m│ [0m  [0m52: CheckedSmiUntag [n51], 4 uses, cannot truncate to int32
[0;31m│[0;32m│ [0m  [0m53: Int32Compare[LessThan] [n52, n14], 0 uses 🪦
[0;31m│[0;32m│ [0m[0;34m  25 : a8 2b             JumpIfFalse [43]
[m[0;31m│[0;32m│[0;33m╭──[0m54: BranchIfInt32Compare(LessThan) [n52, n14] b5 b7
[0;31m│[0;32m│[0;33m│[0m   ↓
[0;31m│[0;32m│[0;33m│ [0mBlock b5
[0;31m│[0;32m│[0;33m│[0m[0;34m  27 : 18 02             LdaCurrentContextSlot [2]
[m[0;31m│[0;32m│[0;33m│[0m  [0m55: LoadContextSlot(0x10, mutable) [n2], 3 uses
[0;31m│[0;32m│[0;33m│[0m[0;34m  36 : 44 f8 04          Mul r1, FBV[4]
[m[0;31m│[0;32m│[0;33m│[0m  [0m56: ChangeInt32ToFloat64 [n52], 2 uses
[0;31m│[0;32m│[0;33m│[0m  [0m57: Float64Multiply [n56, n23], 3 uses, cannot truncate to int32 [-∞, +∞]
[0;31m│[0;32m│[0;33m│[0m[0;34m  42 : 44 f8 05          Mul r1, FBV[5]
[m[0;31m│[0;32m│[0;33m│[0m  [0m58: Float64Multiply [n56, n26], 2 uses, cannot truncate to int32 [-∞, +∞]
[0;31m│[0;32m│[0;33m│[0m[1;34m0x09b80101e175 <SharedFunctionInfo trunc> (0x09b8011406c9 <String[23]: "workloads/truncation.js">:5:14)
[m[0;31m│[0;32m│[0;33m│[0m[0;34m   0 : 0b 04             Ldar a1
[m[0;31m│[0;32m│[0;33m│[0m  [0m59: Jump b6
[0;31m│[0;32m│[0;33m│[0m   ↓
[0;31m│[0;32m│[0;33m│ [0mBlock b6
[0;31m│[0;32m│[0;33m│[0m[1;34m0x09b80101e175 <SharedFunctionInfo trunc> (0x09b8011406c9 <String[23]: "workloads/truncation.js">:0:0)
[m[0;31m│[0;32m│[0;33m│[0m[0;34m   2 : 44 03 00          Mul a0, FBV[0]
[m[0;31m│[0;32m│[0;33m│[0m  [0m60: Float64Multiply [n57, n58], 2 uses, cannot truncate to int32 [-∞, +∞]
[0;31m│[0;32m│[0;33m│[0m[0;34m   8 : 42 f9 01          Add r0, FBV[1]
[m[0;31m│[0;32m│[0;33m│[0m  [0m61: Float64Add [n57, n60], 1 uses, cannot truncate to int32 [-∞, +∞]
[0;31m│[0;32m│[0;33m│[0m[0;34m  12 : 55 00 03          BitwiseOrSmi [0], FBV[3]
[m[0;31m│[0;32m│[0;33m│[0m  [0m62: TruncateFloat64ToInt32 [n61], 2 uses, cannot truncate to int32
[0;31m│[0;32m│[0;33m│[0m[0;34m  18 : 51 02 05          MulSmi [2], FBV[5]
[m[0;31m│[0;32m│[0;33m│[0m  [0m63: Float64Multiply [n60, n35], 1 uses, cannot truncate to int32 [-∞, +∞]
[0;31m│[0;32m│[0;33m│[0m[0;34m  21 : 55 00 04          BitwiseOrSmi [0], FBV[4]
[m[0;31m│[0;32m│[0;33m│[0m  [0m64: TruncateFloat64ToInt32 [n63], 2 uses, cannot truncate to int32
[0;31m│[0;32m│[0;33m│[0m[0;34m  24 : 42 f7 02          Add r2, FBV[2]
[m[0;31m│[0;32m│[0;33m│[0m      ↱ eager @46 (4 live vars)
[0;31m│[0;32m│[0;33m│[0m      │       @24 (6 live vars)
[0;31m│[0;32m│[0;33m│[0m  [0m65: Int32AddWithOverflow [n62, n64], 2 uses, cannot truncate to int32
[0;31m│[0;32m│[0;33m│[0m[1;34m0x09b80101e10d <SharedFunctionInfo> (0x09b8011406c9 <String[23]: "workloads/truncation.js">:0:0)
[m[0;31m│[0;32m│[0;33m│[0m[0;34m  51 : 42 f7 01          Add r2, FBV[1]
[m[0;31m│[0;32m│[0;33m│[0m      ↱ eager @51 (5 live vars)
[0;31m│[0;32m│[0;33m│[0m  [0m66: CheckedNumberToFloat64 [n55], 1 uses, cannot truncate to int32 [-∞, +∞]
[0;31m│[0;32m│[0;33m│[0m  [0m67: ChangeInt32ToFloat64 [n65], 1 uses
[0;31m│[0;32m│[0;33m│[0m  [0m68: Float64Add [n66, n67], 1 uses, cannot truncate to int32 [-∞, +∞]
[0;31m│[0;32m│[0;33m│[0m[0;34m  54 : 55 00 00          BitwiseOrSmi [0], FBV[0]
[m[0;31m│[0;32m│[0;33m│[0m  [0m69: TruncateFloat64ToInt32 [n68], 1 uses, cannot truncate to int32
[0;31m│[0;32m│[0;33m│[0m[0;34m  57 : 29 02             StaCurrentContextSlot [2]
[m[0;31m│[0;32m│[0;33m│[0m  [0m70: Int32ToNumber[kCanonicalizeSmi] [n69], 1 uses
[0;31m│[0;32m│[0;33m│[0m  [0m71: StoreContextSlotWithWriteBarrier(2, mutable) [n2, n70]
[0;31m│[0;32m│[0;33m│[0m      ↳ lazy @57 (3 live vars)
[0;31m│[0;32m│[0;33m│[0m[0;34m  61 : 5b 08             Inc FBV[8]
[m[0;31m│[0;32m│[0;33m│[0m      ↱ eager @61 (3 live vars)
[0;31m│[0;32m│[0;33m│[0m  [0m72: Int32IncrementWithOverflow [n52], 2 uses, cannot truncate to int32
[0;31m│[0;32m│[0;33m│[0m[0;34m  64 : 97 30 00 09       JumpLoop [48], [0], FBV[9]
[m[0;31m│[0;32m│[0;33m│[0m  [0m73: ReduceInterruptBudgetForLoop(38) [n46]
[0;31m│[0;32m│[0;33m│[0m      ↳ lazy @64 (3 live vars)
[0;31m│[0;32m│[0;33m│[0m  [0m75: Int32ToNumber[kCanonicalizeSmi] [n72], 1 uses
[0;31m│[0;32m│[0;33m│[0m      ↱ eager @61 (3 live vars)
[0;31m│[0;32m╰─◄─[0m74: JumpLoop b4
[0;31m│ [0;33m│[0m      with gap moves:
[0;31m│ [0;33m│[0m        - n75 → 51: φᵀ r1
[0;31m│ [0;33m│[0m
[0;31m│ [0;33m╰►[0mBlock b7
[0;31m│  [0m[0;34m  68 : 23 04 0a          LdaGlobal [4:"print"], FBV[10]
[m[0;31m│[0;32m╭───[0m76: Jump b9
[0;31m│[0;32m│ [0m
[0;31m╰──►[0mBlock b8
 [0;32m│ [0m  [0m77: Jump b9
 [0;32m│ [0m   ↓
 [0;32m╰─►[0mBlock b9
   [0m      ↱ eager @68 (2 live vars)
   [0m  [0m78: Deopt(Insufficient type feedback for generic global access)
   [0m

----- After truncation -----
Graph

   [0m  [0m20: Constant(0x09b80101e235 <JSFunction trunc (sfi = 0x9b80101e175)>), 2 uses
   [0m  [0m29: Constant(0x09b80101e221 <ScriptContext[3]>), 2 uses
   [0m  [0m21: Constant(0x09b80101e1a5 <HeapNumber 1.5>), 0 uses 🪦
   [0m  [0m25: Constant(0x09b80101e1b1 <HeapNumber 0.25>), 0 uses 🪦
   [0m  [0m30: Constant(0x09b801004979 <JSGlobalProxy>), 2 uses
   [0m  [0m46: Constant(0x09b80101e211 <FeedbackCell[one closure]>), 2 uses
   [0m  [0m28: RootConstant(undefined_value), 0 uses 🪦
   [0m  [0m18: RootConstant(true_value), 0 uses 🪦
   [0m  [0m17: RootConstant(false_value), 0 uses 🪦
   [0m  [0m48: RootConstant(optimized_out), 0 uses 🪦
   [0m  [0m12: SmiConstant(100000), 2 uses
   [0m  [0m14: Int32Constant(100000), 4 uses, cannot truncate to int32
   [0m  [0m26: Float64Constant(0.25), 2 uses
   [0m  [0m23: Float64Constant(1.5), 2 uses
   [0m  [0m35: Float64Constant(2), 2 uses
    [0mBlock b0
   [0m[1;34m0x09b80101e10d <SharedFunctionInfo> (0x09b8011406c9 <String[23]: "workloads/truncation.js">:0:0)
[m   [0m[0;34m  16 : 01 0d a0 86 01 00 LdaSmi.ExtraWide [100000]
[m   [0m   [0m1: InitialValue(<this>), 14 uses
   [0m   [0m2: InitialValue(<context>), 18 uses
   [0m   [0m3: InitialValue(<closure>), 14 uses
   [0m   [0m4: InitialValue(r0), 0 uses 🪦
   [0m   [0m5: InitialValue(r1), 7 uses
   [0m   [0m6: InitialValue(r2), 0 uses 🪦
   [0m   [0m7: InitialValue(r3), 0 uses 🪦
   [0m   [0m8: InitialValue(r4), 0 uses 🪦
   [0m   [0m9: InitialValue(r5), 0 uses 🪦
   [0m  [0m10: FunctionEntryStackCheck
   [0m      ↳ lazy @64 (3 live vars)
   [0m      ↱ eager @64 (3 live vars)
   [0m  [0m11: CheckpointedJump b1
   [0m   ↓
    [0mBlock b1
   [0m[0;34m  22 : 79 f8 04          TestLessThan r1, EmbeddedFeedback[4]
[m   [0m      ↱ eager @22 (4 live vars)
   [0m  [0m13: CheckedSmiUntag [n5], 4 uses, cannot truncate to int32
   [0m  [0m15: Int32Compare[LessThan] [n13, n14], 0 uses 🪦
   [0m[0;34m  25 : a8 2b             JumpIfFalse [43]
[m[0;31m╭────[0m16: BranchIfInt32Compare(LessThan) [n13, n14] b2 b8
[0;31m│  [0m   ↓
[0;31m│   [0mBlock b2
[0;31m│  [0m[0;34m  27 : 18 02             LdaCurrentContextSlot [2]
[m[0;31m│  [0m  [0m19: LoadContextSlot(0x10, mutable) [n2], 3 uses
[0;31m│  [0m[0;34m  36 : 44 f8 04          Mul r1, FBV[4]
[m[0;31m│  [0m  [0m22: ChangeInt32ToFloat64 [n13], 2 uses
[0;31m│  [0m  [0m24: Float64Multiply [n22, n23], 3 uses, cannot truncate to int32 [-∞, +∞]
[0;31m│  [0m[0;34m  42 : 44 f8 05          Mul r1, FBV[5]
[m[0;31m│  [0m  [0m27: Float64Multiply [n22, n26], 2 uses, cannot truncate to int32 [-∞, +∞]
[0;31m│  [0m[1;34m0x09b80101e175 <SharedFunctionInfo trunc> (0x09b8011406c9 <String[23]: "workloads/truncation.js">:5:14)
[m[0;31m│  [0m[0;34m   0 : 0b 04             Ldar a1
[m[0;31m│  [0m  [0m31: Jump b3
[0;31m│  [0m   ↓
[0;31m│   [0mBlock b3
[0;31m│  [0m[1;34m0x09b80101e175 <SharedFunctionInfo trunc> (0x09b8011406c9 <String[23]: "workloads/truncation.js">:0:0)
[m[0;31m│  [0m[0;34m   2 : 44 03 00          Mul a0, FBV[0]
[m[0;31m│  [0m  [0m32: Float64Multiply [n24, n27], 2 uses, cannot truncate to int32 [-∞, +∞]
[0;31m│  [0m[0;34m   8 : 42 f9 01          Add r0, FBV[1]
[m[0;31m│  [0m  [0m33: Float64Add [n32, n24], 1 uses, cannot truncate to int32 [-∞, +∞]
[0;31m│  [0m[0;34m  12 : 55 00 03          BitwiseOrSmi [0], FBV[3]
[m[0;31m│  [0m  [0m34: TruncateFloat64ToInt32 [n33], 2 uses, cannot truncate to int32
[0;31m│  [0m[0;34m  18 : 51 02 05          MulSmi [2], FBV[5]
[m[0;31m│  [0m  [0m36: Float64Multiply [n32, n35], 1 uses, cannot truncate to int32 [-∞, +∞]
[0;31m│  [0m[0;34m  21 : 55 00 04          BitwiseOrSmi [0], FBV[4]
[m[0;31m│  [0m  [0m37: TruncateFloat64ToInt32 [n36], 2 uses, cannot truncate to int32
[0;31m│  [0m[0;34m  24 : 42 f7 02          Add r2, FBV[2]
[m[0;31m│  [0m      ↱ eager @46 (4 live vars)
[0;31m│  [0m      │       @24 (6 live vars)
[0;31m│  [0m  [0m38: Int32AddWithOverflow [n34, n37], 2 uses, cannot truncate to int32
[0;31m│  [0m[1;34m0x09b80101e10d <SharedFunctionInfo> (0x09b8011406c9 <String[23]: "workloads/truncation.js">:0:0)
[m[0;31m│  [0m[0;34m  51 : 42 f7 01          Add r2, FBV[1]
[m[0;31m│  [0m      ↱ eager @51 (5 live vars)
[0;31m│  [0m  [0m39: CheckedNumberToFloat64 [n19], 1 uses, cannot truncate to int32 [-∞, +∞]
[0;31m│  [0m  [0m40: ChangeInt32ToFloat64 [n38], 1 uses
[0;31m│  [0m  [0m41: Float64Add [n39, n40], 1 uses, cannot truncate to int32 [-∞, +∞]
[0;31m│  [0m[0;34m  54 : 55 00 00          BitwiseOrSmi [0], FBV[0]
[m[0;31m│  [0m  [0m42: TruncateFloat64ToInt32 [n41], 1 uses, cannot truncate to int32
[0;31m│  [0m[0;34m  57 : 29 02             StaCurrentContextSlot [2]
[m[0;31m│  [0m  [0m43: Int32ToNumber[kCanonicalizeSmi] [n42], 1 uses
[0;31m│  [0m  [0m44: StoreContextSlotWithWriteBarrier(2, mutable) [n2, n43]
[0;31m│  [0m      ↳ lazy @57 (3 live vars)
[0;31m│  [0m[0;34m  61 : 5b 08             Inc FBV[8]
[m[0;31m│  [0m      ↱ eager @61 (3 live vars)
[0;31m│  [0m  [0m45: Int32IncrementWithOverflow [n13], 2 uses, cannot truncate to int32
[0;31m│  [0m[0;34m  64 : 97 30 00 09       JumpLoop [48], [0], FBV[9]
[m[0;31m│  [0m  [0m47: ReduceInterruptBudgetForLoop(38) [n46]
[0;31m│  [0m      ↳ lazy @64 (3 live vars)
[0;31m│  [0m  [0m50: Int32ToNumber[kCanonicalizeSmi] [n45], 1 uses
[0;31m│  [0m  [0m49: Jump b4
[0;31m│  [0m   │  with gap moves:
[0;31m│  [0m   │    - n50 → 51: φᵀ r1
[0;31m│  [0m   ▼
[0;31m│[0;32m╭─►[0mBlock b4 peeled (effects:)
[0;31m│[0;32m│ [0m  [0m51: φᵀ r1 (n50, n75), 6 uses
[0;31m│[0;32m│ [0m[0;34m  22 : 79 f8 04          TestLessThan r1, EmbeddedFeedback[4]
[m[0;31m│[0;32m│ [0m      ↱ eager @22 (4 live vars)
[0;31m│[0;32m│ [0m  [0m52: CheckedSmiUntag [n51], 4 uses, cannot truncate to int32
[0;31m│[0;32m│ [0m  [0m53: Int32Compare[LessThan] [n52, n14], 0 uses 🪦
[0;31m│[0;32m│ [0m[0;34m  25 : a8 2b             JumpIfFalse [43]
[m[0;31m│[0;32m│[0;33m╭──[0m54: BranchIfInt32Compare(LessThan) [n52, n14] b5 b7
[0;31m│[0;32m│[0;33m│[0m   ↓
[0;31m│[0;32m│[0;33m│ [0mBlock b5
[0;31m│[0;32m│[0;33m│[0m[0;34m  27 : 18 02             LdaCurrentContextSlot [2]
[m[0;31m│[0;32m│[0;33m│[0m  [0m55: LoadContextSlot(0x10, mutable) [n2], 3 uses
[0;31m│[0;32m│[0;33m│[0m[0;34m  36 : 44 f8 04          Mul r1, FBV[4]
[m[0;31m│[0;32m│[0;33m│[0m  [0m56: ChangeInt32ToFloat64 [n52], 2 uses
[0;31m│[0;32m│[0;33m│[0m  [0m57: Float64Multiply [n56, n23], 3 uses, cannot truncate to int32 [-∞, +∞]
[0;31m│[0;32m│[0;33m│[0m[0;34m  42 : 44 f8 05          Mul r1, FBV[5]
[m[0;31m│[0;32m│[0;33m│[0m  [0m58: Float64Multiply [n56, n26], 2 uses, cannot truncate to int32 [-∞, +∞]
[0;31m│[0;32m│[0;33m│[0m[1;34m0x09b80101e175 <SharedFunctionInfo trunc> (0x09b8011406c9 <String[23]: "workloads/truncation.js">:5:14)
[m[0;31m│[0;32m│[0;33m│[0m[0;34m   0 : 0b 04             Ldar a1
[m[0;31m│[0;32m│[0;33m│[0m  [0m59: Jump b6
[0;31m│[0;32m│[0;33m│[0m   ↓
[0;31m│[0;32m│[0;33m│ [0mBlock b6
[0;31m│[0;32m│[0;33m│[0m[1;34m0x09b80101e175 <SharedFunctionInfo trunc> (0x09b8011406c9 <String[23]: "workloads/truncation.js">:0:0)
[m[0;31m│[0;32m│[0;33m│[0m[0;34m   2 : 44 03 00          Mul a0, FBV[0]
[m[0;31m│[0;32m│[0;33m│[0m  [0m60: Float64Multiply [n57, n58], 2 uses, cannot truncate to int32 [-∞, +∞]
[0;31m│[0;32m│[0;33m│[0m[0;34m   8 : 42 f9 01          Add r0, FBV[1]
[m[0;31m│[0;32m│[0;33m│[0m  [0m61: Float64Add [n57, n60], 1 uses, cannot truncate to int32 [-∞, +∞]
[0;31m│[0;32m│[0;33m│[0m[0;34m  12 : 55 00 03          BitwiseOrSmi [0], FBV[3]
[m[0;31m│[0;32m│[0;33m│[0m  [0m62: TruncateFloat64ToInt32 [n61], 2 uses, cannot truncate to int32
[0;31m│[0;32m│[0;33m│[0m[0;34m  18 : 51 02 05          MulSmi [2], FBV[5]
[m[0;31m│[0;32m│[0;33m│[0m  [0m63: Float64Multiply [n60, n35], 1 uses, cannot truncate to int32 [-∞, +∞]
[0;31m│[0;32m│[0;33m│[0m[0;34m  21 : 55 00 04          BitwiseOrSmi [0], FBV[4]
[m[0;31m│[0;32m│[0;33m│[0m  [0m64: TruncateFloat64ToInt32 [n63], 2 uses, cannot truncate to int32
[0;31m│[0;32m│[0;33m│[0m[0;34m  24 : 42 f7 02          Add r2, FBV[2]
[m[0;31m│[0;32m│[0;33m│[0m      ↱ eager @46 (4 live vars)
[0;31m│[0;32m│[0;33m│[0m      │       @24 (6 live vars)
[0;31m│[0;32m│[0;33m│[0m  [0m65: Int32AddWithOverflow [n62, n64], 2 uses, cannot truncate to int32
[0;31m│[0;32m│[0;33m│[0m[1;34m0x09b80101e10d <SharedFunctionInfo> (0x09b8011406c9 <String[23]: "workloads/truncation.js">:0:0)
[m[0;31m│[0;32m│[0;33m│[0m[0;34m  51 : 42 f7 01          Add r2, FBV[1]
[m[0;31m│[0;32m│[0;33m│[0m      ↱ eager @51 (5 live vars)
[0;31m│[0;32m│[0;33m│[0m  [0m66: CheckedNumberToFloat64 [n55], 1 uses, cannot truncate to int32 [-∞, +∞]
[0;31m│[0;32m│[0;33m│[0m  [0m67: ChangeInt32ToFloat64 [n65], 1 uses
[0;31m│[0;32m│[0;33m│[0m  [0m68: Float64Add [n66, n67], 1 uses, cannot truncate to int32 [-∞, +∞]
[0;31m│[0;32m│[0;33m│[0m[0;34m  54 : 55 00 00          BitwiseOrSmi [0], FBV[0]
[m[0;31m│[0;32m│[0;33m│[0m  [0m69: TruncateFloat64ToInt32 [n68], 1 uses, cannot truncate to int32
[0;31m│[0;32m│[0;33m│[0m[0;34m  57 : 29 02             StaCurrentContextSlot [2]
[m[0;31m│[0;32m│[0;33m│[0m  [0m70: Int32ToNumber[kCanonicalizeSmi] [n69], 1 uses
[0;31m│[0;32m│[0;33m│[0m  [0m71: StoreContextSlotWithWriteBarrier(2, mutable) [n2, n70]
[0;31m│[0;32m│[0;33m│[0m      ↳ lazy @57 (3 live vars)
[0;31m│[0;32m│[0;33m│[0m[0;34m  61 : 5b 08             Inc FBV[8]
[m[0;31m│[0;32m│[0;33m│[0m      ↱ eager @61 (3 live vars)
[0;31m│[0;32m│[0;33m│[0m  [0m72: Int32IncrementWithOverflow [n52], 2 uses, cannot truncate to int32
[0;31m│[0;32m│[0;33m│[0m[0;34m  64 : 97 30 00 09       JumpLoop [48], [0], FBV[9]
[m[0;31m│[0;32m│[0;33m│[0m  [0m73: ReduceInterruptBudgetForLoop(38) [n46]
[0;31m│[0;32m│[0;33m│[0m      ↳ lazy @64 (3 live vars)
[0;31m│[0;32m│[0;33m│[0m  [0m75: Int32ToNumber[kCanonicalizeSmi] [n72], 1 uses
[0;31m│[0;32m│[0;33m│[0m      ↱ eager @61 (3 live vars)
[0;31m│[0;32m╰─◄─[0m74: JumpLoop b4
[0;31m│ [0;33m│[0m      with gap moves:
[0;31m│ [0;33m│[0m        - n75 → 51: φᵀ r1
[0;31m│ [0;33m│[0m
[0;31m│ [0;33m╰►[0mBlock b7
[0;31m│  [0m[0;34m  68 : 23 04 0a          LdaGlobal [4:"print"], FBV[10]
[m[0;31m│[0;32m╭───[0m76: Jump b9
[0;31m│[0;32m│ [0m
[0;31m╰──►[0mBlock b8
 [0;32m│ [0m  [0m77: Jump b9
 [0;32m│ [0m   ↓
 [0;32m╰─►[0mBlock b9
   [0m      ↱ eager @68 (2 live vars)
   [0m  [0m78: Deopt(Insufficient type feedback for generic global access)
   [0m

----- After use marking -----
Graph

   [0m  [0m20: Constant(0x09b80101e235 <JSFunction trunc (sfi = 0x9b80101e175)>) → (x)
   [0m  [0m29: Constant(0x09b80101e221 <ScriptContext[3]>) → (x)
   [0m  [0m30: Constant(0x09b801004979 <JSGlobalProxy>) → (x)
   [0m  [0m46: Constant(0x09b80101e211 <FeedbackCell[one closure]>) → (x)
   [0m  [0m12: SmiConstant(100000) → (x)
   [0m  [0m14: Int32Constant(100000) → (x)
   [0m  [0m26: Float64Constant(0.25) → (x)
   [0m  [0m23: Float64Constant(1.5) → (x)
   [0m  [0m35: Float64Constant(2) → (x)
    [0mBlock b0
   [0m[1;34m0x09b80101e10d <SharedFunctionInfo> (0x09b8011406c9 <String[23]: "workloads/truncation.js">:0:0)
[m   [0m[0;34m  16 : 01 0d a0 86 01 00 LdaSmi.ExtraWide [100000]
[m   [0m   [0m1: InitialValue(<this>) → (x)
   [0m   [0m2: InitialValue(<context>) → (x)
   [0m   [0m3: InitialValue(<closure>) → (x)
   [0m   [0m5: InitialValue(r1) → (x)
   [0m  [0m10: FunctionEntryStackCheck
   [0m      ↳ lazy @64 (3 live vars)
   [0m      ↱ eager @64 (3 live vars)
   [0m  [0m11: CheckpointedJump b1
   [0m   ↓
    [0mBlock b1
   [0m[0;34m  22 : 79 f8 04          TestLessThan r1, EmbeddedFeedback[4]
[m   [0m      ↱ eager @22 (4 live vars)
   [0m  [0m13: CheckedSmiUntag [v0/n5:(x)] → (x)
   [0m[0;34m  25 : a8 2b             JumpIfFalse [43]
[m[0;31m╭────[0m16: BranchIfInt32Compare(LessThan) [v0/n13:(x), v0/n14:(x)] b2 b8
[0;31m│  [0m   ↓
[0;31m│   [0mBlock b2
[0;31m│  [0m[0;34m  27 : 18 02             LdaCurrentContextSlot [2]
[m[0;31m│  [0m  [0m19: LoadContextSlot(0x10, mutable) [v0/n2:(x)] → (x)
[0;31m│  [0m[0;34m  36 : 44 f8 04          Mul r1, FBV[4]
[m[0;31m│  [0m  [0m22: ChangeInt32ToFloat64 [v0/n13:(x)] → (x)
[0;31m│  [0m  [0m24: Float64Multiply [v0/n22:(x), v0/n23:(x)] → (x)
[0;31m│  [0m[0;34m  42 : 44 f8 05          Mul r1, FBV[5]
[m[0;31m│  [0m  [0m27: Float64Multiply [v0/n22:(x), v0/n26:(x)] → (x)
[0;31m│  [0m[1;34m0x09b80101e175 <SharedFunctionInfo trunc> (0x09b8011406c9 <String[23]: "workloads/truncation.js">:5:14)
[m[0;31m│  [0m[0;34m   0 : 0b 04             Ldar a1
[m[0;31m│  [0m  [0m31: Jump b3
[0;31m│  [0m   ↓
[0;31m│   [0mBlock b3
[0;31m│  [0m[1;34m0x09b80101e175 <SharedFunctionInfo trunc> (0x09b8011406c9 <String[23]: "workloads/truncation.js">:0:0)
[m[0;31m│  [0m[0;34m   2 : 44 03 00          Mul a0, FBV[0]
[m[0;31m│  [0m  [0m32: Float64Multiply [v0/n24:(x), v0/n27:(x)] → (x)
[0;31m│  [0m[0;34m   8 : 42 f9 01          Add r0, FBV[1]
[m[0;31m│  [0m  [0m33: Float64Add [v0/n32:(x), v0/n24:(x)] → (x)
[0;31m│  [0m[0;34m  12 : 55 00 03          BitwiseOrSmi [0], FBV[3]
[m[0;31m│  [0m  [0m34: TruncateFloat64ToInt32 [v0/n33:(x)] → (x)
[0;31m│  [0m[0;34m  18 : 51 02 05          MulSmi [2], FBV[5]
[m[0;31m│  [0m  [0m36: Float64Multiply [v0/n32:(x), v0/n35:(x)] → (x)
[0;31m│  [0m[0;34m  21 : 55 00 04          BitwiseOrSmi [0], FBV[4]
[m[0;31m│  [0m  [0m37: TruncateFloat64ToInt32 [v0/n36:(x)] → (x)
[0;31m│  [0m[0;34m  24 : 42 f7 02          Add r2, FBV[2]
[m[0;31m│  [0m      ↱ eager @46 (4 live vars)
[0;31m│  [0m      │       @24 (6 live vars)
[0;31m│  [0m  [0m38: Int32AddWithOverflow [v0/n34:(x), v0/n37:(x)] → (x)
[0;31m│  [0m[1;34m0x09b80101e10d <SharedFunctionInfo> (0x09b8011406c9 <String[23]: "workloads/truncation.js">:0:0)
[m[0;31m│  [0m[0;34m  51 : 42 f7 01          Add r2, FBV[1]
[m[0;31m│  [0m      ↱ eager @51 (5 live vars)
[0;31m│  [0m  [0m39: CheckedNumberToFloat64 [v0/n19:(x)] → (x)
[0;31m│  [0m  [0m40: ChangeInt32ToFloat64 [v0/n38:(x)] → (x)
[0;31m│  [0m  [0m41: Float64Add [v0/n39:(x), v0/n40:(x)] → (x)
[0;31m│  [0m[0;34m  54 : 55 00 00          BitwiseOrSmi [0], FBV[0]
[m[0;31m│  [0m  [0m42: TruncateFloat64ToInt32 [v0/n41:(x)] → (x)
[0;31m│  [0m[0;34m  57 : 29 02             StaCurrentContextSlot [2]
[m[0;31m│  [0m  [0m43: Int32ToNumber[kCanonicalizeSmi] [v0/n42:(x)] → (x)
[0;31m│  [0m  [0m44: StoreContextSlotWithWriteBarrier(2, mutable) [v0/n2:(x), v0/n43:(x)]
[0;31m│  [0m      ↳ lazy @57 (3 live vars)
[0;31m│  [0m[0;34m  61 : 5b 08             Inc FBV[8]
[m[0;31m│  [0m      ↱ eager @61 (3 live vars)
[0;31m│  [0m  [0m45: Int32IncrementWithOverflow [v0/n13:(x)] → (x)
[0;31m│  [0m[0;34m  64 : 97 30 00 09       JumpLoop [48], [0], FBV[9]
[m[0;31m│  [0m  [0m47: ReduceInterruptBudgetForLoop(38) [v0/n46:(x)]
[0;31m│  [0m      ↳ lazy @64 (3 live vars)
[0;31m│  [0m  [0m50: Int32ToNumber[kCanonicalizeSmi] [v0/n45:(x)] → (x)
[0;31m│  [0m  [0m49: Jump b4
[0;31m│  [0m   │  with gap moves:
[0;31m│  [0m   │    - v0/n50:(x) → 51: φᵀ r1 (x)
[0;31m│  [0m   ▼
[0;31m│[0;32m╭─►[0mBlock b4 peeled (effects:)
[0;31m│[0;32m│ [0m  [0m51: φᵀ r1 (n50, n75) (compressed) → (x)
[0;31m│[0;32m│ [0m[0;34m  22 : 79 f8 04          TestLessThan r1, EmbeddedFeedback[4]
[m[0;31m│[0;32m│ [0m      ↱ eager @22 (4 live vars)
[0;31m│[0;32m│ [0m  [0m52: CheckedSmiUntag [v0/n51:(x)] → (x)
[0;31m│[0;32m│ [0m[0;34m  25 : a8 2b             JumpIfFalse [43]
[m[0;31m│[0;32m│[0;33m╭──[0m54: BranchIfInt32Compare(LessThan) [v0/n52:(x), v0/n14:(x)] b5 b7
[0;31m│[0;32m│[0;33m│[0m   ↓
[0;31m│[0;32m│[0;33m│ [0mBlock b5
[0;31m│[0;32m│[0;33m│[0m[0;34m  27 : 18 02             LdaCurrentContextSlot [2]
[m[0;31m│[0;32m│[0;33m│[0m  [0m55: LoadContextSlot(0x10, mutable) [v0/n2:(x)] → (x)
[0;31m│[0;32m│[0;33m│[0m[0;34m  36 : 44 f8 04          Mul r1, FBV[4]
[m[0;31m│[0;32m│[0;33m│[0m  [0m56: ChangeInt32ToFloat64 [v0/n52:(x)] → (x)
[0;31m│[0;32m│[0;33m│[0m  [0m57: Float64Multiply [v0/n56:(x), v0/n23:(x)] → (x)
[0;31m│[0;32m│[0;33m│[0m[0;34m  42 : 44 f8 05          Mul r1, FBV[5]
[m[0;31m│[0;32m│[0;33m│[0m  [0m58: Float64Multiply [v0/n56:(x), v0/n26:(x)] → (x)
[0;31m│[0;32m│[0;33m│[0m[1;34m0x09b80101e175 <SharedFunctionInfo trunc> (0x09b8011406c9 <String[23]: "workloads/truncation.js">:5:14)
[m[0;31m│[0;32m│[0;33m│[0m[0;34m   0 : 0b 04             Ldar a1
[m[0;31m│[0;32m│[0;33m│[0m  [0m59: Jump b6
[0;31m│[0;32m│[0;33m│[0m   ↓
[0;31m│[0;32m│[0;33m│ [0mBlock b6
[0;31m│[0;32m│[0;33m│[0m[1;34m0x09b80101e175 <SharedFunctionInfo trunc> (0x09b8011406c9 <String[23]: "workloads/truncation.js">:0:0)
[m[0;31m│[0;32m│[0;33m│[0m[0;34m   2 : 44 03 00          Mul a0, FBV[0]
[m[0;31m│[0;32m│[0;33m│[0m  [0m60: Float64Multiply [v0/n57:(x), v0/n58:(x)] → (x)
[0;31m│[0;32m│[0;33m│[0m[0;34m   8 : 42 f9 01          Add r0, FBV[1]
[m[0;31m│[0;32m│[0;33m│[0m  [0m61: Float64Add [v0/n57:(x), v0/n60:(x)] → (x)
[0;31m│[0;32m│[0;33m│[0m[0;34m  12 : 55 00 03          BitwiseOrSmi [0], FBV[3]
[m[0;31m│[0;32m│[0;33m│[0m  [0m62: TruncateFloat64ToInt32 [v0/n61:(x)] → (x)
[0;31m│[0;32m│[0;33m│[0m[0;34m  18 : 51 02 05          MulSmi [2], FBV[5]
[m[0;31m│[0;32m│[0;33m│[0m  [0m63: Float64Multiply [v0/n60:(x), v0/n35:(x)] → (x)
[0;31m│[0;32m│[0;33m│[0m[0;34m  21 : 55 00 04          BitwiseOrSmi [0], FBV[4]
[m[0;31m│[0;32m│[0;33m│[0m  [0m64: TruncateFloat64ToInt32 [v0/n63:(x)] → (x)
[0;31m│[0;32m│[0;33m│[0m[0;34m  24 : 42 f7 02          Add r2, FBV[2]
[m[0;31m│[0;32m│[0;33m│[0m      ↱ eager @46 (4 live vars)
[0;31m│[0;32m│[0;33m│[0m      │       @24 (6 live vars)
[0;31m│[0;32m│[0;33m│[0m  [0m65: Int32AddWithOverflow [v0/n62:(x), v0/n64:(x)] → (x)
[0;31m│[0;32m│[0;33m│[0m[1;34m0x09b80101e10d <SharedFunctionInfo> (0x09b8011406c9 <String[23]: "workloads/truncation.js">:0:0)
[m[0;31m│[0;32m│[0;33m│[0m[0;34m  51 : 42 f7 01          Add r2, FBV[1]
[m[0;31m│[0;32m│[0;33m│[0m      ↱ eager @51 (5 live vars)
[0;31m│[0;32m│[0;33m│[0m  [0m66: CheckedNumberToFloat64 [v0/n55:(x)] → (x)
[0;31m│[0;32m│[0;33m│[0m  [0m67: ChangeInt32ToFloat64 [v0/n65:(x)] → (x)
[0;31m│[0;32m│[0;33m│[0m  [0m68: Float64Add [v0/n66:(x), v0/n67:(x)] → (x)
[0;31m│[0;32m│[0;33m│[0m[0;34m  54 : 55 00 00          BitwiseOrSmi [0], FBV[0]
[m[0;31m│[0;32m│[0;33m│[0m  [0m69: TruncateFloat64ToInt32 [v0/n68:(x)] → (x)
[0;31m│[0;32m│[0;33m│[0m[0;34m  57 : 29 02             StaCurrentContextSlot [2]
[m[0;31m│[0;32m│[0;33m│[0m  [0m70: Int32ToNumber[kCanonicalizeSmi] [v0/n69:(x)] → (x)
[0;31m│[0;32m│[0;33m│[0m  [0m71: StoreContextSlotWithWriteBarrier(2, mutable) [v0/n2:(x), v0/n70:(x)]
[0;31m│[0;32m│[0;33m│[0m      ↳ lazy @57 (3 live vars)
[0;31m│[0;32m│[0;33m│[0m[0;34m  61 : 5b 08             Inc FBV[8]
[m[0;31m│[0;32m│[0;33m│[0m      ↱ eager @61 (3 live vars)
[0;31m│[0;32m│[0;33m│[0m  [0m72: Int32IncrementWithOverflow [v0/n52:(x)] → (x)
[0;31m│[0;32m│[0;33m│[0m[0;34m  64 : 97 30 00 09       JumpLoop [48], [0], FBV[9]
[m[0;31m│[0;32m│[0;33m│[0m  [0m73: ReduceInterruptBudgetForLoop(38) [v0/n46:(x)]
[0;31m│[0;32m│[0;33m│[0m      ↳ lazy @64 (3 live vars)
[0;31m│[0;32m│[0;33m│[0m  [0m75: Int32ToNumber[kCanonicalizeSmi] [v0/n72:(x)] → (x)
[0;31m│[0;32m│[0;33m│[0m      ↱ eager @61 (3 live vars)
[0;31m│[0;32m╰─◄─[0m74: JumpLoop b4
[0;31m│ [0;33m│[0m      with gap moves:
[0;31m│ [0;33m│[0m        - v0/n75:(x) → 51: φᵀ r1 (x)
[0;31m│ [0;33m│[0m
[0;31m│ [0;33m╰►[0mBlock b7
[0;31m│  [0m[0;34m  68 : 23 04 0a          LdaGlobal [4:"print"], FBV[10]
[m[0;31m│[0;32m╭───[0m76: Jump b9
[0;31m│[0;32m│ [0m
[0;31m╰──►[0mBlock b8
 [0;32m│ [0m  [0m77: Jump b9
 [0;32m│ [0m   ↓
 [0;32m╰─►[0mBlock b9
   [0m      ↱ eager @68 (2 live vars)
   [0m  [0m78: Deopt(Insufficient type feedback for generic global access)
   [0m

----- After register allocation pre-processing -----
Graph

   [0m   [0m1/20: Constant(0x09b80101e235 <JSFunction trunc (sfi = 0x9b80101e175)>) → v-1, live range: [1-62]
   [0m   [0m2/29: Constant(0x09b80101e221 <ScriptContext[3]>) → v-1, live range: [2-62]
   [0m   [0m3/30: Constant(0x09b801004979 <JSGlobalProxy>) → v-1, live range: [3-62]
   [0m   [0m4/46: Constant(0x09b80101e211 <FeedbackCell[one closure]>) → v-1, live range: [4-62]
   [0m   [0m5/12: SmiConstant(100000) → v-1, live range: [5-62]
   [0m   [0m6/14: Int32Constant(100000) → v-1, live range: [6-62]
   [0m   [0m7/26: Float64Constant(0.25) → v-1, live range: [7-62]
   [0m   [0m8/23: Float64Constant(1.5) → v-1, live range: [8-62]
   [0m   [0m9/35: Float64Constant(2) → v-1, live range: [9-62]
    [0mBlock b0
   [0m[1;34m0x09b80101e10d <SharedFunctionInfo> (0x09b8011406c9 <String[23]: "workloads/truncation.js">:0:0)
[m   [0m[0;34m  16 : 01 0d a0 86 01 00 LdaSmi.ExtraWide [100000]
[m   [0m   [0m10/1: InitialValue(<this>) → v-1(=-6S), live range: [10-65]
   [0m   [0m11/2: InitialValue(<context>) → v-1(=-3S), live range: [11-65]
   [0m   [0m12/3: InitialValue(<closure>) → v-1(=-2S), live range: [12-65]
   [0m   [0m13/5: InitialValue(r1) → v-1(=4S), live range: [13-35]
   [0m  [0m14/10: FunctionEntryStackCheck
   [0m         ↳ lazy @64 (3 live vars)
   [0m         ↱ eager @64 (3 live vars)
   [0m  [0m15/11: CheckpointedJump b1
   [0m      ↓
    [0mBlock b1
   [0m[0;34m  22 : 79 f8 04          TestLessThan r1, EmbeddedFeedback[4]
[m   [0m         ↱ eager @22 (4 live vars)
   [0m  [0m16/13: CheckedSmiUntag [v13/n5:v-1(R)] → v-1(0), live range: [16-35]
   [0m[0;34m  25 : a8 2b             JumpIfFalse [43]
[m[0;31m╭────[0m17/16: BranchIfInt32Compare(LessThan) [v16/n13:v-1(R), v6/n14:v-1(R)] b2 b8
[0;31m│  [0m      ↓
[0;31m│   [0mBlock b2
[0;31m│  [0m[0;34m  27 : 18 02             LdaCurrentContextSlot [2]
[m[0;31m│  [0m  [0m18/19: LoadContextSlot(0x10, mutable) [v11/n2:v-1(R)] → v-1(R), live range: [18-29]
[0;31m│  [0m[0;34m  36 : 44 f8 04          Mul r1, FBV[4]
[m[0;31m│  [0m  [0m19/22: ChangeInt32ToFloat64 [v16/n13:v-1(R)] → v-1(R), live range: [19-21]
[0;31m│  [0m  [0m20/24: Float64Multiply [v19/n22:v-1(R), v8/n23:v-1(R)] → v-1(R), live range: [20-28]
[0;31m│  [0m[0;34m  42 : 44 f8 05          Mul r1, FBV[5]
[m[0;31m│  [0m  [0m21/27: Float64Multiply [v19/n22:v-1(R), v7/n26:v-1(R)] → v-1(R), live range: [21-28]
[0;31m│  [0m[1;34m0x09b80101e175 <SharedFunctionInfo trunc> (0x09b8011406c9 <String[23]: "workloads/truncation.js">:5:14)
[m[0;31m│  [0m[0;34m   0 : 0b 04             Ldar a1
[m[0;31m│  [0m  [0m22/31: Jump b3
[0;31m│  [0m      ↓
[0;31m│   [0mBlock b3
[0;31m│  [0m[1;34m0x09b80101e175 <SharedFunctionInfo trunc> (0x09b8011406c9 <String[23]: "workloads/truncation.js">:0:0)
[m[0;31m│  [0m[0;34m   2 : 44 03 00          Mul a0, FBV[0]
[m[0;31m│  [0m  [0m23/32: Float64Multiply [v20/n24:v-1(R), v21/n27:v-1(R)] → v-1(R), live range: [23-26]
[0;31m│  [0m[0;34m   8 : 42 f9 01          Add r0, FBV[1]
[m[0;31m│  [0m  [0m24/33: Float64Add [v23/n32:v-1(R), v20/n24:v-1(R)] → v-1(R), live range: [24-25]
[0;31m│  [0m[0;34m  12 : 55 00 03          BitwiseOrSmi [0], FBV[3]
[m[0;31m│  [0m  [0m25/34: TruncateFloat64ToInt32 [v24/n33:v-1(R)] → v-1(R), live range: [25-28]
[0;31m│  [0m[0;34m  18 : 51 02 05          MulSmi [2], FBV[5]
[m[0;31m│  [0m  [0m26/36: Float64Multiply [v23/n32:v-1(R), v9/n35:v-1(R)] → v-1(R), live range: [26-27]
[0;31m│  [0m[0;34m  21 : 55 00 04          BitwiseOrSmi [0], FBV[4]
[m[0;31m│  [0m  [0m27/37: TruncateFloat64ToInt32 [v26/n36:v-1(R)] → v-1(R), live range: [27-28]
[0;31m│  [0m[0;34m  24 : 42 f7 02          Add r2, FBV[2]
[m[0;31m│  [0m         ↱ eager @46 (4 live vars)
[0;31m│  [0m         │       @24 (6 live vars)
[0;31m│  [0m  [0m28/38: Int32AddWithOverflow [v25/n34:v-1(R), v27/n37:v-1(R)] → v-1(R), live range: [28-30]
[0;31m│  [0m[1;34m0x09b80101e10d <SharedFunctionInfo> (0x09b8011406c9 <String[23]: "workloads/truncation.js">:0:0)
[m[0;31m│  [0m[0;34m  51 : 42 f7 01          Add r2, FBV[1]
[m[0;31m│  [0m         ↱ eager @51 (5 live vars)
[0;31m│  [0m  [0m29/39: CheckedNumberToFloat64 [v18/n19:v-1(R)] → v-1(R), live range: [29-31]
[0;31m│  [0m  [0m30/40: ChangeInt32ToFloat64 [v28/n38:v-1(R)] → v-1(R), live range: [30-31]
[0;31m│  [0m  [0m31/41: Float64Add [v29/n39:v-1(R), v30/n40:v-1(R)] → v-1(R), live range: [31-32]
[0;31m│  [0m[0;34m  54 : 55 00 00          BitwiseOrSmi [0], FBV[0]
[m[0;31m│  [0m  [0m32/42: TruncateFloat64ToInt32 [v31/n41:v-1(R)] → v-1(R), live range: [32-33]
[0;31m│  [0m[0;34m  57 : 29 02             StaCurrentContextSlot [2]
[m[0;31m│  [0m  [0m33/43: Int32ToNumber[kCanonicalizeSmi] [v32/n42:v-1(R)] → v-1(R), live range: [33-34]
[0;31m│  [0m  [0m34/44: StoreContextSlotWithWriteBarrier(2, mutable) [v11/n2:v-1(=x1), v33/n43:v-1(R)]
[0;31m│  [0m         ↳ lazy @57 (3 live vars)
[0;31m│  [0m[0;34m  61 : 5b 08             Inc FBV[8]
[m[0;31m│  [0m         ↱ eager @61 (3 live vars)
[0;31m│  [0m  [0m35/45: Int32IncrementWithOverflow [v16/n13:v-1(R)] → v-1(R), live range: [35-37]
[0;31m│  [0m[0;34m  64 : 97 30 00 09       JumpLoop [48], [0], FBV[9]
[m[0;31m│  [0m  [0m36/47: ReduceInterruptBudgetForLoop(38) [v4/n46:v-1(R)]
[0;31m│  [0m         ↳ lazy @64 (3 live vars)
[0;31m│  [0m  [0m37/50: Int32ToNumber[kCanonicalizeSmi] [v35/n45:v-1(R)] → v-1(R), live range: [37-38]
[0;31m│  [0m  [0m38/49: Jump b4
[0;31m│  [0m      │  with gap moves:
[0;31m│  [0m      │    - v37/n50:v-1(*) → 51: φᵀ r1 v-1(*)
[0;31m│  [0m      ▼
[0;31m│[0;32m╭─►[0mBlock b4 peeled (effects:)
[0;31m│[0;32m│ [0m  [0m39/51: φᵀ r1 (n50, n75) → v-1(*), live range: [39-59]
[0;31m│[0;32m│ [0m[0;34m  22 : 79 f8 04          TestLessThan r1, EmbeddedFeedback[4]
[m[0;31m│[0;32m│ [0m         ↱ eager @22 (4 live vars)
[0;31m│[0;32m│ [0m  [0m40/52: CheckedSmiUntag [v39/n51:v-1(R)] → v-1(0), live range: [40-59]
[0;31m│[0;32m│ [0m[0;34m  25 : a8 2b             JumpIfFalse [43]
[m[0;31m│[0;32m│[0;33m╭──[0m41/54: BranchIfInt32Compare(LessThan) [v40/n52:v-1(R), v6/n14:v-1(R)] b5 b7
[0;31m│[0;32m│[0;33m│[0m      ↓
[0;31m│[0;32m│[0;33m│ [0mBlock b5
[0;31m│[0;32m│[0;33m│[0m[0;34m  27 : 18 02             LdaCurrentContextSlot [2]
[m[0;31m│[0;32m│[0;33m│[0m  [0m42/55: LoadContextSlot(0x10, mutable) [v11/n2:v-1(R)] → v-1(R), live range: [42-53]
[0;31m│[0;32m│[0;33m│[0m[0;34m  36 : 44 f8 04          Mul r1, FBV[4]
[m[0;31m│[0;32m│[0;33m│[0m  [0m43/56: ChangeInt32ToFloat64 [v40/n52:v-1(R)] → v-1(R), live range: [43-45]
[0;31m│[0;32m│[0;33m│[0m  [0m44/57: Float64Multiply [v43/n56:v-1(R), v8/n23:v-1(R)] → v-1(R), live range: [44-52]
[0;31m│[0;32m│[0;33m│[0m[0;34m  42 : 44 f8 05          Mul r1, FBV[5]
[m[0;31m│[0;32m│[0;33m│[0m  [0m45/58: Float64Multiply [v43/n56:v-1(R), v7/n26:v-1(R)] → v-1(R), live range: [45-52]
[0;31m│[0;32m│[0;33m│[0m[1;34m0x09b80101e175 <SharedFunctionInfo trunc> (0x09b8011406c9 <String[23]: "workloads/truncation.js">:5:14)
[m[0;31m│[0;32m│[0;33m│[0m[0;34m   0 : 0b 04             Ldar a1
[m[0;31m│[0;32m│[0;33m│[0m  [0m46/59: Jump b6
[0;31m│[0;32m│[0;33m│[0m      ↓
[0;31m│[0;32m│[0;33m│ [0mBlock b6
[0;31m│[0;32m│[0;33m│[0m[1;34m0x09b80101e175 <SharedFunctionInfo trunc> (0x09b8011406c9 <String[23]: "workloads/truncation.js">:0:0)
[m[0;31m│[0;32m│[0;33m│[0m[0;34m   2 : 44 03 00          Mul a0, FBV[0]
[m[0;31m│[0;32m│[0;33m│[0m  [0m47/60: Float64Multiply [v44/n57:v-1(R), v45/n58:v-1(R)] → v-1(R), live range: [47-50]
[0;31m│[0;32m│[0;33m│[0m[0;34m   8 : 42 f9 01          Add r0, FBV[1]
[m[0;31m│[0;32m│[0;33m│[0m  [0m48/61: Float64Add [v44/n57:v-1(R), v47/n60:v-1(R)] → v-1(R), live range: [48-49]
[0;31m│[0;32m│[0;33m│[0m[0;34m  12 : 55 00 03          BitwiseOrSmi [0], FBV[3]
[m[0;31m│[0;32m│[0;33m│[0m  [0m49/62: TruncateFloat64ToInt32 [v48/n61:v-1(R)] → v-1(R), live range: [49-52]
[0;31m│[0;32m│[0;33m│[0m[0;34m  18 : 51 02 05          MulSmi [2], FBV[5]
[m[0;31m│[0;32m│[0;33m│[0m  [0m50/63: Float64Multiply [v47/n60:v-1(R), v9/n35:v-1(R)] → v-1(R), live range: [50-51]
[0;31m│[0;32m│[0;33m│[0m[0;34m  21 : 55 00 04          BitwiseOrSmi [0], FBV[4]
[m[0;31m│[0;32m│[0;33m│[0m  [0m51/64: TruncateFloat64ToInt32 [v50/n63:v-1(R)] → v-1(R), live range: [51-52]
[0;31m│[0;32m│[0;33m│[0m[0;34m  24 : 42 f7 02          Add r2, FBV[2]
[m[0;31m│[0;32m│[0;33m│[0m         ↱ eager @46 (4 live vars)
[0;31m│[0;32m│[0;33m│[0m         │       @24 (6 live vars)
[0;31m│[0;32m│[0;33m│[0m  [0m52/65: Int32AddWithOverflow [v49/n62:v-1(R), v51/n64:v-1(R)] → v-1(R), live range: [52-54]
[0;31m│[0;32m│[0;33m│[0m[1;34m0x09b80101e10d <SharedFunctionInfo> (0x09b8011406c9 <String[23]: "workloads/truncation.js">:0:0)
[m[0;31m│[0;32m│[0;33m│[0m[0;34m  51 : 42 f7 01          Add r2, FBV[1]
[m[0;31m│[0;32m│[0;33m│[0m         ↱ eager @51 (5 live vars)
[0;31m│[0;32m│[0;33m│[0m  [0m53/66: CheckedNumberToFloat64 [v42/n55:v-1(R)] → v-1(R), live range: [53-55]
[0;31m│[0;32m│[0;33m│[0m  [0m54/67: ChangeInt32ToFloat64 [v52/n65:v-1(R)] → v-1(R), live range: [54-55]
[0;31m│[0;32m│[0;33m│[0m  [0m55/68: Float64Add [v53/n66:v-1(R), v54/n67:v-1(R)] → v-1(R), live range: [55-56]
[0;31m│[0;32m│[0;33m│[0m[0;34m  54 : 55 00 00          BitwiseOrSmi [0], FBV[0]
[m[0;31m│[0;32m│[0;33m│[0m  [0m56/69: TruncateFloat64ToInt32 [v55/n68:v-1(R)] → v-1(R), live range: [56-57]
[0;31m│[0;32m│[0;33m│[0m[0;34m  57 : 29 02             StaCurrentContextSlot [2]
[m[0;31m│[0;32m│[0;33m│[0m  [0m57/70: Int32ToNumber[kCanonicalizeSmi] [v56/n69:v-1(R)] → v-1(R), live range: [57-58]
[0;31m│[0;32m│[0;33m│[0m  [0m58/71: StoreContextSlotWithWriteBarrier(2, mutable) [v11/n2:v-1(=x1), v57/n70:v-1(R)]
[0;31m│[0;32m│[0;33m│[0m         ↳ lazy @57 (3 live vars)
[0;31m│[0;32m│[0;33m│[0m[0;34m  61 : 5b 08             Inc FBV[8]
[m[0;31m│[0;32m│[0;33m│[0m         ↱ eager @61 (3 live vars)
[0;31m│[0;32m│[0;33m│[0m  [0m59/72: Int32IncrementWithOverflow [v40/n52:v-1(R)] → v-1(R), live range: [59-61]
[0;31m│[0;32m│[0;33m│[0m[0;34m  64 : 97 30 00 09       JumpLoop [48], [0], FBV[9]
[m[0;31m│[0;32m│[0;33m│[0m  [0m60/73: ReduceInterruptBudgetForLoop(38) [v4/n46:v-1(R)]
[0;31m│[0;32m│[0;33m│[0m         ↳ lazy @64 (3 live vars)
[0;31m│[0;32m│[0;33m│[0m  [0m61/75: Int32ToNumber[kCanonicalizeSmi] [v59/n72:v-1(R)] → v-1(R), live range: [61-62]
[0;31m│[0;32m│[0;33m│[0m         ↱ eager @61 (3 live vars)
[0;31m│[0;32m╰─◄─[0m62/74: JumpLoop b4
[0;31m│ [0;33m│[0m         with gap moves:
[0;31m│ [0;33m│[0m           - v61/n75:v-1(*) → 51: φᵀ r1 v-1(*)
[0;31m│ [0;33m│[0m
[0;31m│ [0;33m╰►[0mBlock b7
[0;31m│  [0m[0;34m  68 : 23 04 0a          LdaGlobal [4:"print"], FBV[10]
[m[0;31m│[0;32m╭───[0m63/76: Jump b9
[0;31m│[0;32m│ [0m
[0;31m╰──►[0mBlock b8
 [0;32m│ [0m  [0m64/77: Jump b9
 [0;32m│ [0m      ↓
 [0;32m╰─►[0mBlock b9
   [0m         ↱ eager @68 (2 live vars)
   [0m  [0m65/78: Deopt(Insufficient type feedback for generic global access)
   [0m

----- After register allocation -----
Graph

   [0m   [0m1/20: Constant(0x09b80101e235 <JSFunction trunc (sfi = 0x9b80101e175)>) → v-1, live range: [1-62]
   [0m   [0m2/29: Constant(0x09b80101e221 <ScriptContext[3]>) → v-1, live range: [2-62]
   [0m   [0m3/30: Constant(0x09b801004979 <JSGlobalProxy>) → v-1, live range: [3-62]
   [0m   [0m4/46: Constant(0x09b80101e211 <FeedbackCell[one closure]>) → v-1, live range: [4-62]
   [0m   [0m5/12: SmiConstant(100000) → v-1, live range: [5-62]
   [0m   [0m6/14: Int32Constant(100000) → v-1, live range: [6-62]
   [0m   [0m7/26: Float64Constant(0.25) → v-1, live range: [7-62]
   [0m   [0m8/23: Float64Constant(1.5) → v-1, live range: [8-62]
   [0m   [0m9/35: Float64Constant(2) → v-1, live range: [9-62]
    [0mBlock b0
   [0m[1;34m0x09b80101e10d <SharedFunctionInfo> (0x09b8011406c9 <String[23]: "workloads/truncation.js">:0:0)
[m   [0m[0;34m  16 : 01 0d a0 86 01 00 LdaSmi.ExtraWide [100000]
[m   [0m   [0m10/1: InitialValue(<this>) → [stack:-6|t], live range: [10-65]
   [0m   [0m11/2: InitialValue(<context>) → [stack:-3|t], live range: [11-65]
   [0m   [0m12/3: InitialValue(<closure>) → [stack:-2|t], live range: [12-65]
   [0m   [0m13/5: InitialValue(r1) → [stack:4|t], live range: [13-35]
   [0m  [0m14/10: FunctionEntryStackCheck
   [0m         ↳ lazy @64 (3 live vars)
   [0m         ↱ eager @64 (3 live vars)
   [0m  [0m15/11: CheckpointedJump b1
   [0m      ↓
    [0mBlock b1
   [0m     [0m79: GapMove([stack:4|t] → [x0|R|t])
   [0m[0;34m  22 : 79 f8 04          TestLessThan r1, EmbeddedFeedback[4]
[m   [0m         ↱ eager @22 (4 live vars)
   [0m  [0m16/13: CheckedSmiUntag [v13/n5:[x0|R|t]] → [x0|R|w32], live range: [16-35]
   [0m     [0m80: ConstantGapMove(n14 → [x1|R|w32])
   [0m[0;34m  25 : a8 2b             JumpIfFalse [43]
[m[0;31m╭────[0m17/16: BranchIfInt32Compare(LessThan) [v16/n13:[x0|R|w32], v6/n14:[x1|R|w32]] b2 b8
[0;31m│  [0m      ↓
[0;31m│   [0mBlock b2
[0;31m│  [0m     [0m81: GapMove([stack:-3|t] → [x2|R|t])
[0;31m│  [0m[0;34m  27 : 18 02             LdaCurrentContextSlot [2]
[m[0;31m│  [0m  [0m18/19: LoadContextSlot(0x10, mutable) [v11/n2:[x2|R|t]] → [x5|R|t], live range: [18-29]
[0;31m│  [0m[0;34m  36 : 44 f8 04          Mul r1, FBV[4]
[m[0;31m│  [0m  [0m19/22: ChangeInt32ToFloat64 [v16/n13:[x0|R|w32]] → [v0|R|f64], live range: [19-21]
[0;31m│  [0m     [0m82: ConstantGapMove(n23 → [v1|R|f64])
[0;31m│  [0m  [0m20/24: Float64Multiply [v19/n22:[v0|R|f64], v8/n23:[v1|R|f64]] → [v2|R|f64], live range: [20-28]
[0;31m│  [0m     [0m83: ConstantGapMove(n26 → [v3|R|f64])
[0;31m│  [0m[0;34m  42 : 44 f8 05          Mul r1, FBV[5]
[m[0;31m│  [0m  [0m21/27: Float64Multiply [v19/n22:[v0|R|f64], v7/n26:[v3|R|f64]] → [v4|R|f64], live range: [21-28]
[0;31m│  [0m[1;34m0x09b80101e175 <SharedFunctionInfo trunc> (0x09b8011406c9 <String[23]: "workloads/truncation.js">:5:14)
[m[0;31m│  [0m[0;34m   0 : 0b 04             Ldar a1
[m[0;31m│  [0m  [0m22/31: Jump b3
[0;31m│  [0m      ↓
[0;31m│   [0mBlock b3
[0;31m│  [0m[1;34m0x09b80101e175 <SharedFunctionInfo trunc> (0x09b8011406c9 <String[23]: "workloads/truncation.js">:0:0)
[m[0;31m│  [0m[0;34m   2 : 44 03 00          Mul a0, FBV[0]
[m[0;31m│  [0m  [0m23/32: Float64Multiply [v20/n24:[v2|R|f64], v21/n27:[v4|R|f64]] → [v0|R|f64], live range: [23-26]
[0;31m│  [0m[0;34m   8 : 42 f9 01          Add r0, FBV[1]
[m[0;31m│  [0m  [0m24/33: Float64Add [v23/n32:[v0|R|f64], v20/n24:[v2|R|f64]] → [v5|R|f64], live range: [24-25]
[0;31m│  [0m[0;34m  12 : 55 00 03          BitwiseOrSmi [0], FBV[3]
[m[0;31m│  [0m  [0m25/34: TruncateFloat64ToInt32 [v24/n33:[v5|R|f64]] → [x3|R|w32], live range: [25-28]
[0;31m│  [0m     [0m84: ConstantGapMove(n35 → [v5|R|f64])
[0;31m│  [0m[0;34m  18 : 51 02 05          MulSmi [2], FBV[5]
[m[0;31m│  [0m  [0m26/36: Float64Multiply [v23/n32:[v0|R|f64], v9/n35:[v5|R|f64]] → [v6|R|f64], live range: [26-27]
[0;31m│  [0m[0;34m  21 : 55 00 04          BitwiseOrSmi [0], FBV[4]
[m[0;31m│  [0m  [0m27/37: TruncateFloat64ToInt32 [v26/n36:[v6|R|f64]] → [x4|R|w32], live range: [27-28]
[0;31m│  [0m[0;34m  24 : 42 f7 02          Add r2, FBV[2]
[m[0;31m│  [0m         ↱ eager @46 (4 live vars)
[0;31m│  [0m         │       @24 (6 live vars)
[0;31m│  [0m  [0m28/38: Int32AddWithOverflow [v25/n34:[x3|R|w32], v27/n37:[x4|R|w32]] → [x6|R|w32], live range: [28-30]
[0;31m│  [0m     [0m85: GapMove([x5|R|t] → [x3|R|t])
[0;31m│  [0m[1;34m0x09b80101e10d <SharedFunctionInfo> (0x09b8011406c9 <String[23]: "workloads/truncation.js">:0:0)
[m[0;31m│  [0m[0;34m  51 : 42 f7 01          Add r2, FBV[1]
[m[0;31m│  [0m         ↱ eager @51 (5 live vars)
[0;31m│  [0m  [0m29/39: CheckedNumberToFloat64 [v18/n19:[x5|R|t]] → [v0|R|f64], live range: [29-31]
[0;31m│  [0m  [0m30/40: ChangeInt32ToFloat64 [v28/n38:[x6|R|w32]] → [v2|R|f64], live range: [30-31]
[0;31m│  [0m  [0m31/41: Float64Add [v29/n39:[v0|R|f64], v30/n40:[v2|R|f64]] → [v4|R|f64], live range: [31-32]
[0;31m│  [0m[0;34m  54 : 55 00 00          BitwiseOrSmi [0], FBV[0]
[m[0;31m│  [0m  [0m32/42: TruncateFloat64ToInt32 [v31/n41:[v4|R|f64]] → [x3|R|w32], live range: [32-33]
[0;31m│  [0m[0;34m  57 : 29 02             StaCurrentContextSlot [2]
[m[0;31m│  [0m  [0m33/43: Int32ToNumber[kCanonicalizeSmi] [v32/n42:[x3|R|w32]] → [x4|R|t], live range: [33-34]
[0;31m│  [0m     [0m86: GapMove([x2|R|t] → [x1|R|t])
[0;31m│  [0m  [0m34/44: StoreContextSlotWithWriteBarrier(2, mutable) [v11/n2:[x1|R|t], v33/n43:[x4|R|t]]
[0;31m│  [0m         ↳ lazy @57 (3 live vars)
[0;31m│  [0m[0;34m  61 : 5b 08             Inc FBV[8]
[m[0;31m│  [0m         ↱ eager @61 (3 live vars)
[0;31m│  [0m  [0m35/45: Int32IncrementWithOverflow [v16/n13:[x0|R|w32]] → [x3|R|w32] (spilled: [stack:0|w32]), live range: [35-37]
[0;31m│  [0m     [0m87: ConstantGapMove(n46 → [x0|R|t])
[0;31m│  [0m[0;34m  64 : 97 30 00 09       JumpLoop [48], [0], FBV[9]
[m[0;31m│  [0m  [0m36/47: ReduceInterruptBudgetForLoop(38) [v4/n46:[x0|R|t]]
[0;31m│  [0m         ↳ lazy @64 (3 live vars)
[0;31m│  [0m  [0m37/50: Int32ToNumber[kCanonicalizeSmi] [v35/n45:[x3|R|w32]] → [x4|R|t], live range: [37-38]
[0;31m│  [0m     [0m88: ConstantGapMove(n14 → [x3|R|w32])
[0;31m│  [0m  [0m38/49: Jump b4
[0;31m│  [0m      │  with gap moves:
[0;31m│  [0m      │    - v37/n50:[x4|R|t] → 51: φᵀ r1 [x4|R|t]
[0;31m│  [0m      │  with register merges:
[0;31m│  [0m      ▼
[0;31m│[0;32m╭─►[0mBlock b4 peeled (effects:)
[0;31m│[0;32m│ [0m  [0m39/51: φᵀ r1 (n50, n75) (compressed) → [x4|R|t] (spilled: [stack:4|t]), live range: [39-59]
[0;31m│[0;32m│ [0m     [0m89: GapMove([x4|R|t] → [x5|R|t])
[0;31m│[0;32m│ [0m[0;34m  22 : 79 f8 04          TestLessThan r1, EmbeddedFeedback[4]
[m[0;31m│[0;32m│ [0m         ↱ eager @22 (4 live vars)
[0;31m│[0;32m│ [0m  [0m40/52: CheckedSmiUntag [v39/n51:[x4|R|t]] → [x4|R|w32], live range: [40-59]
[0;31m│[0;32m│ [0m[0;34m  25 : a8 2b             JumpIfFalse [43]
[m[0;31m│[0;32m│[0;33m╭──[0m41/54: BranchIfInt32Compare(LessThan) [v40/n52:[x4|R|w32], v6/n14:[x3|R|w32]] b5 b7
[0;31m│[0;32m│[0;33m│[0m      ↓
[0;31m│[0;32m│[0;33m│ [0mBlock b5
[0;31m│[0;32m│[0;33m│[0m[0;34m  27 : 18 02             LdaCurrentContextSlot [2]
[m[0;31m│[0;32m│[0;33m│[0m  [0m42/55: LoadContextSlot(0x10, mutable) [v11/n2:[x1|R|t]] → [x8|R|t], live range: [42-53]
[0;31m│[0;32m│[0;33m│[0m[0;34m  36 : 44 f8 04          Mul r1, FBV[4]
[m[0;31m│[0;32m│[0;33m│[0m  [0m43/56: ChangeInt32ToFloat64 [v40/n52:[x4|R|w32]] → [v0|R|f64], live range: [43-45]
[0;31m│[0;32m│[0;33m│[0m  [0m44/57: Float64Multiply [v43/n56:[v0|R|f64], v8/n23:[v1|R|f64]] → [v2|R|f64], live range: [44-52]
[0;31m│[0;32m│[0;33m│[0m[0;34m  42 : 44 f8 05          Mul r1, FBV[5]
[m[0;31m│[0;32m│[0;33m│[0m  [0m45/58: Float64Multiply [v43/n56:[v0|R|f64], v7/n26:[v3|R|f64]] → [v4|R|f64], live range: [45-52]
[0;31m│[0;32m│[0;33m│[0m[1;34m0x09b80101e175 <SharedFunctionInfo trunc> (0x09b8011406c9 <String[23]: "workloads/truncation.js">:5:14)
[m[0;31m│[0;32m│[0;33m│[0m[0;34m   0 : 0b 04             Ldar a1
[m[0;31m│[0;32m│[0;33m│[0m  [0m46/59: Jump b6
[0;31m│[0;32m│[0;33m│[0m      ↓
[0;31m│[0;32m│[0;33m│ [0mBlock b6
[0;31m│[0;32m│[0;33m│[0m[1;34m0x09b80101e175 <SharedFunctionInfo trunc> (0x09b8011406c9 <String[23]: "workloads/truncation.js">:0:0)
[m[0;31m│[0;32m│[0;33m│[0m[0;34m   2 : 44 03 00          Mul a0, FBV[0]
[m[0;31m│[0;32m│[0;33m│[0m  [0m47/60: Float64Multiply [v44/n57:[v2|R|f64], v45/n58:[v4|R|f64]] → [v0|R|f64], live range: [47-50]
[0;31m│[0;32m│[0;33m│[0m[0;34m   8 : 42 f9 01          Add r0, FBV[1]
[m[0;31m│[0;32m│[0;33m│[0m  [0m48/61: Float64Add [v44/n57:[v2|R|f64], v47/n60:[v0|R|f64]] → [v6|R|f64], live range: [48-49]
[0;31m│[0;32m│[0;33m│[0m[0;34m  12 : 55 00 03          BitwiseOrSmi [0], FBV[3]
[m[0;31m│[0;32m│[0;33m│[0m  [0m49/62: TruncateFloat64ToInt32 [v48/n61:[v6|R|f64]] → [x6|R|w32], live range: [49-52]
[0;31m│[0;32m│[0;33m│[0m[0;34m  18 : 51 02 05          MulSmi [2], FBV[5]
[m[0;31m│[0;32m│[0;33m│[0m  [0m50/63: Float64Multiply [v47/n60:[v0|R|f64], v9/n35:[v5|R|f64]] → [v6|R|f64], live range: [50-51]
[0;31m│[0;32m│[0;33m│[0m[0;34m  21 : 55 00 04          BitwiseOrSmi [0], FBV[4]
[m[0;31m│[0;32m│[0;33m│[0m  [0m51/64: TruncateFloat64ToInt32 [v50/n63:[v6|R|f64]] → [x7|R|w32], live range: [51-52]
[0;31m│[0;32m│[0;33m│[0m[0;34m  24 : 42 f7 02          Add r2, FBV[2]
[m[0;31m│[0;32m│[0;33m│[0m         ↱ eager @46 (4 live vars)
[0;31m│[0;32m│[0;33m│[0m         │       @24 (6 live vars)
[0;31m│[0;32m│[0;33m│[0m  [0m52/65: Int32AddWithOverflow [v49/n62:[x6|R|w32], v51/n64:[x7|R|w32]] → [x9|R|w32], live range: [52-54]
[0;31m│[0;32m│[0;33m│[0m     [0m90: GapMove([x8|R|t] → [x6|R|t])
[0;31m│[0;32m│[0;33m│[0m[1;34m0x09b80101e10d <SharedFunctionInfo> (0x09b8011406c9 <String[23]: "workloads/truncation.js">:0:0)
[m[0;31m│[0;32m│[0;33m│[0m[0;34m  51 : 42 f7 01          Add r2, FBV[1]
[m[0;31m│[0;32m│[0;33m│[0m         ↱ eager @51 (5 live vars)
[0;31m│[0;32m│[0;33m│[0m  [0m53/66: CheckedNumberToFloat64 [v42/n55:[x8|R|t]] → [v0|R|f64], live range: [53-55]
[0;31m│[0;32m│[0;33m│[0m  [0m54/67: ChangeInt32ToFloat64 [v52/n65:[x9|R|w32]] → [v2|R|f64], live range: [54-55]
[0;31m│[0;32m│[0;33m│[0m  [0m55/68: Float64Add [v53/n66:[v0|R|f64], v54/n67:[v2|R|f64]] → [v4|R|f64], live range: [55-56]
[0;31m│[0;32m│[0;33m│[0m[0;34m  54 : 55 00 00          BitwiseOrSmi [0], FBV[0]
[m[0;31m│[0;32m│[0;33m│[0m  [0m56/69: TruncateFloat64ToInt32 [v55/n68:[v4|R|f64]] → [x6|R|w32], live range: [56-57]
[0;31m│[0;32m│[0;33m│[0m[0;34m  57 : 29 02             StaCurrentContextSlot [2]
[m[0;31m│[0;32m│[0;33m│[0m  [0m57/70: Int32ToNumber[kCanonicalizeSmi] [v56/n69:[x6|R|w32]] → [x7|R|t], live range: [57-58]
[0;31m│[0;32m│[0;33m│[0m  [0m58/71: StoreContextSlotWithWriteBarrier(2, mutable) [v11/n2:[x1|R|t], v57/n70:[x7|R|t]]
[0;31m│[0;32m│[0;33m│[0m         ↳ lazy @57 (3 live vars)
[0;31m│[0;32m│[0;33m│[0m[0;34m  61 : 5b 08             Inc FBV[8]
[m[0;31m│[0;32m│[0;33m│[0m         ↱ eager @61 (3 live vars)
[0;31m│[0;32m│[0;33m│[0m  [0m59/72: Int32IncrementWithOverflow [v40/n52:[x4|R|w32]] → [x6|R|w32] (spilled: [stack:1|w32]), live range: [59-61]
[0;31m│[0;32m│[0;33m│[0m[0;34m  64 : 97 30 00 09       JumpLoop [48], [0], FBV[9]
[m[0;31m│[0;32m│[0;33m│[0m  [0m60/73: ReduceInterruptBudgetForLoop(38) [v4/n46:[x0|R|t]]
[0;31m│[0;32m│[0;33m│[0m         ↳ lazy @64 (3 live vars)
[0;31m│[0;32m│[0;33m│[0m  [0m61/75: Int32ToNumber[kCanonicalizeSmi] [v59/n72:[x6|R|w32]] → [x4|R|t], live range: [61-62]
[0;31m│[0;32m│[0;33m│[0m         ↱ eager @61 (3 live vars)
[0;31m│[0;32m╰─◄─[0m62/74: JumpLoop b4
[0;31m│ [0;33m│[0m         with gap moves:
[0;31m│ [0;33m│[0m           - v61/n75:[x4|R|t] → 51: φᵀ r1 [x4|R|t]
[0;31m│ [0;33m│[0m         with register merges:
[0;31m│ [0;33m│[0m
[0;31m│ [0;33m╰►[0mBlock b7
[0;31m│  [0m[0;34m  68 : 23 04 0a          LdaGlobal [4:"print"], FBV[10]
[m[0;31m│[0;32m╭───[0m63/76: Jump b9
[0;31m│[0;32m│ [0m
[0;31m╰──►[0mBlock b8
 [0;32m│ [0m  [0m64/77: Jump b9
 [0;32m│ [0m      ↓
 [0;32m╰─►[0mBlock b9
   [0m         ↱ eager @68 (2 live vars)
   [0m  [0m65/78: Deopt(Insufficient type feedback for generic global access)
   [0m
Compiling 0x09b80101e235 <JSFunction trunc (sfi = 0x9b80101e175)> with Maglev
----- Bytecode array -----
Parameter count 3
Register count 3
Frame size 24
         0x31a01000144 @    0 : 0b 04             Ldar a1
         0x31a01000146 @    2 : 44 03 00          Mul a0, FBV[0]
         0x31a01000149 @    5 : d4                Star0
         0x31a0100014a @    6 : 0b 03             Ldar a0
         0x31a0100014c @    8 : 42 f9 01          Add r0, FBV[1]
         0x31a0100014f @   11 : d3                Star1
         0x31a01000150 @   12 : 55 00 03          BitwiseOrSmi [0], FBV[3]
         0x31a01000153 @   15 : d2                Star2
         0x31a01000154 @   16 : 0b f9             Ldar r0
         0x31a01000156 @   18 : 51 02 05          MulSmi [2], FBV[5]
         0x31a01000159 @   21 : 55 00 04          BitwiseOrSmi [0], FBV[4]
         0x31a0100015c @   24 : 42 f7 02          Add r2, FBV[2]
         0x31a0100015f @   27 : b9                Return
Constant pool (size = 0)
Handler Table (size = 0)
Source Position Table (size = 0)
0x9b80101e2fd: [FeedbackVector] in OldSpace
 - map: 0x09b800000899 <Map(FEEDBACK_VECTOR_TYPE)>
 - length: 6
 - shared function info: 0x09b80101e175 <SharedFunctionInfo trunc>
 - tiering_in_progress: 0
 - osr_tiering_in_progress: 0
 - invocation count: 803
 - closure feedback cell array: 0x9b800002071: [ClosureFeedbackCellArray] in ReadOnlySpace
 - map: 0x09b800000871 <Map(CLOSURE_FEEDBACK_CELL_ARRAY_TYPE)>
 - length: 0
 - elements:

 - slot #0 BinaryOp BinaryOp:Number {
     [0]: 15
  }
 - slot #1 BinaryOp BinaryOp:Number {
     [1]: 15
  }
 - slot #2 BinaryOp BinaryOp:AdditiveSafeInteger {
     [2]: 7
  }
 - slot #3 BinaryOp BinaryOp:Number {
     [3]: 15
  }
 - slot #4 BinaryOp BinaryOp:Number {
     [4]: 15
  }
 - slot #5 BinaryOp BinaryOp:Number {
     [5]: 15
  }
[32m+ 0x12401174908  n1: InitialValue(<this>), 0 uses 🪦[0m[0m
[32m+ 0x124011749d0  n2: InitialValue(a0), 0 uses 🪦[0m[0m
[32m+ 0x12401174a20  n3: InitialValue(a1), 0 uses 🪦[0m[0m
[32m+ 0x12401174c80  n4: Constant(0x09b80101e235 <JSFunction trunc (sfi = 0x9b80101e175)>), 0 uses 🪦[0m[0m
[32m+ 0x12401174cd0  n5: Constant(0x09b80101e221 <ScriptContext[3]>), 0 uses 🪦[0m[0m
[32m+ 0x12401140338  n6: RootConstant(undefined_value), 0 uses 🪦[0m[0m
[32m+ 0x124011403d8  n7: FunctionEntryStackCheck[0m[0m
[32m+ 0x12401140478  n8: Jump[0m[0m
[36m   0 : 0b 04             Ldar a1[0m
[33mNew block (merge @0x124011404d8) at 0x09b80101e175 <SharedFunctionInfo trunc>[37m
  VOs (IFS): 
  Constant properties:
  Non-constant properties:
  Constant context slots:
  Non-constant context slots:
[0m
[37mCopying frame state from merge @0x124011404d8[0m
[37m  - VOs (IFS): [0m
[37m  - VOs (merge): [0m
[36m   2 : 44 03 00          Mul a0, FBV[0][0m
[32m+ 0x12401140a80  n9: CheckedNumberToFloat64 [n2], 0 uses, but required, cannot truncate to int32 [-∞, +∞][0m[0m
[32m+ 0x12401140bf0  n10: CheckedNumberToFloat64 [n3], 0 uses, but required, cannot truncate to int32 [-∞, +∞][0m[0m
[32m+ 0x12401140c50  n11: Float64Multiply [n9, n10], 0 uses 🪦, cannot truncate to int32 [-∞, +∞][0m[0m
[36m   5 : d4                Star0[0m
[36m   6 : 0b 03             Ldar a0[0m
[36m   8 : 42 f9 01          Add r0, FBV[1][0m
[32m+ 0x12401140cc0  n12: Float64Add [n9, n11], 0 uses 🪦, cannot truncate to int32 [-∞, +∞][0m[0m
[36m  11 : d3                Star1[0m
[36m  12 : 55 00 03          BitwiseOrSmi [0], FBV[3][0m
[32m+ 0x12401140d90  n13: TruncateFloat64ToInt32 [n12], 0 uses 🪦, cannot truncate to int32[0m[0m
[36m  15 : d2                Star2[0m
[36m  16 : 0b f9             Ldar r0[0m
[36m  18 : 51 02 05          MulSmi [2], FBV[5][0m
[32m+ 0x12401140de0  n14: Float64Constant(2), 0 uses 🪦[0m[0m
[32m+ 0x12401140e40  n15: Float64Multiply [n11, n14], 0 uses 🪦, cannot truncate to int32 [-∞, +∞][0m[0m
[36m  21 : 55 00 04          BitwiseOrSmi [0], FBV[4][0m
[32m+ 0x12401140f10  n16: TruncateFloat64ToInt32 [n15], 0 uses 🪦, cannot truncate to int32[0m[0m
[36m  24 : 42 f7 02          Add r2, FBV[2][0m
[32m+ 0x12401140fd0  n17: ChangeInt32ToFloat64 [n13], 0 uses 🪦[0m[0m
[32m+ 0x12401141090  n18: ChangeInt32ToFloat64 [n16], 0 uses 🪦[0m[0m
[32m+ 0x124011410f0  n19: Float64Add [n17, n18], 0 uses 🪦, cannot truncate to int32 [-∞, +∞][0m[0m
[36m  27 : b9                Return[0m
[32m+ 0x12401141150  n20: Constant(0x09b80101e201 <FeedbackCell[one closure]>), 0 uses 🪦[0m[0m
[32m+ 0x124011411c0  n21: ReduceInterruptBudgetForReturn(27) [n20][0m[0m
[32m+ 0x12401141280  n22: Float64ToTagged[kCanonicalizeSmi] [n19], 0 uses 🪦[0m[0m
[32m+ 0x124011411e0  n23: Return [n22][0m[0m

----- After graph building -----
Graph

[0m  [0m20: Constant(0x09b80101e201 <FeedbackCell[one closure]>), 1 uses
[0m   [0m4: Constant(0x09b80101e235 <JSFunction trunc (sfi = 0x9b80101e175)>), 2 uses
[0m   [0m5: Constant(0x09b80101e221 <ScriptContext[3]>), 2 uses
[0m   [0m6: RootConstant(undefined_value), 0 uses 🪦
[0m  [0m14: Float64Constant(2), 1 uses
 [0mBlock b0
[0m[1;34m0x09b80101e175 <SharedFunctionInfo trunc> (0x09b8011406c9 <String[23]: "workloads/truncation.js">:5:14)
[m[0m[0;34m   0 : 0b 04             Ldar a1
[m[0m   [0m1: InitialValue(<this>), 2 uses
[0m   [0m2: InitialValue(a0), 3 uses
[0m   [0m3: InitialValue(a1), 4 uses
[0m   [0m7: FunctionEntryStackCheck
[0m      ↳ lazy @-1 (4 live vars)
[0m   [0m8: Jump b1
[0m   ↓
 [0mBlock b1
[0m[1;34m0x09b80101e175 <SharedFunctionInfo trunc> (0x09b8011406c9 <String[23]: "workloads/truncation.js">:0:0)
[m[0m[0;34m   2 : 44 03 00          Mul a0, FBV[0]
[m[0m      ↱ eager @2 (5 live vars)
[0m   [0m9: CheckedNumberToFloat64 [n2], 2 uses, cannot truncate to int32 [-∞, +∞]
[0m      ↱ eager @2 (5 live vars)
[0m  [0m10: CheckedNumberToFloat64 [n3], 1 uses, cannot truncate to int32 [-∞, +∞]
[0m  [0m11: Float64Multiply [n9, n10], 2 uses, cannot truncate to int32 [-∞, +∞]
[0m[0;34m   8 : 42 f9 01          Add r0, FBV[1]
[m[0m  [0m12: Float64Add [n9, n11], 1 uses, cannot truncate to int32 [-∞, +∞]
[0m[0;34m  12 : 55 00 03          BitwiseOrSmi [0], FBV[3]
[m[0m  [0m13: TruncateFloat64ToInt32 [n12], 1 uses, cannot truncate to int32
[0m[0;34m  18 : 51 02 05          MulSmi [2], FBV[5]
[m[0m  [0m15: Float64Multiply [n11, n14], 1 uses, cannot truncate to int32 [-∞, +∞]
[0m[0;34m  21 : 55 00 04          BitwiseOrSmi [0], FBV[4]
[m[0m  [0m16: TruncateFloat64ToInt32 [n15], 1 uses, cannot truncate to int32
[0m[0;34m  24 : 42 f7 02          Add r2, FBV[2]
[m[0m  [0m17: ChangeInt32ToFloat64 [n13], 1 uses
[0m  [0m18: ChangeInt32ToFloat64 [n16], 1 uses
[0m  [0m19: Float64Add [n17, n18], 1 uses, can truncate to int32 [-4294967296, 4294967294]
[0m[0;34m  27 : b9                Return
[m[0m  [0m21: ReduceInterruptBudgetForReturn(27) [n20]
[0m  [0m22: Float64ToTagged[kCanonicalizeSmi] [n19], 1 uses
[0m  [0m23: Return [n22]
[0m

----- After propagating truncation -----
Graph

[0m  [0m20: Constant(0x09b80101e201 <FeedbackCell[one closure]>), 1 uses
[0m   [0m4: Constant(0x09b80101e235 <JSFunction trunc (sfi = 0x9b80101e175)>), 2 uses
[0m   [0m5: Constant(0x09b80101e221 <ScriptContext[3]>), 2 uses
[0m   [0m6: RootConstant(undefined_value), 0 uses 🪦
[0m  [0m14: Float64Constant(2), 1 uses
 [0mBlock b0
[0m[1;34m0x09b80101e175 <SharedFunctionInfo trunc> (0x09b8011406c9 <String[23]: "workloads/truncation.js">:5:14)
[m[0m[0;34m   0 : 0b 04             Ldar a1
[m[0m   [0m1: InitialValue(<this>), 2 uses
[0m   [0m2: InitialValue(a0), 3 uses
[0m   [0m3: InitialValue(a1), 4 uses
[0m   [0m7: FunctionEntryStackCheck
[0m      ↳ lazy @-1 (4 live vars)
[0m   [0m8: Jump b1
[0m   ↓
 [0mBlock b1
[0m[1;34m0x09b80101e175 <SharedFunctionInfo trunc> (0x09b8011406c9 <String[23]: "workloads/truncation.js">:0:0)
[m[0m[0;34m   2 : 44 03 00          Mul a0, FBV[0]
[m[0m      ↱ eager @2 (5 live vars)
[0m   [0m9: CheckedNumberToFloat64 [n2], 2 uses, cannot truncate to int32 [-∞, +∞]
[0m      ↱ eager @2 (5 live vars)
[0m  [0m10: CheckedNumberToFloat64 [n3], 1 uses, cannot truncate to int32 [-∞, +∞]
[0m  [0m11: Float64Multiply [n9, n10], 2 uses, cannot truncate to int32 [-∞, +∞]
[0m[0;34m   8 : 42 f9 01          Add r0, FBV[1]
[m[0m  [0m12: Float64Add [n9, n11], 1 uses, cannot truncate to int32 [-∞, +∞]
[0m[0;34m  12 : 55 00 03          BitwiseOrSmi [0], FBV[3]
[m[0m  [0m13: TruncateFloat64ToInt32 [n12], 1 uses, cannot truncate to int32
[0m[0;34m  18 : 51 02 05          MulSmi [2], FBV[5]
[m[0m  [0m15: Float64Multiply [n11, n14], 1 uses, cannot truncate to int32 [-∞, +∞]
[0m[0;34m  21 : 55 00 04          BitwiseOrSmi [0], FBV[4]
[m[0m  [0m16: TruncateFloat64ToInt32 [n15], 1 uses, cannot truncate to int32
[0m[0;34m  24 : 42 f7 02          Add r2, FBV[2]
[m[0m  [0m17: ChangeInt32ToFloat64 [n13], 1 uses
[0m  [0m18: ChangeInt32ToFloat64 [n16], 1 uses
[0m  [0m19: Float64Add [n17, n18], 1 uses, cannot truncate to int32 [-4294967296, 4294967294]
[0m[0;34m  27 : b9                Return
[m[0m  [0m21: ReduceInterruptBudgetForReturn(27) [n20]
[0m  [0m22: Float64ToTagged[kCanonicalizeSmi] [n19], 1 uses
[0m  [0m23: Return [n22]
[0m

----- After truncation -----
Graph

[0m  [0m20: Constant(0x09b80101e201 <FeedbackCell[one closure]>), 1 uses
[0m   [0m4: Constant(0x09b80101e235 <JSFunction trunc (sfi = 0x9b80101e175)>), 2 uses
[0m   [0m5: Constant(0x09b80101e221 <ScriptContext[3]>), 2 uses
[0m   [0m6: RootConstant(undefined_value), 0 uses 🪦
[0m  [0m14: Float64Constant(2), 1 uses
 [0mBlock b0
[0m[1;34m0x09b80101e175 <SharedFunctionInfo trunc> (0x09b8011406c9 <String[23]: "workloads/truncation.js">:5:14)
[m[0m[0;34m   0 : 0b 04             Ldar a1
[m[0m   [0m1: InitialValue(<this>), 2 uses
[0m   [0m2: InitialValue(a0), 3 uses
[0m   [0m3: InitialValue(a1), 4 uses
[0m   [0m7: FunctionEntryStackCheck
[0m      ↳ lazy @-1 (4 live vars)
[0m   [0m8: Jump b1
[0m   ↓
 [0mBlock b1
[0m[1;34m0x09b80101e175 <SharedFunctionInfo trunc> (0x09b8011406c9 <String[23]: "workloads/truncation.js">:0:0)
[m[0m[0;34m   2 : 44 03 00          Mul a0, FBV[0]
[m[0m      ↱ eager @2 (5 live vars)
[0m   [0m9: CheckedNumberToFloat64 [n2], 2 uses, cannot truncate to int32 [-∞, +∞]
[0m      ↱ eager @2 (5 live vars)
[0m  [0m10: CheckedNumberToFloat64 [n3], 1 uses, cannot truncate to int32 [-∞, +∞]
[0m  [0m11: Float64Multiply [n9, n10], 2 uses, cannot truncate to int32 [-∞, +∞]
[0m[0;34m   8 : 42 f9 01          Add r0, FBV[1]
[m[0m  [0m12: Float64Add [n9, n11], 1 uses, cannot truncate to int32 [-∞, +∞]
[0m[0;34m  12 : 55 00 03          BitwiseOrSmi [0], FBV[3]
[m[0m  [0m13: TruncateFloat64ToInt32 [n12], 1 uses, cannot truncate to int32
[0m[0;34m  18 : 51 02 05          MulSmi [2], FBV[5]
[m[0m  [0m15: Float64Multiply [n11, n14], 1 uses, cannot truncate to int32 [-∞, +∞]
[0m[0;34m  21 : 55 00 04          BitwiseOrSmi [0], FBV[4]
[m[0m  [0m16: TruncateFloat64ToInt32 [n15], 1 uses, cannot truncate to int32
[0m[0;34m  24 : 42 f7 02          Add r2, FBV[2]
[m[0m  [0m17: ChangeInt32ToFloat64 [n13], 1 uses
[0m  [0m18: ChangeInt32ToFloat64 [n16], 1 uses
[0m  [0m19: Float64Add [n17, n18], 1 uses, cannot truncate to int32 [-4294967296, 4294967294]
[0m[0;34m  27 : b9                Return
[m[0m  [0m21: ReduceInterruptBudgetForReturn(27) [n20]
[0m  [0m22: Float64ToTagged[kCanonicalizeSmi] [n19], 1 uses
[0m  [0m23: Return [n22]
[0m

----- After use marking -----
Graph

[0m  [0m20: Constant(0x09b80101e201 <FeedbackCell[one closure]>) → (x)
[0m   [0m4: Constant(0x09b80101e235 <JSFunction trunc (sfi = 0x9b80101e175)>) → (x)
[0m   [0m5: Constant(0x09b80101e221 <ScriptContext[3]>) → (x)
[0m  [0m14: Float64Constant(2) → (x)
 [0mBlock b0
[0m[1;34m0x09b80101e175 <SharedFunctionInfo trunc> (0x09b8011406c9 <String[23]: "workloads/truncation.js">:5:14)
[m[0m[0;34m   0 : 0b 04             Ldar a1
[m[0m   [0m1: InitialValue(<this>) → (x)
[0m   [0m2: InitialValue(a0) → (x)
[0m   [0m3: InitialValue(a1) → (x)
[0m   [0m7: FunctionEntryStackCheck
[0m      ↳ lazy @-1 (4 live vars)
[0m   [0m8: Jump b1
[0m   ↓
 [0mBlock b1
[0m[1;34m0x09b80101e175 <SharedFunctionInfo trunc> (0x09b8011406c9 <String[23]: "workloads/truncation.js">:0:0)
[m[0m[0;34m   2 : 44 03 00          Mul a0, FBV[0]
[m[0m      ↱ eager @2 (5 live vars)
[0m   [0m9: CheckedNumberToFloat64 [v0/n2:(x)] → (x)
[0m      ↱ eager @2 (5 live vars)
[0m  [0m10: CheckedNumberToFloat64 [v0/n3:(x)] → (x)
[0m  [0m11: Float64Multiply [v0/n9:(x), v0/n10:(x)] → (x)
[0m[0;34m   8 : 42 f9 01          Add r0, FBV[1]
[m[0m  [0m12: Float64Add [v0/n9:(x), v0/n11:(x)] → (x)
[0m[0;34m  12 : 55 00 03          BitwiseOrSmi [0], FBV[3]
[m[0m  [0m13: TruncateFloat64ToInt32 [v0/n12:(x)] → (x)
[0m[0;34m  18 : 51 02 05          MulSmi [2], FBV[5]
[m[0m  [0m15: Float64Multiply [v0/n11:(x), v0/n14:(x)] → (x)
[0m[0;34m  21 : 55 00 04          BitwiseOrSmi [0], FBV[4]
[m[0m  [0m16: TruncateFloat64ToInt32 [v0/n15:(x)] → (x)
[0m[0;34m  24 : 42 f7 02          Add r2, FBV[2]
[m[0m  [0m17: ChangeInt32ToFloat64 [v0/n13:(x)] → (x)
[0m  [0m18: ChangeInt32ToFloat64 [v0/n16:(x)] → (x)
[0m  [0m19: Float64Add [v0/n17:(x), v0/n18:(x)] → (x)
[0m[0;34m  27 : b9                Return
[m[0m  [0m21: ReduceInterruptBudgetForReturn(27) [v0/n20:(x)]
[0m  [0m22: Float64ToTagged[kCanonicalizeSmi] [v0/n19:(x)] → (x)
[0m  [0m23: Return [v0/n22:(x)]
[0m

----- After register allocation pre-processing -----
Graph

[0m   [0m1/20: Constant(0x09b80101e201 <FeedbackCell[one closure]>) → v-1, live range: [1-20]
[0m    [0m2/4: Constant(0x09b80101e235 <JSFunction trunc (sfi = 0x9b80101e175)>) → v-1, live range: [2-11]
[0m    [0m3/5: Constant(0x09b80101e221 <ScriptContext[3]>) → v-1, live range: [3-11]
[0m   [0m4/14: Float64Constant(2) → v-1, live range: [4-15]
 [0mBlock b0
[0m[1;34m0x09b80101e175 <SharedFunctionInfo trunc> (0x09b8011406c9 <String[23]: "workloads/truncation.js">:5:14)
[m[0m[0;34m   0 : 0b 04             Ldar a1
[m[0m    [0m5/1: InitialValue(<this>) → v-1(=-6S), live range: [5-11]
[0m    [0m6/2: InitialValue(a0) → v-1(=-7S), live range: [6-11]
[0m    [0m7/3: InitialValue(a1) → v-1(=-8S), live range: [7-11]
[0m    [0m8/7: FunctionEntryStackCheck
[0m         ↳ lazy @-1 (4 live vars)
[0m    [0m9/8: Jump b1
[0m      ↓
 [0mBlock b1
[0m[1;34m0x09b80101e175 <SharedFunctionInfo trunc> (0x09b8011406c9 <String[23]: "workloads/truncation.js">:0:0)
[m[0m[0;34m   2 : 44 03 00          Mul a0, FBV[0]
[m[0m         ↱ eager @2 (5 live vars)
[0m   [0m10/9: CheckedNumberToFloat64 [v6/n2:v-1(R)] → v-1(R), live range: [10-13]
[0m         ↱ eager @2 (5 live vars)
[0m  [0m11/10: CheckedNumberToFloat64 [v7/n3:v-1(R)] → v-1(R), live range: [11-12]
[0m  [0m12/11: Float64Multiply [v10/n9:v-1(R), v11/n10:v-1(R)] → v-1(R), live range: [12-15]
[0m[0;34m   8 : 42 f9 01          Add r0, FBV[1]
[m[0m  [0m13/12: Float64Add [v10/n9:v-1(R), v12/n11:v-1(R)] → v-1(R), live range: [13-14]
[0m[0;34m  12 : 55 00 03          BitwiseOrSmi [0], FBV[3]
[m[0m  [0m14/13: TruncateFloat64ToInt32 [v13/n12:v-1(R)] → v-1(R), live range: [14-17]
[0m[0;34m  18 : 51 02 05          MulSmi [2], FBV[5]
[m[0m  [0m15/15: Float64Multiply [v12/n11:v-1(R), v4/n14:v-1(R)] → v-1(R), live range: [15-16]
[0m[0;34m  21 : 55 00 04          BitwiseOrSmi [0], FBV[4]
[m[0m  [0m16/16: TruncateFloat64ToInt32 [v15/n15:v-1(R)] → v-1(R), live range: [16-18]
[0m[0;34m  24 : 42 f7 02          Add r2, FBV[2]
[m[0m  [0m17/17: ChangeInt32ToFloat64 [v14/n13:v-1(R)] → v-1(R), live range: [17-19]
[0m  [0m18/18: ChangeInt32ToFloat64 [v16/n16:v-1(R)] → v-1(R), live range: [18-19]
[0m  [0m19/19: Float64Add [v17/n17:v-1(R), v18/n18:v-1(R)] → v-1(R), live range: [19-21]
[0m[0;34m  27 : b9                Return
[m[0m  [0m20/21: ReduceInterruptBudgetForReturn(27) [v1/n20:v-1(R)]
[0m  [0m21/22: Float64ToTagged[kCanonicalizeSmi] [v19/n19:v-1(R)] → v-1(R), live range: [21-22]
[0m  [0m22/23: Return [v21/n22:v-1(=x0)]
[0m

----- After register allocation -----
Graph

[0m   [0m1/20: Constant(0x09b80101e201 <FeedbackCell[one closure]>) → v-1, live range: [1-20]
[0m    [0m2/4: Constant(0x09b80101e235 <JSFunction trunc (sfi = 0x9b80101e175)>) → v-1, live range: [2-11]
[0m    [0m3/5: Constant(0x09b80101e221 <ScriptContext[3]>) → v-1, live range: [3-11]
[0m   [0m4/14: Float64Constant(2) → v-1, live range: [4-15]
 [0mBlock b0
[0m[1;34m0x09b80101e175 <SharedFunctionInfo trunc> (0x09b8011406c9 <String[23]: "workloads/truncation.js">:5:14)
[m[0m[0;34m   0 : 0b 04             Ldar a1
[m[0m    [0m5/1: InitialValue(<this>) → [stack:-6|t], live range: [5-11]
[0m    [0m6/2: InitialValue(a0) → [stack:-7|t], live range: [6-11]
[0m    [0m7/3: InitialValue(a1) → [stack:-8|t], live range: [7-11]
[0m    [0m8/7: FunctionEntryStackCheck
[0m         ↳ lazy @-1 (4 live vars)
[0m    [0m9/8: Jump b1
[0m      ↓
 [0mBlock b1
[0m     [0m24: GapMove([stack:-7|t] → [x0|R|t])
[0m[1;34m0x09b80101e175 <SharedFunctionInfo trunc> (0x09b8011406c9 <String[23]: "workloads/truncation.js">:0:0)
[m[0m[0;34m   2 : 44 03 00          Mul a0, FBV[0]
[m[0m         ↱ eager @2 (5 live vars)
[0m   [0m10/9: CheckedNumberToFloat64 [v6/n2:[x0|R|t]] → [v0|R|f64], live range: [10-13]
[0m     [0m25: GapMove([stack:-8|t] → [x0|R|t])
[0m         ↱ eager @2 (5 live vars)
[0m  [0m11/10: CheckedNumberToFloat64 [v7/n3:[x0|R|t]] → [v1|R|f64], live range: [11-12]
[0m  [0m12/11: Float64Multiply [v10/n9:[v0|R|f64], v11/n10:[v1|R|f64]] → [v2|R|f64], live range: [12-15]
[0m[0;34m   8 : 42 f9 01          Add r0, FBV[1]
[m[0m  [0m13/12: Float64Add [v10/n9:[v0|R|f64], v12/n11:[v2|R|f64]] → [v1|R|f64], live range: [13-14]
[0m[0;34m  12 : 55 00 03          BitwiseOrSmi [0], FBV[3]
[m[0m  [0m14/13: TruncateFloat64ToInt32 [v13/n12:[v1|R|f64]] → [x0|R|w32], live range: [14-17]
[0m     [0m26: ConstantGapMove(n14 → [v0|R|f64])
[0m[0;34m  18 : 51 02 05          MulSmi [2], FBV[5]
[m[0m  [0m15/15: Float64Multiply [v12/n11:[v2|R|f64], v4/n14:[v0|R|f64]] → [v1|R|f64], live range: [15-16]
[0m[0;34m  21 : 55 00 04          BitwiseOrSmi [0], FBV[4]
[m[0m  [0m16/16: TruncateFloat64ToInt32 [v15/n15:[v1|R|f64]] → [x1|R|w32], live range: [16-18]
[0m[0;34m  24 : 42 f7 02          Add r2, FBV[2]
[m[0m  [0m17/17: ChangeInt32ToFloat64 [v14/n13:[x0|R|w32]] → [v0|R|f64], live range: [17-19]
[0m  [0m18/18: ChangeInt32ToFloat64 [v16/n16:[x1|R|w32]] → [v1|R|f64], live range: [18-19]
[0m  [0m19/19: Float64Add [v17/n17:[v0|R|f64], v18/n18:[v1|R|f64]] → [v2|R|f64], live range: [19-21]
[0m     [0m27: ConstantGapMove(n20 → [x0|R|t])
[0m[0;34m  27 : b9                Return
[m[0m  [0m20/21: ReduceInterruptBudgetForReturn(27) [v1/n20:[x0|R|t]]
[0m  [0m21/22: Float64ToTagged[kCanonicalizeSmi] [v19/n19:[v2|R|f64]] → [x0|R|t], live range: [21-22]
[0m  [0m22/23: Return [v21/n22:[x0|R|t]]
[0m
Compiling 0x09b80101e1e1 <JSFunction (sfi = 0x9b80101e10d)> with Maglev
----- Bytecode array -----
Parameter count 1
Register count 6
Frame size 48
         0x31a010000c8 @    0 : 13 00             LdaConstant [0:0x09b80101e165 <FixedArray[2]>]
         0x31a010000ca @    2 : d2                Star2
         0x31a010000cb @    3 : 1b fe f6          Mov <closure>, r3
         0x31a010000ce @    6 : 70 75 01 f7 02    CallRuntime [DeclareGlobals], r2-r3
         0x31a010000d3 @   11 : 0c                LdaZero
         0x31a010000d4 @   12 : 29 02             StaCurrentContextSlot [2]
         0x31a010000d6 @   14 : 0c                LdaZero
         0x31a010000d7 @   15 : d3                Star1
         0x31a010000d8 @   16 : 01 0d a0 86 01 00 LdaSmi.ExtraWide [100000]
         0x31a010000de @   22 : 79 f8 04          TestLessThan r1, EmbeddedFeedback[4]
         0x31a010000e1 @   25 : a8 2b             JumpIfFalse [43] (0x31a0100010c @ 68)
         0x31a010000e3 @   27 : 18 02             LdaCurrentContextSlot [2]
         0x31a010000e5 @   29 : d2                Star2
         0x31a010000e6 @   30 : 23 01 02          LdaGlobal [1:"trunc"], FBV[2]
         0x31a010000e9 @   33 : d1                Star3
         0x31a010000ea @   34 : 13 02             LdaConstant [2:0x09b80101e1a5 <HeapNumber 1.5>]
         0x31a010000ec @   36 : 44 f8 04          Mul r1, FBV[4]
         0x31a010000ef @   39 : d0                Star4
         0x31a010000f0 @   40 : 13 03             LdaConstant [3:0x09b80101e1b1 <HeapNumber 0.25>]
         0x31a010000f2 @   42 : 44 f8 05          Mul r1, FBV[5]
         0x31a010000f5 @   45 : cf                Star5
         0x31a010000f6 @   46 : 6e f6 f5 f4 06    CallUndefinedReceiver2 r3, r4, r5, FBV[6]
         0x31a010000fb @   51 : 42 f7 01          Add r2, FBV[1]
         0x31a010000fe @   54 : 55 00 00          BitwiseOrSmi [0], FBV[0]
         0x31a01000101 @   57 : 29 02             StaCurrentContextSlot [2]
         0x31a01000103 @   59 : 0b f8             Ldar r1
         0x31a01000105 @   61 : 5b 08             Inc FBV[8]
         0x31a01000107 @   63 : d3                Star1
         0x31a01000108 @   64 : 97 30 00 09       JumpLoop [48], [0], FBV[9] (0x31a010000d8 @ 16)
         0x31a0100010c @   68 : 23 04 0a          LdaGlobal [4:"print"], FBV[10]
         0x31a0100010f @   71 : d2                Star2
         0x31a01000110 @   72 : 18 02             LdaCurrentContextSlot [2]
         0x31a01000112 @   74 : d1                Star3
         0x31a01000113 @   75 : 6d f7 f6 0c       CallUndefinedReceiver1 r2, r3, FBV[12]
         0x31a01000117 @   79 : d4                Star0
         0x31a01000118 @   80 : b9                Return
Constant pool (size = 5)
0x31a01000085: [TrustedFixedArray]
 - map: 0x09b800000605 <Map(TRUSTED_FIXED_ARRAY_TYPE)>
 - length: 5
           0: 0x09b80101e165 <FixedArray[2]>
           1: 0x09b800002c1d <String[5]: #trunc>
           2: 0x09b80101e1a5 <HeapNumber 1.5>
           3: 0x09b80101e1b1 <HeapNumber 0.25>
           4: 0x09b801002e25 <String[5]: #print>
Handler Table (size = 0)
Source Position Table (size = 0)
0x9b80101e3b9: [FeedbackVector] in OldSpace
 - map: 0x09b800000899 <Map(FEEDBACK_VECTOR_TYPE)>
 - length: 14
 - shared function info: 0x09b80101e10d <SharedFunctionInfo>
 - tiering_in_progress: 0
 - osr_tiering_in_progress: 0
 - invocation count: 1
 - closure feedback cell array: 0x9b80101ed3d: [ClosureFeedbackCellArray] in OldSpace
 - map: 0x09b800000871 <Map(CLOSURE_FEEDBACK_CELL_ARRAY_TYPE)>
 - length: 1
 - elements:
           0: 0x09b80101e201 <FeedbackCell[one closure]>

 - slot #0 BinaryOp BinaryOp:Number {
     [0]: 15
  }
 - slot #1 BinaryOp BinaryOp:AdditiveSafeInteger {
     [1]: 7
  }
 - slot #2 LoadGlobalNotInsideTypeof MONOMORPHIC
   [weak] 0x09b80101e255 <PropertyCell name=0x09b800002c1d <String[5]: #trunc> value=0x09b80101e235 <JSFunction trunc (sfi = 0x9b80101e175)>> {
     [2]: [weak] 0x09b80101e255 <PropertyCell name=0x09b800002c1d <String[5]: #trunc> value=0x09b80101e235 <JSFunction trunc (sfi = 0x9b80101e175)>>
     [3]: 0x09b800000e95 <Symbol: (uninitialized_symbol)>
  }
 - slot #4 BinaryOp BinaryOp:Number {
     [4]: 15
  }
 - slot #5 BinaryOp BinaryOp:Number {
     [5]: 15
  }
 - slot #6 Call MONOMORPHIC {
     [6]: [weak] 0x09b80101e235 <JSFunction trunc (sfi = 0x9b80101e175)>
     [7]: 408768
  }
 - slot #8 BinaryOp BinaryOp:SignedSmall {
     [8]: 1
  }
 - slot #9 JumpLoop JumpLoop {
     [9]: [cleared]
  }
 - slot #10 LoadGlobalNotInsideTypeof UNINITIALIZED {
     [10]: [cleared]
     [11]: 0x09b800000e95 <Symbol: (uninitialized_symbol)>
  }
 - slot #12 Call UNINITIALIZED {
     [12]: 0x09b800000e95 <Symbol: (uninitialized_symbol)>
     [13]: 0
  }
- Non-standard entrypoint @16 by OSR from @64[0m
[32m+ 0x12401140618  n1: InitialValue(<this>), 0 uses 🪦[0m[0m
[32m+ 0x124011406e0  n2: InitialValue(<context>), 0 uses 🪦[0m[0m
[32m+ 0x12401140730  n3: InitialValue(<closure>), 0 uses 🪦[0m[0m
[32m+ 0x12401140850  n4: InitialValue(r0), 0 uses 🪦[0m[0m
[32m+ 0x124011408b0  n5: InitialValue(r1), 0 uses 🪦[0m[0m
[32m+ 0x12401140900  n6: InitialValue(r2), 0 uses 🪦[0m[0m
[32m+ 0x12401140970  n7: InitialValue(r3), 0 uses 🪦[0m[0m
[32m+ 0x124011409c0  n8: InitialValue(r4), 0 uses 🪦[0m[0m
[32m+ 0x12401140a50  n9: InitialValue(r5), 0 uses 🪦[0m[0m
[32m+ 0x12401140af8  n10: FunctionEntryStackCheck[0m[0m
[32m+ 0x12401140bb8  n11: CheckpointedJump[0m[0m
  * Begin loop peeling....[0m
[36m  16 : 01 0d a0 86 01 00 LdaSmi.ExtraWide [100000][0m
[33mNew block (merge @0x12401140c48) at 0x09b80101e10d <SharedFunctionInfo>[37m
  VOs (IFS): 
  Constant properties:
  Non-constant properties:
  Constant context slots:
  Non-constant context slots:
[0m
[37mCopying frame state from merge @0x12401140c48[0m
[37m  - VOs (IFS): [0m
[37m  - VOs (merge): [0m
[32m+ 0x124011423c8  n12: SmiConstant(100000), 0 uses 🪦[0m[0m
[36m  22 : 79 f8 04          TestLessThan r1, EmbeddedFeedback[4][0m
[32m+ 0x124011424c0  n13: CheckedSmiUntag [n5], 0 uses, but required, cannot truncate to int32[0m[0m
[32m+ 0x124011425b0  n14: Int32Constant(100000), 0 uses 🪦, cannot truncate to int32[0m[0m
[32m+ 0x12401142608  n15: Int32Compare[LessThan] [n13, n14], 0 uses 🪦[0m[0m
[36m  25 : a8 2b             JumpIfFalse [43][0m
[32m+ 0x12401142668  n16: BranchIfInt32Compare(LessThan) [n13, n14][0m[0m
[32m+ 0x124011426a8  n17: RootConstant(false_value), 0 uses 🪦[0m[0m
[32m+ 0x12401142e48  n18: RootConstant(true_value), 0 uses 🪦[0m[0m
[33mNew block (single fallthrough) at 0x09b80101e10d <SharedFunctionInfo>[37m
  VOs (IFS): 
  Constant properties:
  Non-constant properties:
  Constant context slots:
  Non-constant context slots:
[0m
[36m  27 : 18 02             LdaCurrentContextSlot [2][0m
[32m+ 0x12401142f40  n19: LoadContextSlot(0x10, mutable) [n2], 0 uses, but required[0m[0m
[36m  29 : d2                Star2[0m
[36m  30 : 23 01 02          LdaGlobal [1:"trunc"], FBV[2][0m
[32m+ 0x12401143780  n20: Constant(0x09b80101e235 <JSFunction trunc (sfi = 0x9b80101e175)>), 0 uses 🪦[0m[0m
[36m  33 : d1                Star3[0m
[36m  34 : 13 02             LdaConstant [2:0x09b80101e1a5 <HeapNumber 1.5>][0m
[32m+ 0x124011437e0  n21: Constant(0x09b80101e1a5 <HeapNumber 1.5>), 0 uses 🪦[0m[0m
[36m  36 : 44 f8 04          Mul r1, FBV[4][0m
[32m+ 0x12401143838  n22: ChangeInt32ToFloat64 [n13], 0 uses 🪦[0m[0m
[32m+ 0x12401143888  n23: Float64Constant(1.5), 0 uses 🪦[0m[0m
[32m+ 0x124011438e8  n24: Float64Multiply [n22, n23], 0 uses 🪦, cannot truncate to int32 [-∞, +∞][0m[0m
[36m  39 : d0                Star4[0m
[36m  40 : 13 03             LdaConstant [3:0x09b80101e1b1 <HeapNumber 0.25>][0m
[32m+ 0x12401143958  n25: Constant(0x09b80101e1b1 <HeapNumber 0.25>), 0 uses 🪦[0m[0m
[36m  42 : 44 f8 05          Mul r1, FBV[5][0m
[32m+ 0x124011439a8  n26: Float64Constant(0.25), 0 uses 🪦[0m[0m
[32m+ 0x12401143a08  n27: Float64Multiply [n22, n26], 0 uses 🪦, cannot truncate to int32 [-∞, +∞][0m[0m
[36m  45 : cf                Star5[0m
[36m  46 : 6e f6 f5 f4 06    CallUndefinedReceiver2 r3, r4, r5, FBV[6][0m
[32m+ 0x12401143ae0  n28: RootConstant(undefined_value), 0 uses 🪦[0m[0m
[32m+ 0x12401143b28  n29: Constant(0x09b80101e221 <ScriptContext[3]>), 0 uses 🪦[0m[0m
[32m+ 0x12401143c68  n30: Constant(0x09b801004979 <JSGlobalProxy>), 0 uses 🪦[0m[0m

----- Inlining 0x09b80101e175 <SharedFunctionInfo trunc> with bytecode -----
Parameter count 3
Register count 3
Frame size 24
         0x31a01000144 @    0 : 0b 04             Ldar a1
         0x31a01000146 @    2 : 44 03 00          Mul a0, FBV[0]
         0x31a01000149 @    5 : d4                Star0
         0x31a0100014a @    6 : 0b 03             Ldar a0
         0x31a0100014c @    8 : 42 f9 01          Add r0, FBV[1]
         0x31a0100014f @   11 : d3                Star1
         0x31a01000150 @   12 : 55 00 03          BitwiseOrSmi [0], FBV[3]
         0x31a01000153 @   15 : d2                Star2
         0x31a01000154 @   16 : 0b f9             Ldar r0
         0x31a01000156 @   18 : 51 02 05          MulSmi [2], FBV[5]
         0x31a01000159 @   21 : 55 00 04          BitwiseOrSmi [0], FBV[4]
         0x31a0100015c @   24 : 42 f7 02          Add r2, FBV[2]
         0x31a0100015f @   27 : b9                Return
Constant pool (size = 0)
Handler Table (size = 0)
Source Position Table (size = 0)
0x9b80101e2fd: [FeedbackVector] in OldSpace
 - map: 0x09b800000899 <Map(FEEDBACK_VECTOR_TYPE)>
 - length: 6
 - shared function info: 0x09b80101e175 <SharedFunctionInfo trunc>
 - tiering_in_progress: 0
 - osr_tiering_in_progress: 0
 - invocation count: 803
 - closure feedback cell array: 0x9b800002071: [ClosureFeedbackCellArray] in ReadOnlySpace
 - map: 0x09b800000871 <Map(CLOSURE_FEEDBACK_CELL_ARRAY_TYPE)>
 - length: 0
 - elements:

 - slot #0 BinaryOp BinaryOp:Number {
     [0]: 15
  }
 - slot #1 BinaryOp BinaryOp:Number {
     [1]: 15
  }
 - slot #2 BinaryOp BinaryOp:AdditiveSafeInteger {
     [2]: 7
  }
 - slot #3 BinaryOp BinaryOp:Number {
     [3]: 15
  }
 - slot #4 BinaryOp BinaryOp:Number {
     [4]: 15
  }
 - slot #5 BinaryOp BinaryOp:Number {
     [5]: 15
  }
[32m+ 0x1240111b738  n31: Jump[0m[0m
[36m   0 : 0b 04             Ldar a1[0m
[33mNew block (merge @0x1240111b788) at 0x09b80101e175 <SharedFunctionInfo trunc>[37m
  VOs (IFS): 
  Constant properties:
  Non-constant properties:
  Constant context slots:
  Non-constant context slots:
    - @16: n19
[0m
[37mCopying frame state from merge @0x1240111b788[0m
[37m  - VOs (IFS): [0m
[37m  - VOs (merge): [0m
[36m   2 : 44 03 00          Mul a0, FBV[0][0m
[32m+ 0x1240111c0a8  n32: Float64Multiply [n24, n27], 0 uses 🪦, cannot truncate to int32 [-∞, +∞][0m[0m
[36m   5 : d4                Star0[0m
[36m   6 : 0b 03             Ldar a0[0m
[36m   8 : 42 f9 01          Add r0, FBV[1][0m
[32m+ 0x1240111c118  n33: Float64Add [n32, n24], 0 uses 🪦, cannot truncate to int32 [-∞, +∞][0m[0m
[36m  11 : d3                Star1[0m
[36m  12 : 55 00 03          BitwiseOrSmi [0], FBV[3][0m
[32m+ 0x1240111c1e8  n34: TruncateFloat64ToInt32 [n33], 0 uses 🪦, cannot truncate to int32[0m[0m
[36m  15 : d2                Star2[0m
[36m  16 : 0b f9             Ldar r0[0m
[36m  18 : 51 02 05          MulSmi [2], FBV[5][0m
[32m+ 0x1240111c238  n35: Float64Constant(2), 0 uses 🪦[0m[0m
[32m+ 0x1240111c298  n36: Float64Multiply [n32, n35], 0 uses 🪦, cannot truncate to int32 [-∞, +∞][0m[0m
[36m  21 : 55 00 04          BitwiseOrSmi [0], FBV[4][0m
[32m+ 0x1240111c368  n37: TruncateFloat64ToInt32 [n36], 0 uses 🪦, cannot truncate to int32[0m[0m
[36m  24 : 42 f7 02          Add r2, FBV[2][0m
[32m+ 0x1240111c428  n38: ChangeInt32ToFloat64 [n34], 0 uses 🪦[0m[0m
[32m+ 0x1240111c4e8  n39: ChangeInt32ToFloat64 [n37], 0 uses 🪦[0m[0m
[32m+ 0x1240111c548  n40: Float64Add [n38, n39], 0 uses 🪦, cannot truncate to int32 [-∞, +∞][0m[0m
[36m  27 : b9                Return[0m
== Finished inlining 0x09b80101e175 <SharedFunctionInfo trunc>[0m
[36m  51 : 42 f7 01          Add r2, FBV[1][0m
[32m+ 0x1240111c690  n41: CheckedNumberToFloat64 [n19], 0 uses, but required, cannot truncate to int32 [-∞, +∞][0m[0m
[32m+ 0x1240111c768  n42: Float64Add [n40, n41], 0 uses 🪦, cannot truncate to int32 [-∞, +∞][0m[0m
[36m  54 : 55 00 00          BitwiseOrSmi [0], FBV[0][0m
[32m+ 0x1240111c838  n43: TruncateFloat64ToInt32 [n42], 0 uses 🪦, cannot truncate to int32[0m[0m
[36m  57 : 29 02             StaCurrentContextSlot [2][0m
[32m+ 0x1240111c990  n44: Int32ToNumber[kCanonicalizeSmi] [n43], 0 uses 🪦[0m[0m
[32m+ 0x1240111c8f0  n45: StoreContextSlotWithWriteBarrier(2, mutable) [n2, n44][0m[0m
  * Recording context slot store n2[16]: TruncateFloat64ToInt32 [n42], 1 uses, cannot truncate to int32[0m
[36m  59 : 0b f8             Ldar r1[0m
[36m  61 : 5b 08             Inc FBV[8][0m
[32m+ 0x1240111cb18  n46: Int32IncrementWithOverflow [n13], 0 uses, but required, cannot truncate to int32[0m[0m
[36m  63 : d3                Star1[0m
[36m  64 : 97 30 00 09       JumpLoop [48], [0], FBV[9][0m
[32m+ 0x1240111cc20  n47: Constant(0x09b80101e211 <FeedbackCell[one closure]>), 0 uses 🪦[0m[0m
[32m+ 0x1240111ccd0  n48: ReduceInterruptBudgetForLoop(38) [n47][0m[0m
[32m+ 0x1240111cdc0  n49: RootConstant(optimized_out), 0 uses 🪦[0m[0m
[32m+ 0x1240111d0b0  n50: Jump[0m[0m
[37mInitializing optimistic loop state...[0m
  <this>: <unregistered node 0><> <- n1<>[0m
 => n1: InitialValue(<this>), 7 uses<JSReceiver>[0m
  <context>: <unregistered node 0><> <- n2<>[0m
 => n2: InitialValue(<context>), 9 uses<Context>[0m
  r1: <unregistered node 0x1240111d078><> <- n46<>[0m
 => <unregistered node 0x1240111d078>: Phi(r1) [n51, <unregistered node 0>], 0 uses 🪦<>[0m
[36m  16 : 01 0d a0 86 01 00 LdaSmi.ExtraWide [100000][0m
[33mNew block (loop header @0x1240111ce18) at 0x09b80101e10d <SharedFunctionInfo>[37m
  VOs (IFS): 
  Constant properties:
  Non-constant properties:
  Constant context slots:
  Non-constant context slots:
    - @16: n43
[0m
[37mCopying frame state from merge @0x1240111ce18[0m
[37m  - VOs (IFS): [0m
[37m  - VOs (merge): [0m
  0x1240111d078  n52: Phi(r1) [n51, <unregistered node 0>], 0 uses 🪦[0m
[36m  22 : 79 f8 04          TestLessThan r1, EmbeddedFeedback[4][0m
[32m+ 0x1240111e9a8  n53: CheckedSmiUntag [n52], 0 uses, but required, cannot truncate to int32[0m[0m
[32m+ 0x1240111ea78  n54: Int32Compare[LessThan] [n53, n14], 0 uses 🪦[0m[0m
[36m  25 : a8 2b             JumpIfFalse [43][0m
[32m+ 0x1240111ead8  n55: BranchIfInt32Compare(LessThan) [n53, n14][0m[0m
[37mMerging...[0m
  <this>: n1<JSReceiver> <- n1<JSReceiver>[0m
 => n1: InitialValue(<this>), 8 uses<JSReceiver>[0m
  <context>: n2<Context> <- n2<Context>[0m
 => n2: InitialValue(<context>), 10 uses<Context>[0m
[33mNew block (single fallthrough) at 0x09b80101e10d <SharedFunctionInfo>[37m
  VOs (IFS): 
  Constant properties:
  Non-constant properties:
  Constant context slots:
  Non-constant context slots:
[0m
[36m  27 : 18 02             LdaCurrentContextSlot [2][0m
[32m+ 0x1240111ec38  n56: LoadContextSlot(0x10, mutable) [n2], 0 uses, but required[0m[0m
[36m  29 : d2                Star2[0m
[36m  30 : 23 01 02          LdaGlobal [1:"trunc"], FBV[2][0m
[36m  33 : d1                Star3[0m
[36m  34 : 13 02             LdaConstant [2:0x09b80101e1a5 <HeapNumber 1.5>][0m
[36m  36 : 44 f8 04          Mul r1, FBV[4][0m
[32m+ 0x1240111ecb0  n57: ChangeInt32ToFloat64 [n53], 0 uses 🪦[0m[0m
[32m+ 0x1240111ed10  n58: Float64Multiply [n57, n23], 0 uses 🪦, cannot truncate to int32 [-∞, +∞][0m[0m
[36m  39 : d0                Star4[0m
[36m  40 : 13 03             LdaConstant [3:0x09b80101e1b1 <HeapNumber 0.25>][0m
[36m  42 : 44 f8 05          Mul r1, FBV[5][0m
[32m+ 0x1240111ed80  n59: Float64Multiply [n57, n26], 0 uses 🪦, cannot truncate to int32 [-∞, +∞][0m[0m
[36m  45 : cf                Star5[0m
[36m  46 : 6e f6 f5 f4 06    CallUndefinedReceiver2 r3, r4, r5, FBV[6][0m

----- Inlining 0x09b80101e175 <SharedFunctionInfo trunc> with bytecode -----
Parameter count 3
Register count 3
Frame size 24
         0x31a01000144 @    0 : 0b 04             Ldar a1
         0x31a01000146 @    2 : 44 03 00          Mul a0, FBV[0]
         0x31a01000149 @    5 : d4                Star0
         0x31a0100014a @    6 : 0b 03             Ldar a0
         0x31a0100014c @    8 : 42 f9 01          Add r0, FBV[1]
         0x31a0100014f @   11 : d3                Star1
         0x31a01000150 @   12 : 55 00 03          BitwiseOrSmi [0], FBV[3]
         0x31a01000153 @   15 : d2                Star2
         0x31a01000154 @   16 : 0b f9             Ldar r0
         0x31a01000156 @   18 : 51 02 05          MulSmi [2], FBV[5]
         0x31a01000159 @   21 : 55 00 04          BitwiseOrSmi [0], FBV[4]
         0x31a0100015c @   24 : 42 f7 02          Add r2, FBV[2]
         0x31a0100015f @   27 : b9                Return
Constant pool (size = 0)
Handler Table (size = 0)
Source Position Table (size = 0)
0x9b80101e2fd: [FeedbackVector] in OldSpace
 - map: 0x09b800000899 <Map(FEEDBACK_VECTOR_TYPE)>
 - length: 6
 - shared function info: 0x09b80101e175 <SharedFunctionInfo trunc>
 - tiering_in_progress: 0
 - osr_tiering_in_progress: 0
 - invocation count: 803
 - closure feedback cell array: 0x9b800002071: [ClosureFeedbackCellArray] in ReadOnlySpace
 - map: 0x09b800000871 <Map(CLOSURE_FEEDBACK_CELL_ARRAY_TYPE)>
 - length: 0
 - elements:

 - slot #0 BinaryOp BinaryOp:Number {
     [0]: 15
  }
 - slot #1 BinaryOp BinaryOp:Number {
     [1]: 15
  }
 - slot #2 BinaryOp BinaryOp:AdditiveSafeInteger {
     [2]: 7
  }
 - slot #3 BinaryOp BinaryOp:Number {
     [3]: 15
  }
 - slot #4 BinaryOp BinaryOp:Number {
     [4]: 15
  }
 - slot #5 BinaryOp BinaryOp:Number {
     [5]: 15
  }
[32m+ 0x12401121860  n60: Jump[0m[0m
[36m   0 : 0b 04             Ldar a1[0m
[33mNew block (merge @0x12401121890) at 0x09b80101e175 <SharedFunctionInfo trunc>[37m
  VOs (IFS): 
  Constant properties:
  Non-constant properties:
  Constant context slots:
  Non-constant context slots:
    - @16: n56
[0m
[37mCopying frame state from merge @0x12401121890[0m
[37m  - VOs (IFS): [0m
[37m  - VOs (merge): [0m
[36m   2 : 44 03 00          Mul a0, FBV[0][0m
[32m+ 0x124011228e0  n61: Float64Multiply [n58, n59], 0 uses 🪦, cannot truncate to int32 [-∞, +∞][0m[0m
[36m   5 : d4                Star0[0m
[36m   6 : 0b 03             Ldar a0[0m
[36m   8 : 42 f9 01          Add r0, FBV[1][0m
[32m+ 0x12401122950  n62: Float64Add [n58, n61], 0 uses 🪦, cannot truncate to int32 [-∞, +∞][0m[0m
[36m  11 : d3                Star1[0m
[36m  12 : 55 00 03          BitwiseOrSmi [0], FBV[3][0m
[32m+ 0x12401122a20  n63: TruncateFloat64ToInt32 [n62], 0 uses 🪦, cannot truncate to int32[0m[0m
[36m  15 : d2                Star2[0m
[36m  16 : 0b f9             Ldar r0[0m
[36m  18 : 51 02 05          MulSmi [2], FBV[5][0m
[32m+ 0x12401122a80  n64: Float64Multiply [n61, n35], 0 uses 🪦, cannot truncate to int32 [-∞, +∞][0m[0m
[36m  21 : 55 00 04          BitwiseOrSmi [0], FBV[4][0m
[32m+ 0x12401122b50  n65: TruncateFloat64ToInt32 [n64], 0 uses 🪦, cannot truncate to int32[0m[0m
[36m  24 : 42 f7 02          Add r2, FBV[2][0m
[32m+ 0x12401122c10  n66: ChangeInt32ToFloat64 [n63], 0 uses 🪦[0m[0m
[32m+ 0x12401122cd0  n67: ChangeInt32ToFloat64 [n65], 0 uses 🪦[0m[0m
[32m+ 0x12401122d30  n68: Float64Add [n66, n67], 0 uses 🪦, cannot truncate to int32 [-∞, +∞][0m[0m
[36m  27 : b9                Return[0m
== Finished inlining 0x09b80101e175 <SharedFunctionInfo trunc>[0m
[36m  51 : 42 f7 01          Add r2, FBV[1][0m
[32m+ 0x12401122e78  n69: CheckedNumberToFloat64 [n56], 0 uses, but required, cannot truncate to int32 [-∞, +∞][0m[0m
[32m+ 0x12401122f50  n70: Float64Add [n68, n69], 0 uses 🪦, cannot truncate to int32 [-∞, +∞][0m[0m
[36m  54 : 55 00 00          BitwiseOrSmi [0], FBV[0][0m
[32m+ 0x12401123020  n71: TruncateFloat64ToInt32 [n70], 0 uses 🪦, cannot truncate to int32[0m[0m
[36m  57 : 29 02             StaCurrentContextSlot [2][0m
[32m+ 0x12401123178  n72: Int32ToNumber[kCanonicalizeSmi] [n71], 0 uses 🪦[0m[0m
[32m+ 0x124011230d8  n73: StoreContextSlotWithWriteBarrier(2, mutable) [n2, n72][0m[0m
  * Recording context slot store n2[16]: TruncateFloat64ToInt32 [n70], 1 uses, cannot truncate to int32[0m
[36m  59 : 0b f8             Ldar r1[0m
[36m  61 : 5b 08             Inc FBV[8][0m
[32m+ 0x124011232f0  n74: Int32IncrementWithOverflow [n53], 0 uses, but required, cannot truncate to int32[0m[0m
[36m  63 : d3                Star1[0m
[36m  64 : 97 30 00 09       JumpLoop [48], [0], FBV[9][0m
[32m+ 0x124011234a0  n75: ReduceInterruptBudgetForLoop(38) [n47][0m[0m
[32m+ 0x12401123608  n76: JumpLoop[0m[0m
[91mNext peeling not needed due to compatible state.[0m
  <this>: n1<JSReceiver> <- n1<JSReceiver>[0m
 => n1: InitialValue(<this>), 13 uses<JSReceiver>[0m
  <context>: n2<Context> <- n2<Context>[0m
 => n2: InitialValue(<context>), 17 uses<Context>[0m
  r1: n52<> <- n74<>[0m
 => n52: Phi(r1) [n51, n77], 6 uses<>[0m
[36m  68 : 23 04 0a          LdaGlobal [4:"print"], FBV[10][0m
[33mNew block (merge @0x12401142708) at 0x09b80101e10d <SharedFunctionInfo>[37m
  VOs (IFS): 
  Constant properties:
  Non-constant properties:
  Constant context slots:
  Non-constant context slots:
    - @16: n71
[0m
[37mCopying frame state from merge @0x12401142708[0m
[37m  - VOs (IFS): [0m
[37m  - VOs (merge): [0m
[33mNew empty block [37m
  VOs (IFS): 
  Constant properties:
  Non-constant properties:
  Constant context slots:
  Non-constant context slots:
[0m
[32m+ 0x12401123750  n78: Jump[0m[0m
[33mNew empty block [37m
  VOs (IFS): 
  Constant properties:
  Non-constant properties:
  Constant context slots:
  Non-constant context slots:
[0m
[32m+ 0x124011237d0  n79: Jump[0m[0m
[32m+ 0x12401123970  n80: Deopt(Insufficient type feedback for generic global access)[0m[0m
[91mDEAD  : 23 04 0a          LdaGlobal [4:"print"], FBV[10][0m
[36m  71 : d2                Star2[0m
[91mDEAD  : d2                Star2[0m
[36m  72 : 18 02             LdaCurrentContextSlot [2][0m
[91mDEAD  : 18 02             LdaCurrentContextSlot [2][0m
[36m  74 : d1                Star3[0m
[91mDEAD  : d1                Star3[0m
[36m  75 : 6d f7 f6 0c       CallUndefinedReceiver1 r2, r3, FBV[12][0m
[91mDEAD  : 6d f7 f6 0c       CallUndefinedReceiver1 r2, r3, FBV[12][0m
[36m  79 : d4                Star0[0m
[91mDEAD  : d4                Star0[0m
[36m  80 : b9                Return[0m
[91mDEAD  : b9                Return[0m

----- After graph building -----
Graph

   [0m  [0m20: Constant(0x09b80101e235 <JSFunction trunc (sfi = 0x9b80101e175)>), 0 uses 🪦
   [0m  [0m29: Constant(0x09b80101e221 <ScriptContext[3]>), 0 uses 🪦
   [0m  [0m21: Constant(0x09b80101e1a5 <HeapNumber 1.5>), 0 uses 🪦
   [0m  [0m25: Constant(0x09b80101e1b1 <HeapNumber 0.25>), 0 uses 🪦
   [0m  [0m30: Constant(0x09b801004979 <JSGlobalProxy>), 0 uses 🪦
   [0m  [0m47: Constant(0x09b80101e211 <FeedbackCell[one closure]>), 2 uses
   [0m  [0m28: RootConstant(undefined_value), 0 uses 🪦
   [0m  [0m18: RootConstant(true_value), 0 uses 🪦
   [0m  [0m17: RootConstant(false_value), 0 uses 🪦
   [0m  [0m49: RootConstant(optimized_out), 0 uses 🪦
   [0m  [0m12: SmiConstant(100000), 2 uses
   [0m  [0m14: Int32Constant(100000), 4 uses, cannot truncate to int32
   [0m  [0m26: Float64Constant(0.25), 2 uses
   [0m  [0m23: Float64Constant(1.5), 2 uses
   [0m  [0m35: Float64Constant(2), 2 uses
    [0mBlock b0
   [0m[1;34m0x09b80101e10d <SharedFunctionInfo> (0x09b80101eac1 <String[23]: "workloads/truncation.js">:0:0)
[m   [0m[0;34m  16 : 01 0d a0 86 01 00 LdaSmi.ExtraWide [100000]
[m   [0m   [0m1: InitialValue(<this>), 14 uses
   [0m   [0m2: InitialValue(<context>), 18 uses
   [0m   [0m3: InitialValue(<closure>), 14 uses
   [0m   [0m4: InitialValue(r0), 0 uses 🪦
   [0m   [0m5: InitialValue(r1), 7 uses
   [0m   [0m6: InitialValue(r2), 0 uses 🪦
   [0m   [0m7: InitialValue(r3), 0 uses 🪦
   [0m   [0m8: InitialValue(r4), 0 uses 🪦
   [0m   [0m9: InitialValue(r5), 0 uses 🪦
   [0m  [0m10: FunctionEntryStackCheck
   [0m      ↳ lazy @64 (3 live vars)
   [0m      ↱ eager @64 (3 live vars)
   [0m  [0m11: CheckpointedJump b1
   [0m   ↓
    [0mBlock b1
   [0m[0;34m  22 : 79 f8 04          TestLessThan r1, EmbeddedFeedback[4]
[m   [0m      ↱ eager @22 (4 live vars)
   [0m  [0m13: CheckedSmiUntag [n5], 4 uses, cannot truncate to int32
   [0m  [0m15: Int32Compare[LessThan] [n13, n14], 0 uses 🪦
   [0m[0;34m  25 : a8 2b             JumpIfFalse [43]
[m[0;31m╭────[0m16: BranchIfInt32Compare(LessThan) [n13, n14] b2 b8
[0;31m│  [0m   ↓
[0;31m│   [0mBlock b2
[0;31m│  [0m[0;34m  27 : 18 02             LdaCurrentContextSlot [2]
[m[0;31m│  [0m  [0m19: LoadContextSlot(0x10, mutable) [n2], 3 uses
[0;31m│  [0m[0;34m  36 : 44 f8 04          Mul r1, FBV[4]
[m[0;31m│  [0m  [0m22: ChangeInt32ToFloat64 [n13], 2 uses
[0;31m│  [0m  [0m24: Float64Multiply [n22, n23], 2 uses, cannot truncate to int32 [-∞, +∞]
[0;31m│  [0m[0;34m  42 : 44 f8 05          Mul r1, FBV[5]
[m[0;31m│  [0m  [0m27: Float64Multiply [n22, n26], 1 uses, cannot truncate to int32 [-∞, +∞]
[0;31m│  [0m[1;34m0x09b80101e175 <SharedFunctionInfo trunc> (0x09b80101eac1 <String[23]: "workloads/truncation.js">:5:14)
[m[0;31m│  [0m[0;34m   0 : 0b 04             Ldar a1
[m[0;31m│  [0m  [0m31: Jump b3
[0;31m│  [0m   ↓
[0;31m│   [0mBlock b3
[0;31m│  [0m[1;34m0x09b80101e175 <SharedFunctionInfo trunc> (0x09b80101eac1 <String[23]: "workloads/truncation.js">:0:0)
[m[0;31m│  [0m[0;34m   2 : 44 03 00          Mul a0, FBV[0]
[m[0;31m│  [0m  [0m32: Float64Multiply [n24, n27], 2 uses, cannot truncate to int32 [-∞, +∞]
[0;31m│  [0m[0;34m   8 : 42 f9 01          Add r0, FBV[1]
[m[0;31m│  [0m  [0m33: Float64Add [n32, n24], 1 uses, cannot truncate to int32 [-∞, +∞]
[0;31m│  [0m[0;34m  12 : 55 00 03          BitwiseOrSmi [0], FBV[3]
[m[0;31m│  [0m  [0m34: TruncateFloat64ToInt32 [n33], 1 uses, cannot truncate to int32
[0;31m│  [0m[0;34m  18 : 51 02 05          MulSmi [2], FBV[5]
[m[0;31m│  [0m  [0m36: Float64Multiply [n32, n35], 1 uses, cannot truncate to int32 [-∞, +∞]
[0;31m│  [0m[0;34m  21 : 55 00 04          BitwiseOrSmi [0], FBV[4]
[m[0;31m│  [0m  [0m37: TruncateFloat64ToInt32 [n36], 1 uses, cannot truncate to int32
[0;31m│  [0m[0;34m  24 : 42 f7 02          Add r2, FBV[2]
[m[0;31m│  [0m  [0m38: ChangeInt32ToFloat64 [n34], 1 uses
[0;31m│  [0m  [0m39: ChangeInt32ToFloat64 [n37], 1 uses
[0;31m│  [0m  [0m40: Float64Add [n38, n39], 2 uses, can truncate to int32 [-4294967296, 4294967294]
[0;31m│  [0m[1;34m0x09b80101e10d <SharedFunctionInfo> (0x09b80101eac1 <String[23]: "workloads/truncation.js">:0:0)
[m[0;31m│  [0m[0;34m  51 : 42 f7 01          Add r2, FBV[1]
[m[0;31m│  [0m      ↱ eager @51 (5 live vars)
[0;31m│  [0m  [0m41: CheckedNumberToFloat64 [n19], 1 uses, cannot truncate to int32 [-∞, +∞]
[0;31m│  [0m  [0m42: Float64Add [n40, n41], 1 uses, cannot truncate to int32 [-∞, +∞]
[0;31m│  [0m[0;34m  54 : 55 00 00          BitwiseOrSmi [0], FBV[0]
[m[0;31m│  [0m  [0m43: TruncateFloat64ToInt32 [n42], 1 uses, cannot truncate to int32
[0;31m│  [0m[0;34m  57 : 29 02             StaCurrentContextSlot [2]
[m[0;31m│  [0m  [0m44: Int32ToNumber[kCanonicalizeSmi] [n43], 1 uses
[0;31m│  [0m  [0m45: StoreContextSlotWithWriteBarrier(2, mutable) [n2, n44]
[0;31m│  [0m      ↳ lazy @57 (3 live vars)
[0;31m│  [0m[0;34m  61 : 5b 08             Inc FBV[8]
[m[0;31m│  [0m      ↱ eager @61 (3 live vars)
[0;31m│  [0m  [0m46: Int32IncrementWithOverflow [n13], 2 uses, cannot truncate to int32
[0;31m│  [0m[0;34m  64 : 97 30 00 09       JumpLoop [48], [0], FBV[9]
[m[0;31m│  [0m  [0m48: ReduceInterruptBudgetForLoop(38) [n47]
[0;31m│  [0m      ↳ lazy @64 (3 live vars)
[0;31m│  [0m  [0m51: Int32ToNumber[kCanonicalizeSmi] [n46], 1 uses
[0;31m│  [0m  [0m50: Jump b4
[0;31m│  [0m   │  with gap moves:
[0;31m│  [0m   │    - n51 → 52: φᵀ r1
[0;31m│  [0m   ▼
[0;31m│[0;32m╭─►[0mBlock b4 peeled (effects:)
[0;31m│[0;32m│ [0m  [0m52: φᵀ r1 (n51, n77), 6 uses
[0;31m│[0;32m│ [0m[0;34m  22 : 79 f8 04          TestLessThan r1, EmbeddedFeedback[4]
[m[0;31m│[0;32m│ [0m      ↱ eager @22 (4 live vars)
[0;31m│[0;32m│ [0m  [0m53: CheckedSmiUntag [n52], 4 uses, cannot truncate to int32
[0;31m│[0;32m│ [0m  [0m54: Int32Compare[LessThan] [n53, n14], 0 uses 🪦
[0;31m│[0;32m│ [0m[0;34m  25 : a8 2b             JumpIfFalse [43]
[m[0;31m│[0;32m│[0;33m╭──[0m55: BranchIfInt32Compare(LessThan) [n53, n14] b5 b7
[0;31m│[0;32m│[0;33m│[0m   ↓
[0;31m│[0;32m│[0;33m│ [0mBlock b5
[0;31m│[0;32m│[0;33m│[0m[0;34m  27 : 18 02             LdaCurrentContextSlot [2]
[m[0;31m│[0;32m│[0;33m│[0m  [0m56: LoadContextSlot(0x10, mutable) [n2], 3 uses
[0;31m│[0;32m│[0;33m│[0m[0;34m  36 : 44 f8 04          Mul r1, FBV[4]
[m[0;31m│[0;32m│[0;33m│[0m  [0m57: ChangeInt32ToFloat64 [n53], 2 uses
[0;31m│[0;32m│[0;33m│[0m  [0m58: Float64Multiply [n57, n23], 2 uses, cannot truncate to int32 [-∞, +∞]
[0;31m│[0;32m│[0;33m│[0m[0;34m  42 : 44 f8 05          Mul r1, FBV[5]
[m[0;31m│[0;32m│[0;33m│[0m  [0m59: Float64Multiply [n57, n26], 1 uses, cannot truncate to int32 [-∞, +∞]
[0;31m│[0;32m│[0;33m│[0m[1;34m0x09b80101e175 <SharedFunctionInfo trunc> (0x09b80101eac1 <String[23]: "workloads/truncation.js">:5:14)
[m[0;31m│[0;32m│[0;33m│[0m[0;34m   0 : 0b 04             Ldar a1
[m[0;31m│[0;32m│[0;33m│[0m  [0m60: Jump b6
[0;31m│[0;32m│[0;33m│[0m   ↓
[0;31m│[0;32m│[0;33m│ [0mBlock b6
[0;31m│[0;32m│[0;33m│[0m[1;34m0x09b80101e175 <SharedFunctionInfo trunc> (0x09b80101eac1 <String[23]: "workloads/truncation.js">:0:0)
[m[0;31m│[0;32m│[0;33m│[0m[0;34m   2 : 44 03 00          Mul a0, FBV[0]
[m[0;31m│[0;32m│[0;33m│[0m  [0m61: Float64Multiply [n58, n59], 2 uses, cannot truncate to int32 [-∞, +∞]
[0;31m│[0;32m│[0;33m│[0m[0;34m   8 : 42 f9 01          Add r0, FBV[1]
[m[0;31m│[0;32m│[0;33m│[0m  [0m62: Float64Add [n58, n61], 1 uses, cannot truncate to int32 [-∞, +∞]
[0;31m│[0;32m│[0;33m│[0m[0;34m  12 : 55 00 03          BitwiseOrSmi [0], FBV[3]
[m[0;31m│[0;32m│[0;33m│[0m  [0m63: TruncateFloat64ToInt32 [n62], 1 uses, cannot truncate to int32
[0;31m│[0;32m│[0;33m│[0m[0;34m  18 : 51 02 05          MulSmi [2], FBV[5]
[m[0;31m│[0;32m│[0;33m│[0m  [0m64: Float64Multiply [n61, n35], 1 uses, cannot truncate to int32 [-∞, +∞]
[0;31m│[0;32m│[0;33m│[0m[0;34m  21 : 55 00 04          BitwiseOrSmi [0], FBV[4]
[m[0;31m│[0;32m│[0;33m│[0m  [0m65: TruncateFloat64ToInt32 [n64], 1 uses, cannot truncate to int32
[0;31m│[0;32m│[0;33m│[0m[0;34m  24 : 42 f7 02          Add r2, FBV[2]
[m[0;31m│[0;32m│[0;33m│[0m  [0m66: ChangeInt32ToFloat64 [n63], 1 uses
[0;31m│[0;32m│[0;33m│[0m  [0m67: ChangeInt32ToFloat64 [n65], 1 uses
[0;31m│[0;32m│[0;33m│[0m  [0m68: Float64Add [n66, n67], 2 uses, can truncate to int32 [-4294967296, 4294967294]
[0;31m│[0;32m│[0;33m│[0m[1;34m0x09b80101e10d <SharedFunctionInfo> (0x09b80101eac1 <String[23]: "workloads/truncation.js">:0:0)
[m[0;31m│[0;32m│[0;33m│[0m[0;34m  51 : 42 f7 01          Add r2, FBV[1]
[m[0;31m│[0;32m│[0;33m│[0m      ↱ eager @51 (5 live vars)
[0;31m│[0;32m│[0;33m│[0m  [0m69: CheckedNumberToFloat64 [n56], 1 uses, cannot truncate to int32 [-∞, +∞]
[0;31m│[0;32m│[0;33m│[0m  [0m70: Float64Add [n68, n69], 1 uses, cannot truncate to int32 [-∞, +∞]
[0;31m│[0;32m│[0;33m│[0m[0;34m  54 : 55 00 00          BitwiseOrSmi [0], FBV[0]
[m[0;31m│[0;32m│[0;33m│[0m  [0m71: TruncateFloat64ToInt32 [n70], 1 uses, cannot truncate to int32
[0;31m│[0;32m│[0;33m│[0m[0;34m  57 : 29 02             StaCurrentContextSlot [2]
[m[0;31m│[0;32m│[0;33m│[0m  [0m72: Int32ToNumber[kCanonicalizeSmi] [n71], 1 uses
[0;31m│[0;32m│[0;33m│[0m  [0m73: StoreContextSlotWithWriteBarrier(2, mutable) [n2, n72]
[0;31m│[0;32m│[0;33m│[0m      ↳ lazy @57 (3 live vars)
[0;31m│[0;32m│[0;33m│[0m[0;34m  61 : 5b 08             Inc FBV[8]
[m[0;31m│[0;32m│[0;33m│[0m      ↱ eager @61 (3 live vars)
[0;31m│[0;32m│[0;33m│[0m  [0m74: Int32IncrementWithOverflow [n53], 2 uses, cannot truncate to int32
[0;31m│[0;32m│[0;33m│[0m[0;34m  64 : 97 30 00 09       JumpLoop [48], [0], FBV[9]
[m[0;31m│[0;32m│[0;33m│[0m  [0m75: ReduceInterruptBudgetForLoop(38) [n47]
[0;31m│[0;32m│[0;33m│[0m      ↳ lazy @64 (3 live vars)
[0;31m│[0;32m│[0;33m│[0m  [0m77: Int32ToNumber[kCanonicalizeSmi] [n74], 1 uses
[0;31m│[0;32m│[0;33m│[0m      ↱ eager @61 (3 live vars)
[0;31m│[0;32m╰─◄─[0m76: JumpLoop b4
[0;31m│ [0;33m│[0m      with gap moves:
[0;31m│ [0;33m│[0m        - n77 → 52: φᵀ r1
[0;31m│ [0;33m│[0m
[0;31m│ [0;33m╰►[0mBlock b7
[0;31m│  [0m[0;34m  68 : 23 04 0a          LdaGlobal [4:"print"], FBV[10]
[m[0;31m│[0;32m╭───[0m78: Jump b9
[0;31m│[0;32m│ [0m
[0;31m╰──►[0mBlock b8
 [0;32m│ [0m  [0m79: Jump b9
 [0;32m│ [0m   ↓
 [0;32m╰─►[0mBlock b9
   [0m      ↱ eager @68 (2 live vars)
   [0m  [0m80: Deopt(Insufficient type feedback for generic global access)
   [0m

----- After propagating truncation -----
Graph

   [0m  [0m20: Constant(0x09b80101e235 <JSFunction trunc (sfi = 0x9b80101e175)>), 0 uses 🪦
   [0m  [0m29: Constant(0x09b80101e221 <ScriptContext[3]>), 0 uses 🪦
   [0m  [0m21: Constant(0x09b80101e1a5 <HeapNumber 1.5>), 0 uses 🪦
   [0m  [0m25: Constant(0x09b80101e1b1 <HeapNumber 0.25>), 0 uses 🪦
   [0m  [0m30: Constant(0x09b801004979 <JSGlobalProxy>), 0 uses 🪦
   [0m  [0m47: Constant(0x09b80101e211 <FeedbackCell[one closure]>), 2 uses
   [0m  [0m28: RootConstant(undefined_value), 0 uses 🪦
   [0m  [0m18: RootConstant(true_value), 0 uses 🪦
   [0m  [0m17: RootConstant(false_value), 0 uses 🪦
   [0m  [0m49: RootConstant(optimized_out), 0 uses 🪦
   [0m  [0m12: SmiConstant(100000), 2 uses
   [0m  [0m14: Int32Constant(100000), 4 uses, cannot truncate to int32
   [0m  [0m26: Float64Constant(0.25), 2 uses
   [0m  [0m23: Float64Constant(1.5), 2 uses
   [0m  [0m35: Float64Constant(2), 2 uses
    [0mBlock b0
   [0m[1;34m0x09b80101e10d <SharedFunctionInfo> (0x09b80101eac1 <String[23]: "workloads/truncation.js">:0:0)
[m   [0m[0;34m  16 : 01 0d a0 86 01 00 LdaSmi.ExtraWide [100000]
[m   [0m   [0m1: InitialValue(<this>), 14 uses
   [0m   [0m2: InitialValue(<context>), 18 uses
   [0m   [0m3: InitialValue(<closure>), 14 uses
   [0m   [0m4: InitialValue(r0), 0 uses 🪦
   [0m   [0m5: InitialValue(r1), 7 uses
   [0m   [0m6: InitialValue(r2), 0 uses 🪦
   [0m   [0m7: InitialValue(r3), 0 uses 🪦
   [0m   [0m8: InitialValue(r4), 0 uses 🪦
   [0m   [0m9: InitialValue(r5), 0 uses 🪦
   [0m  [0m10: FunctionEntryStackCheck
   [0m      ↳ lazy @64 (3 live vars)
   [0m      ↱ eager @64 (3 live vars)
   [0m  [0m11: CheckpointedJump b1
   [0m   ↓
    [0mBlock b1
   [0m[0;34m  22 : 79 f8 04          TestLessThan r1, EmbeddedFeedback[4]
[m   [0m      ↱ eager @22 (4 live vars)
   [0m  [0m13: CheckedSmiUntag [n5], 4 uses, cannot truncate to int32
   [0m  [0m15: Int32Compare[LessThan] [n13, n14], 0 uses 🪦
   [0m[0;34m  25 : a8 2b             JumpIfFalse [43]
[m[0;31m╭────[0m16: BranchIfInt32Compare(LessThan) [n13, n14] b2 b8
[0;31m│  [0m   ↓
[0;31m│   [0mBlock b2
[0;31m│  [0m[0;34m  27 : 18 02             LdaCurrentContextSlot [2]
[m[0;31m│  [0m  [0m19: LoadContextSlot(0x10, mutable) [n2], 3 uses
[0;31m│  [0m[0;34m  36 : 44 f8 04          Mul r1, FBV[4]
[m[0;31m│  [0m  [0m22: ChangeInt32ToFloat64 [n13], 2 uses
[0;31m│  [0m  [0m24: Float64Multiply [n22, n23], 2 uses, cannot truncate to int32 [-∞, +∞]
[0;31m│  [0m[0;34m  42 : 44 f8 05          Mul r1, FBV[5]
[m[0;31m│  [0m  [0m27: Float64Multiply [n22, n26], 1 uses, cannot truncate to int32 [-∞, +∞]
[0;31m│  [0m[1;34m0x09b80101e175 <SharedFunctionInfo trunc> (0x09b80101eac1 <String[23]: "workloads/truncation.js">:5:14)
[m[0;31m│  [0m[0;34m   0 : 0b 04             Ldar a1
[m[0;31m│  [0m  [0m31: Jump b3
[0;31m│  [0m   ↓
[0;31m│   [0mBlock b3
[0;31m│  [0m[1;34m0x09b80101e175 <SharedFunctionInfo trunc> (0x09b80101eac1 <String[23]: "workloads/truncation.js">:0:0)
[m[0;31m│  [0m[0;34m   2 : 44 03 00          Mul a0, FBV[0]
[m[0;31m│  [0m  [0m32: Float64Multiply [n24, n27], 2 uses, cannot truncate to int32 [-∞, +∞]
[0;31m│  [0m[0;34m   8 : 42 f9 01          Add r0, FBV[1]
[m[0;31m│  [0m  [0m33: Float64Add [n32, n24], 1 uses, cannot truncate to int32 [-∞, +∞]
[0;31m│  [0m[0;34m  12 : 55 00 03          BitwiseOrSmi [0], FBV[3]
[m[0;31m│  [0m  [0m34: TruncateFloat64ToInt32 [n33], 1 uses, cannot truncate to int32
[0;31m│  [0m[0;34m  18 : 51 02 05          MulSmi [2], FBV[5]
[m[0;31m│  [0m  [0m36: Float64Multiply [n32, n35], 1 uses, cannot truncate to int32 [-∞, +∞]
[0;31m│  [0m[0;34m  21 : 55 00 04          BitwiseOrSmi [0], FBV[4]
[m[0;31m│  [0m  [0m37: TruncateFloat64ToInt32 [n36], 1 uses, cannot truncate to int32
[0;31m│  [0m[0;34m  24 : 42 f7 02          Add r2, FBV[2]
[m[0;31m│  [0m  [0m38: ChangeInt32ToFloat64 [n34], 1 uses
[0;31m│  [0m  [0m39: ChangeInt32ToFloat64 [n37], 1 uses
[0;31m│  [0m  [0m40: Float64Add [n38, n39], 2 uses, cannot truncate to int32 [-4294967296, 4294967294]
[0;31m│  [0m[1;34m0x09b80101e10d <SharedFunctionInfo> (0x09b80101eac1 <String[23]: "workloads/truncation.js">:0:0)
[m[0;31m│  [0m[0;34m  51 : 42 f7 01          Add r2, FBV[1]
[m[0;31m│  [0m      ↱ eager @51 (5 live vars)
[0;31m│  [0m  [0m41: CheckedNumberToFloat64 [n19], 1 uses, cannot truncate to int32 [-∞, +∞]
[0;31m│  [0m  [0m42: Float64Add [n40, n41], 1 uses, cannot truncate to int32 [-∞, +∞]
[0;31m│  [0m[0;34m  54 : 55 00 00          BitwiseOrSmi [0], FBV[0]
[m[0;31m│  [0m  [0m43: TruncateFloat64ToInt32 [n42], 1 uses, cannot truncate to int32
[0;31m│  [0m[0;34m  57 : 29 02             StaCurrentContextSlot [2]
[m[0;31m│  [0m  [0m44: Int32ToNumber[kCanonicalizeSmi] [n43], 1 uses
[0;31m│  [0m  [0m45: StoreContextSlotWithWriteBarrier(2, mutable) [n2, n44]
[0;31m│  [0m      ↳ lazy @57 (3 live vars)
[0;31m│  [0m[0;34m  61 : 5b 08             Inc FBV[8]
[m[0;31m│  [0m      ↱ eager @61 (3 live vars)
[0;31m│  [0m  [0m46: Int32IncrementWithOverflow [n13], 2 uses, cannot truncate to int32
[0;31m│  [0m[0;34m  64 : 97 30 00 09       JumpLoop [48], [0], FBV[9]
[m[0;31m│  [0m  [0m48: ReduceInterruptBudgetForLoop(38) [n47]
[0;31m│  [0m      ↳ lazy @64 (3 live vars)
[0;31m│  [0m  [0m51: Int32ToNumber[kCanonicalizeSmi] [n46], 1 uses
[0;31m│  [0m  [0m50: Jump b4
[0;31m│  [0m   │  with gap moves:
[0;31m│  [0m   │    - n51 → 52: φᵀ r1
[0;31m│  [0m   ▼
[0;31m│[0;32m╭─►[0mBlock b4 peeled (effects:)
[0;31m│[0;32m│ [0m  [0m52: φᵀ r1 (n51, n77), 6 uses
[0;31m│[0;32m│ [0m[0;34m  22 : 79 f8 04          TestLessThan r1, EmbeddedFeedback[4]
[m[0;31m│[0;32m│ [0m      ↱ eager @22 (4 live vars)
[0;31m│[0;32m│ [0m  [0m53: CheckedSmiUntag [n52], 4 uses, cannot truncate to int32
[0;31m│[0;32m│ [0m  [0m54: Int32Compare[LessThan] [n53, n14], 0 uses 🪦
[0;31m│[0;32m│ [0m[0;34m  25 : a8 2b             JumpIfFalse [43]
[m[0;31m│[0;32m│[0;33m╭──[0m55: BranchIfInt32Compare(LessThan) [n53, n14] b5 b7
[0;31m│[0;32m│[0;33m│[0m   ↓
[0;31m│[0;32m│[0;33m│ [0mBlock b5
[0;31m│[0;32m│[0;33m│[0m[0;34m  27 : 18 02             LdaCurrentContextSlot [2]
[m[0;31m│[0;32m│[0;33m│[0m  [0m56: LoadContextSlot(0x10, mutable) [n2], 3 uses
[0;31m│[0;32m│[0;33m│[0m[0;34m  36 : 44 f8 04          Mul r1, FBV[4]
[m[0;31m│[0;32m│[0;33m│[0m  [0m57: ChangeInt32ToFloat64 [n53], 2 uses
[0;31m│[0;32m│[0;33m│[0m  [0m58: Float64Multiply [n57, n23], 2 uses, cannot truncate to int32 [-∞, +∞]
[0;31m│[0;32m│[0;33m│[0m[0;34m  42 : 44 f8 05          Mul r1, FBV[5]
[m[0;31m│[0;32m│[0;33m│[0m  [0m59: Float64Multiply [n57, n26], 1 uses, cannot truncate to int32 [-∞, +∞]
[0;31m│[0;32m│[0;33m│[0m[1;34m0x09b80101e175 <SharedFunctionInfo trunc> (0x09b80101eac1 <String[23]: "workloads/truncation.js">:5:14)
[m[0;31m│[0;32m│[0;33m│[0m[0;34m   0 : 0b 04             Ldar a1
[m[0;31m│[0;32m│[0;33m│[0m  [0m60: Jump b6
[0;31m│[0;32m│[0;33m│[0m   ↓
[0;31m│[0;32m│[0;33m│ [0mBlock b6
[0;31m│[0;32m│[0;33m│[0m[1;34m0x09b80101e175 <SharedFunctionInfo trunc> (0x09b80101eac1 <String[23]: "workloads/truncation.js">:0:0)
[m[0;31m│[0;32m│[0;33m│[0m[0;34m   2 : 44 03 00          Mul a0, FBV[0]
[m[0;31m│[0;32m│[0;33m│[0m  [0m61: Float64Multiply [n58, n59], 2 uses, cannot truncate to int32 [-∞, +∞]
[0;31m│[0;32m│[0;33m│[0m[0;34m   8 : 42 f9 01          Add r0, FBV[1]
[m[0;31m│[0;32m│[0;33m│[0m  [0m62: Float64Add [n58, n61], 1 uses, cannot truncate to int32 [-∞, +∞]
[0;31m│[0;32m│[0;33m│[0m[0;34m  12 : 55 00 03          BitwiseOrSmi [0], FBV[3]
[m[0;31m│[0;32m│[0;33m│[0m  [0m63: TruncateFloat64ToInt32 [n62], 1 uses, cannot truncate to int32
[0;31m│[0;32m│[0;33m│[0m[0;34m  18 : 51 02 05          MulSmi [2], FBV[5]
[m[0;31m│[0;32m│[0;33m│[0m  [0m64: Float64Multiply [n61, n35], 1 uses, cannot truncate to int32 [-∞, +∞]
[0;31m│[0;32m│[0;33m│[0m[0;34m  21 : 55 00 04          BitwiseOrSmi [0], FBV[4]
[m[0;31m│[0;32m│[0;33m│[0m  [0m65: TruncateFloat64ToInt32 [n64], 1 uses, cannot truncate to int32
[0;31m│[0;32m│[0;33m│[0m[0;34m  24 : 42 f7 02          Add r2, FBV[2]
[m[0;31m│[0;32m│[0;33m│[0m  [0m66: ChangeInt32ToFloat64 [n63], 1 uses
[0;31m│[0;32m│[0;33m│[0m  [0m67: ChangeInt32ToFloat64 [n65], 1 uses
[0;31m│[0;32m│[0;33m│[0m  [0m68: Float64Add [n66, n67], 2 uses, cannot truncate to int32 [-4294967296, 4294967294]
[0;31m│[0;32m│[0;33m│[0m[1;34m0x09b80101e10d <SharedFunctionInfo> (0x09b80101eac1 <String[23]: "workloads/truncation.js">:0:0)
[m[0;31m│[0;32m│[0;33m│[0m[0;34m  51 : 42 f7 01          Add r2, FBV[1]
[m[0;31m│[0;32m│[0;33m│[0m      ↱ eager @51 (5 live vars)
[0;31m│[0;32m│[0;33m│[0m  [0m69: CheckedNumberToFloat64 [n56], 1 uses, cannot truncate to int32 [-∞, +∞]
[0;31m│[0;32m│[0;33m│[0m  [0m70: Float64Add [n68, n69], 1 uses, cannot truncate to int32 [-∞, +∞]
[0;31m│[0;32m│[0;33m│[0m[0;34m  54 : 55 00 00          BitwiseOrSmi [0], FBV[0]
[m[0;31m│[0;32m│[0;33m│[0m  [0m71: TruncateFloat64ToInt32 [n70], 1 uses, cannot truncate to int32
[0;31m│[0;32m│[0;33m│[0m[0;34m  57 : 29 02             StaCurrentContextSlot [2]
[m[0;31m│[0;32m│[0;33m│[0m  [0m72: Int32ToNumber[kCanonicalizeSmi] [n71], 1 uses
[0;31m│[0;32m│[0;33m│[0m  [0m73: StoreContextSlotWithWriteBarrier(2, mutable) [n2, n72]
[0;31m│[0;32m│[0;33m│[0m      ↳ lazy @57 (3 live vars)
[0;31m│[0;32m│[0;33m│[0m[0;34m  61 : 5b 08             Inc FBV[8]
[m[0;31m│[0;32m│[0;33m│[0m      ↱ eager @61 (3 live vars)
[0;31m│[0;32m│[0;33m│[0m  [0m74: Int32IncrementWithOverflow [n53], 2 uses, cannot truncate to int32
[0;31m│[0;32m│[0;33m│[0m[0;34m  64 : 97 30 00 09       JumpLoop [48], [0], FBV[9]
[m[0;31m│[0;32m│[0;33m│[0m  [0m75: ReduceInterruptBudgetForLoop(38) [n47]
[0;31m│[0;32m│[0;33m│[0m      ↳ lazy @64 (3 live vars)
[0;31m│[0;32m│[0;33m│[0m  [0m77: Int32ToNumber[kCanonicalizeSmi] [n74], 1 uses
[0;31m│[0;32m│[0;33m│[0m      ↱ eager @61 (3 live vars)
[0;31m│[0;32m╰─◄─[0m76: JumpLoop b4
[0;31m│ [0;33m│[0m      with gap moves:
[0;31m│ [0;33m│[0m        - n77 → 52: φᵀ r1
[0;31m│ [0;33m│[0m
[0;31m│ [0;33m╰►[0mBlock b7
[0;31m│  [0m[0;34m  68 : 23 04 0a          LdaGlobal [4:"print"], FBV[10]
[m[0;31m│[0;32m╭───[0m78: Jump b9
[0;31m│[0;32m│ [0m
[0;31m╰──►[0mBlock b8
 [0;32m│ [0m  [0m79: Jump b9
 [0;32m│ [0m   ↓
 [0;32m╰─►[0mBlock b9
   [0m      ↱ eager @68 (2 live vars)
   [0m  [0m80: Deopt(Insufficient type feedback for generic global access)
   [0m

----- After truncation -----
Graph

   [0m  [0m20: Constant(0x09b80101e235 <JSFunction trunc (sfi = 0x9b80101e175)>), 0 uses 🪦
   [0m  [0m29: Constant(0x09b80101e221 <ScriptContext[3]>), 0 uses 🪦
   [0m  [0m21: Constant(0x09b80101e1a5 <HeapNumber 1.5>), 0 uses 🪦
   [0m  [0m25: Constant(0x09b80101e1b1 <HeapNumber 0.25>), 0 uses 🪦
   [0m  [0m30: Constant(0x09b801004979 <JSGlobalProxy>), 0 uses 🪦
   [0m  [0m47: Constant(0x09b80101e211 <FeedbackCell[one closure]>), 2 uses
   [0m  [0m28: RootConstant(undefined_value), 0 uses 🪦
   [0m  [0m18: RootConstant(true_value), 0 uses 🪦
   [0m  [0m17: RootConstant(false_value), 0 uses 🪦
   [0m  [0m49: RootConstant(optimized_out), 0 uses 🪦
   [0m  [0m12: SmiConstant(100000), 2 uses
   [0m  [0m14: Int32Constant(100000), 4 uses, cannot truncate to int32
   [0m  [0m26: Float64Constant(0.25), 2 uses
   [0m  [0m23: Float64Constant(1.5), 2 uses
   [0m  [0m35: Float64Constant(2), 2 uses
    [0mBlock b0
   [0m[1;34m0x09b80101e10d <SharedFunctionInfo> (0x09b80101eac1 <String[23]: "workloads/truncation.js">:0:0)
[m   [0m[0;34m  16 : 01 0d a0 86 01 00 LdaSmi.ExtraWide [100000]
[m   [0m   [0m1: InitialValue(<this>), 14 uses
   [0m   [0m2: InitialValue(<context>), 18 uses
   [0m   [0m3: InitialValue(<closure>), 14 uses
   [0m   [0m4: InitialValue(r0), 0 uses 🪦
   [0m   [0m5: InitialValue(r1), 7 uses
   [0m   [0m6: InitialValue(r2), 0 uses 🪦
   [0m   [0m7: InitialValue(r3), 0 uses 🪦
   [0m   [0m8: InitialValue(r4), 0 uses 🪦
   [0m   [0m9: InitialValue(r5), 0 uses 🪦
   [0m  [0m10: FunctionEntryStackCheck
   [0m      ↳ lazy @64 (3 live vars)
   [0m      ↱ eager @64 (3 live vars)
   [0m  [0m11: CheckpointedJump b1
   [0m   ↓
    [0mBlock b1
   [0m[0;34m  22 : 79 f8 04          TestLessThan r1, EmbeddedFeedback[4]
[m   [0m      ↱ eager @22 (4 live vars)
   [0m  [0m13: CheckedSmiUntag [n5], 4 uses, cannot truncate to int32
   [0m  [0m15: Int32Compare[LessThan] [n13, n14], 0 uses 🪦
   [0m[0;34m  25 : a8 2b             JumpIfFalse [43]
[m[0;31m╭────[0m16: BranchIfInt32Compare(LessThan) [n13, n14] b2 b8
[0;31m│  [0m   ↓
[0;31m│   [0mBlock b2
[0;31m│  [0m[0;34m  27 : 18 02             LdaCurrentContextSlot [2]
[m[0;31m│  [0m  [0m19: LoadContextSlot(0x10, mutable) [n2], 3 uses
[0;31m│  [0m[0;34m  36 : 44 f8 04          Mul r1, FBV[4]
[m[0;31m│  [0m  [0m22: ChangeInt32ToFloat64 [n13], 2 uses
[0;31m│  [0m  [0m24: Float64Multiply [n22, n23], 2 uses, cannot truncate to int32 [-∞, +∞]
[0;31m│  [0m[0;34m  42 : 44 f8 05          Mul r1, FBV[5]
[m[0;31m│  [0m  [0m27: Float64Multiply [n22, n26], 1 uses, cannot truncate to int32 [-∞, +∞]
[0;31m│  [0m[1;34m0x09b80101e175 <SharedFunctionInfo trunc> (0x09b80101eac1 <String[23]: "workloads/truncation.js">:5:14)
[m[0;31m│  [0m[0;34m   0 : 0b 04             Ldar a1
[m[0;31m│  [0m  [0m31: Jump b3
[0;31m│  [0m   ↓
[0;31m│   [0mBlock b3
[0;31m│  [0m[1;34m0x09b80101e175 <SharedFunctionInfo trunc> (0x09b80101eac1 <String[23]: "workloads/truncation.js">:0:0)
[m[0;31m│  [0m[0;34m   2 : 44 03 00          Mul a0, FBV[0]
[m[0;31m│  [0m  [0m32: Float64Multiply [n24, n27], 2 uses, cannot truncate to int32 [-∞, +∞]
[0;31m│  [0m[0;34m   8 : 42 f9 01          Add r0, FBV[1]
[m[0;31m│  [0m  [0m33: Float64Add [n32, n24], 1 uses, cannot truncate to int32 [-∞, +∞]
[0;31m│  [0m[0;34m  12 : 55 00 03          BitwiseOrSmi [0], FBV[3]
[m[0;31m│  [0m  [0m34: TruncateFloat64ToInt32 [n33], 1 uses, cannot truncate to int32
[0;31m│  [0m[0;34m  18 : 51 02 05          MulSmi [2], FBV[5]
[m[0;31m│  [0m  [0m36: Float64Multiply [n32, n35], 1 uses, cannot truncate to int32 [-∞, +∞]
[0;31m│  [0m[0;34m  21 : 55 00 04          BitwiseOrSmi [0], FBV[4]
[m[0;31m│  [0m  [0m37: TruncateFloat64ToInt32 [n36], 1 uses, cannot truncate to int32
[0;31m│  [0m[0;34m  24 : 42 f7 02          Add r2, FBV[2]
[m[0;31m│  [0m  [0m38: ChangeInt32ToFloat64 [n34], 1 uses
[0;31m│  [0m  [0m39: ChangeInt32ToFloat64 [n37], 1 uses
[0;31m│  [0m  [0m40: Float64Add [n38, n39], 2 uses, cannot truncate to int32 [-4294967296, 4294967294]
[0;31m│  [0m[1;34m0x09b80101e10d <SharedFunctionInfo> (0x09b80101eac1 <String[23]: "workloads/truncation.js">:0:0)
[m[0;31m│  [0m[0;34m  51 : 42 f7 01          Add r2, FBV[1]
[m[0;31m│  [0m      ↱ eager @51 (5 live vars)
[0;31m│  [0m  [0m41: CheckedNumberToFloat64 [n19], 1 uses, cannot truncate to int32 [-∞, +∞]
[0;31m│  [0m  [0m42: Float64Add [n40, n41], 1 uses, cannot truncate to int32 [-∞, +∞]
[0;31m│  [0m[0;34m  54 : 55 00 00          BitwiseOrSmi [0], FBV[0]
[m[0;31m│  [0m  [0m43: TruncateFloat64ToInt32 [n42], 1 uses, cannot truncate to int32
[0;31m│  [0m[0;34m  57 : 29 02             StaCurrentContextSlot [2]
[m[0;31m│  [0m  [0m44: Int32ToNumber[kCanonicalizeSmi] [n43], 1 uses
[0;31m│  [0m  [0m45: StoreContextSlotWithWriteBarrier(2, mutable) [n2, n44]
[0;31m│  [0m      ↳ lazy @57 (3 live vars)
[0;31m│  [0m[0;34m  61 : 5b 08             Inc FBV[8]
[m[0;31m│  [0m      ↱ eager @61 (3 live vars)
[0;31m│  [0m  [0m46: Int32IncrementWithOverflow [n13], 2 uses, cannot truncate to int32
[0;31m│  [0m[0;34m  64 : 97 30 00 09       JumpLoop [48], [0], FBV[9]
[m[0;31m│  [0m  [0m48: ReduceInterruptBudgetForLoop(38) [n47]
[0;31m│  [0m      ↳ lazy @64 (3 live vars)
[0;31m│  [0m  [0m51: Int32ToNumber[kCanonicalizeSmi] [n46], 1 uses
[0;31m│  [0m  [0m50: Jump b4
[0;31m│  [0m   │  with gap moves:
[0;31m│  [0m   │    - n51 → 52: φᵀ r1
[0;31m│  [0m   ▼
[0;31m│[0;32m╭─►[0mBlock b4 peeled (effects:)
[0;31m│[0;32m│ [0m  [0m52: φᵀ r1 (n51, n77), 6 uses
[0;31m│[0;32m│ [0m[0;34m  22 : 79 f8 04          TestLessThan r1, EmbeddedFeedback[4]
[m[0;31m│[0;32m│ [0m      ↱ eager @22 (4 live vars)
[0;31m│[0;32m│ [0m  [0m53: CheckedSmiUntag [n52], 4 uses, cannot truncate to int32
[0;31m│[0;32m│ [0m  [0m54: Int32Compare[LessThan] [n53, n14], 0 uses 🪦
[0;31m│[0;32m│ [0m[0;34m  25 : a8 2b             JumpIfFalse [43]
[m[0;31m│[0;32m│[0;33m╭──[0m55: BranchIfInt32Compare(LessThan) [n53, n14] b5 b7
[0;31m│[0;32m│[0;33m│[0m   ↓
[0;31m│[0;32m│[0;33m│ [0mBlock b5
[0;31m│[0;32m│[0;33m│[0m[0;34m  27 : 18 02             LdaCurrentContextSlot [2]
[m[0;31m│[0;32m│[0;33m│[0m  [0m56: LoadContextSlot(0x10, mutable) [n2], 3 uses
[0;31m│[0;32m│[0;33m│[0m[0;34m  36 : 44 f8 04          Mul r1, FBV[4]
[m[0;31m│[0;32m│[0;33m│[0m  [0m57: ChangeInt32ToFloat64 [n53], 2 uses
[0;31m│[0;32m│[0;33m│[0m  [0m58: Float64Multiply [n57, n23], 2 uses, cannot truncate to int32 [-∞, +∞]
[0;31m│[0;32m│[0;33m│[0m[0;34m  42 : 44 f8 05          Mul r1, FBV[5]
[m[0;31m│[0;32m│[0;33m│[0m  [0m59: Float64Multiply [n57, n26], 1 uses, cannot truncate to int32 [-∞, +∞]
[0;31m│[0;32m│[0;33m│[0m[1;34m0x09b80101e175 <SharedFunctionInfo trunc> (0x09b80101eac1 <String[23]: "workloads/truncation.js">:5:14)
[m[0;31m│[0;32m│[0;33m│[0m[0;34m   0 : 0b 04             Ldar a1
[m[0;31m│[0;32m│[0;33m│[0m  [0m60: Jump b6
[0;31m│[0;32m│[0;33m│[0m   ↓
[0;31m│[0;32m│[0;33m│ [0mBlock b6
[0;31m│[0;32m│[0;33m│[0m[1;34m0x09b80101e175 <SharedFunctionInfo trunc> (0x09b80101eac1 <String[23]: "workloads/truncation.js">:0:0)
[m[0;31m│[0;32m│[0;33m│[0m[0;34m   2 : 44 03 00          Mul a0, FBV[0]
[m[0;31m│[0;32m│[0;33m│[0m  [0m61: Float64Multiply [n58, n59], 2 uses, cannot truncate to int32 [-∞, +∞]
[0;31m│[0;32m│[0;33m│[0m[0;34m   8 : 42 f9 01          Add r0, FBV[1]
[m[0;31m│[0;32m│[0;33m│[0m  [0m62: Float64Add [n58, n61], 1 uses, cannot truncate to int32 [-∞, +∞]
[0;31m│[0;32m│[0;33m│[0m[0;34m  12 : 55 00 03          BitwiseOrSmi [0], FBV[3]
[m[0;31m│[0;32m│[0;33m│[0m  [0m63: TruncateFloat64ToInt32 [n62], 1 uses, cannot truncate to int32
[0;31m│[0;32m│[0;33m│[0m[0;34m  18 : 51 02 05          MulSmi [2], FBV[5]
[m[0;31m│[0;32m│[0;33m│[0m  [0m64: Float64Multiply [n61, n35], 1 uses, cannot truncate to int32 [-∞, +∞]
[0;31m│[0;32m│[0;33m│[0m[0;34m  21 : 55 00 04          BitwiseOrSmi [0], FBV[4]
[m[0;31m│[0;32m│[0;33m│[0m  [0m65: TruncateFloat64ToInt32 [n64], 1 uses, cannot truncate to int32
[0;31m│[0;32m│[0;33m│[0m[0;34m  24 : 42 f7 02          Add r2, FBV[2]
[m[0;31m│[0;32m│[0;33m│[0m  [0m66: ChangeInt32ToFloat64 [n63], 1 uses
[0;31m│[0;32m│[0;33m│[0m  [0m67: ChangeInt32ToFloat64 [n65], 1 uses
[0;31m│[0;32m│[0;33m│[0m  [0m68: Float64Add [n66, n67], 2 uses, cannot truncate to int32 [-4294967296, 4294967294]
[0;31m│[0;32m│[0;33m│[0m[1;34m0x09b80101e10d <SharedFunctionInfo> (0x09b80101eac1 <String[23]: "workloads/truncation.js">:0:0)
[m[0;31m│[0;32m│[0;33m│[0m[0;34m  51 : 42 f7 01          Add r2, FBV[1]
[m[0;31m│[0;32m│[0;33m│[0m      ↱ eager @51 (5 live vars)
[0;31m│[0;32m│[0;33m│[0m  [0m69: CheckedNumberToFloat64 [n56], 1 uses, cannot truncate to int32 [-∞, +∞]
[0;31m│[0;32m│[0;33m│[0m  [0m70: Float64Add [n68, n69], 1 uses, cannot truncate to int32 [-∞, +∞]
[0;31m│[0;32m│[0;33m│[0m[0;34m  54 : 55 00 00          BitwiseOrSmi [0], FBV[0]
[m[0;31m│[0;32m│[0;33m│[0m  [0m71: TruncateFloat64ToInt32 [n70], 1 uses, cannot truncate to int32
[0;31m│[0;32m│[0;33m│[0m[0;34m  57 : 29 02             StaCurrentContextSlot [2]
[m[0;31m│[0;32m│[0;33m│[0m  [0m72: Int32ToNumber[kCanonicalizeSmi] [n71], 1 uses
[0;31m│[0;32m│[0;33m│[0m  [0m73: StoreContextSlotWithWriteBarrier(2, mutable) [n2, n72]
[0;31m│[0;32m│[0;33m│[0m      ↳ lazy @57 (3 live vars)
[0;31m│[0;32m│[0;33m│[0m[0;34m  61 : 5b 08             Inc FBV[8]
[m[0;31m│[0;32m│[0;33m│[0m      ↱ eager @61 (3 live vars)
[0;31m│[0;32m│[0;33m│[0m  [0m74: Int32IncrementWithOverflow [n53], 2 uses, cannot truncate to int32
[0;31m│[0;32m│[0;33m│[0m[0;34m  64 : 97 30 00 09       JumpLoop [48], [0], FBV[9]
[m[0;31m│[0;32m│[0;33m│[0m  [0m75: ReduceInterruptBudgetForLoop(38) [n47]
[0;31m│[0;32m│[0;33m│[0m      ↳ lazy @64 (3 live vars)
[0;31m│[0;32m│[0;33m│[0m  [0m77: Int32ToNumber[kCanonicalizeSmi] [n74], 1 uses
[0;31m│[0;32m│[0;33m│[0m      ↱ eager @61 (3 live vars)
[0;31m│[0;32m╰─◄─[0m76: JumpLoop b4
[0;31m│ [0;33m│[0m      with gap moves:
[0;31m│ [0;33m│[0m        - n77 → 52: φᵀ r1
[0;31m│ [0;33m│[0m
[0;31m│ [0;33m╰►[0mBlock b7
[0;31m│  [0m[0;34m  68 : 23 04 0a          LdaGlobal [4:"print"], FBV[10]
[m[0;31m│[0;32m╭───[0m78: Jump b9
[0;31m│[0;32m│ [0m
[0;31m╰──►[0mBlock b8
 [0;32m│ [0m  [0m79: Jump b9
 [0;32m│ [0m   ↓
 [0;32m╰─►[0mBlock b9
   [0m      ↱ eager @68 (2 live vars)
   [0m  [0m80: Deopt(Insufficient type feedback for generic global access)
   [0m

----- After use marking -----
Graph

   [0m  [0m47: Constant(0x09b80101e211 <FeedbackCell[one closure]>) → (x)
   [0m  [0m12: SmiConstant(100000) → (x)
   [0m  [0m14: Int32Constant(100000) → (x)
   [0m  [0m26: Float64Constant(0.25) → (x)
   [0m  [0m23: Float64Constant(1.5) → (x)
   [0m  [0m35: Float64Constant(2) → (x)
    [0mBlock b0
   [0m[1;34m0x09b80101e10d <SharedFunctionInfo> (0x09b80101eac1 <String[23]: "workloads/truncation.js">:0:0)
[m   [0m[0;34m  16 : 01 0d a0 86 01 00 LdaSmi.ExtraWide [100000]
[m   [0m   [0m1: InitialValue(<this>) → (x)
   [0m   [0m2: InitialValue(<context>) → (x)
   [0m   [0m3: InitialValue(<closure>) → (x)
   [0m   [0m5: InitialValue(r1) → (x)
   [0m  [0m10: FunctionEntryStackCheck
   [0m      ↳ lazy @64 (3 live vars)
   [0m      ↱ eager @64 (3 live vars)
   [0m  [0m11: CheckpointedJump b1
   [0m   ↓
    [0mBlock b1
   [0m[0;34m  22 : 79 f8 04          TestLessThan r1, EmbeddedFeedback[4]
[m   [0m      ↱ eager @22 (4 live vars)
   [0m  [0m13: CheckedSmiUntag [v0/n5:(x)] → (x)
   [0m[0;34m  25 : a8 2b             JumpIfFalse [43]
[m[0;31m╭────[0m16: BranchIfInt32Compare(LessThan) [v0/n13:(x), v0/n14:(x)] b2 b8
[0;31m│  [0m   ↓
[0;31m│   [0mBlock b2
[0;31m│  [0m[0;34m  27 : 18 02             LdaCurrentContextSlot [2]
[m[0;31m│  [0m  [0m19: LoadContextSlot(0x10, mutable) [v0/n2:(x)] → (x)
[0;31m│  [0m[0;34m  36 : 44 f8 04          Mul r1, FBV[4]
[m[0;31m│  [0m  [0m22: ChangeInt32ToFloat64 [v0/n13:(x)] → (x)
[0;31m│  [0m  [0m24: Float64Multiply [v0/n22:(x), v0/n23:(x)] → (x)
[0;31m│  [0m[0;34m  42 : 44 f8 05          Mul r1, FBV[5]
[m[0;31m│  [0m  [0m27: Float64Multiply [v0/n22:(x), v0/n26:(x)] → (x)
[0;31m│  [0m[1;34m0x09b80101e175 <SharedFunctionInfo trunc> (0x09b80101eac1 <String[23]: "workloads/truncation.js">:5:14)
[m[0;31m│  [0m[0;34m   0 : 0b 04             Ldar a1
[m[0;31m│  [0m  [0m31: Jump b3
[0;31m│  [0m   ↓
[0;31m│   [0mBlock b3
[0;31m│  [0m[1;34m0x09b80101e175 <SharedFunctionInfo trunc> (0x09b80101eac1 <String[23]: "workloads/truncation.js">:0:0)
[m[0;31m│  [0m[0;34m   2 : 44 03 00          Mul a0, FBV[0]
[m[0;31m│  [0m  [0m32: Float64Multiply [v0/n24:(x), v0/n27:(x)] → (x)
[0;31m│  [0m[0;34m   8 : 42 f9 01          Add r0, FBV[1]
[m[0;31m│  [0m  [0m33: Float64Add [v0/n32:(x), v0/n24:(x)] → (x)
[0;31m│  [0m[0;34m  12 : 55 00 03          BitwiseOrSmi [0], FBV[3]
[m[0;31m│  [0m  [0m34: TruncateFloat64ToInt32 [v0/n33:(x)] → (x)
[0;31m│  [0m[0;34m  18 : 51 02 05          MulSmi [2], FBV[5]
[m[0;31m│  [0m  [0m36: Float64Multiply [v0/n32:(x), v0/n35:(x)] → (x)
[0;31m│  [0m[0;34m  21 : 55 00 04          BitwiseOrSmi [0], FBV[4]
[m[0;31m│  [0m  [0m37: TruncateFloat64ToInt32 [v0/n36:(x)] → (x)
[0;31m│  [0m[0;34m  24 : 42 f7 02          Add r2, FBV[2]
[m[0;31m│  [0m  [0m38: ChangeInt32ToFloat64 [v0/n34:(x)] → (x)
[0;31m│  [0m  [0m39: ChangeInt32ToFloat64 [v0/n37:(x)] → (x)
[0;31m│  [0m  [0m40: Float64Add [v0/n38:(x), v0/n39:(x)] → (x)
[0;31m│  [0m[1;34m0x09b80101e10d <SharedFunctionInfo> (0x09b80101eac1 <String[23]: "workloads/truncation.js">:0:0)
[m[0;31m│  [0m[0;34m  51 : 42 f7 01          Add r2, FBV[1]
[m[0;31m│  [0m      ↱ eager @51 (5 live vars)
[0;31m│  [0m  [0m41: CheckedNumberToFloat64 [v0/n19:(x)] → (x)
[0;31m│  [0m  [0m42: Float64Add [v0/n40:(x), v0/n41:(x)] → (x)
[0;31m│  [0m[0;34m  54 : 55 00 00          BitwiseOrSmi [0], FBV[0]
[m[0;31m│  [0m  [0m43: TruncateFloat64ToInt32 [v0/n42:(x)] → (x)
[0;31m│  [0m[0;34m  57 : 29 02             StaCurrentContextSlot [2]
[m[0;31m│  [0m  [0m44: Int32ToNumber[kCanonicalizeSmi] [v0/n43:(x)] → (x)
[0;31m│  [0m  [0m45: StoreContextSlotWithWriteBarrier(2, mutable) [v0/n2:(x), v0/n44:(x)]
[0;31m│  [0m      ↳ lazy @57 (3 live vars)
[0;31m│  [0m[0;34m  61 : 5b 08             Inc FBV[8]
[m[0;31m│  [0m      ↱ eager @61 (3 live vars)
[0;31m│  [0m  [0m46: Int32IncrementWithOverflow [v0/n13:(x)] → (x)
[0;31m│  [0m[0;34m  64 : 97 30 00 09       JumpLoop [48], [0], FBV[9]
[m[0;31m│  [0m  [0m48: ReduceInterruptBudgetForLoop(38) [v0/n47:(x)]
[0;31m│  [0m      ↳ lazy @64 (3 live vars)
[0;31m│  [0m  [0m51: Int32ToNumber[kCanonicalizeSmi] [v0/n46:(x)] → (x)
[0;31m│  [0m  [0m50: Jump b4
[0;31m│  [0m   │  with gap moves:
[0;31m│  [0m   │    - v0/n51:(x) → 52: φᵀ r1 (x)
[0;31m│  [0m   ▼
[0;31m│[0;32m╭─►[0mBlock b4 peeled (effects:)
[0;31m│[0;32m│ [0m  [0m52: φᵀ r1 (n51, n77) (compressed) → (x)
[0;31m│[0;32m│ [0m[0;34m  22 : 79 f8 04          TestLessThan r1, EmbeddedFeedback[4]
[m[0;31m│[0;32m│ [0m      ↱ eager @22 (4 live vars)
[0;31m│[0;32m│ [0m  [0m53: CheckedSmiUntag [v0/n52:(x)] → (x)
[0;31m│[0;32m│ [0m[0;34m  25 : a8 2b             JumpIfFalse [43]
[m[0;31m│[0;32m│[0;33m╭──[0m55: BranchIfInt32Compare(LessThan) [v0/n53:(x), v0/n14:(x)] b5 b7
[0;31m│[0;32m│[0;33m│[0m   ↓
[0;31m│[0;32m│[0;33m│ [0mBlock b5
[0;31m│[0;32m│[0;33m│[0m[0;34m  27 : 18 02             LdaCurrentContextSlot [2]
[m[0;31m│[0;32m│[0;33m│[0m  [0m56: LoadContextSlot(0x10, mutable) [v0/n2:(x)] → (x)
[0;31m│[0;32m│[0;33m│[0m[0;34m  36 : 44 f8 04          Mul r1, FBV[4]
[m[0;31m│[0;32m│[0;33m│[0m  [0m57: ChangeInt32ToFloat64 [v0/n53:(x)] → (x)
[0;31m│[0;32m│[0;33m│[0m  [0m58: Float64Multiply [v0/n57:(x), v0/n23:(x)] → (x)
[0;31m│[0;32m│[0;33m│[0m[0;34m  42 : 44 f8 05          Mul r1, FBV[5]
[m[0;31m│[0;32m│[0;33m│[0m  [0m59: Float64Multiply [v0/n57:(x), v0/n26:(x)] → (x)
[0;31m│[0;32m│[0;33m│[0m[1;34m0x09b80101e175 <SharedFunctionInfo trunc> (0x09b80101eac1 <String[23]: "workloads/truncation.js">:5:14)
[m[0;31m│[0;32m│[0;33m│[0m[0;34m   0 : 0b 04             Ldar a1
[m[0;31m│[0;32m│[0;33m│[0m  [0m60: Jump b6
[0;31m│[0;32m│[0;33m│[0m   ↓
[0;31m│[0;32m│[0;33m│ [0mBlock b6
[0;31m│[0;32m│[0;33m│[0m[1;34m0x09b80101e175 <SharedFunctionInfo trunc> (0x09b80101eac1 <String[23]: "workloads/truncation.js">:0:0)
[m[0;31m│[0;32m│[0;33m│[0m[0;34m   2 : 44 03 00          Mul a0, FBV[0]
[m[0;31m│[0;32m│[0;33m│[0m  [0m61: Float64Multiply [v0/n58:(x), v0/n59:(x)] → (x)
[0;31m│[0;32m│[0;33m│[0m[0;34m   8 : 42 f9 01          Add r0, FBV[1]
[m[0;31m│[0;32m│[0;33m│[0m  [0m62: Float64Add [v0/n58:(x), v0/n61:(x)] → (x)
[0;31m│[0;32m│[0;33m│[0m[0;34m  12 : 55 00 03          BitwiseOrSmi [0], FBV[3]
[m[0;31m│[0;32m│[0;33m│[0m  [0m63: TruncateFloat64ToInt32 [v0/n62:(x)] → (x)
[0;31m│[0;32m│[0;33m│[0m[0;34m  18 : 51 02 05          MulSmi [2], FBV[5]
[m[0;31m│[0;32m│[0;33m│[0m  [0m64: Float64Multiply [v0/n61:(x), v0/n35:(x)] → (x)
[0;31m│[0;32m│[0;33m│[0m[0;34m  21 : 55 00 04          BitwiseOrSmi [0], FBV[4]
[m[0;31m│[0;32m│[0;33m│[0m  [0m65: TruncateFloat64ToInt32 [v0/n64:(x)] → (x)
[0;31m│[0;32m│[0;33m│[0m[0;34m  24 : 42 f7 02          Add r2, FBV[2]
[m[0;31m│[0;32m│[0;33m│[0m  [0m66: ChangeInt32ToFloat64 [v0/n63:(x)] → (x)
[0;31m│[0;32m│[0;33m│[0m  [0m67: ChangeInt32ToFloat64 [v0/n65:(x)] → (x)
[0;31m│[0;32m│[0;33m│[0m  [0m68: Float64Add [v0/n66:(x), v0/n67:(x)] → (x)
[0;31m│[0;32m│[0;33m│[0m[1;34m0x09b80101e10d <SharedFunctionInfo> (0x09b80101eac1 <String[23]: "workloads/truncation.js">:0:0)
[m[0;31m│[0;32m│[0;33m│[0m[0;34m  51 : 42 f7 01          Add r2, FBV[1]
[m[0;31m│[0;32m│[0;33m│[0m      ↱ eager @51 (5 live vars)
[0;31m│[0;32m│[0;33m│[0m  [0m69: CheckedNumberToFloat64 [v0/n56:(x)] → (x)
[0;31m│[0;32m│[0;33m│[0m  [0m70: Float64Add [v0/n68:(x), v0/n69:(x)] → (x)
[0;31m│[0;32m│[0;33m│[0m[0;34m  54 : 55 00 00          BitwiseOrSmi [0], FBV[0]
[m[0;31m│[0;32m│[0;33m│[0m  [0m71: TruncateFloat64ToInt32 [v0/n70:(x)] → (x)
[0;31m│[0;32m│[0;33m│[0m[0;34m  57 : 29 02             StaCurrentContextSlot [2]
[m[0;31m│[0;32m│[0;33m│[0m  [0m72: Int32ToNumber[kCanonicalizeSmi] [v0/n71:(x)] → (x)
[0;31m│[0;32m│[0;33m│[0m  [0m73: StoreContextSlotWithWriteBarrier(2, mutable) [v0/n2:(x), v0/n72:(x)]
[0;31m│[0;32m│[0;33m│[0m      ↳ lazy @57 (3 live vars)
[0;31m│[0;32m│[0;33m│[0m[0;34m  61 : 5b 08             Inc FBV[8]
[m[0;31m│[0;32m│[0;33m│[0m      ↱ eager @61 (3 live vars)
[0;31m│[0;32m│[0;33m│[0m  [0m74: Int32IncrementWithOverflow [v0/n53:(x)] → (x)
[0;31m│[0;32m│[0;33m│[0m[0;34m  64 : 97 30 00 09       JumpLoop [48], [0], FBV[9]
[m[0;31m│[0;32m│[0;33m│[0m  [0m75: ReduceInterruptBudgetForLoop(38) [v0/n47:(x)]
[0;31m│[0;32m│[0;33m│[0m      ↳ lazy @64 (3 live vars)
[0;31m│[0;32m│[0;33m│[0m  [0m77: Int32ToNumber[kCanonicalizeSmi] [v0/n74:(x)] → (x)
[0;31m│[0;32m│[0;33m│[0m      ↱ eager @61 (3 live vars)
[0;31m│[0;32m╰─◄─[0m76: JumpLoop b4
[0;31m│ [0;33m│[0m      with gap moves:
[0;31m│ [0;33m│[0m        - v0/n77:(x) → 52: φᵀ r1 (x)
[0;31m│ [0;33m│[0m
[0;31m│ [0;33m╰►[0mBlock b7
[0;31m│  [0m[0;34m  68 : 23 04 0a          LdaGlobal [4:"print"], FBV[10]
[m[0;31m│[0;32m╭───[0m78: Jump b9
[0;31m│[0;32m│ [0m
[0;31m╰──►[0mBlock b8
 [0;32m│ [0m  [0m79: Jump b9
 [0;32m│ [0m   ↓
 [0;32m╰─►[0mBlock b9
   [0m      ↱ eager @68 (2 live vars)
   [0m  [0m80: Deopt(Insufficient type feedback for generic global access)
   [0m

----- After register allocation pre-processing -----
Graph

   [0m   [0m1/47: Constant(0x09b80101e211 <FeedbackCell[one closure]>) → v-1, live range: [1-61]
   [0m   [0m2/12: SmiConstant(100000) → v-1, live range: [2-61]
   [0m   [0m3/14: Int32Constant(100000) → v-1, live range: [3-61]
   [0m   [0m4/26: Float64Constant(0.25) → v-1, live range: [4-61]
   [0m   [0m5/23: Float64Constant(1.5) → v-1, live range: [5-61]
   [0m   [0m6/35: Float64Constant(2) → v-1, live range: [6-61]
    [0mBlock b0
   [0m[1;34m0x09b80101e10d <SharedFunctionInfo> (0x09b80101eac1 <String[23]: "workloads/truncation.js">:0:0)
[m   [0m[0;34m  16 : 01 0d a0 86 01 00 LdaSmi.ExtraWide [100000]
[m   [0m    [0m7/1: InitialValue(<this>) → v-1(=-6S), live range: [7-64]
   [0m    [0m8/2: InitialValue(<context>) → v-1(=-3S), live range: [8-64]
   [0m    [0m9/3: InitialValue(<closure>) → v-1(=-2S), live range: [9-64]
   [0m   [0m10/5: InitialValue(r1) → v-1(=4S), live range: [10-33]
   [0m  [0m11/10: FunctionEntryStackCheck
   [0m         ↳ lazy @64 (3 live vars)
   [0m         ↱ eager @64 (3 live vars)
   [0m  [0m12/11: CheckpointedJump b1
   [0m      ↓
    [0mBlock b1
   [0m[0;34m  22 : 79 f8 04          TestLessThan r1, EmbeddedFeedback[4]
[m   [0m         ↱ eager @22 (4 live vars)
   [0m  [0m13/13: CheckedSmiUntag [v10/n5:v-1(R)] → v-1(0), live range: [13-33]
   [0m[0;34m  25 : a8 2b             JumpIfFalse [43]
[m[0;31m╭────[0m14/16: BranchIfInt32Compare(LessThan) [v13/n13:v-1(R), v3/n14:v-1(R)] b2 b8
[0;31m│  [0m      ↓
[0;31m│   [0mBlock b2
[0;31m│  [0m[0;34m  27 : 18 02             LdaCurrentContextSlot [2]
[m[0;31m│  [0m  [0m15/19: LoadContextSlot(0x10, mutable) [v8/n2:v-1(R)] → v-1(R), live range: [15-28]
[0;31m│  [0m[0;34m  36 : 44 f8 04          Mul r1, FBV[4]
[m[0;31m│  [0m  [0m16/22: ChangeInt32ToFloat64 [v13/n13:v-1(R)] → v-1(R), live range: [16-18]
[0;31m│  [0m  [0m17/24: Float64Multiply [v16/n22:v-1(R), v5/n23:v-1(R)] → v-1(R), live range: [17-21]
[0;31m│  [0m[0;34m  42 : 44 f8 05          Mul r1, FBV[5]
[m[0;31m│  [0m  [0m18/27: Float64Multiply [v16/n22:v-1(R), v4/n26:v-1(R)] → v-1(R), live range: [18-20]
[0;31m│  [0m[1;34m0x09b80101e175 <SharedFunctionInfo trunc> (0x09b80101eac1 <String[23]: "workloads/truncation.js">:5:14)
[m[0;31m│  [0m[0;34m   0 : 0b 04             Ldar a1
[m[0;31m│  [0m  [0m19/31: Jump b3
[0;31m│  [0m      ↓
[0;31m│   [0mBlock b3
[0;31m│  [0m[1;34m0x09b80101e175 <SharedFunctionInfo trunc> (0x09b80101eac1 <String[23]: "workloads/truncation.js">:0:0)
[m[0;31m│  [0m[0;34m   2 : 44 03 00          Mul a0, FBV[0]
[m[0;31m│  [0m  [0m20/32: Float64Multiply [v17/n24:v-1(R), v18/n27:v-1(R)] → v-1(R), live range: [20-23]
[0;31m│  [0m[0;34m   8 : 42 f9 01          Add r0, FBV[1]
[m[0;31m│  [0m  [0m21/33: Float64Add [v20/n32:v-1(R), v17/n24:v-1(R)] → v-1(R), live range: [21-22]
[0;31m│  [0m[0;34m  12 : 55 00 03          BitwiseOrSmi [0], FBV[3]
[m[0;31m│  [0m  [0m22/34: TruncateFloat64ToInt32 [v21/n33:v-1(R)] → v-1(R), live range: [22-25]
[0;31m│  [0m[0;34m  18 : 51 02 05          MulSmi [2], FBV[5]
[m[0;31m│  [0m  [0m23/36: Float64Multiply [v20/n32:v-1(R), v6/n35:v-1(R)] → v-1(R), live range: [23-24]
[0;31m│  [0m[0;34m  21 : 55 00 04          BitwiseOrSmi [0], FBV[4]
[m[0;31m│  [0m  [0m24/37: TruncateFloat64ToInt32 [v23/n36:v-1(R)] → v-1(R), live range: [24-26]
[0;31m│  [0m[0;34m  24 : 42 f7 02          Add r2, FBV[2]
[m[0;31m│  [0m  [0m25/38: ChangeInt32ToFloat64 [v22/n34:v-1(R)] → v-1(R), live range: [25-27]
[0;31m│  [0m  [0m26/39: ChangeInt32ToFloat64 [v24/n37:v-1(R)] → v-1(R), live range: [26-27]
[0;31m│  [0m  [0m27/40: Float64Add [v25/n38:v-1(R), v26/n39:v-1(R)] → v-1(R), live range: [27-29]
[0;31m│  [0m[1;34m0x09b80101e10d <SharedFunctionInfo> (0x09b80101eac1 <String[23]: "workloads/truncation.js">:0:0)
[m[0;31m│  [0m[0;34m  51 : 42 f7 01          Add r2, FBV[1]
[m[0;31m│  [0m         ↱ eager @51 (5 live vars)
[0;31m│  [0m  [0m28/41: CheckedNumberToFloat64 [v15/n19:v-1(R)] → v-1(R), live range: [28-29]
[0;31m│  [0m  [0m29/42: Float64Add [v27/n40:v-1(R), v28/n41:v-1(R)] → v-1(R), live range: [29-30]
[0;31m│  [0m[0;34m  54 : 55 00 00          BitwiseOrSmi [0], FBV[0]
[m[0;31m│  [0m  [0m30/43: TruncateFloat64ToInt32 [v29/n42:v-1(R)] → v-1(R), live range: [30-31]
[0;31m│  [0m[0;34m  57 : 29 02             StaCurrentContextSlot [2]
[m[0;31m│  [0m  [0m31/44: Int32ToNumber[kCanonicalizeSmi] [v30/n43:v-1(R)] → v-1(R), live range: [31-32]
[0;31m│  [0m  [0m32/45: StoreContextSlotWithWriteBarrier(2, mutable) [v8/n2:v-1(=x1), v31/n44:v-1(R)]
[0;31m│  [0m         ↳ lazy @57 (3 live vars)
[0;31m│  [0m[0;34m  61 : 5b 08             Inc FBV[8]
[m[0;31m│  [0m         ↱ eager @61 (3 live vars)
[0;31m│  [0m  [0m33/46: Int32IncrementWithOverflow [v13/n13:v-1(R)] → v-1(R), live range: [33-35]
[0;31m│  [0m[0;34m  64 : 97 30 00 09       JumpLoop [48], [0], FBV[9]
[m[0;31m│  [0m  [0m34/48: ReduceInterruptBudgetForLoop(38) [v1/n47:v-1(R)]
[0;31m│  [0m         ↳ lazy @64 (3 live vars)
[0;31m│  [0m  [0m35/51: Int32ToNumber[kCanonicalizeSmi] [v33/n46:v-1(R)] → v-1(R), live range: [35-36]
[0;31m│  [0m  [0m36/50: Jump b4
[0;31m│  [0m      │  with gap moves:
[0;31m│  [0m      │    - v35/n51:v-1(*) → 52: φᵀ r1 v-1(*)
[0;31m│  [0m      ▼
[0;31m│[0;32m╭─►[0mBlock b4 peeled (effects:)
[0;31m│[0;32m│ [0m  [0m37/52: φᵀ r1 (n51, n77) → v-1(*), live range: [37-58]
[0;31m│[0;32m│ [0m[0;34m  22 : 79 f8 04          TestLessThan r1, EmbeddedFeedback[4]
[m[0;31m│[0;32m│ [0m         ↱ eager @22 (4 live vars)
[0;31m│[0;32m│ [0m  [0m38/53: CheckedSmiUntag [v37/n52:v-1(R)] → v-1(0), live range: [38-58]
[0;31m│[0;32m│ [0m[0;34m  25 : a8 2b             JumpIfFalse [43]
[m[0;31m│[0;32m│[0;33m╭──[0m39/55: BranchIfInt32Compare(LessThan) [v38/n53:v-1(R), v3/n14:v-1(R)] b5 b7
[0;31m│[0;32m│[0;33m│[0m      ↓
[0;31m│[0;32m│[0;33m│ [0mBlock b5
[0;31m│[0;32m│[0;33m│[0m[0;34m  27 : 18 02             LdaCurrentContextSlot [2]
[m[0;31m│[0;32m│[0;33m│[0m  [0m40/56: LoadContextSlot(0x10, mutable) [v8/n2:v-1(R)] → v-1(R), live range: [40-53]
[0;31m│[0;32m│[0;33m│[0m[0;34m  36 : 44 f8 04          Mul r1, FBV[4]
[m[0;31m│[0;32m│[0;33m│[0m  [0m41/57: ChangeInt32ToFloat64 [v38/n53:v-1(R)] → v-1(R), live range: [41-43]
[0;31m│[0;32m│[0;33m│[0m  [0m42/58: Float64Multiply [v41/n57:v-1(R), v5/n23:v-1(R)] → v-1(R), live range: [42-46]
[0;31m│[0;32m│[0;33m│[0m[0;34m  42 : 44 f8 05          Mul r1, FBV[5]
[m[0;31m│[0;32m│[0;33m│[0m  [0m43/59: Float64Multiply [v41/n57:v-1(R), v4/n26:v-1(R)] → v-1(R), live range: [43-45]
[0;31m│[0;32m│[0;33m│[0m[1;34m0x09b80101e175 <SharedFunctionInfo trunc> (0x09b80101eac1 <String[23]: "workloads/truncation.js">:5:14)
[m[0;31m│[0;32m│[0;33m│[0m[0;34m   0 : 0b 04             Ldar a1
[m[0;31m│[0;32m│[0;33m│[0m  [0m44/60: Jump b6
[0;31m│[0;32m│[0;33m│[0m      ↓
[0;31m│[0;32m│[0;33m│ [0mBlock b6
[0;31m│[0;32m│[0;33m│[0m[1;34m0x09b80101e175 <SharedFunctionInfo trunc> (0x09b80101eac1 <String[23]: "workloads/truncation.js">:0:0)
[m[0;31m│[0;32m│[0;33m│[0m[0;34m   2 : 44 03 00          Mul a0, FBV[0]
[m[0;31m│[0;32m│[0;33m│[0m  [0m45/61: Float64Multiply [v42/n58:v-1(R), v43/n59:v-1(R)] → v-1(R), live range: [45-48]
[0;31m│[0;32m│[0;33m│[0m[0;34m   8 : 42 f9 01          Add r0, FBV[1]
[m[0;31m│[0;32m│[0;33m│[0m  [0m46/62: Float64Add [v42/n58:v-1(R), v45/n61:v-1(R)] → v-1(R), live range: [46-47]
[0;31m│[0;32m│[0;33m│[0m[0;34m  12 : 55 00 03          BitwiseOrSmi [0], FBV[3]
[m[0;31m│[0;32m│[0;33m│[0m  [0m47/63: TruncateFloat64ToInt32 [v46/n62:v-1(R)] → v-1(R), live range: [47-50]
[0;31m│[0;32m│[0;33m│[0m[0;34m  18 : 51 02 05          MulSmi [2], FBV[5]
[m[0;31m│[0;32m│[0;33m│[0m  [0m48/64: Float64Multiply [v45/n61:v-1(R), v6/n35:v-1(R)] → v-1(R), live range: [48-49]
[0;31m│[0;32m│[0;33m│[0m[0;34m  21 : 55 00 04          BitwiseOrSmi [0], FBV[4]
[m[0;31m│[0;32m│[0;33m│[0m  [0m49/65: TruncateFloat64ToInt32 [v48/n64:v-1(R)] → v-1(R), live range: [49-51]
[0;31m│[0;32m│[0;33m│[0m[0;34m  24 : 42 f7 02          Add r2, FBV[2]
[m[0;31m│[0;32m│[0;33m│[0m  [0m50/66: ChangeInt32ToFloat64 [v47/n63:v-1(R)] → v-1(R), live range: [50-52]
[0;31m│[0;32m│[0;33m│[0m  [0m51/67: ChangeInt32ToFloat64 [v49/n65:v-1(R)] → v-1(R), live range: [51-52]
[0;31m│[0;32m│[0;33m│[0m  [0m52/68: Float64Add [v50/n66:v-1(R), v51/n67:v-1(R)] → v-1(R), live range: [52-54]
[0;31m│[0;32m│[0;33m│[0m[1;34m0x09b80101e10d <SharedFunctionInfo> (0x09b80101eac1 <String[23]: "workloads/truncation.js">:0:0)
[m[0;31m│[0;32m│[0;33m│[0m[0;34m  51 : 42 f7 01          Add r2, FBV[1]
[m[0;31m│[0;32m│[0;33m│[0m         ↱ eager @51 (5 live vars)
[0;31m│[0;32m│[0;33m│[0m  [0m53/69: CheckedNumberToFloat64 [v40/n56:v-1(R)] → v-1(R), live range: [53-54]
[0;31m│[0;32m│[0;33m│[0m  [0m54/70: Float64Add [v52/n68:v-1(R), v53/n69:v-1(R)] → v-1(R), live range: [54-55]
[0;31m│[0;32m│[0;33m│[0m[0;34m  54 : 55 00 00          BitwiseOrSmi [0], FBV[0]
[m[0;31m│[0;32m│[0;33m│[0m  [0m55/71: TruncateFloat64ToInt32 [v54/n70:v-1(R)] → v-1(R), live range: [55-56]
[0;31m│[0;32m│[0;33m│[0m[0;34m  57 : 29 02             StaCurrentContextSlot [2]
[m[0;31m│[0;32m│[0;33m│[0m  [0m56/72: Int32ToNumber[kCanonicalizeSmi] [v55/n71:v-1(R)] → v-1(R), live range: [56-57]
[0;31m│[0;32m│[0;33m│[0m  [0m57/73: StoreContextSlotWithWriteBarrier(2, mutable) [v8/n2:v-1(=x1), v56/n72:v-1(R)]
[0;31m│[0;32m│[0;33m│[0m         ↳ lazy @57 (3 live vars)
[0;31m│[0;32m│[0;33m│[0m[0;34m  61 : 5b 08             Inc FBV[8]
[m[0;31m│[0;32m│[0;33m│[0m         ↱ eager @61 (3 live vars)
[0;31m│[0;32m│[0;33m│[0m  [0m58/74: Int32IncrementWithOverflow [v38/n53:v-1(R)] → v-1(R), live range: [58-60]
[0;31m│[0;32m│[0;33m│[0m[0;34m  64 : 97 30 00 09       JumpLoop [48], [0], FBV[9]
[m[0;31m│[0;32m│[0;33m│[0m  [0m59/75: ReduceInterruptBudgetForLoop(38) [v1/n47:v-1(R)]
[0;31m│[0;32m│[0;33m│[0m         ↳ lazy @64 (3 live vars)
[0;31m│[0;32m│[0;33m│[0m  [0m60/77: Int32ToNumber[kCanonicalizeSmi] [v58/n74:v-1(R)] → v-1(R), live range: [60-61]
[0;31m│[0;32m│[0;33m│[0m         ↱ eager @61 (3 live vars)
[0;31m│[0;32m╰─◄─[0m61/76: JumpLoop b4
[0;31m│ [0;33m│[0m         with gap moves:
[0;31m│ [0;33m│[0m           - v60/n77:v-1(*) → 52: φᵀ r1 v-1(*)
[0;31m│ [0;33m│[0m
[0;31m│ [0;33m╰►[0mBlock b7
[0;31m│  [0m[0;34m  68 : 23 04 0a          LdaGlobal [4:"print"], FBV[10]
[m[0;31m│[0;32m╭───[0m62/78: Jump b9
[0;31m│[0;32m│ [0m
[0;31m╰──►[0mBlock b8
 [0;32m│ [0m  [0m63/79: Jump b9
 [0;32m│ [0m      ↓
 [0;32m╰─►[0mBlock b9
   [0m         ↱ eager @68 (2 live vars)
   [0m  [0m64/80: Deopt(Insufficient type feedback for generic global access)
   [0m

----- After register allocation -----
Graph

   [0m   [0m1/47: Constant(0x09b80101e211 <FeedbackCell[one closure]>) → v-1, live range: [1-61]
   [0m   [0m2/12: SmiConstant(100000) → v-1, live range: [2-61]
   [0m   [0m3/14: Int32Constant(100000) → v-1, live range: [3-61]
   [0m   [0m4/26: Float64Constant(0.25) → v-1, live range: [4-61]
   [0m   [0m5/23: Float64Constant(1.5) → v-1, live range: [5-61]
   [0m   [0m6/35: Float64Constant(2) → v-1, live range: [6-61]
    [0mBlock b0
   [0m[1;34m0x09b80101e10d <SharedFunctionInfo> (0x09b80101eac1 <String[23]: "workloads/truncation.js">:0:0)
[m   [0m[0;34m  16 : 01 0d a0 86 01 00 LdaSmi.ExtraWide [100000]
[m   [0m    [0m7/1: InitialValue(<this>) → [stack:-6|t], live range: [7-64]
   [0m    [0m8/2: InitialValue(<context>) → [stack:-3|t], live range: [8-64]
   [0m    [0m9/3: InitialValue(<closure>) → [stack:-2|t], live range: [9-64]
   [0m   [0m10/5: InitialValue(r1) → [stack:4|t], live range: [10-33]
   [0m  [0m11/10: FunctionEntryStackCheck
   [0m         ↳ lazy @64 (3 live vars)
   [0m         ↱ eager @64 (3 live vars)
   [0m  [0m12/11: CheckpointedJump b1
   [0m      ↓
    [0mBlock b1
   [0m     [0m81: GapMove([stack:4|t] → [x0|R|t])
   [0m[0;34m  22 : 79 f8 04          TestLessThan r1, EmbeddedFeedback[4]
[m   [0m         ↱ eager @22 (4 live vars)
   [0m  [0m13/13: CheckedSmiUntag [v10/n5:[x0|R|t]] → [x0|R|w32], live range: [13-33]
   [0m     [0m82: ConstantGapMove(n14 → [x1|R|w32])
   [0m[0;34m  25 : a8 2b             JumpIfFalse [43]
[m[0;31m╭────[0m14/16: BranchIfInt32Compare(LessThan) [v13/n13:[x0|R|w32], v3/n14:[x1|R|w32]] b2 b8
[0;31m│  [0m      ↓
[0;31m│   [0mBlock b2
[0;31m│  [0m     [0m83: GapMove([stack:-3|t] → [x2|R|t])
[0;31m│  [0m[0;34m  27 : 18 02             LdaCurrentContextSlot [2]
[m[0;31m│  [0m  [0m15/19: LoadContextSlot(0x10, mutable) [v8/n2:[x2|R|t]] → [x5|R|t], live range: [15-28]
[0;31m│  [0m[0;34m  36 : 44 f8 04          Mul r1, FBV[4]
[m[0;31m│  [0m  [0m16/22: ChangeInt32ToFloat64 [v13/n13:[x0|R|w32]] → [v0|R|f64], live range: [16-18]
[0;31m│  [0m     [0m84: ConstantGapMove(n23 → [v1|R|f64])
[0;31m│  [0m  [0m17/24: Float64Multiply [v16/n22:[v0|R|f64], v5/n23:[v1|R|f64]] → [v2|R|f64], live range: [17-21]
[0;31m│  [0m     [0m85: ConstantGapMove(n26 → [v3|R|f64])
[0;31m│  [0m[0;34m  42 : 44 f8 05          Mul r1, FBV[5]
[m[0;31m│  [0m  [0m18/27: Float64Multiply [v16/n22:[v0|R|f64], v4/n26:[v3|R|f64]] → [v4|R|f64], live range: [18-20]
[0;31m│  [0m[1;34m0x09b80101e175 <SharedFunctionInfo trunc> (0x09b80101eac1 <String[23]: "workloads/truncation.js">:5:14)
[m[0;31m│  [0m[0;34m   0 : 0b 04             Ldar a1
[m[0;31m│  [0m  [0m19/31: Jump b3
[0;31m│  [0m      ↓
[0;31m│   [0mBlock b3
[0;31m│  [0m[1;34m0x09b80101e175 <SharedFunctionInfo trunc> (0x09b80101eac1 <String[23]: "workloads/truncation.js">:0:0)
[m[0;31m│  [0m[0;34m   2 : 44 03 00          Mul a0, FBV[0]
[m[0;31m│  [0m  [0m20/32: Float64Multiply [v17/n24:[v2|R|f64], v18/n27:[v4|R|f64]] → [v0|R|f64], live range: [20-23]
[0;31m│  [0m[0;34m   8 : 42 f9 01          Add r0, FBV[1]
[m[0;31m│  [0m  [0m21/33: Float64Add [v20/n32:[v0|R|f64], v17/n24:[v2|R|f64]] → [v4|R|f64], live range: [21-22]
[0;31m│  [0m[0;34m  12 : 55 00 03          BitwiseOrSmi [0], FBV[3]
[m[0;31m│  [0m  [0m22/34: TruncateFloat64ToInt32 [v21/n33:[v4|R|f64]] → [x3|R|w32], live range: [22-25]
[0;31m│  [0m     [0m86: ConstantGapMove(n35 → [v2|R|f64])
[0;31m│  [0m[0;34m  18 : 51 02 05          MulSmi [2], FBV[5]
[m[0;31m│  [0m  [0m23/36: Float64Multiply [v20/n32:[v0|R|f64], v6/n35:[v2|R|f64]] → [v4|R|f64], live range: [23-24]
[0;31m│  [0m[0;34m  21 : 55 00 04          BitwiseOrSmi [0], FBV[4]
[m[0;31m│  [0m  [0m24/37: TruncateFloat64ToInt32 [v23/n36:[v4|R|f64]] → [x4|R|w32], live range: [24-26]
[0;31m│  [0m[0;34m  24 : 42 f7 02          Add r2, FBV[2]
[m[0;31m│  [0m  [0m25/38: ChangeInt32ToFloat64 [v22/n34:[x3|R|w32]] → [v0|R|f64], live range: [25-27]
[0;31m│  [0m  [0m26/39: ChangeInt32ToFloat64 [v24/n37:[x4|R|w32]] → [v4|R|f64], live range: [26-27]
[0;31m│  [0m  [0m27/40: Float64Add [v25/n38:[v0|R|f64], v26/n39:[v4|R|f64]] → [v5|R|f64], live range: [27-29]
[0;31m│  [0m     [0m87: GapMove([x5|R|t] → [x3|R|t])
[0;31m│  [0m[1;34m0x09b80101e10d <SharedFunctionInfo> (0x09b80101eac1 <String[23]: "workloads/truncation.js">:0:0)
[m[0;31m│  [0m[0;34m  51 : 42 f7 01          Add r2, FBV[1]
[m[0;31m│  [0m         ↱ eager @51 (5 live vars)
[0;31m│  [0m  [0m28/41: CheckedNumberToFloat64 [v15/n19:[x5|R|t]] → [v0|R|f64], live range: [28-29]
[0;31m│  [0m  [0m29/42: Float64Add [v27/n40:[v5|R|f64], v28/n41:[v0|R|f64]] → [v4|R|f64], live range: [29-30]
[0;31m│  [0m[0;34m  54 : 55 00 00          BitwiseOrSmi [0], FBV[0]
[m[0;31m│  [0m  [0m30/43: TruncateFloat64ToInt32 [v29/n42:[v4|R|f64]] → [x3|R|w32], live range: [30-31]
[0;31m│  [0m[0;34m  57 : 29 02             StaCurrentContextSlot [2]
[m[0;31m│  [0m  [0m31/44: Int32ToNumber[kCanonicalizeSmi] [v30/n43:[x3|R|w32]] → [x4|R|t], live range: [31-32]
[0;31m│  [0m     [0m88: GapMove([x2|R|t] → [x1|R|t])
[0;31m│  [0m  [0m32/45: StoreContextSlotWithWriteBarrier(2, mutable) [v8/n2:[x1|R|t], v31/n44:[x4|R|t]]
[0;31m│  [0m         ↳ lazy @57 (3 live vars)
[0;31m│  [0m[0;34m  61 : 5b 08             Inc FBV[8]
[m[0;31m│  [0m         ↱ eager @61 (3 live vars)
[0;31m│  [0m  [0m33/46: Int32IncrementWithOverflow [v13/n13:[x0|R|w32]] → [x3|R|w32] (spilled: [stack:0|w32]), live range: [33-35]
[0;31m│  [0m     [0m89: ConstantGapMove(n47 → [x0|R|t])
[0;31m│  [0m[0;34m  64 : 97 30 00 09       JumpLoop [48], [0], FBV[9]
[m[0;31m│  [0m  [0m34/48: ReduceInterruptBudgetForLoop(38) [v1/n47:[x0|R|t]]
[0;31m│  [0m         ↳ lazy @64 (3 live vars)
[0;31m│  [0m  [0m35/51: Int32ToNumber[kCanonicalizeSmi] [v33/n46:[x3|R|w32]] → [x4|R|t], live range: [35-36]
[0;31m│  [0m     [0m90: ConstantGapMove(n14 → [x3|R|w32])
[0;31m│  [0m  [0m36/50: Jump b4
[0;31m│  [0m      │  with gap moves:
[0;31m│  [0m      │    - v35/n51:[x4|R|t] → 52: φᵀ r1 [x4|R|t]
[0;31m│  [0m      │  with register merges:
[0;31m│  [0m      ▼
[0;31m│[0;32m╭─►[0mBlock b4 peeled (effects:)
[0;31m│[0;32m│ [0m  [0m37/52: φᵀ r1 (n51, n77) (compressed) → [x4|R|t] (spilled: [stack:4|t]), live range: [37-58]
[0;31m│[0;32m│ [0m     [0m91: GapMove([x4|R|t] → [x5|R|t])
[0;31m│[0;32m│ [0m[0;34m  22 : 79 f8 04          TestLessThan r1, EmbeddedFeedback[4]
[m[0;31m│[0;32m│ [0m         ↱ eager @22 (4 live vars)
[0;31m│[0;32m│ [0m  [0m38/53: CheckedSmiUntag [v37/n52:[x4|R|t]] → [x4|R|w32], live range: [38-58]
[0;31m│[0;32m│ [0m[0;34m  25 : a8 2b             JumpIfFalse [43]
[m[0;31m│[0;32m│[0;33m╭──[0m39/55: BranchIfInt32Compare(LessThan) [v38/n53:[x4|R|w32], v3/n14:[x3|R|w32]] b5 b7
[0;31m│[0;32m│[0;33m│[0m      ↓
[0;31m│[0;32m│[0;33m│ [0mBlock b5
[0;31m│[0;32m│[0;33m│[0m[0;34m  27 : 18 02             LdaCurrentContextSlot [2]
[m[0;31m│[0;32m│[0;33m│[0m  [0m40/56: LoadContextSlot(0x10, mutable) [v8/n2:[x1|R|t]] → [x8|R|t], live range: [40-53]
[0;31m│[0;32m│[0;33m│[0m[0;34m  36 : 44 f8 04          Mul r1, FBV[4]
[m[0;31m│[0;32m│[0;33m│[0m  [0m41/57: ChangeInt32ToFloat64 [v38/n53:[x4|R|w32]] → [v0|R|f64], live range: [41-43]
[0;31m│[0;32m│[0;33m│[0m  [0m42/58: Float64Multiply [v41/n57:[v0|R|f64], v5/n23:[v1|R|f64]] → [v4|R|f64], live range: [42-46]
[0;31m│[0;32m│[0;33m│[0m[0;34m  42 : 44 f8 05          Mul r1, FBV[5]
[m[0;31m│[0;32m│[0;33m│[0m  [0m43/59: Float64Multiply [v41/n57:[v0|R|f64], v4/n26:[v3|R|f64]] → [v5|R|f64], live range: [43-45]
[0;31m│[0;32m│[0;33m│[0m[1;34m0x09b80101e175 <SharedFunctionInfo trunc> (0x09b80101eac1 <String[23]: "workloads/truncation.js">:5:14)
[m[0;31m│[0;32m│[0;33m│[0m[0;34m   0 : 0b 04             Ldar a1
[m[0;31m│[0;32m│[0;33m│[0m  [0m44/60: Jump b6
[0;31m│[0;32m│[0;33m│[0m      ↓
[0;31m│[0;32m│[0;33m│ [0mBlock b6
[0;31m│[0;32m│[0;33m│[0m[1;34m0x09b80101e175 <SharedFunctionInfo trunc> (0x09b80101eac1 <String[23]: "workloads/truncation.js">:0:0)
[m[0;31m│[0;32m│[0;33m│[0m[0;34m   2 : 44 03 00          Mul a0, FBV[0]
[m[0;31m│[0;32m│[0;33m│[0m  [0m45/61: Float64Multiply [v42/n58:[v4|R|f64], v43/n59:[v5|R|f64]] → [v0|R|f64], live range: [45-48]
[0;31m│[0;32m│[0;33m│[0m[0;34m   8 : 42 f9 01          Add r0, FBV[1]
[m[0;31m│[0;32m│[0;33m│[0m  [0m46/62: Float64Add [v42/n58:[v4|R|f64], v45/n61:[v0|R|f64]] → [v5|R|f64], live range: [46-47]
[0;31m│[0;32m│[0;33m│[0m[0;34m  12 : 55 00 03          BitwiseOrSmi [0], FBV[3]
[m[0;31m│[0;32m│[0;33m│[0m  [0m47/63: TruncateFloat64ToInt32 [v46/n62:[v5|R|f64]] → [x6|R|w32], live range: [47-50]
[0;31m│[0;32m│[0;33m│[0m[0;34m  18 : 51 02 05          MulSmi [2], FBV[5]
[m[0;31m│[0;32m│[0;33m│[0m  [0m48/64: Float64Multiply [v45/n61:[v0|R|f64], v6/n35:[v2|R|f64]] → [v4|R|f64], live range: [48-49]
[0;31m│[0;32m│[0;33m│[0m[0;34m  21 : 55 00 04          BitwiseOrSmi [0], FBV[4]
[m[0;31m│[0;32m│[0;33m│[0m  [0m49/65: TruncateFloat64ToInt32 [v48/n64:[v4|R|f64]] → [x7|R|w32], live range: [49-51]
[0;31m│[0;32m│[0;33m│[0m[0;34m  24 : 42 f7 02          Add r2, FBV[2]
[m[0;31m│[0;32m│[0;33m│[0m  [0m50/66: ChangeInt32ToFloat64 [v47/n63:[x6|R|w32]] → [v0|R|f64], live range: [50-52]
[0;31m│[0;32m│[0;33m│[0m  [0m51/67: ChangeInt32ToFloat64 [v49/n65:[x7|R|w32]] → [v4|R|f64], live range: [51-52]
[0;31m│[0;32m│[0;33m│[0m  [0m52/68: Float64Add [v50/n66:[v0|R|f64], v51/n67:[v4|R|f64]] → [v5|R|f64], live range: [52-54]
[0;31m│[0;32m│[0;33m│[0m     [0m92: GapMove([x8|R|t] → [x6|R|t])
[0;31m│[0;32m│[0;33m│[0m[1;34m0x09b80101e10d <SharedFunctionInfo> (0x09b80101eac1 <String[23]: "workloads/truncation.js">:0:0)
[m[0;31m│[0;32m│[0;33m│[0m[0;34m  51 : 42 f7 01          Add r2, FBV[1]
[m[0;31m│[0;32m│[0;33m│[0m         ↱ eager @51 (5 live vars)
[0;31m│[0;32m│[0;33m│[0m  [0m53/69: CheckedNumberToFloat64 [v40/n56:[x8|R|t]] → [v0|R|f64], live range: [53-54]
[0;31m│[0;32m│[0;33m│[0m  [0m54/70: Float64Add [v52/n68:[v5|R|f64], v53/n69:[v0|R|f64]] → [v4|R|f64], live range: [54-55]
[0;31m│[0;32m│[0;33m│[0m[0;34m  54 : 55 00 00          BitwiseOrSmi [0], FBV[0]
[m[0;31m│[0;32m│[0;33m│[0m  [0m55/71: TruncateFloat64ToInt32 [v54/n70:[v4|R|f64]] → [x6|R|w32], live range: [55-56]
[0;31m│[0;32m│[0;33m│[0m[0;34m  57 : 29 02             StaCurrentContextSlot [2]
[m[0;31m│[0;32m│[0;33m│[0m  [0m56/72: Int32ToNumber[kCanonicalizeSmi] [v55/n71:[x6|R|w32]] → [x7|R|t], live range: [56-57]
[0;31m│[0;32m│[0;33m│[0m  [0m57/73: StoreContextSlotWithWriteBarrier(2, mutable) [v8/n2:[x1|R|t], v56/n72:[x7|R|t]]
[0;31m│[0;32m│[0;33m│[0m         ↳ lazy @57 (3 live vars)
[0;31m│[0;32m│[0;33m│[0m[0;34m  61 : 5b 08             Inc FBV[8]
[m[0;31m│[0;32m│[0;33m│[0m         ↱ eager @61 (3 live vars)
[0;31m│[0;32m│[0;33m│[0m  [0m58/74: Int32IncrementWithOverflow [v38/n53:[x4|R|w32]] → [x6|R|w32] (spilled: [stack:1|w32]), live range: [58-60]
[0;31m│[0;32m│[0;33m│[0m[0;34m  64 : 97 30 00 09       JumpLoop [48], [0], FBV[9]
[m[0;31m│[0;32m│[0;33m│[0m  [0m59/75: ReduceInterruptBudgetForLoop(38) [v1/n47:[x0|R|t]]
[0;31m│[0;32m│[0;33m│[0m         ↳ lazy @64 (3 live vars)
[0;31m│[0;32m│[0;33m│[0m  [0m60/77: Int32ToNumber[kCanonicalizeSmi] [v58/n74:[x6|R|w32]] → [x4|R|t], live range: [60-61]
[0;31m│[0;32m│[0;33m│[0m         ↱ eager @61 (3 live vars)
[0;31m│[0;32m╰─◄─[0m61/76: JumpLoop b4
[0;31m│ [0;33m│[0m         with gap moves:
[0;31m│ [0;33m│[0m           - v60/n77:[x4|R|t] → 52: φᵀ r1 [x4|R|t]
[0;31m│ [0;33m│[0m         with register merges:
[0;31m│ [0;33m│[0m
[0;31m│ [0;33m╰►[0mBlock b7
[0;31m│  [0m[0;34m  68 : 23 04 0a          LdaGlobal [4:"print"], FBV[10]
[m[0;31m│[0;32m╭───[0m62/78: Jump b9
[0;31m│[0;32m│ [0m
[0;31m╰──►[0mBlock b8
 [0;32m│ [0m  [0m63/79: Jump b9
 [0;32m│ [0m      ↓
 [0;32m╰─►[0mBlock b9
   [0m         ↱ eager @68 (2 live vars)
   [0m  [0m64/80: Deopt(Insufficient type feedback for generic global access)
   [0m
-309698352
