V8 is running with developer-only features enabled. Stability and security will suffer.
---------------------------------------------------
Begin compiling method tiny using Maglev
Compiling 0x09b80101e47d <JSFunction tiny (sfi = 0x9b80101e315)> with Maglev
----- Bytecode array -----
Parameter count 2
Register count 0
Frame size 0
         0x31a01000214 @    0 : 0b 03             Ldar a0
         0x31a01000216 @    2 : 4f 01 01          AddSmi [1], EmbeddedFeedback[1]
         0x31a01000219 @    5 : b9                Return
Constant pool (size = 0)
Handler Table (size = 0)
Source Position Table (size = 0)
0x9b80101e691: [FeedbackVector] in OldSpace
 - map: 0x09b800000895 <Map(FEEDBACK_VECTOR_TYPE)>
 - length: 0 (empty)

----- Maglev graph building -----
Graph

[0m  [0m10: HeapConstant(0x09b80101e419 <FeedbackCell[one closure]>), 1 uses
[0m   [0m3: HeapConstant(0x09b80101e47d <JSFunction tiny (sfi = 0x9b80101e315)>), 2 uses
[0m   [0m4: HeapConstant(0x09b80101e469 <ScriptContext[3]>), 2 uses
[0m   [0m5: RootConstant(undefined_value), 0 uses 🪦
 [0mBlock b0
[0m[1;34m0x09b80101e315 <SharedFunctionInfo tiny> (0x09b80104a3e5 <String[21]: "workloads/inlining.js">:3:13)
[m[0m[0;34m   0 : 0b 03             Ldar a0
[m[0m   [0m1: InitialValue(<this>), 2 uses
[0m   [0m2: InitialValue(a0), 4 uses
[0m   [0m6: FunctionEntryStackCheck
[0m      ↳ lazy @-1 (3 live vars)
[0m   [0m7: Jump b1
[0m   ↓
 [0mBlock b1
[0m[1;34m0x09b80101e315 <SharedFunctionInfo tiny> (0x09b80104a3e5 <String[21]: "workloads/inlining.js">:0:0)
[m[0m[0;34m   2 : 4f 01 01          AddSmi [1], EmbeddedFeedback[1]
[m[0m      ↱ eager @2 (4 live vars)
[0m   [0m8: CheckedSmiUntag [n2], 1 uses, cannot truncate to int32
[0m      ↱ eager @2 (4 live vars)
[0m   [0m9: Int32IncrementWithOverflow [n8], 1 uses, cannot truncate to int32
[0m[0;34m   5 : b9                Return
[m[0m  [0m11: ReduceInterruptBudgetForReturn(5) [n10]
[0m  [0m12: Int32ToNumber[kCanonicalizeSmi] [n9], 1 uses
[0m  [0m13: Return [n12]
[0m

----- Phi untagging -----
Graph

[0m  [0m10: HeapConstant(0x09b80101e419 <FeedbackCell[one closure]>), 1 uses
[0m   [0m3: HeapConstant(0x09b80101e47d <JSFunction tiny (sfi = 0x9b80101e315)>), 2 uses
[0m   [0m4: HeapConstant(0x09b80101e469 <ScriptContext[3]>), 2 uses
[0m   [0m5: RootConstant(undefined_value), 0 uses 🪦
 [0mBlock b0
[0m[1;34m0x09b80101e315 <SharedFunctionInfo tiny> (0x09b80104a3e5 <String[21]: "workloads/inlining.js">:3:13)
[m[0m[0;34m   0 : 0b 03             Ldar a0
[m[0m   [0m1: InitialValue(<this>), 2 uses
[0m   [0m2: InitialValue(a0), 4 uses
[0m   [0m6: FunctionEntryStackCheck
[0m      ↳ lazy @-1 (3 live vars)
[0m   [0m7: Jump b1
[0m   ↓
 [0mBlock b1
[0m[1;34m0x09b80101e315 <SharedFunctionInfo tiny> (0x09b80104a3e5 <String[21]: "workloads/inlining.js">:0:0)
[m[0m[0;34m   2 : 4f 01 01          AddSmi [1], EmbeddedFeedback[1]
[m[0m      ↱ eager @2 (4 live vars)
[0m   [0m8: CheckedSmiUntag [n2], 1 uses, cannot truncate to int32
[0m      ↱ eager @2 (4 live vars)
[0m   [0m9: Int32IncrementWithOverflow [n8], 1 uses, cannot truncate to int32
[0m[0;34m   5 : b9                Return
[m[0m  [0m11: ReduceInterruptBudgetForReturn(5) [n10]
[0m  [0m12: Int32ToNumber[kCanonicalizeSmi] [n9], 1 uses
[0m  [0m13: Return [n12]
[0m

----- AnyUseMarking -----
Graph

[0m  [0m10: HeapConstant(0x09b80101e419 <FeedbackCell[one closure]>) → (x)
[0m   [0m3: HeapConstant(0x09b80101e47d <JSFunction tiny (sfi = 0x9b80101e315)>) → (x)
[0m   [0m4: HeapConstant(0x09b80101e469 <ScriptContext[3]>) → (x)
 [0mBlock b0
[0m[1;34m0x09b80101e315 <SharedFunctionInfo tiny> (0x09b80104a3e5 <String[21]: "workloads/inlining.js">:3:13)
[m[0m[0;34m   0 : 0b 03             Ldar a0
[m[0m   [0m1: InitialValue(<this>) → (x)
[0m   [0m2: InitialValue(a0) → (x)
[0m   [0m6: FunctionEntryStackCheck
[0m      ↳ lazy @-1 (3 live vars)
[0m   [0m7: Jump b1
[0m   ↓
 [0mBlock b1
[0m[1;34m0x09b80101e315 <SharedFunctionInfo tiny> (0x09b80104a3e5 <String[21]: "workloads/inlining.js">:0:0)
[m[0m[0;34m   2 : 4f 01 01          AddSmi [1], EmbeddedFeedback[1]
[m[0m      ↱ eager @2 (4 live vars)
[0m   [0m8: CheckedSmiUntag [v0/n2:(x)] → (x)
[0m      ↱ eager @2 (4 live vars)
[0m   [0m9: Int32IncrementWithOverflow [v0/n8:(x)] → (x)
[0m[0;34m   5 : b9                Return
[m[0m  [0m11: ReduceInterruptBudgetForReturn(5) [v0/n10:(x)]
[0m  [0m12: Int32ToNumber[kCanonicalizeSmi] [v0/n9:(x)] → (x)
[0m  [0m13: Return [v0/n12:(x)]
[0m

----- Dead nodes sweeping -----
Graph

[0m   [0m1/10: HeapConstant(0x09b80101e419 <FeedbackCell[one closure]>) → v-1, live range: [1-10]
[0m    [0m2/3: HeapConstant(0x09b80101e47d <JSFunction tiny (sfi = 0x9b80101e315)>) → v-1, live range: [2-9]
[0m    [0m3/4: HeapConstant(0x09b80101e469 <ScriptContext[3]>) → v-1, live range: [3-9]
 [0mBlock b0
[0m[1;34m0x09b80101e315 <SharedFunctionInfo tiny> (0x09b80104a3e5 <String[21]: "workloads/inlining.js">:3:13)
[m[0m[0;34m   0 : 0b 03             Ldar a0
[m[0m    [0m4/1: InitialValue(<this>) → v-1(=-6S), live range: [4-9]
[0m    [0m5/2: InitialValue(a0) → v-1(=-7S), live range: [5-9]
[0m    [0m6/6: FunctionEntryStackCheck
[0m         ↳ lazy @-1 (3 live vars)
[0m    [0m7/7: Jump b1
[0m      ↓
 [0mBlock b1
[0m[1;34m0x09b80101e315 <SharedFunctionInfo tiny> (0x09b80104a3e5 <String[21]: "workloads/inlining.js">:0:0)
[m[0m[0;34m   2 : 4f 01 01          AddSmi [1], EmbeddedFeedback[1]
[m[0m         ↱ eager @2 (4 live vars)
[0m    [0m8/8: CheckedSmiUntag [v5/n2:v-1(R)] → v-1(0), live range: [8-9]
[0m         ↱ eager @2 (4 live vars)
[0m    [0m9/9: Int32IncrementWithOverflow [v8/n8:v-1(R)] → v-1(R), live range: [9-11]
[0m[0;34m   5 : b9                Return
[m[0m  [0m10/11: ReduceInterruptBudgetForReturn(5) [v1/n10:v-1(R)]
[0m  [0m11/12: Int32ToNumber[kCanonicalizeSmi] [v9/n9:v-1(R)] → v-1(R), live range: [11-12]
[0m  [0m12/13: Return [v11/n12:v-1(=x0)]
[0m

----- Register allocation -----
Graph

[0m   [0m1/10: HeapConstant(0x09b80101e419 <FeedbackCell[one closure]>) → v-1, live range: [1-10]
[0m    [0m2/3: HeapConstant(0x09b80101e47d <JSFunction tiny (sfi = 0x9b80101e315)>) → v-1, live range: [2-9]
[0m    [0m3/4: HeapConstant(0x09b80101e469 <ScriptContext[3]>) → v-1, live range: [3-9]
 [0mBlock b0
[0m[1;34m0x09b80101e315 <SharedFunctionInfo tiny> (0x09b80104a3e5 <String[21]: "workloads/inlining.js">:3:13)
[m[0m[0;34m   0 : 0b 03             Ldar a0
[m[0m    [0m4/1: InitialValue(<this>) → [stack:-6|t], live range: [4-9]
[0m    [0m5/2: InitialValue(a0) → [stack:-7|t], live range: [5-9]
[0m    [0m6/6: FunctionEntryStackCheck
[0m         ↳ lazy @-1 (3 live vars)
[0m    [0m7/7: Jump b1
[0m      ↓
 [0mBlock b1
[0m     [0m14: GapMove([stack:-7|t] → [x0|R|t])
[0m[1;34m0x09b80101e315 <SharedFunctionInfo tiny> (0x09b80104a3e5 <String[21]: "workloads/inlining.js">:0:0)
[m[0m[0;34m   2 : 4f 01 01          AddSmi [1], EmbeddedFeedback[1]
[m[0m         ↱ eager @2 (4 live vars)
[0m    [0m8/8: CheckedSmiUntag [v5/n2:[x0|R|t]] → [x0|R|w32], live range: [8-9]
[0m         ↱ eager @2 (4 live vars)
[0m    [0m9/9: Int32IncrementWithOverflow [v8/n8:[x0|R|w32]] → [x1|R|w32], live range: [9-11]
[0m     [0m15: ConstantGapMove(n10 → [x0|R|t])
[0m[0;34m   5 : b9                Return
[m[0m  [0m10/11: ReduceInterruptBudgetForReturn(5) [v1/n10:[x0|R|t]]
[0m  [0m11/12: Int32ToNumber[kCanonicalizeSmi] [v9/n9:[x1|R|w32]] → [x0|R|t], live range: [11-12]
[0m  [0m12/13: Return [v11/n12:[x0|R|t]]
[0m
---------------------------------------------------
Finished compiling method tiny using Maglev
---------------------------------------------------
Begin compiling method outer using Maglev
Compiling 0x09b80101e519 <JSFunction outer (sfi = 0x9b80101e3a5)> with Maglev
----- Bytecode array -----
Parameter count 3
Register count 2
Frame size 16
         0x31a01000188 @    0 : 23 00 00          LdaGlobal [0:"small"], FBV[0]
         0x31a0100018b @    3 : d5                Star0
         0x31a0100018c @    4 : 6e f9 03 04 02    CallUndefinedReceiver2 r0, a0, a1, FBV[2]
         0x31a01000191 @    9 : d5                Star0
         0x31a01000192 @   10 : 23 01 04          LdaGlobal [1:"big"], FBV[4]
         0x31a01000195 @   13 : d4                Star1
         0x31a01000196 @   14 : 6d f8 03 06       CallUndefinedReceiver1 r1, a0, FBV[6]
         0x31a0100019a @   18 : 42 f9 01          Add r0, EmbeddedFeedback[1]
         0x31a0100019d @   21 : b9                Return
Constant pool (size = 2)
0x31a01000151: [TrustedFixedArray]
 - map: 0x09b800000605 <Map(TRUSTED_FIXED_ARRAY_TYPE)>
 - length: 2
           0: 0x09b8001a27fd <String[5]: #small>
           1: 0x09b8001a266d <String[3]: #big>
Handler Table (size = 0)
Source Position Table (size = 0)
0x9b80101e735: [FeedbackVector] in OldSpace
 - map: 0x09b800000895 <Map(FEEDBACK_VECTOR_TYPE)>
 - length: 8
 - shared function info: 0x09b80101e3a5 <SharedFunctionInfo outer>
 - tiering_in_progress: 0
 - osr_tiering_in_progress: 0
 - invocation count: 402
 - closure feedback cell array: 0x9b800002091: [ClosureFeedbackCellArray] in ReadOnlySpace
 - map: 0x09b80000086d <Map(CLOSURE_FEEDBACK_CELL_ARRAY_TYPE)>
 - length: 0
 - elements:

 - slot #0 LoadGlobalNotInsideTypeof MONOMORPHIC
   [weak] 0x09b80101e4d1 <PropertyCell name=0x09b8001a27fd <String[5]: #small> value=0x09b80101e4b1 <JSFunction small (sfi = 0x9b80101e345)>> {
     [0]: [weak] 0x09b80101e4d1 <PropertyCell name=0x09b8001a27fd <String[5]: #small> value=0x09b80101e4b1 <JSFunction small (sfi = 0x9b80101e345)>>
     [1]: 0x09b800000eb5 <Symbol: (uninitialized_symbol)>
  }
 - slot #2 Call MONOMORPHIC {
     [2]: [weak] 0x09b80101e4b1 <JSFunction small (sfi = 0x9b80101e345)>
     [3]: 3208
  }
 - slot #4 LoadGlobalNotInsideTypeof MONOMORPHIC
   [weak] 0x09b80101e505 <PropertyCell name=0x09b8001a266d <String[3]: #big> value=0x09b80101e4e5 <JSFunction big (sfi = 0x9b80101e375)>> {
     [4]: [weak] 0x09b80101e505 <PropertyCell name=0x09b8001a266d <String[3]: #big> value=0x09b80101e4e5 <JSFunction big (sfi = 0x9b80101e375)>>
     [5]: 0x09b800000eb5 <Symbol: (uninitialized_symbol)>
  }
 - slot #6 Call MONOMORPHIC {
     [6]: [weak] 0x09b80101e4e5 <JSFunction big (sfi = 0x9b80101e375)>
     [7]: 3208
  }
[92m⚡ INLINE [0m[96msmall                         [0m Small function, skipping max-depth[0m

----- Inlining 0x09b80101e345 <SharedFunctionInfo small> with bytecode -----
Parameter count 3
Register count 2
Frame size 16
         0x31a010001d4 @    0 : 23 00 00          LdaGlobal [0:"tiny"], FBV[0]
         0x31a010001d7 @    3 : d5                Star0
         0x31a010001d8 @    4 : 6d f9 03 02       CallUndefinedReceiver1 r0, a0, FBV[2]
         0x31a010001dc @    8 : d5                Star0
         0x31a010001dd @    9 : 23 00 00          LdaGlobal [0:"tiny"], FBV[0]
         0x31a010001e0 @   12 : d4                Star1
         0x31a010001e1 @   13 : 6d f8 04 04       CallUndefinedReceiver1 r1, a1, FBV[4]
         0x31a010001e5 @   17 : 44 f9 01          Mul r0, EmbeddedFeedback[1]
         0x31a010001e8 @   20 : b9                Return
Constant pool (size = 1)
0x31a010001a1: [TrustedFixedArray]
 - map: 0x09b800000605 <Map(TRUSTED_FIXED_ARRAY_TYPE)>
 - length: 1
           0: 0x09b80101e245 <String[4]: #tiny>
Handler Table (size = 0)
Source Position Table (size = 0)
0x9b80101e771: [FeedbackVector] in OldSpace
 - map: 0x09b800000895 <Map(FEEDBACK_VECTOR_TYPE)>
 - length: 6
 - shared function info: 0x09b80101e345 <SharedFunctionInfo small>
 - tiering_in_progress: 0
 - osr_tiering_in_progress: 0
 - invocation count: 402
 - closure feedback cell array: 0x9b800002091: [ClosureFeedbackCellArray] in ReadOnlySpace
 - map: 0x09b80000086d <Map(CLOSURE_FEEDBACK_CELL_ARRAY_TYPE)>
 - length: 0
 - elements:

 - slot #0 LoadGlobalNotInsideTypeof MONOMORPHIC
   [weak] 0x09b80101e49d <PropertyCell name=0x09b80101e245 <String[4]: #tiny> value=0x09b80101e47d <JSFunction tiny (sfi = 0x9b80101e315)>> {
     [0]: [weak] 0x09b80101e49d <PropertyCell name=0x09b80101e245 <String[4]: #tiny> value=0x09b80101e47d <JSFunction tiny (sfi = 0x9b80101e315)>>
     [1]: 0x09b800000eb5 <Symbol: (uninitialized_symbol)>
  }
 - slot #2 Call MONOMORPHIC {
     [2]: [weak] 0x09b80101e47d <JSFunction tiny (sfi = 0x9b80101e315)>
     [3]: 3208
  }
 - slot #4 Call MONOMORPHIC {
     [4]: [weak] 0x09b80101e47d <JSFunction tiny (sfi = 0x9b80101e315)>
     [5]: 3208
  }
[92m⚡ INLINE [0m[96mtiny                          [0m Small function, skipping max-depth[0m

----- Inlining 0x09b80101e315 <SharedFunctionInfo tiny> with bytecode -----
Parameter count 2
Register count 0
Frame size 0
         0x31a01000214 @    0 : 0b 03             Ldar a0
         0x31a01000216 @    2 : 4f 01 01          AddSmi [1], EmbeddedFeedback[1]
         0x31a01000219 @    5 : b9                Return
Constant pool (size = 0)
Handler Table (size = 0)
Source Position Table (size = 0)
0x9b80101e691: [FeedbackVector] in OldSpace
 - map: 0x09b800000895 <Map(FEEDBACK_VECTOR_TYPE)>
 - length: 0 (empty)
[92m⚡ INLINE [0m[96mtiny                          [0m Small function, skipping max-depth[0m

----- Inlining 0x09b80101e315 <SharedFunctionInfo tiny> with bytecode -----
Parameter count 2
Register count 0
Frame size 0
         0x31a01000214 @    0 : 0b 03             Ldar a0
         0x31a01000216 @    2 : 4f 01 01          AddSmi [1], EmbeddedFeedback[1]
         0x31a01000219 @    5 : b9                Return
Constant pool (size = 0)
Handler Table (size = 0)
Source Position Table (size = 0)
0x9b80101e691: [FeedbackVector] in OldSpace
 - map: 0x09b800000895 <Map(FEEDBACK_VECTOR_TYPE)>
 - length: 0 (empty)
[91m❌ SKIP   [0m[96mbig                           [0m big function, size (174) >= max-size (100)[0m

----- Maglev graph building -----
Graph

[0m  [0m24: HeapConstant(0x09b80101e449 <FeedbackCell[one closure]>), 1 uses
[0m   [0m4: HeapConstant(0x09b80101e519 <JSFunction outer (sfi = 0x9b80101e3a5)>), 4 uses
[0m   [0m5: HeapConstant(0x09b80101e469 <ScriptContext[3]>), 10 uses
[0m  [0m20: HeapConstant(0x09b80101e4e5 <JSFunction big (sfi = 0x9b80101e375)>), 1 uses
[0m   [0m9: HeapConstant(0x09b80101e4b1 <JSFunction small (sfi = 0x9b80101e345)>), 3 uses
[0m  [0m10: HeapConstant(0x09b801004999 <JSGlobalProxy>), 6 uses
[0m  [0m12: HeapConstant(0x09b80101e47d <JSFunction tiny (sfi = 0x9b80101e315)>), 2 uses
[0m   [0m6: RootConstant(undefined_value), 1 uses
 [0mBlock b0
[0m[1;34m0x09b80101e3a5 <SharedFunctionInfo outer> (0x09b80104a3e5 <String[21]: "workloads/inlining.js">:22:14)
[m[0m[0;34m   0 : 23 00 00          LdaGlobal [0:"small"], FBV[0]
[m[0m   [0m1: InitialValue(<this>), 4 uses
[0m   [0m2: InitialValue(a0), 11 uses
[0m   [0m3: InitialValue(a1), 10 uses
[0m   [0m7: FunctionEntryStackCheck
[0m      ↳ lazy @-1 (4 live vars)
[0m   [0m8: Jump b1
[0m   ↓
 [0mBlock b1
[0m[1;34m0x09b80101e345 <SharedFunctionInfo small> (0x09b80104a3e5 <String[21]: "workloads/inlining.js">:7:14)
[m[0m[0;34m   0 : 23 00 00          LdaGlobal [0:"tiny"], FBV[0]
[m[0m  [0m11: Jump b2
[0m   ↓
 [0mBlock b2
[0m[1;34m0x09b80101e315 <SharedFunctionInfo tiny> (0x09b80104a3e5 <String[21]: "workloads/inlining.js">:3:13)
[m[0m[0;34m   0 : 0b 03             Ldar a0
[m[0m  [0m13: Jump b3
[0m   ↓
 [0mBlock b3
[0m[1;34m0x09b80101e315 <SharedFunctionInfo tiny> (0x09b80104a3e5 <String[21]: "workloads/inlining.js">:0:0)
[m[0m[0;34m   2 : 4f 01 01          AddSmi [1], EmbeddedFeedback[1]
[m[0m      ↱ eager @4 (4 live vars)
[0m      │       @4 (4 live vars)
[0m      │       @2 (4 live vars)
[0m  [0m14: CheckedSmiUntag [n2], 1 uses, cannot truncate to int32
[0m      ↱ eager @4 (4 live vars)
[0m      │       @4 (4 live vars)
[0m      │       @2 (4 live vars)
[0m  [0m15: Int32IncrementWithOverflow [n14], 3 uses, cannot truncate to int32
[0m[1;34m0x09b80101e315 <SharedFunctionInfo tiny> (0x09b80104a3e5 <String[21]: "workloads/inlining.js">:3:13)
[m[0m[0;34m   0 : 0b 03             Ldar a0
[m[0m  [0m16: Jump b4
[0m   ↓
 [0mBlock b4
[0m[1;34m0x09b80101e315 <SharedFunctionInfo tiny> (0x09b80104a3e5 <String[21]: "workloads/inlining.js">:0:0)
[m[0m[0;34m   2 : 4f 01 01          AddSmi [1], EmbeddedFeedback[1]
[m[0m      ↱ eager @4 (4 live vars)
[0m      │       @13 (5 live vars)
[0m      │       @2 (4 live vars)
[0m  [0m17: CheckedSmiUntag [n3], 1 uses, cannot truncate to int32
[0m      ↱ eager @4 (4 live vars)
[0m      │       @13 (5 live vars)
[0m      │       @2 (4 live vars)
[0m  [0m18: Int32IncrementWithOverflow [n17], 2 uses, cannot truncate to int32
[0m[1;34m0x09b80101e345 <SharedFunctionInfo small> (0x09b80104a3e5 <String[21]: "workloads/inlining.js">:0:0)
[m[0m[0;34m  17 : 44 f9 01          Mul r0, EmbeddedFeedback[1]
[m[0m      ↱ eager @4 (4 live vars)
[0m      │       @17 (6 live vars)
[0m  [0m19: Int32MultiplyWithOverflow [n18, n15], 3 uses, can truncate to int32 [-2147483648, 2147483647]
[0m[1;34m0x09b80101e3a5 <SharedFunctionInfo outer> (0x09b80104a3e5 <String[21]: "workloads/inlining.js">:0:0)
[m[0m[0;34m  14 : 6d f8 03 06       CallUndefinedReceiver1 r1, a0, FBV[6]
[m[0m  [0m21: 🐢 CallKnownJSFunction(0x09b80101e375 <SharedFunctionInfo big>, {Int32}) [n20, n5, n10, n6, n2], 2 uses
[0m      ↳ lazy @14 (5 live vars)
[0m[0;34m  18 : 42 f9 01          Add r0, EmbeddedFeedback[1]
[m[0m      ↱ eager @18 (6 live vars)
[0m  [0m22: CheckedSmiUntag [n21], 1 uses, cannot truncate to int32
[0m      ↱ eager @18 (6 live vars)
[0m  [0m23: Int32AddWithOverflow [n19, n22], 1 uses, can truncate to int32 [-2147483648, 2147483647]
[0m[0;34m  21 : b9                Return
[m[0m  [0m25: ReduceInterruptBudgetForReturn(21) [n24]
[0m  [0m26: Int32ToNumber[kCanonicalizeSmi] [n23], 1 uses
[0m  [0m27: Return [n26]
[0m

----- Phi untagging -----
Graph

[0m  [0m24: HeapConstant(0x09b80101e449 <FeedbackCell[one closure]>), 1 uses
[0m   [0m4: HeapConstant(0x09b80101e519 <JSFunction outer (sfi = 0x9b80101e3a5)>), 4 uses
[0m   [0m5: HeapConstant(0x09b80101e469 <ScriptContext[3]>), 10 uses
[0m  [0m20: HeapConstant(0x09b80101e4e5 <JSFunction big (sfi = 0x9b80101e375)>), 1 uses
[0m   [0m9: HeapConstant(0x09b80101e4b1 <JSFunction small (sfi = 0x9b80101e345)>), 3 uses
[0m  [0m10: HeapConstant(0x09b801004999 <JSGlobalProxy>), 6 uses
[0m  [0m12: HeapConstant(0x09b80101e47d <JSFunction tiny (sfi = 0x9b80101e315)>), 2 uses
[0m   [0m6: RootConstant(undefined_value), 1 uses
 [0mBlock b0
[0m[1;34m0x09b80101e3a5 <SharedFunctionInfo outer> (0x09b80104a3e5 <String[21]: "workloads/inlining.js">:22:14)
[m[0m[0;34m   0 : 23 00 00          LdaGlobal [0:"small"], FBV[0]
[m[0m   [0m1: InitialValue(<this>), 4 uses
[0m   [0m2: InitialValue(a0), 11 uses
[0m   [0m3: InitialValue(a1), 10 uses
[0m   [0m7: FunctionEntryStackCheck
[0m      ↳ lazy @-1 (4 live vars)
[0m   [0m8: Jump b1
[0m   ↓
 [0mBlock b1
[0m[1;34m0x09b80101e345 <SharedFunctionInfo small> (0x09b80104a3e5 <String[21]: "workloads/inlining.js">:7:14)
[m[0m[0;34m   0 : 23 00 00          LdaGlobal [0:"tiny"], FBV[0]
[m[0m  [0m11: Jump b2
[0m   ↓
 [0mBlock b2
[0m[1;34m0x09b80101e315 <SharedFunctionInfo tiny> (0x09b80104a3e5 <String[21]: "workloads/inlining.js">:3:13)
[m[0m[0;34m   0 : 0b 03             Ldar a0
[m[0m  [0m13: Jump b3
[0m   ↓
 [0mBlock b3
[0m[1;34m0x09b80101e315 <SharedFunctionInfo tiny> (0x09b80104a3e5 <String[21]: "workloads/inlining.js">:0:0)
[m[0m[0;34m   2 : 4f 01 01          AddSmi [1], EmbeddedFeedback[1]
[m[0m      ↱ eager @4 (4 live vars)
[0m      │       @4 (4 live vars)
[0m      │       @2 (4 live vars)
[0m  [0m14: CheckedSmiUntag [n2], 1 uses, cannot truncate to int32
[0m      ↱ eager @4 (4 live vars)
[0m      │       @4 (4 live vars)
[0m      │       @2 (4 live vars)
[0m  [0m15: Int32IncrementWithOverflow [n14], 3 uses, cannot truncate to int32
[0m[1;34m0x09b80101e315 <SharedFunctionInfo tiny> (0x09b80104a3e5 <String[21]: "workloads/inlining.js">:3:13)
[m[0m[0;34m   0 : 0b 03             Ldar a0
[m[0m  [0m16: Jump b4
[0m   ↓
 [0mBlock b4
[0m[1;34m0x09b80101e315 <SharedFunctionInfo tiny> (0x09b80104a3e5 <String[21]: "workloads/inlining.js">:0:0)
[m[0m[0;34m   2 : 4f 01 01          AddSmi [1], EmbeddedFeedback[1]
[m[0m      ↱ eager @4 (4 live vars)
[0m      │       @13 (5 live vars)
[0m      │       @2 (4 live vars)
[0m  [0m17: CheckedSmiUntag [n3], 1 uses, cannot truncate to int32
[0m      ↱ eager @4 (4 live vars)
[0m      │       @13 (5 live vars)
[0m      │       @2 (4 live vars)
[0m  [0m18: Int32IncrementWithOverflow [n17], 2 uses, cannot truncate to int32
[0m[1;34m0x09b80101e345 <SharedFunctionInfo small> (0x09b80104a3e5 <String[21]: "workloads/inlining.js">:0:0)
[m[0m[0;34m  17 : 44 f9 01          Mul r0, EmbeddedFeedback[1]
[m[0m      ↱ eager @4 (4 live vars)
[0m      │       @17 (6 live vars)
[0m  [0m19: Int32MultiplyWithOverflow [n18, n15], 3 uses, can truncate to int32 [-2147483648, 2147483647]
[0m[1;34m0x09b80101e3a5 <SharedFunctionInfo outer> (0x09b80104a3e5 <String[21]: "workloads/inlining.js">:0:0)
[m[0m[0;34m  14 : 6d f8 03 06       CallUndefinedReceiver1 r1, a0, FBV[6]
[m[0m  [0m21: 🐢 CallKnownJSFunction(0x09b80101e375 <SharedFunctionInfo big>, {Int32}) [n20, n5, n10, n6, n2], 2 uses
[0m      ↳ lazy @14 (5 live vars)
[0m[0;34m  18 : 42 f9 01          Add r0, EmbeddedFeedback[1]
[m[0m      ↱ eager @18 (6 live vars)
[0m  [0m22: CheckedSmiUntag [n21], 1 uses, cannot truncate to int32
[0m      ↱ eager @18 (6 live vars)
[0m  [0m23: Int32AddWithOverflow [n19, n22], 1 uses, can truncate to int32 [-2147483648, 2147483647]
[0m[0;34m  21 : b9                Return
[m[0m  [0m25: ReduceInterruptBudgetForReturn(21) [n24]
[0m  [0m26: Int32ToNumber[kCanonicalizeSmi] [n23], 1 uses
[0m  [0m27: Return [n26]
[0m

----- AnyUseMarking -----
Graph

[0m  [0m24: HeapConstant(0x09b80101e449 <FeedbackCell[one closure]>) → (x)
[0m   [0m4: HeapConstant(0x09b80101e519 <JSFunction outer (sfi = 0x9b80101e3a5)>) → (x)
[0m   [0m5: HeapConstant(0x09b80101e469 <ScriptContext[3]>) → (x)
[0m  [0m20: HeapConstant(0x09b80101e4e5 <JSFunction big (sfi = 0x9b80101e375)>) → (x)
[0m   [0m9: HeapConstant(0x09b80101e4b1 <JSFunction small (sfi = 0x9b80101e345)>) → (x)
[0m  [0m10: HeapConstant(0x09b801004999 <JSGlobalProxy>) → (x)
[0m  [0m12: HeapConstant(0x09b80101e47d <JSFunction tiny (sfi = 0x9b80101e315)>) → (x)
[0m   [0m6: RootConstant(undefined_value) → (x)
 [0mBlock b0
[0m[1;34m0x09b80101e3a5 <SharedFunctionInfo outer> (0x09b80104a3e5 <String[21]: "workloads/inlining.js">:22:14)
[m[0m[0;34m   0 : 23 00 00          LdaGlobal [0:"small"], FBV[0]
[m[0m   [0m1: InitialValue(<this>) → (x)
[0m   [0m2: InitialValue(a0) → (x)
[0m   [0m3: InitialValue(a1) → (x)
[0m   [0m7: FunctionEntryStackCheck
[0m      ↳ lazy @-1 (4 live vars)
[0m   [0m8: Jump b1
[0m   ↓
 [0mBlock b1
[0m[1;34m0x09b80101e345 <SharedFunctionInfo small> (0x09b80104a3e5 <String[21]: "workloads/inlining.js">:7:14)
[m[0m[0;34m   0 : 23 00 00          LdaGlobal [0:"tiny"], FBV[0]
[m[0m  [0m11: Jump b2
[0m   ↓
 [0mBlock b2
[0m[1;34m0x09b80101e315 <SharedFunctionInfo tiny> (0x09b80104a3e5 <String[21]: "workloads/inlining.js">:3:13)
[m[0m[0;34m   0 : 0b 03             Ldar a0
[m[0m  [0m13: Jump b3
[0m   ↓
 [0mBlock b3
[0m[1;34m0x09b80101e315 <SharedFunctionInfo tiny> (0x09b80104a3e5 <String[21]: "workloads/inlining.js">:0:0)
[m[0m[0;34m   2 : 4f 01 01          AddSmi [1], EmbeddedFeedback[1]
[m[0m      ↱ eager @4 (4 live vars)
[0m      │       @4 (4 live vars)
[0m      │       @2 (4 live vars)
[0m  [0m14: CheckedSmiUntag [v0/n2:(x)] → (x)
[0m      ↱ eager @4 (4 live vars)
[0m      │       @4 (4 live vars)
[0m      │       @2 (4 live vars)
[0m  [0m15: Int32IncrementWithOverflow [v0/n14:(x)] → (x)
[0m[1;34m0x09b80101e315 <SharedFunctionInfo tiny> (0x09b80104a3e5 <String[21]: "workloads/inlining.js">:3:13)
[m[0m[0;34m   0 : 0b 03             Ldar a0
[m[0m  [0m16: Jump b4
[0m   ↓
 [0mBlock b4
[0m[1;34m0x09b80101e315 <SharedFunctionInfo tiny> (0x09b80104a3e5 <String[21]: "workloads/inlining.js">:0:0)
[m[0m[0;34m   2 : 4f 01 01          AddSmi [1], EmbeddedFeedback[1]
[m[0m      ↱ eager @4 (4 live vars)
[0m      │       @13 (5 live vars)
[0m      │       @2 (4 live vars)
[0m  [0m17: CheckedSmiUntag [v0/n3:(x)] → (x)
[0m      ↱ eager @4 (4 live vars)
[0m      │       @13 (5 live vars)
[0m      │       @2 (4 live vars)
[0m  [0m18: Int32IncrementWithOverflow [v0/n17:(x)] → (x)
[0m[1;34m0x09b80101e345 <SharedFunctionInfo small> (0x09b80104a3e5 <String[21]: "workloads/inlining.js">:0:0)
[m[0m[0;34m  17 : 44 f9 01          Mul r0, EmbeddedFeedback[1]
[m[0m      ↱ eager @4 (4 live vars)
[0m      │       @17 (6 live vars)
[0m  [0m19: Int32MultiplyWithOverflow [v0/n18:(x), v0/n15:(x)] → (x)
[0m[1;34m0x09b80101e3a5 <SharedFunctionInfo outer> (0x09b80104a3e5 <String[21]: "workloads/inlining.js">:0:0)
[m[0m[0;34m  14 : 6d f8 03 06       CallUndefinedReceiver1 r1, a0, FBV[6]
[m[0m  [0m21: 🐢 CallKnownJSFunction(0x09b80101e375 <SharedFunctionInfo big>, {Int32}) [v0/n20:(x), v0/n5:(x), v0/n10:(x), v0/n6:(x), v0/n2:(x)] → (x)
[0m      ↳ lazy @14 (5 live vars)
[0m[0;34m  18 : 42 f9 01          Add r0, EmbeddedFeedback[1]
[m[0m      ↱ eager @18 (6 live vars)
[0m  [0m22: CheckedSmiUntag [v0/n21:(x)] → (x)
[0m      ↱ eager @18 (6 live vars)
[0m  [0m23: Int32AddWithOverflow [v0/n19:(x), v0/n22:(x)] → (x)
[0m[0;34m  21 : b9                Return
[m[0m  [0m25: ReduceInterruptBudgetForReturn(21) [v0/n24:(x)]
[0m  [0m26: Int32ToNumber[kCanonicalizeSmi] [v0/n23:(x)] → (x)
[0m  [0m27: Return [v0/n26:(x)]
[0m

----- Dead nodes sweeping -----
Graph

[0m   [0m1/24: HeapConstant(0x09b80101e449 <FeedbackCell[one closure]>) → v-1, live range: [1-25]
[0m    [0m2/4: HeapConstant(0x09b80101e519 <JSFunction outer (sfi = 0x9b80101e3a5)>) → v-1, live range: [2-24]
[0m    [0m3/5: HeapConstant(0x09b80101e469 <ScriptContext[3]>) → v-1, live range: [3-24]
[0m   [0m4/20: HeapConstant(0x09b80101e4e5 <JSFunction big (sfi = 0x9b80101e375)>) → v-1, live range: [4-22]
[0m    [0m5/9: HeapConstant(0x09b80101e4b1 <JSFunction small (sfi = 0x9b80101e345)>) → v-1, live range: [5-21]
[0m   [0m6/10: HeapConstant(0x09b801004999 <JSGlobalProxy>) → v-1, live range: [6-22]
[0m   [0m7/12: HeapConstant(0x09b80101e47d <JSFunction tiny (sfi = 0x9b80101e315)>) → v-1, live range: [7-20]
[0m    [0m8/6: RootConstant(undefined_value) → v-1, live range: [8-22]
 [0mBlock b0
[0m[1;34m0x09b80101e3a5 <SharedFunctionInfo outer> (0x09b80104a3e5 <String[21]: "workloads/inlining.js">:22:14)
[m[0m[0;34m   0 : 23 00 00          LdaGlobal [0:"small"], FBV[0]
[m[0m    [0m9/1: InitialValue(<this>) → v-1(=-6S), live range: [9-24]
[0m   [0m10/2: InitialValue(a0) → v-1(=-7S), live range: [10-24]
[0m   [0m11/3: InitialValue(a1) → v-1(=-8S), live range: [11-24]
[0m   [0m12/7: FunctionEntryStackCheck
[0m         ↳ lazy @-1 (4 live vars)
[0m   [0m13/8: Jump b1
[0m      ↓
 [0mBlock b1
[0m[1;34m0x09b80101e345 <SharedFunctionInfo small> (0x09b80104a3e5 <String[21]: "workloads/inlining.js">:7:14)
[m[0m[0;34m   0 : 23 00 00          LdaGlobal [0:"tiny"], FBV[0]
[m[0m  [0m14/11: Jump b2
[0m      ↓
 [0mBlock b2
[0m[1;34m0x09b80101e315 <SharedFunctionInfo tiny> (0x09b80104a3e5 <String[21]: "workloads/inlining.js">:3:13)
[m[0m[0;34m   0 : 0b 03             Ldar a0
[m[0m  [0m15/13: Jump b3
[0m      ↓
 [0mBlock b3
[0m[1;34m0x09b80101e315 <SharedFunctionInfo tiny> (0x09b80104a3e5 <String[21]: "workloads/inlining.js">:0:0)
[m[0m[0;34m   2 : 4f 01 01          AddSmi [1], EmbeddedFeedback[1]
[m[0m         ↱ eager @4 (4 live vars)
[0m         │       @4 (4 live vars)
[0m         │       @2 (4 live vars)
[0m  [0m16/14: CheckedSmiUntag [v10/n2:v-1(R)] → v-1(0), live range: [16-17]
[0m         ↱ eager @4 (4 live vars)
[0m         │       @4 (4 live vars)
[0m         │       @2 (4 live vars)
[0m  [0m17/15: Int32IncrementWithOverflow [v16/n14:v-1(R)] → v-1(R), live range: [17-21]
[0m[1;34m0x09b80101e315 <SharedFunctionInfo tiny> (0x09b80104a3e5 <String[21]: "workloads/inlining.js">:3:13)
[m[0m[0;34m   0 : 0b 03             Ldar a0
[m[0m  [0m18/16: Jump b4
[0m      ↓
 [0mBlock b4
[0m[1;34m0x09b80101e315 <SharedFunctionInfo tiny> (0x09b80104a3e5 <String[21]: "workloads/inlining.js">:0:0)
[m[0m[0;34m   2 : 4f 01 01          AddSmi [1], EmbeddedFeedback[1]
[m[0m         ↱ eager @4 (4 live vars)
[0m         │       @13 (5 live vars)
[0m         │       @2 (4 live vars)
[0m  [0m19/17: CheckedSmiUntag [v11/n3:v-1(R)] → v-1(0), live range: [19-20]
[0m         ↱ eager @4 (4 live vars)
[0m         │       @13 (5 live vars)
[0m         │       @2 (4 live vars)
[0m  [0m20/18: Int32IncrementWithOverflow [v19/n17:v-1(R)] → v-1(R), live range: [20-21]
[0m[1;34m0x09b80101e345 <SharedFunctionInfo small> (0x09b80104a3e5 <String[21]: "workloads/inlining.js">:0:0)
[m[0m[0;34m  17 : 44 f9 01          Mul r0, EmbeddedFeedback[1]
[m[0m         ↱ eager @4 (4 live vars)
[0m         │       @17 (6 live vars)
[0m  [0m21/19: Int32MultiplyWithOverflow [v20/n18:v-1(R), v17/n15:v-1(R)] → v-1(R), live range: [21-24]
[0m[1;34m0x09b80101e3a5 <SharedFunctionInfo outer> (0x09b80104a3e5 <String[21]: "workloads/inlining.js">:0:0)
[m[0m[0;34m  14 : 6d f8 03 06       CallUndefinedReceiver1 r1, a0, FBV[6]
[m[0m  [0m22/21: 🐢 CallKnownJSFunction(0x09b80101e375 <SharedFunctionInfo big>, {Int32}) [v4/n20:v-1(=x1), v3/n5:v-1(=x27), v6/n10:v-1(*), v8/n6:v-1(=x3), v10/n2:v-1(*)] → v-1(=x0), live range: [22-24]
[0m         ↳ lazy @14 (5 live vars)
[0m[0;34m  18 : 42 f9 01          Add r0, EmbeddedFeedback[1]
[m[0m         ↱ eager @18 (6 live vars)
[0m  [0m23/22: CheckedSmiUntag [v22/n21:v-1(R)] → v-1(0), live range: [23-24]
[0m         ↱ eager @18 (6 live vars)
[0m  [0m24/23: Int32AddWithOverflow [v21/n19:v-1(R), v23/n22:v-1(R)] → v-1(R), live range: [24-26]
[0m[0;34m  21 : b9                Return
[m[0m  [0m25/25: ReduceInterruptBudgetForReturn(21) [v1/n24:v-1(R)]
[0m  [0m26/26: Int32ToNumber[kCanonicalizeSmi] [v24/n23:v-1(R)] → v-1(R), live range: [26-27]
[0m  [0m27/27: Return [v26/n26:v-1(=x0)]
[0m

----- Register allocation -----
Graph

[0m   [0m1/24: HeapConstant(0x09b80101e449 <FeedbackCell[one closure]>) → v-1, live range: [1-25]
[0m    [0m2/4: HeapConstant(0x09b80101e519 <JSFunction outer (sfi = 0x9b80101e3a5)>) → v-1, live range: [2-24]
[0m    [0m3/5: HeapConstant(0x09b80101e469 <ScriptContext[3]>) → v-1, live range: [3-24]
[0m   [0m4/20: HeapConstant(0x09b80101e4e5 <JSFunction big (sfi = 0x9b80101e375)>) → v-1, live range: [4-22]
[0m    [0m5/9: HeapConstant(0x09b80101e4b1 <JSFunction small (sfi = 0x9b80101e345)>) → v-1, live range: [5-21]
[0m   [0m6/10: HeapConstant(0x09b801004999 <JSGlobalProxy>) → v-1, live range: [6-22]
[0m   [0m7/12: HeapConstant(0x09b80101e47d <JSFunction tiny (sfi = 0x9b80101e315)>) → v-1, live range: [7-20]
[0m    [0m8/6: RootConstant(undefined_value) → v-1, live range: [8-22]
 [0mBlock b0
[0m[1;34m0x09b80101e3a5 <SharedFunctionInfo outer> (0x09b80104a3e5 <String[21]: "workloads/inlining.js">:22:14)
[m[0m[0;34m   0 : 23 00 00          LdaGlobal [0:"small"], FBV[0]
[m[0m    [0m9/1: InitialValue(<this>) → [stack:-6|t], live range: [9-24]
[0m   [0m10/2: InitialValue(a0) → [stack:-7|t], live range: [10-24]
[0m   [0m11/3: InitialValue(a1) → [stack:-8|t], live range: [11-24]
[0m   [0m12/7: FunctionEntryStackCheck
[0m         ↳ lazy @-1 (4 live vars)
[0m   [0m13/8: Jump b1
[0m      ↓
 [0mBlock b1
[0m[1;34m0x09b80101e345 <SharedFunctionInfo small> (0x09b80104a3e5 <String[21]: "workloads/inlining.js">:7:14)
[m[0m[0;34m   0 : 23 00 00          LdaGlobal [0:"tiny"], FBV[0]
[m[0m  [0m14/11: Jump b2
[0m      ↓
 [0mBlock b2
[0m[1;34m0x09b80101e315 <SharedFunctionInfo tiny> (0x09b80104a3e5 <String[21]: "workloads/inlining.js">:3:13)
[m[0m[0;34m   0 : 0b 03             Ldar a0
[m[0m  [0m15/13: Jump b3
[0m      ↓
 [0mBlock b3
[0m     [0m28: GapMove([stack:-7|t] → [x0|R|t])
[0m[1;34m0x09b80101e315 <SharedFunctionInfo tiny> (0x09b80104a3e5 <String[21]: "workloads/inlining.js">:0:0)
[m[0m[0;34m   2 : 4f 01 01          AddSmi [1], EmbeddedFeedback[1]
[m[0m         ↱ eager @4 (4 live vars)
[0m         │       @4 (4 live vars)
[0m         │       @2 (4 live vars)
[0m  [0m16/14: CheckedSmiUntag [v10/n2:[x0|R|t]] → [x0|R|w32], live range: [16-17]
[0m         ↱ eager @4 (4 live vars)
[0m         │       @4 (4 live vars)
[0m         │       @2 (4 live vars)
[0m  [0m17/15: Int32IncrementWithOverflow [v16/n14:[x0|R|w32]] → [x1|R|w32], live range: [17-21]
[0m[1;34m0x09b80101e315 <SharedFunctionInfo tiny> (0x09b80104a3e5 <String[21]: "workloads/inlining.js">:3:13)
[m[0m[0;34m   0 : 0b 03             Ldar a0
[m[0m  [0m18/16: Jump b4
[0m      ↓
 [0mBlock b4
[0m     [0m29: GapMove([stack:-8|t] → [x0|R|t])
[0m[1;34m0x09b80101e315 <SharedFunctionInfo tiny> (0x09b80104a3e5 <String[21]: "workloads/inlining.js">:0:0)
[m[0m[0;34m   2 : 4f 01 01          AddSmi [1], EmbeddedFeedback[1]
[m[0m         ↱ eager @4 (4 live vars)
[0m         │       @13 (5 live vars)
[0m         │       @2 (4 live vars)
[0m  [0m19/17: CheckedSmiUntag [v11/n3:[x0|R|t]] → [x0|R|w32], live range: [19-20]
[0m         ↱ eager @4 (4 live vars)
[0m         │       @13 (5 live vars)
[0m         │       @2 (4 live vars)
[0m  [0m20/18: Int32IncrementWithOverflow [v19/n17:[x0|R|w32]] → [x2|R|w32], live range: [20-21]
[0m[1;34m0x09b80101e345 <SharedFunctionInfo small> (0x09b80104a3e5 <String[21]: "workloads/inlining.js">:0:0)
[m[0m[0;34m  17 : 44 f9 01          Mul r0, EmbeddedFeedback[1]
[m[0m         ↱ eager @4 (4 live vars)
[0m         │       @17 (6 live vars)
[0m  [0m21/19: Int32MultiplyWithOverflow [v20/n18:[x2|R|w32], v17/n15:[x1|R|w32]] → [x0|R|w32] (spilled: [stack:0|w32]), live range: [21-24]
[0m     [0m30: ConstantGapMove(n20 → [x1|R|t])
[0m     [0m31: ConstantGapMove(n5 → [x27|R|t])
[0m     [0m32: ConstantGapMove(n6 → [x3|R|t])
[0m[1;34m0x09b80101e3a5 <SharedFunctionInfo outer> (0x09b80104a3e5 <String[21]: "workloads/inlining.js">:0:0)
[m[0m[0;34m  14 : 6d f8 03 06       CallUndefinedReceiver1 r1, a0, FBV[6]
[m[0m  [0m22/21: 🐢 CallKnownJSFunction(0x09b80101e375 <SharedFunctionInfo big>, {Int32}) [v4/n20:[x1|R|t], v3/n5:[x27|R|t], v6/n10:[constant:v-1], v8/n6:[x3|R|t], v10/n2:[stack:-7|t]] → [x0|R|t], live range: [22-24]
[0m         ↳ lazy @14 (5 live vars)
[0m     [0m33: GapMove([x0|R|t] → [x1|R|t])
[0m[0;34m  18 : 42 f9 01          Add r0, EmbeddedFeedback[1]
[m[0m         ↱ eager @18 (6 live vars)
[0m  [0m23/22: CheckedSmiUntag [v22/n21:[x0|R|t]] → [x0|R|w32], live range: [23-24]
[0m     [0m34: GapMove([stack:0|w32] → [x2|R|w32])
[0m         ↱ eager @18 (6 live vars)
[0m  [0m24/23: Int32AddWithOverflow [v21/n19:[x2|R|w32], v23/n22:[x0|R|w32]] → [x3|R|w32], live range: [24-26]
[0m     [0m35: ConstantGapMove(n24 → [x0|R|t])
[0m[0;34m  21 : b9                Return
[m[0m  [0m25/25: ReduceInterruptBudgetForReturn(21) [v1/n24:[x0|R|t]]
[0m  [0m26/26: Int32ToNumber[kCanonicalizeSmi] [v24/n23:[x3|R|w32]] → [x0|R|t], live range: [26-27]
[0m  [0m27/27: Return [v26/n26:[x0|R|t]]
[0m
---------------------------------------------------
Finished compiling method outer using Maglev
---------------------------------------------------
Begin compiling method big using Maglev
Compiling 0x09b80101e4e5 <JSFunction big (sfi = 0x9b80101e375)> with Maglev
----- Bytecode array -----
Parameter count 2
Register count 1
Frame size 8
         0x31a01000244 @    0 : 1b 03 f9          Mov a0, r0
         0x31a01000247 @    3 : 0b f9             Ldar r0
         0x31a01000249 @    5 : 4f 01 01          AddSmi [1], EmbeddedFeedback[1]
         0x31a0100024c @    8 : d5                Star0
         0x31a0100024d @    9 : 51 03 01          MulSmi [3], EmbeddedFeedback[1]
         0x31a01000250 @   12 : d5                Star0
         0x31a01000251 @   13 : 50 07 01          SubSmi [7], EmbeddedFeedback[1]
         0x31a01000254 @   16 : d5                Star0
         0x31a01000255 @   17 : 56 0b 01          BitwiseXorSmi [11], EmbeddedFeedback[1]
         0x31a01000258 @   20 : d5                Star0
         0x31a01000259 @   21 : 55 02 01          BitwiseOrSmi [2], EmbeddedFeedback[1]
         0x31a0100025c @   24 : d5                Star0
         0x31a0100025d @   25 : 01 57 ff ff 00 00 01 BitwiseAndSmi.ExtraWide [65535], EmbeddedFeedback[1]
         0x31a01000264 @   32 : d5                Star0
         0x31a01000265 @   33 : 4f 01 01          AddSmi [1], EmbeddedFeedback[1]
         0x31a01000268 @   36 : d5                Star0
         0x31a01000269 @   37 : 51 03 01          MulSmi [3], EmbeddedFeedback[1]
         0x31a0100026c @   40 : d5                Star0
         0x31a0100026d @   41 : 50 07 01          SubSmi [7], EmbeddedFeedback[1]
         0x31a01000270 @   44 : d5                Star0
         0x31a01000271 @   45 : 56 0b 01          BitwiseXorSmi [11], EmbeddedFeedback[1]
         0x31a01000274 @   48 : d5                Star0
         0x31a01000275 @   49 : 55 02 01          BitwiseOrSmi [2], EmbeddedFeedback[1]
         0x31a01000278 @   52 : d5                Star0
         0x31a01000279 @   53 : 01 57 ff ff 00 00 01 BitwiseAndSmi.ExtraWide [65535], EmbeddedFeedback[1]
         0x31a01000280 @   60 : d5                Star0
         0x31a01000281 @   61 : 4f 01 01          AddSmi [1], EmbeddedFeedback[1]
         0x31a01000284 @   64 : d5                Star0
         0x31a01000285 @   65 : 51 03 01          MulSmi [3], EmbeddedFeedback[1]
         0x31a01000288 @   68 : d5                Star0
         0x31a01000289 @   69 : 50 07 01          SubSmi [7], EmbeddedFeedback[1]
         0x31a0100028c @   72 : d5                Star0
         0x31a0100028d @   73 : 56 0b 01          BitwiseXorSmi [11], EmbeddedFeedback[1]
         0x31a01000290 @   76 : d5                Star0
         0x31a01000291 @   77 : 55 02 01          BitwiseOrSmi [2], EmbeddedFeedback[1]
         0x31a01000294 @   80 : d5                Star0
         0x31a01000295 @   81 : 01 57 ff ff 00 00 01 BitwiseAndSmi.ExtraWide [65535], EmbeddedFeedback[1]
         0x31a0100029c @   88 : d5                Star0
         0x31a0100029d @   89 : 4f 01 01          AddSmi [1], EmbeddedFeedback[1]
         0x31a010002a0 @   92 : d5                Star0
         0x31a010002a1 @   93 : 51 03 01          MulSmi [3], EmbeddedFeedback[1]
         0x31a010002a4 @   96 : d5                Star0
         0x31a010002a5 @   97 : 50 07 01          SubSmi [7], EmbeddedFeedback[1]
         0x31a010002a8 @  100 : d5                Star0
         0x31a010002a9 @  101 : 56 0b 01          BitwiseXorSmi [11], EmbeddedFeedback[1]
         0x31a010002ac @  104 : d5                Star0
         0x31a010002ad @  105 : 55 02 01          BitwiseOrSmi [2], EmbeddedFeedback[1]
         0x31a010002b0 @  108 : d5                Star0
         0x31a010002b1 @  109 : 01 57 ff ff 00 00 01 BitwiseAndSmi.ExtraWide [65535], EmbeddedFeedback[1]
         0x31a010002b8 @  116 : d5                Star0
         0x31a010002b9 @  117 : 4f 01 01          AddSmi [1], EmbeddedFeedback[1]
         0x31a010002bc @  120 : d5                Star0
         0x31a010002bd @  121 : 51 03 01          MulSmi [3], EmbeddedFeedback[1]
         0x31a010002c0 @  124 : d5                Star0
         0x31a010002c1 @  125 : 50 07 01          SubSmi [7], EmbeddedFeedback[1]
         0x31a010002c4 @  128 : d5                Star0
         0x31a010002c5 @  129 : 56 0b 01          BitwiseXorSmi [11], EmbeddedFeedback[1]
         0x31a010002c8 @  132 : d5                Star0
         0x31a010002c9 @  133 : 55 02 01          BitwiseOrSmi [2], EmbeddedFeedback[1]
         0x31a010002cc @  136 : d5                Star0
         0x31a010002cd @  137 : 01 57 ff ff 00 00 01 BitwiseAndSmi.ExtraWide [65535], EmbeddedFeedback[1]
         0x31a010002d4 @  144 : d5                Star0
         0x31a010002d5 @  145 : 4f 01 01          AddSmi [1], EmbeddedFeedback[1]
         0x31a010002d8 @  148 : d5                Star0
         0x31a010002d9 @  149 : 51 03 01          MulSmi [3], EmbeddedFeedback[1]
         0x31a010002dc @  152 : d5                Star0
         0x31a010002dd @  153 : 50 07 01          SubSmi [7], EmbeddedFeedback[1]
         0x31a010002e0 @  156 : d5                Star0
         0x31a010002e1 @  157 : 56 0b 01          BitwiseXorSmi [11], EmbeddedFeedback[1]
         0x31a010002e4 @  160 : d5                Star0
         0x31a010002e5 @  161 : 55 02 01          BitwiseOrSmi [2], EmbeddedFeedback[1]
         0x31a010002e8 @  164 : d5                Star0
         0x31a010002e9 @  165 : 01 57 ff ff 00 00 01 BitwiseAndSmi.ExtraWide [65535], EmbeddedFeedback[1]
         0x31a010002f0 @  172 : d5                Star0
         0x31a010002f1 @  173 : b9                Return
Constant pool (size = 0)
Handler Table (size = 0)
Source Position Table (size = 0)
0x9b80101e7a5: [FeedbackVector] in OldSpace
 - map: 0x09b800000895 <Map(FEEDBACK_VECTOR_TYPE)>
 - length: 0 (empty)

----- Maglev graph building -----
Graph

[0m  [0m50: HeapConstant(0x09b80101e439 <FeedbackCell[one closure]>), 1 uses
[0m   [0m3: HeapConstant(0x09b80101e4e5 <JSFunction big (sfi = 0x9b80101e375)>), 2 uses
[0m   [0m4: HeapConstant(0x09b80101e469 <ScriptContext[3]>), 2 uses
[0m   [0m5: RootConstant(undefined_value), 0 uses 🪦
[0m  [0m16: Int32Constant(2), 6 uses, cannot truncate to int32
[0m  [0m10: Int32Constant(3), 6 uses, cannot truncate to int32
[0m  [0m12: Int32Constant(7), 6 uses, cannot truncate to int32
[0m  [0m14: Int32Constant(11), 6 uses, cannot truncate to int32
[0m  [0m18: Int32Constant(65535), 6 uses, cannot truncate to int32
 [0mBlock b0
[0m[1;34m0x09b80101e375 <SharedFunctionInfo big> (0x09b80104a3e5 <String[21]: "workloads/inlining.js">:11:12)
[m[0m[0;34m   0 : 1b 03 f9          Mov a0, r0
[m[0m   [0m1: InitialValue(<this>), 2 uses
[0m   [0m2: InitialValue(a0), 4 uses
[0m   [0m6: FunctionEntryStackCheck
[0m      ↳ lazy @-1 (3 live vars)
[0m   [0m7: Jump b1
[0m   ↓
 [0mBlock b1
[0m[1;34m0x09b80101e375 <SharedFunctionInfo big> (0x09b80104a3e5 <String[21]: "workloads/inlining.js">:0:0)
[m[0m[0;34m   5 : 4f 01 01          AddSmi [1], EmbeddedFeedback[1]
[m[0m      ↱ eager @5 (4 live vars)
[0m   [0m8: CheckedSmiUntag [n2], 1 uses, cannot truncate to int32
[0m      ↱ eager @5 (4 live vars)
[0m   [0m9: Int32IncrementWithOverflow [n8], 1 uses, cannot truncate to int32
[0m[0;34m   9 : 51 03 01          MulSmi [3], EmbeddedFeedback[1]
[m[0m      ↱ eager @5 (4 live vars)
[0m  [0m11: Int32MultiplyWithOverflow [n9, n10], 1 uses, can truncate to int32 [-2147483648, 2147483647]
[0m[0;34m  13 : 50 07 01          SubSmi [7], EmbeddedFeedback[1]
[m[0m      ↱ eager @5 (4 live vars)
[0m  [0m13: Int32SubtractWithOverflow [n11, n12], 1 uses, can truncate to int32 [-2147483648, 2147483647]
[0m[0;34m  17 : 56 0b 01          BitwiseXorSmi [11], EmbeddedFeedback[1]
[m[0m  [0m15: Int32BitwiseXor [n13, n14], 1 uses, cannot truncate to int32
[0m[0;34m  21 : 55 02 01          BitwiseOrSmi [2], EmbeddedFeedback[1]
[m[0m  [0m17: Int32BitwiseOr [n15, n16], 1 uses, cannot truncate to int32
[0m[0;34m  25 : 01 57 ff ff 00 00 01 BitwiseAndSmi.ExtraWide [65535], EmbeddedFeedback[1]
[m[0m  [0m19: Int32BitwiseAnd [n17, n18], 1 uses, cannot truncate to int32
[0m[0;34m  33 : 4f 01 01          AddSmi [1], EmbeddedFeedback[1]
[m[0m      ↱ eager @5 (4 live vars)
[0m  [0m20: Int32IncrementWithOverflow [n19], 1 uses, cannot truncate to int32
[0m[0;34m  37 : 51 03 01          MulSmi [3], EmbeddedFeedback[1]
[m[0m      ↱ eager @5 (4 live vars)
[0m  [0m21: Int32MultiplyWithOverflow [n20, n10], 1 uses, can truncate to int32 [-2147483648, 2147483647]
[0m[0;34m  41 : 50 07 01          SubSmi [7], EmbeddedFeedback[1]
[m[0m      ↱ eager @5 (4 live vars)
[0m  [0m22: Int32SubtractWithOverflow [n21, n12], 1 uses, can truncate to int32 [-2147483648, 2147483647]
[0m[0;34m  45 : 56 0b 01          BitwiseXorSmi [11], EmbeddedFeedback[1]
[m[0m  [0m23: Int32BitwiseXor [n22, n14], 1 uses, cannot truncate to int32
[0m[0;34m  49 : 55 02 01          BitwiseOrSmi [2], EmbeddedFeedback[1]
[m[0m  [0m24: Int32BitwiseOr [n23, n16], 1 uses, cannot truncate to int32
[0m[0;34m  53 : 01 57 ff ff 00 00 01 BitwiseAndSmi.ExtraWide [65535], EmbeddedFeedback[1]
[m[0m  [0m25: Int32BitwiseAnd [n24, n18], 1 uses, cannot truncate to int32
[0m[0;34m  61 : 4f 01 01          AddSmi [1], EmbeddedFeedback[1]
[m[0m      ↱ eager @5 (4 live vars)
[0m  [0m26: Int32IncrementWithOverflow [n25], 1 uses, cannot truncate to int32
[0m[0;34m  65 : 51 03 01          MulSmi [3], EmbeddedFeedback[1]
[m[0m      ↱ eager @5 (4 live vars)
[0m  [0m27: Int32MultiplyWithOverflow [n26, n10], 1 uses, can truncate to int32 [-2147483648, 2147483647]
[0m[0;34m  69 : 50 07 01          SubSmi [7], EmbeddedFeedback[1]
[m[0m      ↱ eager @5 (4 live vars)
[0m  [0m28: Int32SubtractWithOverflow [n27, n12], 1 uses, can truncate to int32 [-2147483648, 2147483647]
[0m[0;34m  73 : 56 0b 01          BitwiseXorSmi [11], EmbeddedFeedback[1]
[m[0m  [0m29: Int32BitwiseXor [n28, n14], 1 uses, cannot truncate to int32
[0m[0;34m  77 : 55 02 01          BitwiseOrSmi [2], EmbeddedFeedback[1]
[m[0m  [0m30: Int32BitwiseOr [n29, n16], 1 uses, cannot truncate to int32
[0m[0;34m  81 : 01 57 ff ff 00 00 01 BitwiseAndSmi.ExtraWide [65535], EmbeddedFeedback[1]
[m[0m  [0m31: Int32BitwiseAnd [n30, n18], 1 uses, cannot truncate to int32
[0m[0;34m  89 : 4f 01 01          AddSmi [1], EmbeddedFeedback[1]
[m[0m      ↱ eager @5 (4 live vars)
[0m  [0m32: Int32IncrementWithOverflow [n31], 1 uses, cannot truncate to int32
[0m[0;34m  93 : 51 03 01          MulSmi [3], EmbeddedFeedback[1]
[m[0m      ↱ eager @5 (4 live vars)
[0m  [0m33: Int32MultiplyWithOverflow [n32, n10], 1 uses, can truncate to int32 [-2147483648, 2147483647]
[0m[0;34m  97 : 50 07 01          SubSmi [7], EmbeddedFeedback[1]
[m[0m      ↱ eager @5 (4 live vars)
[0m  [0m34: Int32SubtractWithOverflow [n33, n12], 1 uses, can truncate to int32 [-2147483648, 2147483647]
[0m[0;34m 101 : 56 0b 01          BitwiseXorSmi [11], EmbeddedFeedback[1]
[m[0m  [0m35: Int32BitwiseXor [n34, n14], 1 uses, cannot truncate to int32
[0m[0;34m 105 : 55 02 01          BitwiseOrSmi [2], EmbeddedFeedback[1]
[m[0m  [0m36: Int32BitwiseOr [n35, n16], 1 uses, cannot truncate to int32
[0m[0;34m 109 : 01 57 ff ff 00 00 01 BitwiseAndSmi.ExtraWide [65535], EmbeddedFeedback[1]
[m[0m  [0m37: Int32BitwiseAnd [n36, n18], 1 uses, cannot truncate to int32
[0m[0;34m 117 : 4f 01 01          AddSmi [1], EmbeddedFeedback[1]
[m[0m      ↱ eager @5 (4 live vars)
[0m  [0m38: Int32IncrementWithOverflow [n37], 1 uses, cannot truncate to int32
[0m[0;34m 121 : 51 03 01          MulSmi [3], EmbeddedFeedback[1]
[m[0m      ↱ eager @5 (4 live vars)
[0m  [0m39: Int32MultiplyWithOverflow [n38, n10], 1 uses, can truncate to int32 [-2147483648, 2147483647]
[0m[0;34m 125 : 50 07 01          SubSmi [7], EmbeddedFeedback[1]
[m[0m      ↱ eager @5 (4 live vars)
[0m  [0m40: Int32SubtractWithOverflow [n39, n12], 1 uses, can truncate to int32 [-2147483648, 2147483647]
[0m[0;34m 129 : 56 0b 01          BitwiseXorSmi [11], EmbeddedFeedback[1]
[m[0m  [0m41: Int32BitwiseXor [n40, n14], 1 uses, cannot truncate to int32
[0m[0;34m 133 : 55 02 01          BitwiseOrSmi [2], EmbeddedFeedback[1]
[m[0m  [0m42: Int32BitwiseOr [n41, n16], 1 uses, cannot truncate to int32
[0m[0;34m 137 : 01 57 ff ff 00 00 01 BitwiseAndSmi.ExtraWide [65535], EmbeddedFeedback[1]
[m[0m  [0m43: Int32BitwiseAnd [n42, n18], 1 uses, cannot truncate to int32
[0m[0;34m 145 : 4f 01 01          AddSmi [1], EmbeddedFeedback[1]
[m[0m      ↱ eager @5 (4 live vars)
[0m  [0m44: Int32IncrementWithOverflow [n43], 1 uses, cannot truncate to int32
[0m[0;34m 149 : 51 03 01          MulSmi [3], EmbeddedFeedback[1]
[m[0m      ↱ eager @5 (4 live vars)
[0m  [0m45: Int32MultiplyWithOverflow [n44, n10], 1 uses, can truncate to int32 [-2147483648, 2147483647]
[0m[0;34m 153 : 50 07 01          SubSmi [7], EmbeddedFeedback[1]
[m[0m      ↱ eager @5 (4 live vars)
[0m  [0m46: Int32SubtractWithOverflow [n45, n12], 1 uses, can truncate to int32 [-2147483648, 2147483647]
[0m[0;34m 157 : 56 0b 01          BitwiseXorSmi [11], EmbeddedFeedback[1]
[m[0m  [0m47: Int32BitwiseXor [n46, n14], 1 uses, cannot truncate to int32
[0m[0;34m 161 : 55 02 01          BitwiseOrSmi [2], EmbeddedFeedback[1]
[m[0m  [0m48: Int32BitwiseOr [n47, n16], 1 uses, cannot truncate to int32
[0m[0;34m 165 : 01 57 ff ff 00 00 01 BitwiseAndSmi.ExtraWide [65535], EmbeddedFeedback[1]
[m[0m  [0m49: Int32BitwiseAnd [n48, n18], 1 uses, cannot truncate to int32
[0m[0;34m 173 : b9                Return
[m[0m  [0m51: ReduceInterruptBudgetForReturn(173) [n50]
[0m  [0m52: Int32ToNumber[kCanonicalizeSmi] [n49], 1 uses
[0m  [0m53: Return [n52]
[0m

----- Truncation propagation -----
Graph

[0m  [0m50: HeapConstant(0x09b80101e439 <FeedbackCell[one closure]>), 1 uses
[0m   [0m3: HeapConstant(0x09b80101e4e5 <JSFunction big (sfi = 0x9b80101e375)>), 2 uses
[0m   [0m4: HeapConstant(0x09b80101e469 <ScriptContext[3]>), 2 uses
[0m   [0m5: RootConstant(undefined_value), 0 uses 🪦
[0m  [0m16: Int32Constant(2), 6 uses, cannot truncate to int32
[0m  [0m10: Int32Constant(3), 6 uses, cannot truncate to int32
[0m  [0m12: Int32Constant(7), 6 uses, cannot truncate to int32
[0m  [0m14: Int32Constant(11), 6 uses, cannot truncate to int32
[0m  [0m18: Int32Constant(65535), 6 uses, cannot truncate to int32
 [0mBlock b0
[0m[1;34m0x09b80101e375 <SharedFunctionInfo big> (0x09b80104a3e5 <String[21]: "workloads/inlining.js">:11:12)
[m[0m[0;34m   0 : 1b 03 f9          Mov a0, r0
[m[0m   [0m1: InitialValue(<this>), 2 uses
[0m   [0m2: InitialValue(a0), 4 uses
[0m   [0m6: FunctionEntryStackCheck
[0m      ↳ lazy @-1 (3 live vars)
[0m   [0m7: Jump b1
[0m   ↓
 [0mBlock b1
[0m[1;34m0x09b80101e375 <SharedFunctionInfo big> (0x09b80104a3e5 <String[21]: "workloads/inlining.js">:0:0)
[m[0m[0;34m   5 : 4f 01 01          AddSmi [1], EmbeddedFeedback[1]
[m[0m      ↱ eager @5 (4 live vars)
[0m   [0m8: CheckedSmiUntag [n2], 1 uses, cannot truncate to int32
[0m      ↱ eager @5 (4 live vars)
[0m   [0m9: Int32IncrementWithOverflow [n8], 1 uses, cannot truncate to int32
[0m[0;34m   9 : 51 03 01          MulSmi [3], EmbeddedFeedback[1]
[m[0m      ↱ eager @5 (4 live vars)
[0m  [0m11: Int32MultiplyWithOverflow [n9, n10], 1 uses, can truncate to int32 [-2147483648, 2147483647]
[0m[0;34m  13 : 50 07 01          SubSmi [7], EmbeddedFeedback[1]
[m[0m      ↱ eager @5 (4 live vars)
[0m  [0m13: Int32SubtractWithOverflow [n11, n12], 1 uses, can truncate to int32 [-2147483648, 2147483647]
[0m[0;34m  17 : 56 0b 01          BitwiseXorSmi [11], EmbeddedFeedback[1]
[m[0m  [0m15: Int32BitwiseXor [n13, n14], 1 uses, cannot truncate to int32
[0m[0;34m  21 : 55 02 01          BitwiseOrSmi [2], EmbeddedFeedback[1]
[m[0m  [0m17: Int32BitwiseOr [n15, n16], 1 uses, cannot truncate to int32
[0m[0;34m  25 : 01 57 ff ff 00 00 01 BitwiseAndSmi.ExtraWide [65535], EmbeddedFeedback[1]
[m[0m  [0m19: Int32BitwiseAnd [n17, n18], 1 uses, cannot truncate to int32
[0m[0;34m  33 : 4f 01 01          AddSmi [1], EmbeddedFeedback[1]
[m[0m      ↱ eager @5 (4 live vars)
[0m  [0m20: Int32IncrementWithOverflow [n19], 1 uses, cannot truncate to int32
[0m[0;34m  37 : 51 03 01          MulSmi [3], EmbeddedFeedback[1]
[m[0m      ↱ eager @5 (4 live vars)
[0m  [0m21: Int32MultiplyWithOverflow [n20, n10], 1 uses, can truncate to int32 [-2147483648, 2147483647]
[0m[0;34m  41 : 50 07 01          SubSmi [7], EmbeddedFeedback[1]
[m[0m      ↱ eager @5 (4 live vars)
[0m  [0m22: Int32SubtractWithOverflow [n21, n12], 1 uses, can truncate to int32 [-2147483648, 2147483647]
[0m[0;34m  45 : 56 0b 01          BitwiseXorSmi [11], EmbeddedFeedback[1]
[m[0m  [0m23: Int32BitwiseXor [n22, n14], 1 uses, cannot truncate to int32
[0m[0;34m  49 : 55 02 01          BitwiseOrSmi [2], EmbeddedFeedback[1]
[m[0m  [0m24: Int32BitwiseOr [n23, n16], 1 uses, cannot truncate to int32
[0m[0;34m  53 : 01 57 ff ff 00 00 01 BitwiseAndSmi.ExtraWide [65535], EmbeddedFeedback[1]
[m[0m  [0m25: Int32BitwiseAnd [n24, n18], 1 uses, cannot truncate to int32
[0m[0;34m  61 : 4f 01 01          AddSmi [1], EmbeddedFeedback[1]
[m[0m      ↱ eager @5 (4 live vars)
[0m  [0m26: Int32IncrementWithOverflow [n25], 1 uses, cannot truncate to int32
[0m[0;34m  65 : 51 03 01          MulSmi [3], EmbeddedFeedback[1]
[m[0m      ↱ eager @5 (4 live vars)
[0m  [0m27: Int32MultiplyWithOverflow [n26, n10], 1 uses, can truncate to int32 [-2147483648, 2147483647]
[0m[0;34m  69 : 50 07 01          SubSmi [7], EmbeddedFeedback[1]
[m[0m      ↱ eager @5 (4 live vars)
[0m  [0m28: Int32SubtractWithOverflow [n27, n12], 1 uses, can truncate to int32 [-2147483648, 2147483647]
[0m[0;34m  73 : 56 0b 01          BitwiseXorSmi [11], EmbeddedFeedback[1]
[m[0m  [0m29: Int32BitwiseXor [n28, n14], 1 uses, cannot truncate to int32
[0m[0;34m  77 : 55 02 01          BitwiseOrSmi [2], EmbeddedFeedback[1]
[m[0m  [0m30: Int32BitwiseOr [n29, n16], 1 uses, cannot truncate to int32
[0m[0;34m  81 : 01 57 ff ff 00 00 01 BitwiseAndSmi.ExtraWide [65535], EmbeddedFeedback[1]
[m[0m  [0m31: Int32BitwiseAnd [n30, n18], 1 uses, cannot truncate to int32
[0m[0;34m  89 : 4f 01 01          AddSmi [1], EmbeddedFeedback[1]
[m[0m      ↱ eager @5 (4 live vars)
[0m  [0m32: Int32IncrementWithOverflow [n31], 1 uses, cannot truncate to int32
[0m[0;34m  93 : 51 03 01          MulSmi [3], EmbeddedFeedback[1]
[m[0m      ↱ eager @5 (4 live vars)
[0m  [0m33: Int32MultiplyWithOverflow [n32, n10], 1 uses, can truncate to int32 [-2147483648, 2147483647]
[0m[0;34m  97 : 50 07 01          SubSmi [7], EmbeddedFeedback[1]
[m[0m      ↱ eager @5 (4 live vars)
[0m  [0m34: Int32SubtractWithOverflow [n33, n12], 1 uses, can truncate to int32 [-2147483648, 2147483647]
[0m[0;34m 101 : 56 0b 01          BitwiseXorSmi [11], EmbeddedFeedback[1]
[m[0m  [0m35: Int32BitwiseXor [n34, n14], 1 uses, cannot truncate to int32
[0m[0;34m 105 : 55 02 01          BitwiseOrSmi [2], EmbeddedFeedback[1]
[m[0m  [0m36: Int32BitwiseOr [n35, n16], 1 uses, cannot truncate to int32
[0m[0;34m 109 : 01 57 ff ff 00 00 01 BitwiseAndSmi.ExtraWide [65535], EmbeddedFeedback[1]
[m[0m  [0m37: Int32BitwiseAnd [n36, n18], 1 uses, cannot truncate to int32
[0m[0;34m 117 : 4f 01 01          AddSmi [1], EmbeddedFeedback[1]
[m[0m      ↱ eager @5 (4 live vars)
[0m  [0m38: Int32IncrementWithOverflow [n37], 1 uses, cannot truncate to int32
[0m[0;34m 121 : 51 03 01          MulSmi [3], EmbeddedFeedback[1]
[m[0m      ↱ eager @5 (4 live vars)
[0m  [0m39: Int32MultiplyWithOverflow [n38, n10], 1 uses, can truncate to int32 [-2147483648, 2147483647]
[0m[0;34m 125 : 50 07 01          SubSmi [7], EmbeddedFeedback[1]
[m[0m      ↱ eager @5 (4 live vars)
[0m  [0m40: Int32SubtractWithOverflow [n39, n12], 1 uses, can truncate to int32 [-2147483648, 2147483647]
[0m[0;34m 129 : 56 0b 01          BitwiseXorSmi [11], EmbeddedFeedback[1]
[m[0m  [0m41: Int32BitwiseXor [n40, n14], 1 uses, cannot truncate to int32
[0m[0;34m 133 : 55 02 01          BitwiseOrSmi [2], EmbeddedFeedback[1]
[m[0m  [0m42: Int32BitwiseOr [n41, n16], 1 uses, cannot truncate to int32
[0m[0;34m 137 : 01 57 ff ff 00 00 01 BitwiseAndSmi.ExtraWide [65535], EmbeddedFeedback[1]
[m[0m  [0m43: Int32BitwiseAnd [n42, n18], 1 uses, cannot truncate to int32
[0m[0;34m 145 : 4f 01 01          AddSmi [1], EmbeddedFeedback[1]
[m[0m      ↱ eager @5 (4 live vars)
[0m  [0m44: Int32IncrementWithOverflow [n43], 1 uses, cannot truncate to int32
[0m[0;34m 149 : 51 03 01          MulSmi [3], EmbeddedFeedback[1]
[m[0m      ↱ eager @5 (4 live vars)
[0m  [0m45: Int32MultiplyWithOverflow [n44, n10], 1 uses, can truncate to int32 [-2147483648, 2147483647]
[0m[0;34m 153 : 50 07 01          SubSmi [7], EmbeddedFeedback[1]
[m[0m      ↱ eager @5 (4 live vars)
[0m  [0m46: Int32SubtractWithOverflow [n45, n12], 1 uses, can truncate to int32 [-2147483648, 2147483647]
[0m[0;34m 157 : 56 0b 01          BitwiseXorSmi [11], EmbeddedFeedback[1]
[m[0m  [0m47: Int32BitwiseXor [n46, n14], 1 uses, cannot truncate to int32
[0m[0;34m 161 : 55 02 01          BitwiseOrSmi [2], EmbeddedFeedback[1]
[m[0m  [0m48: Int32BitwiseOr [n47, n16], 1 uses, cannot truncate to int32
[0m[0;34m 165 : 01 57 ff ff 00 00 01 BitwiseAndSmi.ExtraWide [65535], EmbeddedFeedback[1]
[m[0m  [0m49: Int32BitwiseAnd [n48, n18], 1 uses, cannot truncate to int32
[0m[0;34m 173 : b9                Return
[m[0m  [0m51: ReduceInterruptBudgetForReturn(173) [n50]
[0m  [0m52: Int32ToNumber[kCanonicalizeSmi] [n49], 1 uses
[0m  [0m53: Return [n52]
[0m

----- Truncation -----
Graph

[0m  [0m50: HeapConstant(0x09b80101e439 <FeedbackCell[one closure]>), 1 uses
[0m   [0m3: HeapConstant(0x09b80101e4e5 <JSFunction big (sfi = 0x9b80101e375)>), 2 uses
[0m   [0m4: HeapConstant(0x09b80101e469 <ScriptContext[3]>), 2 uses
[0m   [0m5: RootConstant(undefined_value), 0 uses 🪦
[0m  [0m16: Int32Constant(2), 6 uses, cannot truncate to int32
[0m  [0m10: Int32Constant(3), 6 uses, cannot truncate to int32
[0m  [0m12: Int32Constant(7), 6 uses, cannot truncate to int32
[0m  [0m14: Int32Constant(11), 6 uses, cannot truncate to int32
[0m  [0m18: Int32Constant(65535), 6 uses, cannot truncate to int32
 [0mBlock b0
[0m[1;34m0x09b80101e375 <SharedFunctionInfo big> (0x09b80104a3e5 <String[21]: "workloads/inlining.js">:11:12)
[m[0m[0;34m   0 : 1b 03 f9          Mov a0, r0
[m[0m   [0m1: InitialValue(<this>), 2 uses
[0m   [0m2: InitialValue(a0), 4 uses
[0m   [0m6: FunctionEntryStackCheck
[0m      ↳ lazy @-1 (3 live vars)
[0m   [0m7: Jump b1
[0m   ↓
 [0mBlock b1
[0m[1;34m0x09b80101e375 <SharedFunctionInfo big> (0x09b80104a3e5 <String[21]: "workloads/inlining.js">:0:0)
[m[0m[0;34m   5 : 4f 01 01          AddSmi [1], EmbeddedFeedback[1]
[m[0m      ↱ eager @5 (4 live vars)
[0m   [0m8: CheckedSmiUntag [n2], 1 uses, cannot truncate to int32
[0m      ↱ eager @5 (4 live vars)
[0m   [0m9: Int32IncrementWithOverflow [n8], 1 uses, cannot truncate to int32
[0m[0;34m   9 : 51 03 01          MulSmi [3], EmbeddedFeedback[1]
[m[0m  [0m11: Int32Multiply [n9, n10], 1 uses, can truncate to int32 [-2147483648, 2147483647]
[0m[0;34m  13 : 50 07 01          SubSmi [7], EmbeddedFeedback[1]
[m[0m  [0m13: Int32Subtract [n11, n12], 1 uses, can truncate to int32 [-2147483648, 2147483647]
[0m[0;34m  17 : 56 0b 01          BitwiseXorSmi [11], EmbeddedFeedback[1]
[m[0m  [0m15: Int32BitwiseXor [n13, n14], 1 uses, cannot truncate to int32
[0m[0;34m  21 : 55 02 01          BitwiseOrSmi [2], EmbeddedFeedback[1]
[m[0m  [0m17: Int32BitwiseOr [n15, n16], 1 uses, cannot truncate to int32
[0m[0;34m  25 : 01 57 ff ff 00 00 01 BitwiseAndSmi.ExtraWide [65535], EmbeddedFeedback[1]
[m[0m  [0m19: Int32BitwiseAnd [n17, n18], 1 uses, cannot truncate to int32
[0m[0;34m  33 : 4f 01 01          AddSmi [1], EmbeddedFeedback[1]
[m[0m      ↱ eager @5 (4 live vars)
[0m  [0m20: Int32IncrementWithOverflow [n19], 1 uses, cannot truncate to int32
[0m[0;34m  37 : 51 03 01          MulSmi [3], EmbeddedFeedback[1]
[m[0m  [0m21: Int32Multiply [n20, n10], 1 uses, can truncate to int32 [-2147483648, 2147483647]
[0m[0;34m  41 : 50 07 01          SubSmi [7], EmbeddedFeedback[1]
[m[0m  [0m22: Int32Subtract [n21, n12], 1 uses, can truncate to int32 [-2147483648, 2147483647]
[0m[0;34m  45 : 56 0b 01          BitwiseXorSmi [11], EmbeddedFeedback[1]
[m[0m  [0m23: Int32BitwiseXor [n22, n14], 1 uses, cannot truncate to int32
[0m[0;34m  49 : 55 02 01          BitwiseOrSmi [2], EmbeddedFeedback[1]
[m[0m  [0m24: Int32BitwiseOr [n23, n16], 1 uses, cannot truncate to int32
[0m[0;34m  53 : 01 57 ff ff 00 00 01 BitwiseAndSmi.ExtraWide [65535], EmbeddedFeedback[1]
[m[0m  [0m25: Int32BitwiseAnd [n24, n18], 1 uses, cannot truncate to int32
[0m[0;34m  61 : 4f 01 01          AddSmi [1], EmbeddedFeedback[1]
[m[0m      ↱ eager @5 (4 live vars)
[0m  [0m26: Int32IncrementWithOverflow [n25], 1 uses, cannot truncate to int32
[0m[0;34m  65 : 51 03 01          MulSmi [3], EmbeddedFeedback[1]
[m[0m  [0m27: Int32Multiply [n26, n10], 1 uses, can truncate to int32 [-2147483648, 2147483647]
[0m[0;34m  69 : 50 07 01          SubSmi [7], EmbeddedFeedback[1]
[m[0m  [0m28: Int32Subtract [n27, n12], 1 uses, can truncate to int32 [-2147483648, 2147483647]
[0m[0;34m  73 : 56 0b 01          BitwiseXorSmi [11], EmbeddedFeedback[1]
[m[0m  [0m29: Int32BitwiseXor [n28, n14], 1 uses, cannot truncate to int32
[0m[0;34m  77 : 55 02 01          BitwiseOrSmi [2], EmbeddedFeedback[1]
[m[0m  [0m30: Int32BitwiseOr [n29, n16], 1 uses, cannot truncate to int32
[0m[0;34m  81 : 01 57 ff ff 00 00 01 BitwiseAndSmi.ExtraWide [65535], EmbeddedFeedback[1]
[m[0m  [0m31: Int32BitwiseAnd [n30, n18], 1 uses, cannot truncate to int32
[0m[0;34m  89 : 4f 01 01          AddSmi [1], EmbeddedFeedback[1]
[m[0m      ↱ eager @5 (4 live vars)
[0m  [0m32: Int32IncrementWithOverflow [n31], 1 uses, cannot truncate to int32
[0m[0;34m  93 : 51 03 01          MulSmi [3], EmbeddedFeedback[1]
[m[0m  [0m33: Int32Multiply [n32, n10], 1 uses, can truncate to int32 [-2147483648, 2147483647]
[0m[0;34m  97 : 50 07 01          SubSmi [7], EmbeddedFeedback[1]
[m[0m  [0m34: Int32Subtract [n33, n12], 1 uses, can truncate to int32 [-2147483648, 2147483647]
[0m[0;34m 101 : 56 0b 01          BitwiseXorSmi [11], EmbeddedFeedback[1]
[m[0m  [0m35: Int32BitwiseXor [n34, n14], 1 uses, cannot truncate to int32
[0m[0;34m 105 : 55 02 01          BitwiseOrSmi [2], EmbeddedFeedback[1]
[m[0m  [0m36: Int32BitwiseOr [n35, n16], 1 uses, cannot truncate to int32
[0m[0;34m 109 : 01 57 ff ff 00 00 01 BitwiseAndSmi.ExtraWide [65535], EmbeddedFeedback[1]
[m[0m  [0m37: Int32BitwiseAnd [n36, n18], 1 uses, cannot truncate to int32
[0m[0;34m 117 : 4f 01 01          AddSmi [1], EmbeddedFeedback[1]
[m[0m      ↱ eager @5 (4 live vars)
[0m  [0m38: Int32IncrementWithOverflow [n37], 1 uses, cannot truncate to int32
[0m[0;34m 121 : 51 03 01          MulSmi [3], EmbeddedFeedback[1]
[m[0m  [0m39: Int32Multiply [n38, n10], 1 uses, can truncate to int32 [-2147483648, 2147483647]
[0m[0;34m 125 : 50 07 01          SubSmi [7], EmbeddedFeedback[1]
[m[0m  [0m40: Int32Subtract [n39, n12], 1 uses, can truncate to int32 [-2147483648, 2147483647]
[0m[0;34m 129 : 56 0b 01          BitwiseXorSmi [11], EmbeddedFeedback[1]
[m[0m  [0m41: Int32BitwiseXor [n40, n14], 1 uses, cannot truncate to int32
[0m[0;34m 133 : 55 02 01          BitwiseOrSmi [2], EmbeddedFeedback[1]
[m[0m  [0m42: Int32BitwiseOr [n41, n16], 1 uses, cannot truncate to int32
[0m[0;34m 137 : 01 57 ff ff 00 00 01 BitwiseAndSmi.ExtraWide [65535], EmbeddedFeedback[1]
[m[0m  [0m43: Int32BitwiseAnd [n42, n18], 1 uses, cannot truncate to int32
[0m[0;34m 145 : 4f 01 01          AddSmi [1], EmbeddedFeedback[1]
[m[0m      ↱ eager @5 (4 live vars)
[0m  [0m44: Int32IncrementWithOverflow [n43], 1 uses, cannot truncate to int32
[0m[0;34m 149 : 51 03 01          MulSmi [3], EmbeddedFeedback[1]
[m[0m  [0m45: Int32Multiply [n44, n10], 1 uses, can truncate to int32 [-2147483648, 2147483647]
[0m[0;34m 153 : 50 07 01          SubSmi [7], EmbeddedFeedback[1]
[m[0m  [0m46: Int32Subtract [n45, n12], 1 uses, can truncate to int32 [-2147483648, 2147483647]
[0m[0;34m 157 : 56 0b 01          BitwiseXorSmi [11], EmbeddedFeedback[1]
[m[0m  [0m47: Int32BitwiseXor [n46, n14], 1 uses, cannot truncate to int32
[0m[0;34m 161 : 55 02 01          BitwiseOrSmi [2], EmbeddedFeedback[1]
[m[0m  [0m48: Int32BitwiseOr [n47, n16], 1 uses, cannot truncate to int32
[0m[0;34m 165 : 01 57 ff ff 00 00 01 BitwiseAndSmi.ExtraWide [65535], EmbeddedFeedback[1]
[m[0m  [0m49: Int32BitwiseAnd [n48, n18], 1 uses, cannot truncate to int32
[0m[0;34m 173 : b9                Return
[m[0m  [0m51: ReduceInterruptBudgetForReturn(173) [n50]
[0m  [0m52: Int32ToNumber[kCanonicalizeSmi] [n49], 1 uses
[0m  [0m53: Return [n52]
[0m

----- Phi untagging -----
Graph

[0m  [0m50: HeapConstant(0x09b80101e439 <FeedbackCell[one closure]>), 1 uses
[0m   [0m3: HeapConstant(0x09b80101e4e5 <JSFunction big (sfi = 0x9b80101e375)>), 2 uses
[0m   [0m4: HeapConstant(0x09b80101e469 <ScriptContext[3]>), 2 uses
[0m   [0m5: RootConstant(undefined_value), 0 uses 🪦
[0m  [0m16: Int32Constant(2), 6 uses, cannot truncate to int32
[0m  [0m10: Int32Constant(3), 6 uses, cannot truncate to int32
[0m  [0m12: Int32Constant(7), 6 uses, cannot truncate to int32
[0m  [0m14: Int32Constant(11), 6 uses, cannot truncate to int32
[0m  [0m18: Int32Constant(65535), 6 uses, cannot truncate to int32
 [0mBlock b0
[0m[1;34m0x09b80101e375 <SharedFunctionInfo big> (0x09b80104a3e5 <String[21]: "workloads/inlining.js">:11:12)
[m[0m[0;34m   0 : 1b 03 f9          Mov a0, r0
[m[0m   [0m1: InitialValue(<this>), 2 uses
[0m   [0m2: InitialValue(a0), 4 uses
[0m   [0m6: FunctionEntryStackCheck
[0m      ↳ lazy @-1 (3 live vars)
[0m   [0m7: Jump b1
[0m   ↓
 [0mBlock b1
[0m[1;34m0x09b80101e375 <SharedFunctionInfo big> (0x09b80104a3e5 <String[21]: "workloads/inlining.js">:0:0)
[m[0m[0;34m   5 : 4f 01 01          AddSmi [1], EmbeddedFeedback[1]
[m[0m      ↱ eager @5 (4 live vars)
[0m   [0m8: CheckedSmiUntag [n2], 1 uses, cannot truncate to int32
[0m      ↱ eager @5 (4 live vars)
[0m   [0m9: Int32IncrementWithOverflow [n8], 1 uses, cannot truncate to int32
[0m[0;34m   9 : 51 03 01          MulSmi [3], EmbeddedFeedback[1]
[m[0m  [0m11: Int32Multiply [n9, n10], 1 uses, can truncate to int32 [-2147483648, 2147483647]
[0m[0;34m  13 : 50 07 01          SubSmi [7], EmbeddedFeedback[1]
[m[0m  [0m13: Int32Subtract [n11, n12], 1 uses, can truncate to int32 [-2147483648, 2147483647]
[0m[0;34m  17 : 56 0b 01          BitwiseXorSmi [11], EmbeddedFeedback[1]
[m[0m  [0m15: Int32BitwiseXor [n13, n14], 1 uses, cannot truncate to int32
[0m[0;34m  21 : 55 02 01          BitwiseOrSmi [2], EmbeddedFeedback[1]
[m[0m  [0m17: Int32BitwiseOr [n15, n16], 1 uses, cannot truncate to int32
[0m[0;34m  25 : 01 57 ff ff 00 00 01 BitwiseAndSmi.ExtraWide [65535], EmbeddedFeedback[1]
[m[0m  [0m19: Int32BitwiseAnd [n17, n18], 1 uses, cannot truncate to int32
[0m[0;34m  33 : 4f 01 01          AddSmi [1], EmbeddedFeedback[1]
[m[0m      ↱ eager @5 (4 live vars)
[0m  [0m20: Int32IncrementWithOverflow [n19], 1 uses, cannot truncate to int32
[0m[0;34m  37 : 51 03 01          MulSmi [3], EmbeddedFeedback[1]
[m[0m  [0m21: Int32Multiply [n20, n10], 1 uses, can truncate to int32 [-2147483648, 2147483647]
[0m[0;34m  41 : 50 07 01          SubSmi [7], EmbeddedFeedback[1]
[m[0m  [0m22: Int32Subtract [n21, n12], 1 uses, can truncate to int32 [-2147483648, 2147483647]
[0m[0;34m  45 : 56 0b 01          BitwiseXorSmi [11], EmbeddedFeedback[1]
[m[0m  [0m23: Int32BitwiseXor [n22, n14], 1 uses, cannot truncate to int32
[0m[0;34m  49 : 55 02 01          BitwiseOrSmi [2], EmbeddedFeedback[1]
[m[0m  [0m24: Int32BitwiseOr [n23, n16], 1 uses, cannot truncate to int32
[0m[0;34m  53 : 01 57 ff ff 00 00 01 BitwiseAndSmi.ExtraWide [65535], EmbeddedFeedback[1]
[m[0m  [0m25: Int32BitwiseAnd [n24, n18], 1 uses, cannot truncate to int32
[0m[0;34m  61 : 4f 01 01          AddSmi [1], EmbeddedFeedback[1]
[m[0m      ↱ eager @5 (4 live vars)
[0m  [0m26: Int32IncrementWithOverflow [n25], 1 uses, cannot truncate to int32
[0m[0;34m  65 : 51 03 01          MulSmi [3], EmbeddedFeedback[1]
[m[0m  [0m27: Int32Multiply [n26, n10], 1 uses, can truncate to int32 [-2147483648, 2147483647]
[0m[0;34m  69 : 50 07 01          SubSmi [7], EmbeddedFeedback[1]
[m[0m  [0m28: Int32Subtract [n27, n12], 1 uses, can truncate to int32 [-2147483648, 2147483647]
[0m[0;34m  73 : 56 0b 01          BitwiseXorSmi [11], EmbeddedFeedback[1]
[m[0m  [0m29: Int32BitwiseXor [n28, n14], 1 uses, cannot truncate to int32
[0m[0;34m  77 : 55 02 01          BitwiseOrSmi [2], EmbeddedFeedback[1]
[m[0m  [0m30: Int32BitwiseOr [n29, n16], 1 uses, cannot truncate to int32
[0m[0;34m  81 : 01 57 ff ff 00 00 01 BitwiseAndSmi.ExtraWide [65535], EmbeddedFeedback[1]
[m[0m  [0m31: Int32BitwiseAnd [n30, n18], 1 uses, cannot truncate to int32
[0m[0;34m  89 : 4f 01 01          AddSmi [1], EmbeddedFeedback[1]
[m[0m      ↱ eager @5 (4 live vars)
[0m  [0m32: Int32IncrementWithOverflow [n31], 1 uses, cannot truncate to int32
[0m[0;34m  93 : 51 03 01          MulSmi [3], EmbeddedFeedback[1]
[m[0m  [0m33: Int32Multiply [n32, n10], 1 uses, can truncate to int32 [-2147483648, 2147483647]
[0m[0;34m  97 : 50 07 01          SubSmi [7], EmbeddedFeedback[1]
[m[0m  [0m34: Int32Subtract [n33, n12], 1 uses, can truncate to int32 [-2147483648, 2147483647]
[0m[0;34m 101 : 56 0b 01          BitwiseXorSmi [11], EmbeddedFeedback[1]
[m[0m  [0m35: Int32BitwiseXor [n34, n14], 1 uses, cannot truncate to int32
[0m[0;34m 105 : 55 02 01          BitwiseOrSmi [2], EmbeddedFeedback[1]
[m[0m  [0m36: Int32BitwiseOr [n35, n16], 1 uses, cannot truncate to int32
[0m[0;34m 109 : 01 57 ff ff 00 00 01 BitwiseAndSmi.ExtraWide [65535], EmbeddedFeedback[1]
[m[0m  [0m37: Int32BitwiseAnd [n36, n18], 1 uses, cannot truncate to int32
[0m[0;34m 117 : 4f 01 01          AddSmi [1], EmbeddedFeedback[1]
[m[0m      ↱ eager @5 (4 live vars)
[0m  [0m38: Int32IncrementWithOverflow [n37], 1 uses, cannot truncate to int32
[0m[0;34m 121 : 51 03 01          MulSmi [3], EmbeddedFeedback[1]
[m[0m  [0m39: Int32Multiply [n38, n10], 1 uses, can truncate to int32 [-2147483648, 2147483647]
[0m[0;34m 125 : 50 07 01          SubSmi [7], EmbeddedFeedback[1]
[m[0m  [0m40: Int32Subtract [n39, n12], 1 uses, can truncate to int32 [-2147483648, 2147483647]
[0m[0;34m 129 : 56 0b 01          BitwiseXorSmi [11], EmbeddedFeedback[1]
[m[0m  [0m41: Int32BitwiseXor [n40, n14], 1 uses, cannot truncate to int32
[0m[0;34m 133 : 55 02 01          BitwiseOrSmi [2], EmbeddedFeedback[1]
[m[0m  [0m42: Int32BitwiseOr [n41, n16], 1 uses, cannot truncate to int32
[0m[0;34m 137 : 01 57 ff ff 00 00 01 BitwiseAndSmi.ExtraWide [65535], EmbeddedFeedback[1]
[m[0m  [0m43: Int32BitwiseAnd [n42, n18], 1 uses, cannot truncate to int32
[0m[0;34m 145 : 4f 01 01          AddSmi [1], EmbeddedFeedback[1]
[m[0m      ↱ eager @5 (4 live vars)
[0m  [0m44: Int32IncrementWithOverflow [n43], 1 uses, cannot truncate to int32
[0m[0;34m 149 : 51 03 01          MulSmi [3], EmbeddedFeedback[1]
[m[0m  [0m45: Int32Multiply [n44, n10], 1 uses, can truncate to int32 [-2147483648, 2147483647]
[0m[0;34m 153 : 50 07 01          SubSmi [7], EmbeddedFeedback[1]
[m[0m  [0m46: Int32Subtract [n45, n12], 1 uses, can truncate to int32 [-2147483648, 2147483647]
[0m[0;34m 157 : 56 0b 01          BitwiseXorSmi [11], EmbeddedFeedback[1]
[m[0m  [0m47: Int32BitwiseXor [n46, n14], 1 uses, cannot truncate to int32
[0m[0;34m 161 : 55 02 01          BitwiseOrSmi [2], EmbeddedFeedback[1]
[m[0m  [0m48: Int32BitwiseOr [n47, n16], 1 uses, cannot truncate to int32
[0m[0;34m 165 : 01 57 ff ff 00 00 01 BitwiseAndSmi.ExtraWide [65535], EmbeddedFeedback[1]
[m[0m  [0m49: Int32BitwiseAnd [n48, n18], 1 uses, cannot truncate to int32
[0m[0;34m 173 : b9                Return
[m[0m  [0m51: ReduceInterruptBudgetForReturn(173) [n50]
[0m  [0m52: Int32ToNumber[kCanonicalizeSmi] [n49], 1 uses
[0m  [0m53: Return [n52]
[0m

----- AnyUseMarking -----
Graph

[0m  [0m50: HeapConstant(0x09b80101e439 <FeedbackCell[one closure]>) → (x)
[0m   [0m3: HeapConstant(0x09b80101e4e5 <JSFunction big (sfi = 0x9b80101e375)>) → (x)
[0m   [0m4: HeapConstant(0x09b80101e469 <ScriptContext[3]>) → (x)
[0m  [0m16: Int32Constant(2) → (x)
[0m  [0m10: Int32Constant(3) → (x)
[0m  [0m12: Int32Constant(7) → (x)
[0m  [0m14: Int32Constant(11) → (x)
[0m  [0m18: Int32Constant(65535) → (x)
 [0mBlock b0
[0m[1;34m0x09b80101e375 <SharedFunctionInfo big> (0x09b80104a3e5 <String[21]: "workloads/inlining.js">:11:12)
[m[0m[0;34m   0 : 1b 03 f9          Mov a0, r0
[m[0m   [0m1: InitialValue(<this>) → (x)
[0m   [0m2: InitialValue(a0) → (x)
[0m   [0m6: FunctionEntryStackCheck
[0m      ↳ lazy @-1 (3 live vars)
[0m   [0m7: Jump b1
[0m   ↓
 [0mBlock b1
[0m[1;34m0x09b80101e375 <SharedFunctionInfo big> (0x09b80104a3e5 <String[21]: "workloads/inlining.js">:0:0)
[m[0m[0;34m   5 : 4f 01 01          AddSmi [1], EmbeddedFeedback[1]
[m[0m      ↱ eager @5 (4 live vars)
[0m   [0m8: CheckedSmiUntag [v0/n2:(x)] → (x)
[0m      ↱ eager @5 (4 live vars)
[0m   [0m9: Int32IncrementWithOverflow [v0/n8:(x)] → (x)
[0m[0;34m   9 : 51 03 01          MulSmi [3], EmbeddedFeedback[1]
[m[0m  [0m11: Int32Multiply [v0/n9:(x), v0/n10:(x)] → (x)
[0m[0;34m  13 : 50 07 01          SubSmi [7], EmbeddedFeedback[1]
[m[0m  [0m13: Int32Subtract [v0/n11:(x), v0/n12:(x)] → (x)
[0m[0;34m  17 : 56 0b 01          BitwiseXorSmi [11], EmbeddedFeedback[1]
[m[0m  [0m15: Int32BitwiseXor [v0/n13:(x), v0/n14:(x)] → (x)
[0m[0;34m  21 : 55 02 01          BitwiseOrSmi [2], EmbeddedFeedback[1]
[m[0m  [0m17: Int32BitwiseOr [v0/n15:(x), v0/n16:(x)] → (x)
[0m[0;34m  25 : 01 57 ff ff 00 00 01 BitwiseAndSmi.ExtraWide [65535], EmbeddedFeedback[1]
[m[0m  [0m19: Int32BitwiseAnd [v0/n17:(x), v0/n18:(x)] → (x)
[0m[0;34m  33 : 4f 01 01          AddSmi [1], EmbeddedFeedback[1]
[m[0m      ↱ eager @5 (4 live vars)
[0m  [0m20: Int32IncrementWithOverflow [v0/n19:(x)] → (x)
[0m[0;34m  37 : 51 03 01          MulSmi [3], EmbeddedFeedback[1]
[m[0m  [0m21: Int32Multiply [v0/n20:(x), v0/n10:(x)] → (x)
[0m[0;34m  41 : 50 07 01          SubSmi [7], EmbeddedFeedback[1]
[m[0m  [0m22: Int32Subtract [v0/n21:(x), v0/n12:(x)] → (x)
[0m[0;34m  45 : 56 0b 01          BitwiseXorSmi [11], EmbeddedFeedback[1]
[m[0m  [0m23: Int32BitwiseXor [v0/n22:(x), v0/n14:(x)] → (x)
[0m[0;34m  49 : 55 02 01          BitwiseOrSmi [2], EmbeddedFeedback[1]
[m[0m  [0m24: Int32BitwiseOr [v0/n23:(x), v0/n16:(x)] → (x)
[0m[0;34m  53 : 01 57 ff ff 00 00 01 BitwiseAndSmi.ExtraWide [65535], EmbeddedFeedback[1]
[m[0m  [0m25: Int32BitwiseAnd [v0/n24:(x), v0/n18:(x)] → (x)
[0m[0;34m  61 : 4f 01 01          AddSmi [1], EmbeddedFeedback[1]
[m[0m      ↱ eager @5 (4 live vars)
[0m  [0m26: Int32IncrementWithOverflow [v0/n25:(x)] → (x)
[0m[0;34m  65 : 51 03 01          MulSmi [3], EmbeddedFeedback[1]
[m[0m  [0m27: Int32Multiply [v0/n26:(x), v0/n10:(x)] → (x)
[0m[0;34m  69 : 50 07 01          SubSmi [7], EmbeddedFeedback[1]
[m[0m  [0m28: Int32Subtract [v0/n27:(x), v0/n12:(x)] → (x)
[0m[0;34m  73 : 56 0b 01          BitwiseXorSmi [11], EmbeddedFeedback[1]
[m[0m  [0m29: Int32BitwiseXor [v0/n28:(x), v0/n14:(x)] → (x)
[0m[0;34m  77 : 55 02 01          BitwiseOrSmi [2], EmbeddedFeedback[1]
[m[0m  [0m30: Int32BitwiseOr [v0/n29:(x), v0/n16:(x)] → (x)
[0m[0;34m  81 : 01 57 ff ff 00 00 01 BitwiseAndSmi.ExtraWide [65535], EmbeddedFeedback[1]
[m[0m  [0m31: Int32BitwiseAnd [v0/n30:(x), v0/n18:(x)] → (x)
[0m[0;34m  89 : 4f 01 01          AddSmi [1], EmbeddedFeedback[1]
[m[0m      ↱ eager @5 (4 live vars)
[0m  [0m32: Int32IncrementWithOverflow [v0/n31:(x)] → (x)
[0m[0;34m  93 : 51 03 01          MulSmi [3], EmbeddedFeedback[1]
[m[0m  [0m33: Int32Multiply [v0/n32:(x), v0/n10:(x)] → (x)
[0m[0;34m  97 : 50 07 01          SubSmi [7], EmbeddedFeedback[1]
[m[0m  [0m34: Int32Subtract [v0/n33:(x), v0/n12:(x)] → (x)
[0m[0;34m 101 : 56 0b 01          BitwiseXorSmi [11], EmbeddedFeedback[1]
[m[0m  [0m35: Int32BitwiseXor [v0/n34:(x), v0/n14:(x)] → (x)
[0m[0;34m 105 : 55 02 01          BitwiseOrSmi [2], EmbeddedFeedback[1]
[m[0m  [0m36: Int32BitwiseOr [v0/n35:(x), v0/n16:(x)] → (x)
[0m[0;34m 109 : 01 57 ff ff 00 00 01 BitwiseAndSmi.ExtraWide [65535], EmbeddedFeedback[1]
[m[0m  [0m37: Int32BitwiseAnd [v0/n36:(x), v0/n18:(x)] → (x)
[0m[0;34m 117 : 4f 01 01          AddSmi [1], EmbeddedFeedback[1]
[m[0m      ↱ eager @5 (4 live vars)
[0m  [0m38: Int32IncrementWithOverflow [v0/n37:(x)] → (x)
[0m[0;34m 121 : 51 03 01          MulSmi [3], EmbeddedFeedback[1]
[m[0m  [0m39: Int32Multiply [v0/n38:(x), v0/n10:(x)] → (x)
[0m[0;34m 125 : 50 07 01          SubSmi [7], EmbeddedFeedback[1]
[m[0m  [0m40: Int32Subtract [v0/n39:(x), v0/n12:(x)] → (x)
[0m[0;34m 129 : 56 0b 01          BitwiseXorSmi [11], EmbeddedFeedback[1]
[m[0m  [0m41: Int32BitwiseXor [v0/n40:(x), v0/n14:(x)] → (x)
[0m[0;34m 133 : 55 02 01          BitwiseOrSmi [2], EmbeddedFeedback[1]
[m[0m  [0m42: Int32BitwiseOr [v0/n41:(x), v0/n16:(x)] → (x)
[0m[0;34m 137 : 01 57 ff ff 00 00 01 BitwiseAndSmi.ExtraWide [65535], EmbeddedFeedback[1]
[m[0m  [0m43: Int32BitwiseAnd [v0/n42:(x), v0/n18:(x)] → (x)
[0m[0;34m 145 : 4f 01 01          AddSmi [1], EmbeddedFeedback[1]
[m[0m      ↱ eager @5 (4 live vars)
[0m  [0m44: Int32IncrementWithOverflow [v0/n43:(x)] → (x)
[0m[0;34m 149 : 51 03 01          MulSmi [3], EmbeddedFeedback[1]
[m[0m  [0m45: Int32Multiply [v0/n44:(x), v0/n10:(x)] → (x)
[0m[0;34m 153 : 50 07 01          SubSmi [7], EmbeddedFeedback[1]
[m[0m  [0m46: Int32Subtract [v0/n45:(x), v0/n12:(x)] → (x)
[0m[0;34m 157 : 56 0b 01          BitwiseXorSmi [11], EmbeddedFeedback[1]
[m[0m  [0m47: Int32BitwiseXor [v0/n46:(x), v0/n14:(x)] → (x)
[0m[0;34m 161 : 55 02 01          BitwiseOrSmi [2], EmbeddedFeedback[1]
[m[0m  [0m48: Int32BitwiseOr [v0/n47:(x), v0/n16:(x)] → (x)
[0m[0;34m 165 : 01 57 ff ff 00 00 01 BitwiseAndSmi.ExtraWide [65535], EmbeddedFeedback[1]
[m[0m  [0m49: Int32BitwiseAnd [v0/n48:(x), v0/n18:(x)] → (x)
[0m[0;34m 173 : b9                Return
[m[0m  [0m51: ReduceInterruptBudgetForReturn(173) [v0/n50:(x)]
[0m  [0m52: Int32ToNumber[kCanonicalizeSmi] [v0/n49:(x)] → (x)
[0m  [0m53: Return [v0/n52:(x)]
[0m

----- Dead nodes sweeping -----
Graph

[0m   [0m1/50: HeapConstant(0x09b80101e439 <FeedbackCell[one closure]>) → v-1, live range: [1-50]
[0m    [0m2/3: HeapConstant(0x09b80101e4e5 <JSFunction big (sfi = 0x9b80101e375)>) → v-1, live range: [2-44]
[0m    [0m3/4: HeapConstant(0x09b80101e469 <ScriptContext[3]>) → v-1, live range: [3-44]
[0m   [0m4/16: Int32Constant(2) → v-1, live range: [4-48]
[0m   [0m5/10: Int32Constant(3) → v-1, live range: [5-45]
[0m   [0m6/12: Int32Constant(7) → v-1, live range: [6-46]
[0m   [0m7/14: Int32Constant(11) → v-1, live range: [7-47]
[0m   [0m8/18: Int32Constant(65535) → v-1, live range: [8-49]
 [0mBlock b0
[0m[1;34m0x09b80101e375 <SharedFunctionInfo big> (0x09b80104a3e5 <String[21]: "workloads/inlining.js">:11:12)
[m[0m[0;34m   0 : 1b 03 f9          Mov a0, r0
[m[0m    [0m9/1: InitialValue(<this>) → v-1(=-6S), live range: [9-44]
[0m   [0m10/2: InitialValue(a0) → v-1(=-7S), live range: [10-44]
[0m   [0m11/6: FunctionEntryStackCheck
[0m         ↳ lazy @-1 (3 live vars)
[0m   [0m12/7: Jump b1
[0m      ↓
 [0mBlock b1
[0m[1;34m0x09b80101e375 <SharedFunctionInfo big> (0x09b80104a3e5 <String[21]: "workloads/inlining.js">:0:0)
[m[0m[0;34m   5 : 4f 01 01          AddSmi [1], EmbeddedFeedback[1]
[m[0m         ↱ eager @5 (4 live vars)
[0m   [0m13/8: CheckedSmiUntag [v10/n2:v-1(R)] → v-1(0), live range: [13-14]
[0m         ↱ eager @5 (4 live vars)
[0m   [0m14/9: Int32IncrementWithOverflow [v13/n8:v-1(R)] → v-1(R), live range: [14-15]
[0m[0;34m   9 : 51 03 01          MulSmi [3], EmbeddedFeedback[1]
[m[0m  [0m15/11: Int32Multiply [v14/n9:v-1(R), v5/n10:v-1(R)] → v-1(R), live range: [15-16]
[0m[0;34m  13 : 50 07 01          SubSmi [7], EmbeddedFeedback[1]
[m[0m  [0m16/13: Int32Subtract [v15/n11:v-1(R), v6/n12:v-1(*)] → v-1(R), live range: [16-17]
[0m[0;34m  17 : 56 0b 01          BitwiseXorSmi [11], EmbeddedFeedback[1]
[m[0m  [0m17/15: Int32BitwiseXor [v16/n13:v-1(R), v7/n14:v-1(R)] → v-1(R), live range: [17-18]
[0m[0;34m  21 : 55 02 01          BitwiseOrSmi [2], EmbeddedFeedback[1]
[m[0m  [0m18/17: Int32BitwiseOr [v17/n15:v-1(R), v4/n16:v-1(*)] → v-1(R), live range: [18-19]
[0m[0;34m  25 : 01 57 ff ff 00 00 01 BitwiseAndSmi.ExtraWide [65535], EmbeddedFeedback[1]
[m[0m  [0m19/19: Int32BitwiseAnd [v18/n17:v-1(R), v8/n18:v-1(*)] → v-1(R), live range: [19-20]
[0m[0;34m  33 : 4f 01 01          AddSmi [1], EmbeddedFeedback[1]
[m[0m         ↱ eager @5 (4 live vars)
[0m  [0m20/20: Int32IncrementWithOverflow [v19/n19:v-1(R)] → v-1(R), live range: [20-21]
[0m[0;34m  37 : 51 03 01          MulSmi [3], EmbeddedFeedback[1]
[m[0m  [0m21/21: Int32Multiply [v20/n20:v-1(R), v5/n10:v-1(R)] → v-1(R), live range: [21-22]
[0m[0;34m  41 : 50 07 01          SubSmi [7], EmbeddedFeedback[1]
[m[0m  [0m22/22: Int32Subtract [v21/n21:v-1(R), v6/n12:v-1(*)] → v-1(R), live range: [22-23]
[0m[0;34m  45 : 56 0b 01          BitwiseXorSmi [11], EmbeddedFeedback[1]
[m[0m  [0m23/23: Int32BitwiseXor [v22/n22:v-1(R), v7/n14:v-1(R)] → v-1(R), live range: [23-24]
[0m[0;34m  49 : 55 02 01          BitwiseOrSmi [2], EmbeddedFeedback[1]
[m[0m  [0m24/24: Int32BitwiseOr [v23/n23:v-1(R), v4/n16:v-1(*)] → v-1(R), live range: [24-25]
[0m[0;34m  53 : 01 57 ff ff 00 00 01 BitwiseAndSmi.ExtraWide [65535], EmbeddedFeedback[1]
[m[0m  [0m25/25: Int32BitwiseAnd [v24/n24:v-1(R), v8/n18:v-1(*)] → v-1(R), live range: [25-26]
[0m[0;34m  61 : 4f 01 01          AddSmi [1], EmbeddedFeedback[1]
[m[0m         ↱ eager @5 (4 live vars)
[0m  [0m26/26: Int32IncrementWithOverflow [v25/n25:v-1(R)] → v-1(R), live range: [26-27]
[0m[0;34m  65 : 51 03 01          MulSmi [3], EmbeddedFeedback[1]
[m[0m  [0m27/27: Int32Multiply [v26/n26:v-1(R), v5/n10:v-1(R)] → v-1(R), live range: [27-28]
[0m[0;34m  69 : 50 07 01          SubSmi [7], EmbeddedFeedback[1]
[m[0m  [0m28/28: Int32Subtract [v27/n27:v-1(R), v6/n12:v-1(*)] → v-1(R), live range: [28-29]
[0m[0;34m  73 : 56 0b 01          BitwiseXorSmi [11], EmbeddedFeedback[1]
[m[0m  [0m29/29: Int32BitwiseXor [v28/n28:v-1(R), v7/n14:v-1(R)] → v-1(R), live range: [29-30]
[0m[0;34m  77 : 55 02 01          BitwiseOrSmi [2], EmbeddedFeedback[1]
[m[0m  [0m30/30: Int32BitwiseOr [v29/n29:v-1(R), v4/n16:v-1(*)] → v-1(R), live range: [30-31]
[0m[0;34m  81 : 01 57 ff ff 00 00 01 BitwiseAndSmi.ExtraWide [65535], EmbeddedFeedback[1]
[m[0m  [0m31/31: Int32BitwiseAnd [v30/n30:v-1(R), v8/n18:v-1(*)] → v-1(R), live range: [31-32]
[0m[0;34m  89 : 4f 01 01          AddSmi [1], EmbeddedFeedback[1]
[m[0m         ↱ eager @5 (4 live vars)
[0m  [0m32/32: Int32IncrementWithOverflow [v31/n31:v-1(R)] → v-1(R), live range: [32-33]
[0m[0;34m  93 : 51 03 01          MulSmi [3], EmbeddedFeedback[1]
[m[0m  [0m33/33: Int32Multiply [v32/n32:v-1(R), v5/n10:v-1(R)] → v-1(R), live range: [33-34]
[0m[0;34m  97 : 50 07 01          SubSmi [7], EmbeddedFeedback[1]
[m[0m  [0m34/34: Int32Subtract [v33/n33:v-1(R), v6/n12:v-1(*)] → v-1(R), live range: [34-35]
[0m[0;34m 101 : 56 0b 01          BitwiseXorSmi [11], EmbeddedFeedback[1]
[m[0m  [0m35/35: Int32BitwiseXor [v34/n34:v-1(R), v7/n14:v-1(R)] → v-1(R), live range: [35-36]
[0m[0;34m 105 : 55 02 01          BitwiseOrSmi [2], EmbeddedFeedback[1]
[m[0m  [0m36/36: Int32BitwiseOr [v35/n35:v-1(R), v4/n16:v-1(*)] → v-1(R), live range: [36-37]
[0m[0;34m 109 : 01 57 ff ff 00 00 01 BitwiseAndSmi.ExtraWide [65535], EmbeddedFeedback[1]
[m[0m  [0m37/37: Int32BitwiseAnd [v36/n36:v-1(R), v8/n18:v-1(*)] → v-1(R), live range: [37-38]
[0m[0;34m 117 : 4f 01 01          AddSmi [1], EmbeddedFeedback[1]
[m[0m         ↱ eager @5 (4 live vars)
[0m  [0m38/38: Int32IncrementWithOverflow [v37/n37:v-1(R)] → v-1(R), live range: [38-39]
[0m[0;34m 121 : 51 03 01          MulSmi [3], EmbeddedFeedback[1]
[m[0m  [0m39/39: Int32Multiply [v38/n38:v-1(R), v5/n10:v-1(R)] → v-1(R), live range: [39-40]
[0m[0;34m 125 : 50 07 01          SubSmi [7], EmbeddedFeedback[1]
[m[0m  [0m40/40: Int32Subtract [v39/n39:v-1(R), v6/n12:v-1(*)] → v-1(R), live range: [40-41]
[0m[0;34m 129 : 56 0b 01          BitwiseXorSmi [11], EmbeddedFeedback[1]
[m[0m  [0m41/41: Int32BitwiseXor [v40/n40:v-1(R), v7/n14:v-1(R)] → v-1(R), live range: [41-42]
[0m[0;34m 133 : 55 02 01          BitwiseOrSmi [2], EmbeddedFeedback[1]
[m[0m  [0m42/42: Int32BitwiseOr [v41/n41:v-1(R), v4/n16:v-1(*)] → v-1(R), live range: [42-43]
[0m[0;34m 137 : 01 57 ff ff 00 00 01 BitwiseAndSmi.ExtraWide [65535], EmbeddedFeedback[1]
[m[0m  [0m43/43: Int32BitwiseAnd [v42/n42:v-1(R), v8/n18:v-1(*)] → v-1(R), live range: [43-44]
[0m[0;34m 145 : 4f 01 01          AddSmi [1], EmbeddedFeedback[1]
[m[0m         ↱ eager @5 (4 live vars)
[0m  [0m44/44: Int32IncrementWithOverflow [v43/n43:v-1(R)] → v-1(R), live range: [44-45]
[0m[0;34m 149 : 51 03 01          MulSmi [3], EmbeddedFeedback[1]
[m[0m  [0m45/45: Int32Multiply [v44/n44:v-1(R), v5/n10:v-1(R)] → v-1(R), live range: [45-46]
[0m[0;34m 153 : 50 07 01          SubSmi [7], EmbeddedFeedback[1]
[m[0m  [0m46/46: Int32Subtract [v45/n45:v-1(R), v6/n12:v-1(*)] → v-1(R), live range: [46-47]
[0m[0;34m 157 : 56 0b 01          BitwiseXorSmi [11], EmbeddedFeedback[1]
[m[0m  [0m47/47: Int32BitwiseXor [v46/n46:v-1(R), v7/n14:v-1(R)] → v-1(R), live range: [47-48]
[0m[0;34m 161 : 55 02 01          BitwiseOrSmi [2], EmbeddedFeedback[1]
[m[0m  [0m48/48: Int32BitwiseOr [v47/n47:v-1(R), v4/n16:v-1(*)] → v-1(R), live range: [48-49]
[0m[0;34m 165 : 01 57 ff ff 00 00 01 BitwiseAndSmi.ExtraWide [65535], EmbeddedFeedback[1]
[m[0m  [0m49/49: Int32BitwiseAnd [v48/n48:v-1(R), v8/n18:v-1(*)] → v-1(R), live range: [49-51]
[0m[0;34m 173 : b9                Return
[m[0m  [0m50/51: ReduceInterruptBudgetForReturn(173) [v1/n50:v-1(R)]
[0m  [0m51/52: Int32ToNumber[kCanonicalizeSmi] [v49/n49:v-1(R)] → v-1(R), live range: [51-52]
[0m  [0m52/53: Return [v51/n52:v-1(=x0)]
[0m

----- Register allocation -----
Graph

[0m   [0m1/50: HeapConstant(0x09b80101e439 <FeedbackCell[one closure]>) → v-1, live range: [1-50]
[0m    [0m2/3: HeapConstant(0x09b80101e4e5 <JSFunction big (sfi = 0x9b80101e375)>) → v-1, live range: [2-44]
[0m    [0m3/4: HeapConstant(0x09b80101e469 <ScriptContext[3]>) → v-1, live range: [3-44]
[0m   [0m4/16: Int32Constant(2) → v-1, live range: [4-48]
[0m   [0m5/10: Int32Constant(3) → v-1, live range: [5-45]
[0m   [0m6/12: Int32Constant(7) → v-1, live range: [6-46]
[0m   [0m7/14: Int32Constant(11) → v-1, live range: [7-47]
[0m   [0m8/18: Int32Constant(65535) → v-1, live range: [8-49]
 [0mBlock b0
[0m[1;34m0x09b80101e375 <SharedFunctionInfo big> (0x09b80104a3e5 <String[21]: "workloads/inlining.js">:11:12)
[m[0m[0;34m   0 : 1b 03 f9          Mov a0, r0
[m[0m    [0m9/1: InitialValue(<this>) → [stack:-6|t], live range: [9-44]
[0m   [0m10/2: InitialValue(a0) → [stack:-7|t], live range: [10-44]
[0m   [0m11/6: FunctionEntryStackCheck
[0m         ↳ lazy @-1 (3 live vars)
[0m   [0m12/7: Jump b1
[0m      ↓
 [0mBlock b1
[0m     [0m54: GapMove([stack:-7|t] → [x0|R|t])
[0m[1;34m0x09b80101e375 <SharedFunctionInfo big> (0x09b80104a3e5 <String[21]: "workloads/inlining.js">:0:0)
[m[0m[0;34m   5 : 4f 01 01          AddSmi [1], EmbeddedFeedback[1]
[m[0m         ↱ eager @5 (4 live vars)
[0m   [0m13/8: CheckedSmiUntag [v10/n2:[x0|R|t]] → [x0|R|w32], live range: [13-14]
[0m         ↱ eager @5 (4 live vars)
[0m   [0m14/9: Int32IncrementWithOverflow [v13/n8:[x0|R|w32]] → [x1|R|w32], live range: [14-15]
[0m     [0m55: ConstantGapMove(n10 → [x0|R|w32])
[0m[0;34m   9 : 51 03 01          MulSmi [3], EmbeddedFeedback[1]
[m[0m  [0m15/11: Int32Multiply [v14/n9:[x1|R|w32], v5/n10:[x0|R|w32]] → [x2|R|w32], live range: [15-16]
[0m[0;34m  13 : 50 07 01          SubSmi [7], EmbeddedFeedback[1]
[m[0m  [0m16/13: Int32Subtract [v15/n11:[x2|R|w32], v6/n12:[constant:v-1]] → [x1|R|w32], live range: [16-17]
[0m     [0m56: ConstantGapMove(n14 → [x2|R|w32])
[0m[0;34m  17 : 56 0b 01          BitwiseXorSmi [11], EmbeddedFeedback[1]
[m[0m  [0m17/15: Int32BitwiseXor [v16/n13:[x1|R|w32], v7/n14:[x2|R|w32]] → [x3|R|w32], live range: [17-18]
[0m[0;34m  21 : 55 02 01          BitwiseOrSmi [2], EmbeddedFeedback[1]
[m[0m  [0m18/17: Int32BitwiseOr [v17/n15:[x3|R|w32], v4/n16:[constant:v-1]] → [x1|R|w32], live range: [18-19]
[0m[0;34m  25 : 01 57 ff ff 00 00 01 BitwiseAndSmi.ExtraWide [65535], EmbeddedFeedback[1]
[m[0m  [0m19/19: Int32BitwiseAnd [v18/n17:[x1|R|w32], v8/n18:[constant:v-1]] → [x3|R|w32], live range: [19-20]
[0m[0;34m  33 : 4f 01 01          AddSmi [1], EmbeddedFeedback[1]
[m[0m         ↱ eager @5 (4 live vars)
[0m  [0m20/20: Int32IncrementWithOverflow [v19/n19:[x3|R|w32]] → [x1|R|w32], live range: [20-21]
[0m[0;34m  37 : 51 03 01          MulSmi [3], EmbeddedFeedback[1]
[m[0m  [0m21/21: Int32Multiply [v20/n20:[x1|R|w32], v5/n10:[x0|R|w32]] → [x3|R|w32], live range: [21-22]
[0m[0;34m  41 : 50 07 01          SubSmi [7], EmbeddedFeedback[1]
[m[0m  [0m22/22: Int32Subtract [v21/n21:[x3|R|w32], v6/n12:[constant:v-1]] → [x1|R|w32], live range: [22-23]
[0m[0;34m  45 : 56 0b 01          BitwiseXorSmi [11], EmbeddedFeedback[1]
[m[0m  [0m23/23: Int32BitwiseXor [v22/n22:[x1|R|w32], v7/n14:[x2|R|w32]] → [x3|R|w32], live range: [23-24]
[0m[0;34m  49 : 55 02 01          BitwiseOrSmi [2], EmbeddedFeedback[1]
[m[0m  [0m24/24: Int32BitwiseOr [v23/n23:[x3|R|w32], v4/n16:[constant:v-1]] → [x1|R|w32], live range: [24-25]
[0m[0;34m  53 : 01 57 ff ff 00 00 01 BitwiseAndSmi.ExtraWide [65535], EmbeddedFeedback[1]
[m[0m  [0m25/25: Int32BitwiseAnd [v24/n24:[x1|R|w32], v8/n18:[constant:v-1]] → [x3|R|w32], live range: [25-26]
[0m[0;34m  61 : 4f 01 01          AddSmi [1], EmbeddedFeedback[1]
[m[0m         ↱ eager @5 (4 live vars)
[0m  [0m26/26: Int32IncrementWithOverflow [v25/n25:[x3|R|w32]] → [x1|R|w32], live range: [26-27]
[0m[0;34m  65 : 51 03 01          MulSmi [3], EmbeddedFeedback[1]
[m[0m  [0m27/27: Int32Multiply [v26/n26:[x1|R|w32], v5/n10:[x0|R|w32]] → [x3|R|w32], live range: [27-28]
[0m[0;34m  69 : 50 07 01          SubSmi [7], EmbeddedFeedback[1]
[m[0m  [0m28/28: Int32Subtract [v27/n27:[x3|R|w32], v6/n12:[constant:v-1]] → [x1|R|w32], live range: [28-29]
[0m[0;34m  73 : 56 0b 01          BitwiseXorSmi [11], EmbeddedFeedback[1]
[m[0m  [0m29/29: Int32BitwiseXor [v28/n28:[x1|R|w32], v7/n14:[x2|R|w32]] → [x3|R|w32], live range: [29-30]
[0m[0;34m  77 : 55 02 01          BitwiseOrSmi [2], EmbeddedFeedback[1]
[m[0m  [0m30/30: Int32BitwiseOr [v29/n29:[x3|R|w32], v4/n16:[constant:v-1]] → [x1|R|w32], live range: [30-31]
[0m[0;34m  81 : 01 57 ff ff 00 00 01 BitwiseAndSmi.ExtraWide [65535], EmbeddedFeedback[1]
[m[0m  [0m31/31: Int32BitwiseAnd [v30/n30:[x1|R|w32], v8/n18:[constant:v-1]] → [x3|R|w32], live range: [31-32]
[0m[0;34m  89 : 4f 01 01          AddSmi [1], EmbeddedFeedback[1]
[m[0m         ↱ eager @5 (4 live vars)
[0m  [0m32/32: Int32IncrementWithOverflow [v31/n31:[x3|R|w32]] → [x1|R|w32], live range: [32-33]
[0m[0;34m  93 : 51 03 01          MulSmi [3], EmbeddedFeedback[1]
[m[0m  [0m33/33: Int32Multiply [v32/n32:[x1|R|w32], v5/n10:[x0|R|w32]] → [x3|R|w32], live range: [33-34]
[0m[0;34m  97 : 50 07 01          SubSmi [7], EmbeddedFeedback[1]
[m[0m  [0m34/34: Int32Subtract [v33/n33:[x3|R|w32], v6/n12:[constant:v-1]] → [x1|R|w32], live range: [34-35]
[0m[0;34m 101 : 56 0b 01          BitwiseXorSmi [11], EmbeddedFeedback[1]
[m[0m  [0m35/35: Int32BitwiseXor [v34/n34:[x1|R|w32], v7/n14:[x2|R|w32]] → [x3|R|w32], live range: [35-36]
[0m[0;34m 105 : 55 02 01          BitwiseOrSmi [2], EmbeddedFeedback[1]
[m[0m  [0m36/36: Int32BitwiseOr [v35/n35:[x3|R|w32], v4/n16:[constant:v-1]] → [x1|R|w32], live range: [36-37]
[0m[0;34m 109 : 01 57 ff ff 00 00 01 BitwiseAndSmi.ExtraWide [65535], EmbeddedFeedback[1]
[m[0m  [0m37/37: Int32BitwiseAnd [v36/n36:[x1|R|w32], v8/n18:[constant:v-1]] → [x3|R|w32], live range: [37-38]
[0m[0;34m 117 : 4f 01 01          AddSmi [1], EmbeddedFeedback[1]
[m[0m         ↱ eager @5 (4 live vars)
[0m  [0m38/38: Int32IncrementWithOverflow [v37/n37:[x3|R|w32]] → [x1|R|w32], live range: [38-39]
[0m[0;34m 121 : 51 03 01          MulSmi [3], EmbeddedFeedback[1]
[m[0m  [0m39/39: Int32Multiply [v38/n38:[x1|R|w32], v5/n10:[x0|R|w32]] → [x3|R|w32], live range: [39-40]
[0m[0;34m 125 : 50 07 01          SubSmi [7], EmbeddedFeedback[1]
[m[0m  [0m40/40: Int32Subtract [v39/n39:[x3|R|w32], v6/n12:[constant:v-1]] → [x1|R|w32], live range: [40-41]
[0m[0;34m 129 : 56 0b 01          BitwiseXorSmi [11], EmbeddedFeedback[1]
[m[0m  [0m41/41: Int32BitwiseXor [v40/n40:[x1|R|w32], v7/n14:[x2|R|w32]] → [x3|R|w32], live range: [41-42]
[0m[0;34m 133 : 55 02 01          BitwiseOrSmi [2], EmbeddedFeedback[1]
[m[0m  [0m42/42: Int32BitwiseOr [v41/n41:[x3|R|w32], v4/n16:[constant:v-1]] → [x1|R|w32], live range: [42-43]
[0m[0;34m 137 : 01 57 ff ff 00 00 01 BitwiseAndSmi.ExtraWide [65535], EmbeddedFeedback[1]
[m[0m  [0m43/43: Int32BitwiseAnd [v42/n42:[x1|R|w32], v8/n18:[constant:v-1]] → [x3|R|w32], live range: [43-44]
[0m[0;34m 145 : 4f 01 01          AddSmi [1], EmbeddedFeedback[1]
[m[0m         ↱ eager @5 (4 live vars)
[0m  [0m44/44: Int32IncrementWithOverflow [v43/n43:[x3|R|w32]] → [x1|R|w32], live range: [44-45]
[0m[0;34m 149 : 51 03 01          MulSmi [3], EmbeddedFeedback[1]
[m[0m  [0m45/45: Int32Multiply [v44/n44:[x1|R|w32], v5/n10:[x0|R|w32]] → [x3|R|w32], live range: [45-46]
[0m[0;34m 153 : 50 07 01          SubSmi [7], EmbeddedFeedback[1]
[m[0m  [0m46/46: Int32Subtract [v45/n45:[x3|R|w32], v6/n12:[constant:v-1]] → [x0|R|w32], live range: [46-47]
[0m[0;34m 157 : 56 0b 01          BitwiseXorSmi [11], EmbeddedFeedback[1]
[m[0m  [0m47/47: Int32BitwiseXor [v46/n46:[x0|R|w32], v7/n14:[x2|R|w32]] → [x1|R|w32], live range: [47-48]
[0m[0;34m 161 : 55 02 01          BitwiseOrSmi [2], EmbeddedFeedback[1]
[m[0m  [0m48/48: Int32BitwiseOr [v47/n47:[x1|R|w32], v4/n16:[constant:v-1]] → [x0|R|w32], live range: [48-49]
[0m[0;34m 165 : 01 57 ff ff 00 00 01 BitwiseAndSmi.ExtraWide [65535], EmbeddedFeedback[1]
[m[0m  [0m49/49: Int32BitwiseAnd [v48/n48:[x0|R|w32], v8/n18:[constant:v-1]] → [x1|R|w32], live range: [49-51]
[0m     [0m57: ConstantGapMove(n50 → [x0|R|t])
[0m[0;34m 173 : b9                Return
[m[0m  [0m50/51: ReduceInterruptBudgetForReturn(173) [v1/n50:[x0|R|t]]
[0m  [0m51/52: Int32ToNumber[kCanonicalizeSmi] [v49/n49:[x1|R|w32]] → [x0|R|t], live range: [51-52]
[0m  [0m52/53: Return [v51/n52:[x0|R|t]]
[0m
---------------------------------------------------
Finished compiling method big using Maglev
---------------------------------------------------
Begin compiling method  using Maglev
Compiling 0x09b80101e3f9 <JSFunction (sfi = 0x9b80101e295)> with Maglev
----- Bytecode array -----
Parameter count 1
Register count 5
Frame size 40
         0x31a010000fc @    0 : 13 00             LdaConstant [0:0x09b80101e2ed <FixedArray[8]>]
         0x31a010000fe @    2 : d3                Star2
         0x31a010000ff @    3 : 1b fe f6          Mov <closure>, r3
         0x31a01000102 @    6 : 70 77 01 f7 02    CallRuntime [DeclareGlobals], r2-r3
         0x31a01000107 @   11 : 0c                LdaZero
         0x31a01000108 @   12 : 29 02             StaCurrentContextSlot [2]
         0x31a0100010a @   14 : 0c                LdaZero
         0x31a0100010b @   15 : d4                Star1
         0x31a0100010c @   16 : 01 0d a0 86 01 00 LdaSmi.ExtraWide [100000]
         0x31a01000112 @   22 : 79 f8 04          TestLessThan r1, EmbeddedFeedback[4]
         0x31a01000115 @   25 : a8 2c             JumpIfFalse [44] (0x31a01000141 @ 69)
         0x31a01000117 @   27 : 23 01 00          LdaGlobal [1:"outer"], FBV[0]
         0x31a0100011a @   30 : d3                Star2
         0x31a0100011b @   31 : 0b f8             Ldar r1
         0x31a0100011d @   33 : 00 57 ff 00 01    BitwiseAndSmi.Wide [255], EmbeddedFeedback[1]
         0x31a01000122 @   38 : d2                Star3
         0x31a01000123 @   39 : 0b f8             Ldar r1
         0x31a01000125 @   41 : 59 03 01          ShiftRightSmi [3], EmbeddedFeedback[1]
         0x31a01000128 @   44 : 00 57 ff 00 01    BitwiseAndSmi.Wide [255], EmbeddedFeedback[1]
         0x31a0100012d @   49 : d1                Star4
         0x31a0100012e @   50 : 6e f7 f6 f5 02    CallUndefinedReceiver2 r2, r3, r4, FBV[2]
         0x31a01000133 @   55 : 55 00 01          BitwiseOrSmi [0], EmbeddedFeedback[1]
         0x31a01000136 @   58 : 29 02             StaCurrentContextSlot [2]
         0x31a01000138 @   60 : 0b f8             Ldar r1
         0x31a0100013a @   62 : 5b 04             Inc FBV[4]
         0x31a0100013c @   64 : d4                Star1
         0x31a0100013d @   65 : 97 31 00 05       JumpLoop [49], [0], FBV[5] (0x31a0100010c @ 16)
         0x31a01000141 @   69 : 23 02 07          LdaGlobal [2:"print"], FBV[7]
         0x31a01000144 @   72 : d3                Star2
         0x31a01000145 @   73 : 18 02             LdaCurrentContextSlot [2]
         0x31a01000147 @   75 : d2                Star3
         0x31a01000148 @   76 : 6d f7 f6 09       CallUndefinedReceiver1 r2, r3, FBV[9]
         0x31a0100014c @   80 : d5                Star0
         0x31a0100014d @   81 : b9                Return
Constant pool (size = 3)
0x31a010000c1: [TrustedFixedArray]
 - map: 0x09b800000605 <Map(TRUSTED_FIXED_ARRAY_TYPE)>
 - length: 3
           0: 0x09b80101e2ed <FixedArray[8]>
           1: 0x09b80101e255 <String[5]: #outer>
           2: 0x09b801002e31 <String[5]: #print>
Handler Table (size = 0)
Source Position Table (size = 0)
0x9b80101e7c1: [FeedbackVector] in OldSpace
 - map: 0x09b800000895 <Map(FEEDBACK_VECTOR_TYPE)>
 - length: 11
 - shared function info: 0x09b80101e295 <SharedFunctionInfo>
 - tiering_in_progress: 0
 - osr_tiering_in_progress: 0
 - invocation count: 1
 - closure feedback cell array: 0x9b80104b3b5: [ClosureFeedbackCellArray]
 - map: 0x09b80000086d <Map(CLOSURE_FEEDBACK_CELL_ARRAY_TYPE)>
 - length: 4
 - elements:
           0: 0x09b80101e419 <FeedbackCell[one closure]>
           1: 0x09b80101e429 <FeedbackCell[one closure]>
           2: 0x09b80101e439 <FeedbackCell[one closure]>
           3: 0x09b80101e449 <FeedbackCell[one closure]>

 - slot #0 LoadGlobalNotInsideTypeof MONOMORPHIC
   [weak] 0x09b80101e539 <PropertyCell name=0x09b80101e255 <String[5]: #outer> value=0x09b80101e519 <JSFunction outer (sfi = 0x9b80101e3a5)>> {
     [0]: [weak] 0x09b80101e539 <PropertyCell name=0x09b80101e255 <String[5]: #outer> value=0x09b80101e519 <JSFunction outer (sfi = 0x9b80101e3a5)>>
     [1]: 0x09b800000eb5 <Symbol: (uninitialized_symbol)>
  }
 - slot #2 Call MONOMORPHIC {
     [2]: [weak] 0x09b80101e519 <JSFunction outer (sfi = 0x9b80101e3a5)>
     [3]: 203000
  }
 - slot #4 BinaryOp BinaryOp:SignedSmall {
     [4]: 1
  }
 - slot #5 JumpLoop JumpLoop {
     [5]: [cleared]
     [6]: 0
  }
 - slot #7 LoadGlobalNotInsideTypeof UNINITIALIZED {
     [7]: [cleared]
     [8]: 0x09b800000eb5 <Symbol: (uninitialized_symbol)>
  }
 - slot #9 Call UNINITIALIZED {
     [9]: 0x09b800000eb5 <Symbol: (uninitialized_symbol)>
     [10]: 0
  }
[92m⚡ INLINE [0m[96mouter                         [0m Small function, skipping max-depth[0m

----- Inlining 0x09b80101e3a5 <SharedFunctionInfo outer> with bytecode -----
Parameter count 3
Register count 2
Frame size 16
         0x31a01000188 @    0 : 23 00 00          LdaGlobal [0:"small"], FBV[0]
         0x31a0100018b @    3 : d5                Star0
         0x31a0100018c @    4 : 6e f9 03 04 02    CallUndefinedReceiver2 r0, a0, a1, FBV[2]
         0x31a01000191 @    9 : d5                Star0
         0x31a01000192 @   10 : 23 01 04          LdaGlobal [1:"big"], FBV[4]
         0x31a01000195 @   13 : d4                Star1
         0x31a01000196 @   14 : 6d f8 03 06       CallUndefinedReceiver1 r1, a0, FBV[6]
         0x31a0100019a @   18 : 42 f9 01          Add r0, EmbeddedFeedback[1]
         0x31a0100019d @   21 : b9                Return
Constant pool (size = 2)
0x31a01000151: [TrustedFixedArray]
 - map: 0x09b800000605 <Map(TRUSTED_FIXED_ARRAY_TYPE)>
 - length: 2
           0: 0x09b8001a27fd <String[5]: #small>
           1: 0x09b8001a266d <String[3]: #big>
Handler Table (size = 0)
Source Position Table (size = 0)
0x9b80101e735: [FeedbackVector] in OldSpace
 - map: 0x09b800000895 <Map(FEEDBACK_VECTOR_TYPE)>
 - length: 8
 - shared function info: 0x09b80101e3a5 <SharedFunctionInfo outer>
 - tiering_in_progress: 0
 - osr_tiering_in_progress: 0
 - invocation count: 402
 - closure feedback cell array: 0x9b800002091: [ClosureFeedbackCellArray] in ReadOnlySpace
 - map: 0x09b80000086d <Map(CLOSURE_FEEDBACK_CELL_ARRAY_TYPE)>
 - length: 0
 - elements:

 - slot #0 LoadGlobalNotInsideTypeof MONOMORPHIC
   [weak] 0x09b80101e4d1 <PropertyCell name=0x09b8001a27fd <String[5]: #small> value=0x09b80101e4b1 <JSFunction small (sfi = 0x9b80101e345)>> {
     [0]: [weak] 0x09b80101e4d1 <PropertyCell name=0x09b8001a27fd <String[5]: #small> value=0x09b80101e4b1 <JSFunction small (sfi = 0x9b80101e345)>>
     [1]: 0x09b800000eb5 <Symbol: (uninitialized_symbol)>
  }
 - slot #2 Call MONOMORPHIC {
     [2]: [weak] 0x09b80101e4b1 <JSFunction small (sfi = 0x9b80101e345)>
     [3]: 3208
  }
 - slot #4 LoadGlobalNotInsideTypeof MONOMORPHIC
   [weak] 0x09b80101e505 <PropertyCell name=0x09b8001a266d <String[3]: #big> value=0x09b80101e4e5 <JSFunction big (sfi = 0x9b80101e375)>> {
     [4]: [weak] 0x09b80101e505 <PropertyCell name=0x09b8001a266d <String[3]: #big> value=0x09b80101e4e5 <JSFunction big (sfi = 0x9b80101e375)>>
     [5]: 0x09b800000eb5 <Symbol: (uninitialized_symbol)>
  }
 - slot #6 Call MONOMORPHIC {
     [6]: [weak] 0x09b80101e4e5 <JSFunction big (sfi = 0x9b80101e375)>
     [7]: 3208
  }
[92m⚡ INLINE [0m[96msmall                         [0m Small function, skipping max-depth[0m

----- Inlining 0x09b80101e345 <SharedFunctionInfo small> with bytecode -----
Parameter count 3
Register count 2
Frame size 16
         0x31a010001d4 @    0 : 23 00 00          LdaGlobal [0:"tiny"], FBV[0]
         0x31a010001d7 @    3 : d5                Star0
         0x31a010001d8 @    4 : 6d f9 03 02       CallUndefinedReceiver1 r0, a0, FBV[2]
         0x31a010001dc @    8 : d5                Star0
         0x31a010001dd @    9 : 23 00 00          LdaGlobal [0:"tiny"], FBV[0]
         0x31a010001e0 @   12 : d4                Star1
         0x31a010001e1 @   13 : 6d f8 04 04       CallUndefinedReceiver1 r1, a1, FBV[4]
         0x31a010001e5 @   17 : 44 f9 01          Mul r0, EmbeddedFeedback[1]
         0x31a010001e8 @   20 : b9                Return
Constant pool (size = 1)
0x31a010001a1: [TrustedFixedArray]
 - map: 0x09b800000605 <Map(TRUSTED_FIXED_ARRAY_TYPE)>
 - length: 1
           0: 0x09b80101e245 <String[4]: #tiny>
Handler Table (size = 0)
Source Position Table (size = 0)
0x9b80101e771: [FeedbackVector] in OldSpace
 - map: 0x09b800000895 <Map(FEEDBACK_VECTOR_TYPE)>
 - length: 6
 - shared function info: 0x09b80101e345 <SharedFunctionInfo small>
 - tiering_in_progress: 0
 - osr_tiering_in_progress: 0
 - invocation count: 402
 - closure feedback cell array: 0x9b800002091: [ClosureFeedbackCellArray] in ReadOnlySpace
 - map: 0x09b80000086d <Map(CLOSURE_FEEDBACK_CELL_ARRAY_TYPE)>
 - length: 0
 - elements:

 - slot #0 LoadGlobalNotInsideTypeof MONOMORPHIC
   [weak] 0x09b80101e49d <PropertyCell name=0x09b80101e245 <String[4]: #tiny> value=0x09b80101e47d <JSFunction tiny (sfi = 0x9b80101e315)>> {
     [0]: [weak] 0x09b80101e49d <PropertyCell name=0x09b80101e245 <String[4]: #tiny> value=0x09b80101e47d <JSFunction tiny (sfi = 0x9b80101e315)>>
     [1]: 0x09b800000eb5 <Symbol: (uninitialized_symbol)>
  }
 - slot #2 Call MONOMORPHIC {
     [2]: [weak] 0x09b80101e47d <JSFunction tiny (sfi = 0x9b80101e315)>
     [3]: 3208
  }
 - slot #4 Call MONOMORPHIC {
     [4]: [weak] 0x09b80101e47d <JSFunction tiny (sfi = 0x9b80101e315)>
     [5]: 3208
  }
[92m⚡ INLINE [0m[96mtiny                          [0m Small function, skipping max-depth[0m

----- Inlining 0x09b80101e315 <SharedFunctionInfo tiny> with bytecode -----
Parameter count 2
Register count 0
Frame size 0
         0x31a01000214 @    0 : 0b 03             Ldar a0
         0x31a01000216 @    2 : 4f 01 01          AddSmi [1], EmbeddedFeedback[1]
         0x31a01000219 @    5 : b9                Return
Constant pool (size = 0)
Handler Table (size = 0)
Source Position Table (size = 0)
0x9b80101e691: [FeedbackVector] in OldSpace
 - map: 0x09b800000895 <Map(FEEDBACK_VECTOR_TYPE)>
 - length: 0 (empty)
[92m⚡ INLINE [0m[96mtiny                          [0m Small function, skipping max-depth[0m

----- Inlining 0x09b80101e315 <SharedFunctionInfo tiny> with bytecode -----
Parameter count 2
Register count 0
Frame size 0
         0x31a01000214 @    0 : 0b 03             Ldar a0
         0x31a01000216 @    2 : 4f 01 01          AddSmi [1], EmbeddedFeedback[1]
         0x31a01000219 @    5 : b9                Return
Constant pool (size = 0)
Handler Table (size = 0)
Source Position Table (size = 0)
0x9b80101e691: [FeedbackVector] in OldSpace
 - map: 0x09b800000895 <Map(FEEDBACK_VECTOR_TYPE)>
 - length: 0 (empty)
[91m❌ SKIP   [0m[96mbig                           [0m big function, size (174) >= max-size (100)[0m
[92m⚡ INLINE [0m[96mouter                         [0m Small function, skipping max-depth[0m

----- Inlining 0x09b80101e3a5 <SharedFunctionInfo outer> with bytecode -----
Parameter count 3
Register count 2
Frame size 16
         0x31a01000188 @    0 : 23 00 00          LdaGlobal [0:"small"], FBV[0]
         0x31a0100018b @    3 : d5                Star0
         0x31a0100018c @    4 : 6e f9 03 04 02    CallUndefinedReceiver2 r0, a0, a1, FBV[2]
         0x31a01000191 @    9 : d5                Star0
         0x31a01000192 @   10 : 23 01 04          LdaGlobal [1:"big"], FBV[4]
         0x31a01000195 @   13 : d4                Star1
         0x31a01000196 @   14 : 6d f8 03 06       CallUndefinedReceiver1 r1, a0, FBV[6]
         0x31a0100019a @   18 : 42 f9 01          Add r0, EmbeddedFeedback[1]
         0x31a0100019d @   21 : b9                Return
Constant pool (size = 2)
0x31a01000151: [TrustedFixedArray]
 - map: 0x09b800000605 <Map(TRUSTED_FIXED_ARRAY_TYPE)>
 - length: 2
           0: 0x09b8001a27fd <String[5]: #small>
           1: 0x09b8001a266d <String[3]: #big>
Handler Table (size = 0)
Source Position Table (size = 0)
0x9b80101e735: [FeedbackVector] in OldSpace
 - map: 0x09b800000895 <Map(FEEDBACK_VECTOR_TYPE)>
 - length: 8
 - shared function info: 0x09b80101e3a5 <SharedFunctionInfo outer>
 - tiering_in_progress: 0
 - osr_tiering_in_progress: 0
 - invocation count: 402
 - closure feedback cell array: 0x9b800002091: [ClosureFeedbackCellArray] in ReadOnlySpace
 - map: 0x09b80000086d <Map(CLOSURE_FEEDBACK_CELL_ARRAY_TYPE)>
 - length: 0
 - elements:

 - slot #0 LoadGlobalNotInsideTypeof MONOMORPHIC
   [weak] 0x09b80101e4d1 <PropertyCell name=0x09b8001a27fd <String[5]: #small> value=0x09b80101e4b1 <JSFunction small (sfi = 0x9b80101e345)>> {
     [0]: [weak] 0x09b80101e4d1 <PropertyCell name=0x09b8001a27fd <String[5]: #small> value=0x09b80101e4b1 <JSFunction small (sfi = 0x9b80101e345)>>
     [1]: 0x09b800000eb5 <Symbol: (uninitialized_symbol)>
  }
 - slot #2 Call MONOMORPHIC {
     [2]: [weak] 0x09b80101e4b1 <JSFunction small (sfi = 0x9b80101e345)>
     [3]: 3208
  }
 - slot #4 LoadGlobalNotInsideTypeof MONOMORPHIC
   [weak] 0x09b80101e505 <PropertyCell name=0x09b8001a266d <String[3]: #big> value=0x09b80101e4e5 <JSFunction big (sfi = 0x9b80101e375)>> {
     [4]: [weak] 0x09b80101e505 <PropertyCell name=0x09b8001a266d <String[3]: #big> value=0x09b80101e4e5 <JSFunction big (sfi = 0x9b80101e375)>>
     [5]: 0x09b800000eb5 <Symbol: (uninitialized_symbol)>
  }
 - slot #6 Call MONOMORPHIC {
     [6]: [weak] 0x09b80101e4e5 <JSFunction big (sfi = 0x9b80101e375)>
     [7]: 3208
  }
[92m⚡ INLINE [0m[96msmall                         [0m Small function, skipping max-depth[0m

----- Inlining 0x09b80101e345 <SharedFunctionInfo small> with bytecode -----
Parameter count 3
Register count 2
Frame size 16
         0x31a010001d4 @    0 : 23 00 00          LdaGlobal [0:"tiny"], FBV[0]
         0x31a010001d7 @    3 : d5                Star0
         0x31a010001d8 @    4 : 6d f9 03 02       CallUndefinedReceiver1 r0, a0, FBV[2]
         0x31a010001dc @    8 : d5                Star0
         0x31a010001dd @    9 : 23 00 00          LdaGlobal [0:"tiny"], FBV[0]
         0x31a010001e0 @   12 : d4                Star1
         0x31a010001e1 @   13 : 6d f8 04 04       CallUndefinedReceiver1 r1, a1, FBV[4]
         0x31a010001e5 @   17 : 44 f9 01          Mul r0, EmbeddedFeedback[1]
         0x31a010001e8 @   20 : b9                Return
Constant pool (size = 1)
0x31a010001a1: [TrustedFixedArray]
 - map: 0x09b800000605 <Map(TRUSTED_FIXED_ARRAY_TYPE)>
 - length: 1
           0: 0x09b80101e245 <String[4]: #tiny>
Handler Table (size = 0)
Source Position Table (size = 0)
0x9b80101e771: [FeedbackVector] in OldSpace
 - map: 0x09b800000895 <Map(FEEDBACK_VECTOR_TYPE)>
 - length: 6
 - shared function info: 0x09b80101e345 <SharedFunctionInfo small>
 - tiering_in_progress: 0
 - osr_tiering_in_progress: 0
 - invocation count: 402
 - closure feedback cell array: 0x9b800002091: [ClosureFeedbackCellArray] in ReadOnlySpace
 - map: 0x09b80000086d <Map(CLOSURE_FEEDBACK_CELL_ARRAY_TYPE)>
 - length: 0
 - elements:

 - slot #0 LoadGlobalNotInsideTypeof MONOMORPHIC
   [weak] 0x09b80101e49d <PropertyCell name=0x09b80101e245 <String[4]: #tiny> value=0x09b80101e47d <JSFunction tiny (sfi = 0x9b80101e315)>> {
     [0]: [weak] 0x09b80101e49d <PropertyCell name=0x09b80101e245 <String[4]: #tiny> value=0x09b80101e47d <JSFunction tiny (sfi = 0x9b80101e315)>>
     [1]: 0x09b800000eb5 <Symbol: (uninitialized_symbol)>
  }
 - slot #2 Call MONOMORPHIC {
     [2]: [weak] 0x09b80101e47d <JSFunction tiny (sfi = 0x9b80101e315)>
     [3]: 3208
  }
 - slot #4 Call MONOMORPHIC {
     [4]: [weak] 0x09b80101e47d <JSFunction tiny (sfi = 0x9b80101e315)>
     [5]: 3208
  }
[92m⚡ INLINE [0m[96mtiny                          [0m Small function, skipping max-depth[0m

----- Inlining 0x09b80101e315 <SharedFunctionInfo tiny> with bytecode -----
Parameter count 2
Register count 0
Frame size 0
         0x31a01000214 @    0 : 0b 03             Ldar a0
         0x31a01000216 @    2 : 4f 01 01          AddSmi [1], EmbeddedFeedback[1]
         0x31a01000219 @    5 : b9                Return
Constant pool (size = 0)
Handler Table (size = 0)
Source Position Table (size = 0)
0x9b80101e691: [FeedbackVector] in OldSpace
 - map: 0x09b800000895 <Map(FEEDBACK_VECTOR_TYPE)>
 - length: 0 (empty)
[92m⚡ INLINE [0m[96mtiny                          [0m Small function, skipping max-depth[0m

----- Inlining 0x09b80101e315 <SharedFunctionInfo tiny> with bytecode -----
Parameter count 2
Register count 0
Frame size 0
         0x31a01000214 @    0 : 0b 03             Ldar a0
         0x31a01000216 @    2 : 4f 01 01          AddSmi [1], EmbeddedFeedback[1]
         0x31a01000219 @    5 : b9                Return
Constant pool (size = 0)
Handler Table (size = 0)
Source Position Table (size = 0)
0x9b80101e691: [FeedbackVector] in OldSpace
 - map: 0x09b800000895 <Map(FEEDBACK_VECTOR_TYPE)>
 - length: 0 (empty)
[91m❌ SKIP   [0m[96mbig                           [0m big function, size (174) >= max-size (100)[0m

----- Maglev graph building -----
Graph

   [0m  [0m46: HeapConstant(0x09b80101e459 <FeedbackCell[one closure]>), 2 uses
   [0m  [0m28: HeapConstant(0x09b80101e4b1 <JSFunction small (sfi = 0x9b80101e345)>), 6 uses
   [0m  [0m30: HeapConstant(0x09b80101e47d <JSFunction tiny (sfi = 0x9b80101e315)>), 4 uses
   [0m  [0m36: HeapConstant(0x09b80101e4e5 <JSFunction big (sfi = 0x9b80101e375)>), 2 uses
   [0m  [0m18: HeapConstant(0x09b80101e519 <JSFunction outer (sfi = 0x9b80101e3a5)>), 6 uses
   [0m  [0m25: HeapConstant(0x09b80101e469 <ScriptContext[3]>), 18 uses
   [0m  [0m26: HeapConstant(0x09b801004999 <JSGlobalProxy>), 18 uses
   [0m  [0m24: RootConstant(undefined_value), 2 uses
   [0m  [0m17: RootConstant(true_value), 0 uses 🪦
   [0m  [0m16: RootConstant(false_value), 0 uses 🪦
   [0m  [0m48: RootConstant(optimized_out), 0 uses 🪦
   [0m  [0m11: SmiConstant(100000), 2 uses
   [0m  [0m41: Int32Constant(0), 2 uses, cannot truncate to int32
   [0m  [0m21: Int32Constant(3), 2 uses, cannot truncate to int32
   [0m  [0m19: Int32Constant(255), 4 uses, cannot truncate to int32
   [0m  [0m13: Int32Constant(100000), 4 uses, cannot truncate to int32
    [0mBlock b0
   [0m[1;34m0x09b80101e295 <SharedFunctionInfo> (0x09b80104a3e5 <String[21]: "workloads/inlining.js">:0:0)
[m   [0m[0;34m  16 : 01 0d a0 86 01 00 LdaSmi.ExtraWide [100000]
[m   [0m   [0m1: InitialValue(<this>), 12 uses
   [0m   [0m2: InitialValue(<context>), 14 uses
   [0m   [0m3: InitialValue(<closure>), 12 uses
   [0m   [0m4: InitialValue(r0), 0 uses 🪦
   [0m   [0m5: InitialValue(r1), 6 uses
   [0m   [0m6: InitialValue(r2), 0 uses 🪦
   [0m   [0m7: InitialValue(r3), 0 uses 🪦
   [0m   [0m8: InitialValue(r4), 0 uses 🪦
   [0m   [0m9: FunctionEntryStackCheck
   [0m      ↳ lazy @65 (3 live vars)
   [0m      ↱ eager @65 (3 live vars)
   [0m  [0m10: CheckpointedJump b1
   [0m   ↓
    [0mBlock b1
   [0m[0;34m  22 : 79 f8 04          TestLessThan r1, EmbeddedFeedback[4]
[m   [0m      ↱ eager @22 (4 live vars)
   [0m  [0m12: CheckedSmiUntag [n5], 5 uses, cannot truncate to int32
   [0m  [0m14: Int32Compare[LessThan] [n12, n13], 0 uses 🪦
   [0m[0;34m  25 : a8 2c             JumpIfFalse [44]
[m[0;31m╭────[0m15: BranchIfInt32Compare(LessThan) [n12, n13] b2 b14
[0;31m│  [0m   ↓
[0;31m│   [0mBlock b2
[0;31m│  [0m[0;34m  33 : 00 57 ff 00 01    BitwiseAndSmi.Wide [255], EmbeddedFeedback[1]
[m[0;31m│  [0m  [0m20: Int32BitwiseAnd [n12, n19], 10 uses, cannot truncate to int32
[0;31m│  [0m[0;34m  41 : 59 03 01          ShiftRightSmi [3], EmbeddedFeedback[1]
[m[0;31m│  [0m  [0m22: Int32ShiftRight [n12, n21], 1 uses, cannot truncate to int32
[0;31m│  [0m[0;34m  44 : 00 57 ff 00 01    BitwiseAndSmi.Wide [255], EmbeddedFeedback[1]
[m[0;31m│  [0m  [0m23: Int32BitwiseAnd [n22, n19], 9 uses, cannot truncate to int32
[0;31m│  [0m[1;34m0x09b80101e3a5 <SharedFunctionInfo outer> (0x09b80104a3e5 <String[21]: "workloads/inlining.js">:22:14)
[m[0;31m│  [0m[0;34m   0 : 23 00 00          LdaGlobal [0:"small"], FBV[0]
[m[0;31m│  [0m  [0m27: Jump b3
[0;31m│  [0m   ↓
[0;31m│   [0mBlock b3
[0;31m│  [0m[1;34m0x09b80101e345 <SharedFunctionInfo small> (0x09b80104a3e5 <String[21]: "workloads/inlining.js">:7:14)
[m[0;31m│  [0m[0;34m   0 : 23 00 00          LdaGlobal [0:"tiny"], FBV[0]
[m[0;31m│  [0m  [0m29: Jump b4
[0;31m│  [0m   ↓
[0;31m│   [0mBlock b4
[0;31m│  [0m[1;34m0x09b80101e315 <SharedFunctionInfo tiny> (0x09b80104a3e5 <String[21]: "workloads/inlining.js">:3:13)
[m[0;31m│  [0m[0;34m   0 : 0b 03             Ldar a0
[m[0;31m│  [0m  [0m31: Jump b5
[0;31m│  [0m   ↓
[0;31m│   [0mBlock b5
[0;31m│  [0m[1;34m0x09b80101e315 <SharedFunctionInfo tiny> (0x09b80104a3e5 <String[21]: "workloads/inlining.js">:0:0)
[m[0;31m│  [0m[0;34m   2 : 4f 01 01          AddSmi [1], EmbeddedFeedback[1]
[m[0;31m│  [0m      ↱ eager @50 (3 live vars)
[0;31m│  [0m      │       @4 (4 live vars)
[0;31m│  [0m      │       @4 (4 live vars)
[0;31m│  [0m      │       @2 (4 live vars)
[0;31m│  [0m  [0m32: Int32IncrementWithOverflow [n20], 3 uses, cannot truncate to int32
[0;31m│  [0m[1;34m0x09b80101e315 <SharedFunctionInfo tiny> (0x09b80104a3e5 <String[21]: "workloads/inlining.js">:3:13)
[m[0;31m│  [0m[0;34m   0 : 0b 03             Ldar a0
[m[0;31m│  [0m  [0m33: Jump b6
[0;31m│  [0m   ↓
[0;31m│   [0mBlock b6
[0;31m│  [0m[1;34m0x09b80101e315 <SharedFunctionInfo tiny> (0x09b80104a3e5 <String[21]: "workloads/inlining.js">:0:0)
[m[0;31m│  [0m[0;34m   2 : 4f 01 01          AddSmi [1], EmbeddedFeedback[1]
[m[0;31m│  [0m      ↱ eager @50 (3 live vars)
[0;31m│  [0m      │       @4 (4 live vars)
[0;31m│  [0m      │       @13 (5 live vars)
[0;31m│  [0m      │       @2 (4 live vars)
[0;31m│  [0m  [0m34: Int32IncrementWithOverflow [n23], 2 uses, cannot truncate to int32
[0;31m│  [0m[1;34m0x09b80101e345 <SharedFunctionInfo small> (0x09b80104a3e5 <String[21]: "workloads/inlining.js">:0:0)
[m[0;31m│  [0m[0;34m  17 : 44 f9 01          Mul r0, EmbeddedFeedback[1]
[m[0;31m│  [0m      ↱ eager @50 (3 live vars)
[0;31m│  [0m      │       @4 (4 live vars)
[0;31m│  [0m      │       @17 (6 live vars)
[0;31m│  [0m  [0m35: Int32MultiplyWithOverflow [n32, n34], 3 uses, can truncate to int32 [-2147483648, 2147483647]
[0;31m│  [0m[1;34m0x09b80101e3a5 <SharedFunctionInfo outer> (0x09b80104a3e5 <String[21]: "workloads/inlining.js">:0:0)
[m[0;31m│  [0m[0;34m  14 : 6d f8 03 06       CallUndefinedReceiver1 r1, a0, FBV[6]
[m[0;31m│  [0m  [0m37: Int32ToNumber[kCanonicalizeSmi] [n20], 1 uses
[0;31m│  [0m  [0m38: 🐢 CallKnownJSFunction(0x09b80101e375 <SharedFunctionInfo big>, {Int32}) [n36, n25, n26, n24, n37], 2 uses
[0;31m│  [0m      │      @50 (3 live vars)
[0;31m│  [0m      ↳ lazy @14 (5 live vars)
[0;31m│  [0m[0;34m  18 : 42 f9 01          Add r0, EmbeddedFeedback[1]
[m[0;31m│  [0m      ↱ eager @50 (3 live vars)
[0;31m│  [0m      │       @18 (6 live vars)
[0;31m│  [0m  [0m39: CheckedSmiUntag [n38], 1 uses, cannot truncate to int32
[0;31m│  [0m      ↱ eager @50 (3 live vars)
[0;31m│  [0m      │       @18 (6 live vars)
[0;31m│  [0m  [0m40: Int32AddWithOverflow [n35, n39], 1 uses, can truncate to int32 [-2147483648, 2147483647]
[0;31m│  [0m[1;34m0x09b80101e295 <SharedFunctionInfo> (0x09b80104a3e5 <String[21]: "workloads/inlining.js">:0:0)
[m[0;31m│  [0m[0;34m  55 : 55 00 01          BitwiseOrSmi [0], EmbeddedFeedback[1]
[m[0;31m│  [0m  [0m42: Int32BitwiseOr [n40, n41], 1 uses, cannot truncate to int32
[0;31m│  [0m[0;34m  58 : 29 02             StaCurrentContextSlot [2]
[m[0;31m│  [0m  [0m43: Int32ToNumber[kCanonicalizeSmi] [n42], 1 uses
[0;31m│  [0m  [0m44: StoreContextSlotWithWriteBarrier(2, mutable) [n2, n43]
[0;31m│  [0m      ↳ lazy @58 (3 live vars)
[0;31m│  [0m[0;34m  62 : 5b 04             Inc FBV[4]
[m[0;31m│  [0m      ↱ eager @62 (3 live vars)
[0;31m│  [0m  [0m45: Int32IncrementWithOverflow [n12], 2 uses, cannot truncate to int32
[0;31m│  [0m[0;34m  65 : 97 31 00 05       JumpLoop [49], [0], FBV[5]
[m[0;31m│  [0m  [0m47: ReduceInterruptBudgetForLoop(39) [n46]
[0;31m│  [0m      ↳ lazy @65 (3 live vars)
[0;31m│  [0m  [0m50: Int32ToNumber[kCanonicalizeSmi] [n45], 1 uses
[0;31m│  [0m  [0m49: Jump b7
[0;31m│  [0m   │  with gap moves:
[0;31m│  [0m   │    - n50 → 51: φᵀ r1
[0;31m│  [0m   ▼
[0;31m│[0;32m╭─►[0mBlock b7 peeled (effects: ua c1)
[0;31m│[0;32m│ [0m  [0m51: φᵀ r1 (n50, n75), 5 uses
[0;31m│[0;32m│ [0m[0;34m  22 : 79 f8 04          TestLessThan r1, EmbeddedFeedback[4]
[m[0;31m│[0;32m│ [0m      ↱ eager @22 (4 live vars)
[0;31m│[0;32m│ [0m  [0m52: CheckedSmiUntag [n51], 5 uses, cannot truncate to int32
[0;31m│[0;32m│ [0m  [0m53: Int32Compare[LessThan] [n52, n13], 0 uses 🪦
[0;31m│[0;32m│ [0m[0;34m  25 : a8 2c             JumpIfFalse [44]
[m[0;31m│[0;32m│[0;33m╭──[0m54: BranchIfInt32Compare(LessThan) [n52, n13] b8 b13
[0;31m│[0;32m│[0;33m│[0m   ↓
[0;31m│[0;32m│[0;33m│ [0mBlock b8
[0;31m│[0;32m│[0;33m│[0m[0;34m  33 : 00 57 ff 00 01    BitwiseAndSmi.Wide [255], EmbeddedFeedback[1]
[m[0;31m│[0;32m│[0;33m│[0m  [0m55: Int32BitwiseAnd [n52, n19], 10 uses, cannot truncate to int32
[0;31m│[0;32m│[0;33m│[0m[0;34m  41 : 59 03 01          ShiftRightSmi [3], EmbeddedFeedback[1]
[m[0;31m│[0;32m│[0;33m│[0m  [0m56: Int32ShiftRight [n52, n21], 1 uses, cannot truncate to int32
[0;31m│[0;32m│[0;33m│[0m[0;34m  44 : 00 57 ff 00 01    BitwiseAndSmi.Wide [255], EmbeddedFeedback[1]
[m[0;31m│[0;32m│[0;33m│[0m  [0m57: Int32BitwiseAnd [n56, n19], 9 uses, cannot truncate to int32
[0;31m│[0;32m│[0;33m│[0m[1;34m0x09b80101e3a5 <SharedFunctionInfo outer> (0x09b80104a3e5 <String[21]: "workloads/inlining.js">:22:14)
[m[0;31m│[0;32m│[0;33m│[0m[0;34m   0 : 23 00 00          LdaGlobal [0:"small"], FBV[0]
[m[0;31m│[0;32m│[0;33m│[0m  [0m58: Jump b9
[0;31m│[0;32m│[0;33m│[0m   ↓
[0;31m│[0;32m│[0;33m│ [0mBlock b9
[0;31m│[0;32m│[0;33m│[0m[1;34m0x09b80101e345 <SharedFunctionInfo small> (0x09b80104a3e5 <String[21]: "workloads/inlining.js">:7:14)
[m[0;31m│[0;32m│[0;33m│[0m[0;34m   0 : 23 00 00          LdaGlobal [0:"tiny"], FBV[0]
[m[0;31m│[0;32m│[0;33m│[0m  [0m59: Jump b10
[0;31m│[0;32m│[0;33m│[0m   ↓
[0;31m│[0;32m│[0;33m│ [0mBlock b10
[0;31m│[0;32m│[0;33m│[0m[1;34m0x09b80101e315 <SharedFunctionInfo tiny> (0x09b80104a3e5 <String[21]: "workloads/inlining.js">:3:13)
[m[0;31m│[0;32m│[0;33m│[0m[0;34m   0 : 0b 03             Ldar a0
[m[0;31m│[0;32m│[0;33m│[0m  [0m60: Jump b11
[0;31m│[0;32m│[0;33m│[0m   ↓
[0;31m│[0;32m│[0;33m│ [0mBlock b11
[0;31m│[0;32m│[0;33m│[0m[1;34m0x09b80101e315 <SharedFunctionInfo tiny> (0x09b80104a3e5 <String[21]: "workloads/inlining.js">:0:0)
[m[0;31m│[0;32m│[0;33m│[0m[0;34m   2 : 4f 01 01          AddSmi [1], EmbeddedFeedback[1]
[m[0;31m│[0;32m│[0;33m│[0m      ↱ eager @50 (3 live vars)
[0;31m│[0;32m│[0;33m│[0m      │       @4 (4 live vars)
[0;31m│[0;32m│[0;33m│[0m      │       @4 (4 live vars)
[0;31m│[0;32m│[0;33m│[0m      │       @2 (4 live vars)
[0;31m│[0;32m│[0;33m│[0m  [0m61: Int32IncrementWithOverflow [n55], 3 uses, cannot truncate to int32
[0;31m│[0;32m│[0;33m│[0m[1;34m0x09b80101e315 <SharedFunctionInfo tiny> (0x09b80104a3e5 <String[21]: "workloads/inlining.js">:3:13)
[m[0;31m│[0;32m│[0;33m│[0m[0;34m   0 : 0b 03             Ldar a0
[m[0;31m│[0;32m│[0;33m│[0m  [0m62: Jump b12
[0;31m│[0;32m│[0;33m│[0m   ↓
[0;31m│[0;32m│[0;33m│ [0mBlock b12
[0;31m│[0;32m│[0;33m│[0m[1;34m0x09b80101e315 <SharedFunctionInfo tiny> (0x09b80104a3e5 <String[21]: "workloads/inlining.js">:0:0)
[m[0;31m│[0;32m│[0;33m│[0m[0;34m   2 : 4f 01 01          AddSmi [1], EmbeddedFeedback[1]
[m[0;31m│[0;32m│[0;33m│[0m      ↱ eager @50 (3 live vars)
[0;31m│[0;32m│[0;33m│[0m      │       @4 (4 live vars)
[0;31m│[0;32m│[0;33m│[0m      │       @13 (5 live vars)
[0;31m│[0;32m│[0;33m│[0m      │       @2 (4 live vars)
[0;31m│[0;32m│[0;33m│[0m  [0m63: Int32IncrementWithOverflow [n57], 2 uses, cannot truncate to int32
[0;31m│[0;32m│[0;33m│[0m[1;34m0x09b80101e345 <SharedFunctionInfo small> (0x09b80104a3e5 <String[21]: "workloads/inlining.js">:0:0)
[m[0;31m│[0;32m│[0;33m│[0m[0;34m  17 : 44 f9 01          Mul r0, EmbeddedFeedback[1]
[m[0;31m│[0;32m│[0;33m│[0m      ↱ eager @50 (3 live vars)
[0;31m│[0;32m│[0;33m│[0m      │       @4 (4 live vars)
[0;31m│[0;32m│[0;33m│[0m      │       @17 (6 live vars)
[0;31m│[0;32m│[0;33m│[0m  [0m64: Int32MultiplyWithOverflow [n61, n63], 3 uses, can truncate to int32 [-2147483648, 2147483647]
[0;31m│[0;32m│[0;33m│[0m[1;34m0x09b80101e3a5 <SharedFunctionInfo outer> (0x09b80104a3e5 <String[21]: "workloads/inlining.js">:0:0)
[m[0;31m│[0;32m│[0;33m│[0m[0;34m  14 : 6d f8 03 06       CallUndefinedReceiver1 r1, a0, FBV[6]
[m[0;31m│[0;32m│[0;33m│[0m  [0m65: Int32ToNumber[kCanonicalizeSmi] [n55], 1 uses
[0;31m│[0;32m│[0;33m│[0m  [0m66: 🐢 CallKnownJSFunction(0x09b80101e375 <SharedFunctionInfo big>, {Int32}) [n36, n25, n26, n24, n65], 2 uses
[0;31m│[0;32m│[0;33m│[0m      │      @50 (3 live vars)
[0;31m│[0;32m│[0;33m│[0m      ↳ lazy @14 (5 live vars)
[0;31m│[0;32m│[0;33m│[0m[0;34m  18 : 42 f9 01          Add r0, EmbeddedFeedback[1]
[m[0;31m│[0;32m│[0;33m│[0m      ↱ eager @50 (3 live vars)
[0;31m│[0;32m│[0;33m│[0m      │       @18 (6 live vars)
[0;31m│[0;32m│[0;33m│[0m  [0m67: CheckedSmiUntag [n66], 1 uses, cannot truncate to int32
[0;31m│[0;32m│[0;33m│[0m      ↱ eager @50 (3 live vars)
[0;31m│[0;32m│[0;33m│[0m      │       @18 (6 live vars)
[0;31m│[0;32m│[0;33m│[0m  [0m68: Int32AddWithOverflow [n64, n67], 1 uses, can truncate to int32 [-2147483648, 2147483647]
[0;31m│[0;32m│[0;33m│[0m[1;34m0x09b80101e295 <SharedFunctionInfo> (0x09b80104a3e5 <String[21]: "workloads/inlining.js">:0:0)
[m[0;31m│[0;32m│[0;33m│[0m[0;34m  55 : 55 00 01          BitwiseOrSmi [0], EmbeddedFeedback[1]
[m[0;31m│[0;32m│[0;33m│[0m  [0m69: Int32BitwiseOr [n68, n41], 1 uses, cannot truncate to int32
[0;31m│[0;32m│[0;33m│[0m[0;34m  58 : 29 02             StaCurrentContextSlot [2]
[m[0;31m│[0;32m│[0;33m│[0m  [0m70: Int32ToNumber[kCanonicalizeSmi] [n69], 1 uses
[0;31m│[0;32m│[0;33m│[0m  [0m71: StoreContextSlotWithWriteBarrier(2, mutable) [n2, n70]
[0;31m│[0;32m│[0;33m│[0m      ↳ lazy @58 (3 live vars)
[0;31m│[0;32m│[0;33m│[0m[0;34m  62 : 5b 04             Inc FBV[4]
[m[0;31m│[0;32m│[0;33m│[0m      ↱ eager @62 (3 live vars)
[0;31m│[0;32m│[0;33m│[0m  [0m72: Int32IncrementWithOverflow [n52], 2 uses, cannot truncate to int32
[0;31m│[0;32m│[0;33m│[0m[0;34m  65 : 97 31 00 05       JumpLoop [49], [0], FBV[5]
[m[0;31m│[0;32m│[0;33m│[0m  [0m73: ReduceInterruptBudgetForLoop(39) [n46]
[0;31m│[0;32m│[0;33m│[0m      ↳ lazy @65 (3 live vars)
[0;31m│[0;32m│[0;33m│[0m  [0m75: Int32ToNumber[kCanonicalizeSmi] [n72], 1 uses
[0;31m│[0;32m│[0;33m│[0m      ↱ eager @62 (3 live vars)
[0;31m│[0;32m╰─◄─[0m74: JumpLoop b7
[0;31m│ [0;33m│[0m      with gap moves:
[0;31m│ [0;33m│[0m        - n75 → 51: φᵀ r1
[0;31m│ [0;33m│[0m
[0;31m│ [0;33m╰►[0mBlock b13
[0;31m│  [0m[0;34m  69 : 23 02 07          LdaGlobal [2:"print"], FBV[7]
[m[0;31m│[0;32m╭───[0m76: Jump b15
[0;31m│[0;32m│ [0m
[0;31m╰──►[0mBlock b14
 [0;32m│ [0m  [0m77: Jump b15
 [0;32m│ [0m   ↓
 [0;32m╰─►[0mBlock b15
   [0m      ↱ eager @69 (2 live vars)
   [0m  [0m78: Deopt(Insufficient type feedback for generic global access)
   [0m

----- Truncation propagation -----
Graph

   [0m  [0m46: HeapConstant(0x09b80101e459 <FeedbackCell[one closure]>), 2 uses
   [0m  [0m28: HeapConstant(0x09b80101e4b1 <JSFunction small (sfi = 0x9b80101e345)>), 6 uses
   [0m  [0m30: HeapConstant(0x09b80101e47d <JSFunction tiny (sfi = 0x9b80101e315)>), 4 uses
   [0m  [0m36: HeapConstant(0x09b80101e4e5 <JSFunction big (sfi = 0x9b80101e375)>), 2 uses
   [0m  [0m18: HeapConstant(0x09b80101e519 <JSFunction outer (sfi = 0x9b80101e3a5)>), 6 uses
   [0m  [0m25: HeapConstant(0x09b80101e469 <ScriptContext[3]>), 18 uses
   [0m  [0m26: HeapConstant(0x09b801004999 <JSGlobalProxy>), 18 uses
   [0m  [0m24: RootConstant(undefined_value), 2 uses
   [0m  [0m17: RootConstant(true_value), 0 uses 🪦
   [0m  [0m16: RootConstant(false_value), 0 uses 🪦
   [0m  [0m48: RootConstant(optimized_out), 0 uses 🪦
   [0m  [0m11: SmiConstant(100000), 2 uses
   [0m  [0m41: Int32Constant(0), 2 uses, cannot truncate to int32
   [0m  [0m21: Int32Constant(3), 2 uses, cannot truncate to int32
   [0m  [0m19: Int32Constant(255), 4 uses, cannot truncate to int32
   [0m  [0m13: Int32Constant(100000), 4 uses, cannot truncate to int32
    [0mBlock b0
   [0m[1;34m0x09b80101e295 <SharedFunctionInfo> (0x09b80104a3e5 <String[21]: "workloads/inlining.js">:0:0)
[m   [0m[0;34m  16 : 01 0d a0 86 01 00 LdaSmi.ExtraWide [100000]
[m   [0m   [0m1: InitialValue(<this>), 12 uses
   [0m   [0m2: InitialValue(<context>), 14 uses
   [0m   [0m3: InitialValue(<closure>), 12 uses
   [0m   [0m4: InitialValue(r0), 0 uses 🪦
   [0m   [0m5: InitialValue(r1), 6 uses
   [0m   [0m6: InitialValue(r2), 0 uses 🪦
   [0m   [0m7: InitialValue(r3), 0 uses 🪦
   [0m   [0m8: InitialValue(r4), 0 uses 🪦
   [0m   [0m9: FunctionEntryStackCheck
   [0m      ↳ lazy @65 (3 live vars)
   [0m      ↱ eager @65 (3 live vars)
   [0m  [0m10: CheckpointedJump b1
   [0m   ↓
    [0mBlock b1
   [0m[0;34m  22 : 79 f8 04          TestLessThan r1, EmbeddedFeedback[4]
[m   [0m      ↱ eager @22 (4 live vars)
   [0m  [0m12: CheckedSmiUntag [n5], 5 uses, cannot truncate to int32
   [0m  [0m14: Int32Compare[LessThan] [n12, n13], 0 uses 🪦
   [0m[0;34m  25 : a8 2c             JumpIfFalse [44]
[m[0;31m╭────[0m15: BranchIfInt32Compare(LessThan) [n12, n13] b2 b14
[0;31m│  [0m   ↓
[0;31m│   [0mBlock b2
[0;31m│  [0m[0;34m  33 : 00 57 ff 00 01    BitwiseAndSmi.Wide [255], EmbeddedFeedback[1]
[m[0;31m│  [0m  [0m20: Int32BitwiseAnd [n12, n19], 10 uses, cannot truncate to int32
[0;31m│  [0m[0;34m  41 : 59 03 01          ShiftRightSmi [3], EmbeddedFeedback[1]
[m[0;31m│  [0m  [0m22: Int32ShiftRight [n12, n21], 1 uses, cannot truncate to int32
[0;31m│  [0m[0;34m  44 : 00 57 ff 00 01    BitwiseAndSmi.Wide [255], EmbeddedFeedback[1]
[m[0;31m│  [0m  [0m23: Int32BitwiseAnd [n22, n19], 9 uses, cannot truncate to int32
[0;31m│  [0m[1;34m0x09b80101e3a5 <SharedFunctionInfo outer> (0x09b80104a3e5 <String[21]: "workloads/inlining.js">:22:14)
[m[0;31m│  [0m[0;34m   0 : 23 00 00          LdaGlobal [0:"small"], FBV[0]
[m[0;31m│  [0m  [0m27: Jump b3
[0;31m│  [0m   ↓
[0;31m│   [0mBlock b3
[0;31m│  [0m[1;34m0x09b80101e345 <SharedFunctionInfo small> (0x09b80104a3e5 <String[21]: "workloads/inlining.js">:7:14)
[m[0;31m│  [0m[0;34m   0 : 23 00 00          LdaGlobal [0:"tiny"], FBV[0]
[m[0;31m│  [0m  [0m29: Jump b4
[0;31m│  [0m   ↓
[0;31m│   [0mBlock b4
[0;31m│  [0m[1;34m0x09b80101e315 <SharedFunctionInfo tiny> (0x09b80104a3e5 <String[21]: "workloads/inlining.js">:3:13)
[m[0;31m│  [0m[0;34m   0 : 0b 03             Ldar a0
[m[0;31m│  [0m  [0m31: Jump b5
[0;31m│  [0m   ↓
[0;31m│   [0mBlock b5
[0;31m│  [0m[1;34m0x09b80101e315 <SharedFunctionInfo tiny> (0x09b80104a3e5 <String[21]: "workloads/inlining.js">:0:0)
[m[0;31m│  [0m[0;34m   2 : 4f 01 01          AddSmi [1], EmbeddedFeedback[1]
[m[0;31m│  [0m      ↱ eager @50 (3 live vars)
[0;31m│  [0m      │       @4 (4 live vars)
[0;31m│  [0m      │       @4 (4 live vars)
[0;31m│  [0m      │       @2 (4 live vars)
[0;31m│  [0m  [0m32: Int32IncrementWithOverflow [n20], 3 uses, cannot truncate to int32
[0;31m│  [0m[1;34m0x09b80101e315 <SharedFunctionInfo tiny> (0x09b80104a3e5 <String[21]: "workloads/inlining.js">:3:13)
[m[0;31m│  [0m[0;34m   0 : 0b 03             Ldar a0
[m[0;31m│  [0m  [0m33: Jump b6
[0;31m│  [0m   ↓
[0;31m│   [0mBlock b6
[0;31m│  [0m[1;34m0x09b80101e315 <SharedFunctionInfo tiny> (0x09b80104a3e5 <String[21]: "workloads/inlining.js">:0:0)
[m[0;31m│  [0m[0;34m   2 : 4f 01 01          AddSmi [1], EmbeddedFeedback[1]
[m[0;31m│  [0m      ↱ eager @50 (3 live vars)
[0;31m│  [0m      │       @4 (4 live vars)
[0;31m│  [0m      │       @13 (5 live vars)
[0;31m│  [0m      │       @2 (4 live vars)
[0;31m│  [0m  [0m34: Int32IncrementWithOverflow [n23], 2 uses, cannot truncate to int32
[0;31m│  [0m[1;34m0x09b80101e345 <SharedFunctionInfo small> (0x09b80104a3e5 <String[21]: "workloads/inlining.js">:0:0)
[m[0;31m│  [0m[0;34m  17 : 44 f9 01          Mul r0, EmbeddedFeedback[1]
[m[0;31m│  [0m      ↱ eager @50 (3 live vars)
[0;31m│  [0m      │       @4 (4 live vars)
[0;31m│  [0m      │       @17 (6 live vars)
[0;31m│  [0m  [0m35: Int32MultiplyWithOverflow [n32, n34], 3 uses, cannot truncate to int32
[0;31m│  [0m[1;34m0x09b80101e3a5 <SharedFunctionInfo outer> (0x09b80104a3e5 <String[21]: "workloads/inlining.js">:0:0)
[m[0;31m│  [0m[0;34m  14 : 6d f8 03 06       CallUndefinedReceiver1 r1, a0, FBV[6]
[m[0;31m│  [0m  [0m37: Int32ToNumber[kCanonicalizeSmi] [n20], 1 uses
[0;31m│  [0m  [0m38: 🐢 CallKnownJSFunction(0x09b80101e375 <SharedFunctionInfo big>, {Int32}) [n36, n25, n26, n24, n37], 2 uses
[0;31m│  [0m      │      @50 (3 live vars)
[0;31m│  [0m      ↳ lazy @14 (5 live vars)
[0;31m│  [0m[0;34m  18 : 42 f9 01          Add r0, EmbeddedFeedback[1]
[m[0;31m│  [0m      ↱ eager @50 (3 live vars)
[0;31m│  [0m      │       @18 (6 live vars)
[0;31m│  [0m  [0m39: CheckedSmiUntag [n38], 1 uses, cannot truncate to int32
[0;31m│  [0m      ↱ eager @50 (3 live vars)
[0;31m│  [0m      │       @18 (6 live vars)
[0;31m│  [0m  [0m40: Int32AddWithOverflow [n35, n39], 1 uses, can truncate to int32 [-2147483648, 2147483647]
[0;31m│  [0m[1;34m0x09b80101e295 <SharedFunctionInfo> (0x09b80104a3e5 <String[21]: "workloads/inlining.js">:0:0)
[m[0;31m│  [0m[0;34m  55 : 55 00 01          BitwiseOrSmi [0], EmbeddedFeedback[1]
[m[0;31m│  [0m  [0m42: Int32BitwiseOr [n40, n41], 1 uses, cannot truncate to int32
[0;31m│  [0m[0;34m  58 : 29 02             StaCurrentContextSlot [2]
[m[0;31m│  [0m  [0m43: Int32ToNumber[kCanonicalizeSmi] [n42], 1 uses
[0;31m│  [0m  [0m44: StoreContextSlotWithWriteBarrier(2, mutable) [n2, n43]
[0;31m│  [0m      ↳ lazy @58 (3 live vars)
[0;31m│  [0m[0;34m  62 : 5b 04             Inc FBV[4]
[m[0;31m│  [0m      ↱ eager @62 (3 live vars)
[0;31m│  [0m  [0m45: Int32IncrementWithOverflow [n12], 2 uses, cannot truncate to int32
[0;31m│  [0m[0;34m  65 : 97 31 00 05       JumpLoop [49], [0], FBV[5]
[m[0;31m│  [0m  [0m47: ReduceInterruptBudgetForLoop(39) [n46]
[0;31m│  [0m      ↳ lazy @65 (3 live vars)
[0;31m│  [0m  [0m50: Int32ToNumber[kCanonicalizeSmi] [n45], 1 uses
[0;31m│  [0m  [0m49: Jump b7
[0;31m│  [0m   │  with gap moves:
[0;31m│  [0m   │    - n50 → 51: φᵀ r1
[0;31m│  [0m   ▼
[0;31m│[0;32m╭─►[0mBlock b7 peeled (effects: ua c1)
[0;31m│[0;32m│ [0m  [0m51: φᵀ r1 (n50, n75), 5 uses
[0;31m│[0;32m│ [0m[0;34m  22 : 79 f8 04          TestLessThan r1, EmbeddedFeedback[4]
[m[0;31m│[0;32m│ [0m      ↱ eager @22 (4 live vars)
[0;31m│[0;32m│ [0m  [0m52: CheckedSmiUntag [n51], 5 uses, cannot truncate to int32
[0;31m│[0;32m│ [0m  [0m53: Int32Compare[LessThan] [n52, n13], 0 uses 🪦
[0;31m│[0;32m│ [0m[0;34m  25 : a8 2c             JumpIfFalse [44]
[m[0;31m│[0;32m│[0;33m╭──[0m54: BranchIfInt32Compare(LessThan) [n52, n13] b8 b13
[0;31m│[0;32m│[0;33m│[0m   ↓
[0;31m│[0;32m│[0;33m│ [0mBlock b8
[0;31m│[0;32m│[0;33m│[0m[0;34m  33 : 00 57 ff 00 01    BitwiseAndSmi.Wide [255], EmbeddedFeedback[1]
[m[0;31m│[0;32m│[0;33m│[0m  [0m55: Int32BitwiseAnd [n52, n19], 10 uses, cannot truncate to int32
[0;31m│[0;32m│[0;33m│[0m[0;34m  41 : 59 03 01          ShiftRightSmi [3], EmbeddedFeedback[1]
[m[0;31m│[0;32m│[0;33m│[0m  [0m56: Int32ShiftRight [n52, n21], 1 uses, cannot truncate to int32
[0;31m│[0;32m│[0;33m│[0m[0;34m  44 : 00 57 ff 00 01    BitwiseAndSmi.Wide [255], EmbeddedFeedback[1]
[m[0;31m│[0;32m│[0;33m│[0m  [0m57: Int32BitwiseAnd [n56, n19], 9 uses, cannot truncate to int32
[0;31m│[0;32m│[0;33m│[0m[1;34m0x09b80101e3a5 <SharedFunctionInfo outer> (0x09b80104a3e5 <String[21]: "workloads/inlining.js">:22:14)
[m[0;31m│[0;32m│[0;33m│[0m[0;34m   0 : 23 00 00          LdaGlobal [0:"small"], FBV[0]
[m[0;31m│[0;32m│[0;33m│[0m  [0m58: Jump b9
[0;31m│[0;32m│[0;33m│[0m   ↓
[0;31m│[0;32m│[0;33m│ [0mBlock b9
[0;31m│[0;32m│[0;33m│[0m[1;34m0x09b80101e345 <SharedFunctionInfo small> (0x09b80104a3e5 <String[21]: "workloads/inlining.js">:7:14)
[m[0;31m│[0;32m│[0;33m│[0m[0;34m   0 : 23 00 00          LdaGlobal [0:"tiny"], FBV[0]
[m[0;31m│[0;32m│[0;33m│[0m  [0m59: Jump b10
[0;31m│[0;32m│[0;33m│[0m   ↓
[0;31m│[0;32m│[0;33m│ [0mBlock b10
[0;31m│[0;32m│[0;33m│[0m[1;34m0x09b80101e315 <SharedFunctionInfo tiny> (0x09b80104a3e5 <String[21]: "workloads/inlining.js">:3:13)
[m[0;31m│[0;32m│[0;33m│[0m[0;34m   0 : 0b 03             Ldar a0
[m[0;31m│[0;32m│[0;33m│[0m  [0m60: Jump b11
[0;31m│[0;32m│[0;33m│[0m   ↓
[0;31m│[0;32m│[0;33m│ [0mBlock b11
[0;31m│[0;32m│[0;33m│[0m[1;34m0x09b80101e315 <SharedFunctionInfo tiny> (0x09b80104a3e5 <String[21]: "workloads/inlining.js">:0:0)
[m[0;31m│[0;32m│[0;33m│[0m[0;34m   2 : 4f 01 01          AddSmi [1], EmbeddedFeedback[1]
[m[0;31m│[0;32m│[0;33m│[0m      ↱ eager @50 (3 live vars)
[0;31m│[0;32m│[0;33m│[0m      │       @4 (4 live vars)
[0;31m│[0;32m│[0;33m│[0m      │       @4 (4 live vars)
[0;31m│[0;32m│[0;33m│[0m      │       @2 (4 live vars)
[0;31m│[0;32m│[0;33m│[0m  [0m61: Int32IncrementWithOverflow [n55], 3 uses, cannot truncate to int32
[0;31m│[0;32m│[0;33m│[0m[1;34m0x09b80101e315 <SharedFunctionInfo tiny> (0x09b80104a3e5 <String[21]: "workloads/inlining.js">:3:13)
[m[0;31m│[0;32m│[0;33m│[0m[0;34m   0 : 0b 03             Ldar a0
[m[0;31m│[0;32m│[0;33m│[0m  [0m62: Jump b12
[0;31m│[0;32m│[0;33m│[0m   ↓
[0;31m│[0;32m│[0;33m│ [0mBlock b12
[0;31m│[0;32m│[0;33m│[0m[1;34m0x09b80101e315 <SharedFunctionInfo tiny> (0x09b80104a3e5 <String[21]: "workloads/inlining.js">:0:0)
[m[0;31m│[0;32m│[0;33m│[0m[0;34m   2 : 4f 01 01          AddSmi [1], EmbeddedFeedback[1]
[m[0;31m│[0;32m│[0;33m│[0m      ↱ eager @50 (3 live vars)
[0;31m│[0;32m│[0;33m│[0m      │       @4 (4 live vars)
[0;31m│[0;32m│[0;33m│[0m      │       @13 (5 live vars)
[0;31m│[0;32m│[0;33m│[0m      │       @2 (4 live vars)
[0;31m│[0;32m│[0;33m│[0m  [0m63: Int32IncrementWithOverflow [n57], 2 uses, cannot truncate to int32
[0;31m│[0;32m│[0;33m│[0m[1;34m0x09b80101e345 <SharedFunctionInfo small> (0x09b80104a3e5 <String[21]: "workloads/inlining.js">:0:0)
[m[0;31m│[0;32m│[0;33m│[0m[0;34m  17 : 44 f9 01          Mul r0, EmbeddedFeedback[1]
[m[0;31m│[0;32m│[0;33m│[0m      ↱ eager @50 (3 live vars)
[0;31m│[0;32m│[0;33m│[0m      │       @4 (4 live vars)
[0;31m│[0;32m│[0;33m│[0m      │       @17 (6 live vars)
[0;31m│[0;32m│[0;33m│[0m  [0m64: Int32MultiplyWithOverflow [n61, n63], 3 uses, cannot truncate to int32
[0;31m│[0;32m│[0;33m│[0m[1;34m0x09b80101e3a5 <SharedFunctionInfo outer> (0x09b80104a3e5 <String[21]: "workloads/inlining.js">:0:0)
[m[0;31m│[0;32m│[0;33m│[0m[0;34m  14 : 6d f8 03 06       CallUndefinedReceiver1 r1, a0, FBV[6]
[m[0;31m│[0;32m│[0;33m│[0m  [0m65: Int32ToNumber[kCanonicalizeSmi] [n55], 1 uses
[0;31m│[0;32m│[0;33m│[0m  [0m66: 🐢 CallKnownJSFunction(0x09b80101e375 <SharedFunctionInfo big>, {Int32}) [n36, n25, n26, n24, n65], 2 uses
[0;31m│[0;32m│[0;33m│[0m      │      @50 (3 live vars)
[0;31m│[0;32m│[0;33m│[0m      ↳ lazy @14 (5 live vars)
[0;31m│[0;32m│[0;33m│[0m[0;34m  18 : 42 f9 01          Add r0, EmbeddedFeedback[1]
[m[0;31m│[0;32m│[0;33m│[0m      ↱ eager @50 (3 live vars)
[0;31m│[0;32m│[0;33m│[0m      │       @18 (6 live vars)
[0;31m│[0;32m│[0;33m│[0m  [0m67: CheckedSmiUntag [n66], 1 uses, cannot truncate to int32
[0;31m│[0;32m│[0;33m│[0m      ↱ eager @50 (3 live vars)
[0;31m│[0;32m│[0;33m│[0m      │       @18 (6 live vars)
[0;31m│[0;32m│[0;33m│[0m  [0m68: Int32AddWithOverflow [n64, n67], 1 uses, can truncate to int32 [-2147483648, 2147483647]
[0;31m│[0;32m│[0;33m│[0m[1;34m0x09b80101e295 <SharedFunctionInfo> (0x09b80104a3e5 <String[21]: "workloads/inlining.js">:0:0)
[m[0;31m│[0;32m│[0;33m│[0m[0;34m  55 : 55 00 01          BitwiseOrSmi [0], EmbeddedFeedback[1]
[m[0;31m│[0;32m│[0;33m│[0m  [0m69: Int32BitwiseOr [n68, n41], 1 uses, cannot truncate to int32
[0;31m│[0;32m│[0;33m│[0m[0;34m  58 : 29 02             StaCurrentContextSlot [2]
[m[0;31m│[0;32m│[0;33m│[0m  [0m70: Int32ToNumber[kCanonicalizeSmi] [n69], 1 uses
[0;31m│[0;32m│[0;33m│[0m  [0m71: StoreContextSlotWithWriteBarrier(2, mutable) [n2, n70]
[0;31m│[0;32m│[0;33m│[0m      ↳ lazy @58 (3 live vars)
[0;31m│[0;32m│[0;33m│[0m[0;34m  62 : 5b 04             Inc FBV[4]
[m[0;31m│[0;32m│[0;33m│[0m      ↱ eager @62 (3 live vars)
[0;31m│[0;32m│[0;33m│[0m  [0m72: Int32IncrementWithOverflow [n52], 2 uses, cannot truncate to int32
[0;31m│[0;32m│[0;33m│[0m[0;34m  65 : 97 31 00 05       JumpLoop [49], [0], FBV[5]
[m[0;31m│[0;32m│[0;33m│[0m  [0m73: ReduceInterruptBudgetForLoop(39) [n46]
[0;31m│[0;32m│[0;33m│[0m      ↳ lazy @65 (3 live vars)
[0;31m│[0;32m│[0;33m│[0m  [0m75: Int32ToNumber[kCanonicalizeSmi] [n72], 1 uses
[0;31m│[0;32m│[0;33m│[0m      ↱ eager @62 (3 live vars)
[0;31m│[0;32m╰─◄─[0m74: JumpLoop b7
[0;31m│ [0;33m│[0m      with gap moves:
[0;31m│ [0;33m│[0m        - n75 → 51: φᵀ r1
[0;31m│ [0;33m│[0m
[0;31m│ [0;33m╰►[0mBlock b13
[0;31m│  [0m[0;34m  69 : 23 02 07          LdaGlobal [2:"print"], FBV[7]
[m[0;31m│[0;32m╭───[0m76: Jump b15
[0;31m│[0;32m│ [0m
[0;31m╰──►[0mBlock b14
 [0;32m│ [0m  [0m77: Jump b15
 [0;32m│ [0m   ↓
 [0;32m╰─►[0mBlock b15
   [0m      ↱ eager @69 (2 live vars)
   [0m  [0m78: Deopt(Insufficient type feedback for generic global access)
   [0m

----- Truncation -----
Graph

   [0m  [0m46: HeapConstant(0x09b80101e459 <FeedbackCell[one closure]>), 2 uses
   [0m  [0m28: HeapConstant(0x09b80101e4b1 <JSFunction small (sfi = 0x9b80101e345)>), 6 uses
   [0m  [0m30: HeapConstant(0x09b80101e47d <JSFunction tiny (sfi = 0x9b80101e315)>), 4 uses
   [0m  [0m36: HeapConstant(0x09b80101e4e5 <JSFunction big (sfi = 0x9b80101e375)>), 2 uses
   [0m  [0m18: HeapConstant(0x09b80101e519 <JSFunction outer (sfi = 0x9b80101e3a5)>), 6 uses
   [0m  [0m25: HeapConstant(0x09b80101e469 <ScriptContext[3]>), 18 uses
   [0m  [0m26: HeapConstant(0x09b801004999 <JSGlobalProxy>), 18 uses
   [0m  [0m24: RootConstant(undefined_value), 2 uses
   [0m  [0m17: RootConstant(true_value), 0 uses 🪦
   [0m  [0m16: RootConstant(false_value), 0 uses 🪦
   [0m  [0m48: RootConstant(optimized_out), 0 uses 🪦
   [0m  [0m11: SmiConstant(100000), 2 uses
   [0m  [0m41: Int32Constant(0), 0 uses 🪦, cannot truncate to int32
   [0m  [0m21: Int32Constant(3), 2 uses, cannot truncate to int32
   [0m  [0m19: Int32Constant(255), 4 uses, cannot truncate to int32
   [0m  [0m13: Int32Constant(100000), 4 uses, cannot truncate to int32
    [0mBlock b0
   [0m[1;34m0x09b80101e295 <SharedFunctionInfo> (0x09b80104a3e5 <String[21]: "workloads/inlining.js">:0:0)
[m   [0m[0;34m  16 : 01 0d a0 86 01 00 LdaSmi.ExtraWide [100000]
[m   [0m   [0m1: InitialValue(<this>), 12 uses
   [0m   [0m2: InitialValue(<context>), 14 uses
   [0m   [0m3: InitialValue(<closure>), 12 uses
   [0m   [0m4: InitialValue(r0), 0 uses 🪦
   [0m   [0m5: InitialValue(r1), 6 uses
   [0m   [0m6: InitialValue(r2), 0 uses 🪦
   [0m   [0m7: InitialValue(r3), 0 uses 🪦
   [0m   [0m8: InitialValue(r4), 0 uses 🪦
   [0m   [0m9: FunctionEntryStackCheck
   [0m      ↳ lazy @65 (3 live vars)
   [0m      ↱ eager @65 (3 live vars)
   [0m  [0m10: CheckpointedJump b1
   [0m   ↓
    [0mBlock b1
   [0m[0;34m  22 : 79 f8 04          TestLessThan r1, EmbeddedFeedback[4]
[m   [0m      ↱ eager @22 (4 live vars)
   [0m  [0m12: CheckedSmiUntag [n5], 5 uses, cannot truncate to int32
   [0m  [0m14: Int32Compare[LessThan] [n12, n13], 0 uses 🪦
   [0m[0;34m  25 : a8 2c             JumpIfFalse [44]
[m[0;31m╭────[0m15: BranchIfInt32Compare(LessThan) [n12, n13] b2 b14
[0;31m│  [0m   ↓
[0;31m│   [0mBlock b2
[0;31m│  [0m[0;34m  33 : 00 57 ff 00 01    BitwiseAndSmi.Wide [255], EmbeddedFeedback[1]
[m[0;31m│  [0m  [0m20: Int32BitwiseAnd [n12, n19], 10 uses, cannot truncate to int32
[0;31m│  [0m[0;34m  41 : 59 03 01          ShiftRightSmi [3], EmbeddedFeedback[1]
[m[0;31m│  [0m  [0m22: Int32ShiftRight [n12, n21], 1 uses, cannot truncate to int32
[0;31m│  [0m[0;34m  44 : 00 57 ff 00 01    BitwiseAndSmi.Wide [255], EmbeddedFeedback[1]
[m[0;31m│  [0m  [0m23: Int32BitwiseAnd [n22, n19], 9 uses, cannot truncate to int32
[0;31m│  [0m[1;34m0x09b80101e3a5 <SharedFunctionInfo outer> (0x09b80104a3e5 <String[21]: "workloads/inlining.js">:22:14)
[m[0;31m│  [0m[0;34m   0 : 23 00 00          LdaGlobal [0:"small"], FBV[0]
[m[0;31m│  [0m  [0m27: Jump b3
[0;31m│  [0m   ↓
[0;31m│   [0mBlock b3
[0;31m│  [0m[1;34m0x09b80101e345 <SharedFunctionInfo small> (0x09b80104a3e5 <String[21]: "workloads/inlining.js">:7:14)
[m[0;31m│  [0m[0;34m   0 : 23 00 00          LdaGlobal [0:"tiny"], FBV[0]
[m[0;31m│  [0m  [0m29: Jump b4
[0;31m│  [0m   ↓
[0;31m│   [0mBlock b4
[0;31m│  [0m[1;34m0x09b80101e315 <SharedFunctionInfo tiny> (0x09b80104a3e5 <String[21]: "workloads/inlining.js">:3:13)
[m[0;31m│  [0m[0;34m   0 : 0b 03             Ldar a0
[m[0;31m│  [0m  [0m31: Jump b5
[0;31m│  [0m   ↓
[0;31m│   [0mBlock b5
[0;31m│  [0m[1;34m0x09b80101e315 <SharedFunctionInfo tiny> (0x09b80104a3e5 <String[21]: "workloads/inlining.js">:0:0)
[m[0;31m│  [0m[0;34m   2 : 4f 01 01          AddSmi [1], EmbeddedFeedback[1]
[m[0;31m│  [0m      ↱ eager @50 (3 live vars)
[0;31m│  [0m      │       @4 (4 live vars)
[0;31m│  [0m      │       @4 (4 live vars)
[0;31m│  [0m      │       @2 (4 live vars)
[0;31m│  [0m  [0m32: Int32IncrementWithOverflow [n20], 3 uses, cannot truncate to int32
[0;31m│  [0m[1;34m0x09b80101e315 <SharedFunctionInfo tiny> (0x09b80104a3e5 <String[21]: "workloads/inlining.js">:3:13)
[m[0;31m│  [0m[0;34m   0 : 0b 03             Ldar a0
[m[0;31m│  [0m  [0m33: Jump b6
[0;31m│  [0m   ↓
[0;31m│   [0mBlock b6
[0;31m│  [0m[1;34m0x09b80101e315 <SharedFunctionInfo tiny> (0x09b80104a3e5 <String[21]: "workloads/inlining.js">:0:0)
[m[0;31m│  [0m[0;34m   2 : 4f 01 01          AddSmi [1], EmbeddedFeedback[1]
[m[0;31m│  [0m      ↱ eager @50 (3 live vars)
[0;31m│  [0m      │       @4 (4 live vars)
[0;31m│  [0m      │       @13 (5 live vars)
[0;31m│  [0m      │       @2 (4 live vars)
[0;31m│  [0m  [0m34: Int32IncrementWithOverflow [n23], 2 uses, cannot truncate to int32
[0;31m│  [0m[1;34m0x09b80101e345 <SharedFunctionInfo small> (0x09b80104a3e5 <String[21]: "workloads/inlining.js">:0:0)
[m[0;31m│  [0m[0;34m  17 : 44 f9 01          Mul r0, EmbeddedFeedback[1]
[m[0;31m│  [0m      ↱ eager @50 (3 live vars)
[0;31m│  [0m      │       @4 (4 live vars)
[0;31m│  [0m      │       @17 (6 live vars)
[0;31m│  [0m  [0m35: Int32MultiplyWithOverflow [n32, n34], 3 uses, cannot truncate to int32
[0;31m│  [0m[1;34m0x09b80101e3a5 <SharedFunctionInfo outer> (0x09b80104a3e5 <String[21]: "workloads/inlining.js">:0:0)
[m[0;31m│  [0m[0;34m  14 : 6d f8 03 06       CallUndefinedReceiver1 r1, a0, FBV[6]
[m[0;31m│  [0m  [0m37: Int32ToNumber[kCanonicalizeSmi] [n20], 1 uses
[0;31m│  [0m  [0m38: 🐢 CallKnownJSFunction(0x09b80101e375 <SharedFunctionInfo big>, {Int32}) [n36, n25, n26, n24, n37], 2 uses
[0;31m│  [0m      │      @50 (3 live vars)
[0;31m│  [0m      ↳ lazy @14 (5 live vars)
[0;31m│  [0m[0;34m  18 : 42 f9 01          Add r0, EmbeddedFeedback[1]
[m[0;31m│  [0m      ↱ eager @50 (3 live vars)
[0;31m│  [0m      │       @18 (6 live vars)
[0;31m│  [0m  [0m39: CheckedSmiUntag [n38], 1 uses, cannot truncate to int32
[0;31m│  [0m  [0m40: Int32Add [n35, n39], 2 uses, can truncate to int32 [-2147483648, 2147483647]
[0;31m│  [0m[1;34m0x09b80101e295 <SharedFunctionInfo> (0x09b80104a3e5 <String[21]: "workloads/inlining.js">:0:0)
[m[0;31m│  [0m[0;34m  58 : 29 02             StaCurrentContextSlot [2]
[m[0;31m│  [0m  [0m43: Int32ToNumber[kCanonicalizeSmi] [n40], 1 uses
[0;31m│  [0m  [0m44: StoreContextSlotWithWriteBarrier(2, mutable) [n2, n43]
[0;31m│  [0m      ↳ lazy @58 (3 live vars)
[0;31m│  [0m[0;34m  62 : 5b 04             Inc FBV[4]
[m[0;31m│  [0m      ↱ eager @62 (3 live vars)
[0;31m│  [0m  [0m45: Int32IncrementWithOverflow [n12], 2 uses, cannot truncate to int32
[0;31m│  [0m[0;34m  65 : 97 31 00 05       JumpLoop [49], [0], FBV[5]
[m[0;31m│  [0m  [0m47: ReduceInterruptBudgetForLoop(39) [n46]
[0;31m│  [0m      ↳ lazy @65 (3 live vars)
[0;31m│  [0m  [0m50: Int32ToNumber[kCanonicalizeSmi] [n45], 1 uses
[0;31m│  [0m  [0m49: Jump b7
[0;31m│  [0m   │  with gap moves:
[0;31m│  [0m   │    - n50 → 51: φᵀ r1
[0;31m│  [0m   ▼
[0;31m│[0;32m╭─►[0mBlock b7 peeled (effects: ua c1)
[0;31m│[0;32m│ [0m  [0m51: φᵀ r1 (n50, n75), 5 uses
[0;31m│[0;32m│ [0m[0;34m  22 : 79 f8 04          TestLessThan r1, EmbeddedFeedback[4]
[m[0;31m│[0;32m│ [0m      ↱ eager @22 (4 live vars)
[0;31m│[0;32m│ [0m  [0m52: CheckedSmiUntag [n51], 5 uses, cannot truncate to int32
[0;31m│[0;32m│ [0m  [0m53: Int32Compare[LessThan] [n52, n13], 0 uses 🪦
[0;31m│[0;32m│ [0m[0;34m  25 : a8 2c             JumpIfFalse [44]
[m[0;31m│[0;32m│[0;33m╭──[0m54: BranchIfInt32Compare(LessThan) [n52, n13] b8 b13
[0;31m│[0;32m│[0;33m│[0m   ↓
[0;31m│[0;32m│[0;33m│ [0mBlock b8
[0;31m│[0;32m│[0;33m│[0m[0;34m  33 : 00 57 ff 00 01    BitwiseAndSmi.Wide [255], EmbeddedFeedback[1]
[m[0;31m│[0;32m│[0;33m│[0m  [0m55: Int32BitwiseAnd [n52, n19], 10 uses, cannot truncate to int32
[0;31m│[0;32m│[0;33m│[0m[0;34m  41 : 59 03 01          ShiftRightSmi [3], EmbeddedFeedback[1]
[m[0;31m│[0;32m│[0;33m│[0m  [0m56: Int32ShiftRight [n52, n21], 1 uses, cannot truncate to int32
[0;31m│[0;32m│[0;33m│[0m[0;34m  44 : 00 57 ff 00 01    BitwiseAndSmi.Wide [255], EmbeddedFeedback[1]
[m[0;31m│[0;32m│[0;33m│[0m  [0m57: Int32BitwiseAnd [n56, n19], 9 uses, cannot truncate to int32
[0;31m│[0;32m│[0;33m│[0m[1;34m0x09b80101e3a5 <SharedFunctionInfo outer> (0x09b80104a3e5 <String[21]: "workloads/inlining.js">:22:14)
[m[0;31m│[0;32m│[0;33m│[0m[0;34m   0 : 23 00 00          LdaGlobal [0:"small"], FBV[0]
[m[0;31m│[0;32m│[0;33m│[0m  [0m58: Jump b9
[0;31m│[0;32m│[0;33m│[0m   ↓
[0;31m│[0;32m│[0;33m│ [0mBlock b9
[0;31m│[0;32m│[0;33m│[0m[1;34m0x09b80101e345 <SharedFunctionInfo small> (0x09b80104a3e5 <String[21]: "workloads/inlining.js">:7:14)
[m[0;31m│[0;32m│[0;33m│[0m[0;34m   0 : 23 00 00          LdaGlobal [0:"tiny"], FBV[0]
[m[0;31m│[0;32m│[0;33m│[0m  [0m59: Jump b10
[0;31m│[0;32m│[0;33m│[0m   ↓
[0;31m│[0;32m│[0;33m│ [0mBlock b10
[0;31m│[0;32m│[0;33m│[0m[1;34m0x09b80101e315 <SharedFunctionInfo tiny> (0x09b80104a3e5 <String[21]: "workloads/inlining.js">:3:13)
[m[0;31m│[0;32m│[0;33m│[0m[0;34m   0 : 0b 03             Ldar a0
[m[0;31m│[0;32m│[0;33m│[0m  [0m60: Jump b11
[0;31m│[0;32m│[0;33m│[0m   ↓
[0;31m│[0;32m│[0;33m│ [0mBlock b11
[0;31m│[0;32m│[0;33m│[0m[1;34m0x09b80101e315 <SharedFunctionInfo tiny> (0x09b80104a3e5 <String[21]: "workloads/inlining.js">:0:0)
[m[0;31m│[0;32m│[0;33m│[0m[0;34m   2 : 4f 01 01          AddSmi [1], EmbeddedFeedback[1]
[m[0;31m│[0;32m│[0;33m│[0m      ↱ eager @50 (3 live vars)
[0;31m│[0;32m│[0;33m│[0m      │       @4 (4 live vars)
[0;31m│[0;32m│[0;33m│[0m      │       @4 (4 live vars)
[0;31m│[0;32m│[0;33m│[0m      │       @2 (4 live vars)
[0;31m│[0;32m│[0;33m│[0m  [0m61: Int32IncrementWithOverflow [n55], 3 uses, cannot truncate to int32
[0;31m│[0;32m│[0;33m│[0m[1;34m0x09b80101e315 <SharedFunctionInfo tiny> (0x09b80104a3e5 <String[21]: "workloads/inlining.js">:3:13)
[m[0;31m│[0;32m│[0;33m│[0m[0;34m   0 : 0b 03             Ldar a0
[m[0;31m│[0;32m│[0;33m│[0m  [0m62: Jump b12
[0;31m│[0;32m│[0;33m│[0m   ↓
[0;31m│[0;32m│[0;33m│ [0mBlock b12
[0;31m│[0;32m│[0;33m│[0m[1;34m0x09b80101e315 <SharedFunctionInfo tiny> (0x09b80104a3e5 <String[21]: "workloads/inlining.js">:0:0)
[m[0;31m│[0;32m│[0;33m│[0m[0;34m   2 : 4f 01 01          AddSmi [1], EmbeddedFeedback[1]
[m[0;31m│[0;32m│[0;33m│[0m      ↱ eager @50 (3 live vars)
[0;31m│[0;32m│[0;33m│[0m      │       @4 (4 live vars)
[0;31m│[0;32m│[0;33m│[0m      │       @13 (5 live vars)
[0;31m│[0;32m│[0;33m│[0m      │       @2 (4 live vars)
[0;31m│[0;32m│[0;33m│[0m  [0m63: Int32IncrementWithOverflow [n57], 2 uses, cannot truncate to int32
[0;31m│[0;32m│[0;33m│[0m[1;34m0x09b80101e345 <SharedFunctionInfo small> (0x09b80104a3e5 <String[21]: "workloads/inlining.js">:0:0)
[m[0;31m│[0;32m│[0;33m│[0m[0;34m  17 : 44 f9 01          Mul r0, EmbeddedFeedback[1]
[m[0;31m│[0;32m│[0;33m│[0m      ↱ eager @50 (3 live vars)
[0;31m│[0;32m│[0;33m│[0m      │       @4 (4 live vars)
[0;31m│[0;32m│[0;33m│[0m      │       @17 (6 live vars)
[0;31m│[0;32m│[0;33m│[0m  [0m64: Int32MultiplyWithOverflow [n61, n63], 3 uses, cannot truncate to int32
[0;31m│[0;32m│[0;33m│[0m[1;34m0x09b80101e3a5 <SharedFunctionInfo outer> (0x09b80104a3e5 <String[21]: "workloads/inlining.js">:0:0)
[m[0;31m│[0;32m│[0;33m│[0m[0;34m  14 : 6d f8 03 06       CallUndefinedReceiver1 r1, a0, FBV[6]
[m[0;31m│[0;32m│[0;33m│[0m  [0m65: Int32ToNumber[kCanonicalizeSmi] [n55], 1 uses
[0;31m│[0;32m│[0;33m│[0m  [0m66: 🐢 CallKnownJSFunction(0x09b80101e375 <SharedFunctionInfo big>, {Int32}) [n36, n25, n26, n24, n65], 2 uses
[0;31m│[0;32m│[0;33m│[0m      │      @50 (3 live vars)
[0;31m│[0;32m│[0;33m│[0m      ↳ lazy @14 (5 live vars)
[0;31m│[0;32m│[0;33m│[0m[0;34m  18 : 42 f9 01          Add r0, EmbeddedFeedback[1]
[m[0;31m│[0;32m│[0;33m│[0m      ↱ eager @50 (3 live vars)
[0;31m│[0;32m│[0;33m│[0m      │       @18 (6 live vars)
[0;31m│[0;32m│[0;33m│[0m  [0m67: CheckedSmiUntag [n66], 1 uses, cannot truncate to int32
[0;31m│[0;32m│[0;33m│[0m  [0m68: Int32Add [n64, n67], 2 uses, can truncate to int32 [-2147483648, 2147483647]
[0;31m│[0;32m│[0;33m│[0m[1;34m0x09b80101e295 <SharedFunctionInfo> (0x09b80104a3e5 <String[21]: "workloads/inlining.js">:0:0)
[m[0;31m│[0;32m│[0;33m│[0m[0;34m  58 : 29 02             StaCurrentContextSlot [2]
[m[0;31m│[0;32m│[0;33m│[0m  [0m70: Int32ToNumber[kCanonicalizeSmi] [n68], 1 uses
[0;31m│[0;32m│[0;33m│[0m  [0m71: StoreContextSlotWithWriteBarrier(2, mutable) [n2, n70]
[0;31m│[0;32m│[0;33m│[0m      ↳ lazy @58 (3 live vars)
[0;31m│[0;32m│[0;33m│[0m[0;34m  62 : 5b 04             Inc FBV[4]
[m[0;31m│[0;32m│[0;33m│[0m      ↱ eager @62 (3 live vars)
[0;31m│[0;32m│[0;33m│[0m  [0m72: Int32IncrementWithOverflow [n52], 2 uses, cannot truncate to int32
[0;31m│[0;32m│[0;33m│[0m[0;34m  65 : 97 31 00 05       JumpLoop [49], [0], FBV[5]
[m[0;31m│[0;32m│[0;33m│[0m  [0m73: ReduceInterruptBudgetForLoop(39) [n46]
[0;31m│[0;32m│[0;33m│[0m      ↳ lazy @65 (3 live vars)
[0;31m│[0;32m│[0;33m│[0m  [0m75: Int32ToNumber[kCanonicalizeSmi] [n72], 1 uses
[0;31m│[0;32m│[0;33m│[0m      ↱ eager @62 (3 live vars)
[0;31m│[0;32m╰─◄─[0m74: JumpLoop b7
[0;31m│ [0;33m│[0m      with gap moves:
[0;31m│ [0;33m│[0m        - n75 → 51: φᵀ r1
[0;31m│ [0;33m│[0m
[0;31m│ [0;33m╰►[0mBlock b13
[0;31m│  [0m[0;34m  69 : 23 02 07          LdaGlobal [2:"print"], FBV[7]
[m[0;31m│[0;32m╭───[0m76: Jump b15
[0;31m│[0;32m│ [0m
[0;31m╰──►[0mBlock b14
 [0;32m│ [0m  [0m77: Jump b15
 [0;32m│ [0m   ↓
 [0;32m╰─►[0mBlock b15
   [0m      ↱ eager @69 (2 live vars)
   [0m  [0m78: Deopt(Insufficient type feedback for generic global access)
   [0m

----- Phi untagging -----
Graph

   [0m  [0m46: HeapConstant(0x09b80101e459 <FeedbackCell[one closure]>), 2 uses
   [0m  [0m28: HeapConstant(0x09b80101e4b1 <JSFunction small (sfi = 0x9b80101e345)>), 6 uses
   [0m  [0m30: HeapConstant(0x09b80101e47d <JSFunction tiny (sfi = 0x9b80101e315)>), 4 uses
   [0m  [0m36: HeapConstant(0x09b80101e4e5 <JSFunction big (sfi = 0x9b80101e375)>), 2 uses
   [0m  [0m18: HeapConstant(0x09b80101e519 <JSFunction outer (sfi = 0x9b80101e3a5)>), 6 uses
   [0m  [0m25: HeapConstant(0x09b80101e469 <ScriptContext[3]>), 18 uses
   [0m  [0m26: HeapConstant(0x09b801004999 <JSGlobalProxy>), 18 uses
   [0m  [0m24: RootConstant(undefined_value), 2 uses
   [0m  [0m17: RootConstant(true_value), 0 uses 🪦
   [0m  [0m16: RootConstant(false_value), 0 uses 🪦
   [0m  [0m48: RootConstant(optimized_out), 0 uses 🪦
   [0m  [0m11: SmiConstant(100000), 2 uses
   [0m  [0m41: Int32Constant(0), 0 uses 🪦, cannot truncate to int32
   [0m  [0m21: Int32Constant(3), 2 uses, cannot truncate to int32
   [0m  [0m19: Int32Constant(255), 4 uses, cannot truncate to int32
   [0m  [0m13: Int32Constant(100000), 4 uses, cannot truncate to int32
    [0mBlock b0
   [0m[1;34m0x09b80101e295 <SharedFunctionInfo> (0x09b80104a3e5 <String[21]: "workloads/inlining.js">:0:0)
[m   [0m[0;34m  16 : 01 0d a0 86 01 00 LdaSmi.ExtraWide [100000]
[m   [0m   [0m1: InitialValue(<this>), 12 uses
   [0m   [0m2: InitialValue(<context>), 14 uses
   [0m   [0m3: InitialValue(<closure>), 12 uses
   [0m   [0m4: InitialValue(r0), 0 uses 🪦
   [0m   [0m5: InitialValue(r1), 6 uses
   [0m   [0m6: InitialValue(r2), 0 uses 🪦
   [0m   [0m7: InitialValue(r3), 0 uses 🪦
   [0m   [0m8: InitialValue(r4), 0 uses 🪦
   [0m   [0m9: FunctionEntryStackCheck
   [0m      ↳ lazy @65 (3 live vars)
   [0m      ↱ eager @65 (3 live vars)
   [0m  [0m10: CheckpointedJump b1
   [0m   ↓
    [0mBlock b1
   [0m[0;34m  22 : 79 f8 04          TestLessThan r1, EmbeddedFeedback[4]
[m   [0m      ↱ eager @22 (4 live vars)
   [0m  [0m12: CheckedSmiUntag [n5], 5 uses, cannot truncate to int32
   [0m  [0m14: Int32Compare[LessThan] [n12, n13], 0 uses 🪦
   [0m[0;34m  25 : a8 2c             JumpIfFalse [44]
[m[0;31m╭────[0m15: BranchIfInt32Compare(LessThan) [n12, n13] b2 b14
[0;31m│  [0m   ↓
[0;31m│   [0mBlock b2
[0;31m│  [0m[0;34m  33 : 00 57 ff 00 01    BitwiseAndSmi.Wide [255], EmbeddedFeedback[1]
[m[0;31m│  [0m  [0m20: Int32BitwiseAnd [n12, n19], 10 uses, cannot truncate to int32
[0;31m│  [0m[0;34m  41 : 59 03 01          ShiftRightSmi [3], EmbeddedFeedback[1]
[m[0;31m│  [0m  [0m22: Int32ShiftRight [n12, n21], 1 uses, cannot truncate to int32
[0;31m│  [0m[0;34m  44 : 00 57 ff 00 01    BitwiseAndSmi.Wide [255], EmbeddedFeedback[1]
[m[0;31m│  [0m  [0m23: Int32BitwiseAnd [n22, n19], 9 uses, cannot truncate to int32
[0;31m│  [0m[1;34m0x09b80101e3a5 <SharedFunctionInfo outer> (0x09b80104a3e5 <String[21]: "workloads/inlining.js">:22:14)
[m[0;31m│  [0m[0;34m   0 : 23 00 00          LdaGlobal [0:"small"], FBV[0]
[m[0;31m│  [0m  [0m27: Jump b3
[0;31m│  [0m   ↓
[0;31m│   [0mBlock b3
[0;31m│  [0m[1;34m0x09b80101e345 <SharedFunctionInfo small> (0x09b80104a3e5 <String[21]: "workloads/inlining.js">:7:14)
[m[0;31m│  [0m[0;34m   0 : 23 00 00          LdaGlobal [0:"tiny"], FBV[0]
[m[0;31m│  [0m  [0m29: Jump b4
[0;31m│  [0m   ↓
[0;31m│   [0mBlock b4
[0;31m│  [0m[1;34m0x09b80101e315 <SharedFunctionInfo tiny> (0x09b80104a3e5 <String[21]: "workloads/inlining.js">:3:13)
[m[0;31m│  [0m[0;34m   0 : 0b 03             Ldar a0
[m[0;31m│  [0m  [0m31: Jump b5
[0;31m│  [0m   ↓
[0;31m│   [0mBlock b5
[0;31m│  [0m[1;34m0x09b80101e315 <SharedFunctionInfo tiny> (0x09b80104a3e5 <String[21]: "workloads/inlining.js">:0:0)
[m[0;31m│  [0m[0;34m   2 : 4f 01 01          AddSmi [1], EmbeddedFeedback[1]
[m[0;31m│  [0m      ↱ eager @50 (3 live vars)
[0;31m│  [0m      │       @4 (4 live vars)
[0;31m│  [0m      │       @4 (4 live vars)
[0;31m│  [0m      │       @2 (4 live vars)
[0;31m│  [0m  [0m32: Int32IncrementWithOverflow [n20], 3 uses, cannot truncate to int32
[0;31m│  [0m[1;34m0x09b80101e315 <SharedFunctionInfo tiny> (0x09b80104a3e5 <String[21]: "workloads/inlining.js">:3:13)
[m[0;31m│  [0m[0;34m   0 : 0b 03             Ldar a0
[m[0;31m│  [0m  [0m33: Jump b6
[0;31m│  [0m   ↓
[0;31m│   [0mBlock b6
[0;31m│  [0m[1;34m0x09b80101e315 <SharedFunctionInfo tiny> (0x09b80104a3e5 <String[21]: "workloads/inlining.js">:0:0)
[m[0;31m│  [0m[0;34m   2 : 4f 01 01          AddSmi [1], EmbeddedFeedback[1]
[m[0;31m│  [0m      ↱ eager @50 (3 live vars)
[0;31m│  [0m      │       @4 (4 live vars)
[0;31m│  [0m      │       @13 (5 live vars)
[0;31m│  [0m      │       @2 (4 live vars)
[0;31m│  [0m  [0m34: Int32IncrementWithOverflow [n23], 2 uses, cannot truncate to int32
[0;31m│  [0m[1;34m0x09b80101e345 <SharedFunctionInfo small> (0x09b80104a3e5 <String[21]: "workloads/inlining.js">:0:0)
[m[0;31m│  [0m[0;34m  17 : 44 f9 01          Mul r0, EmbeddedFeedback[1]
[m[0;31m│  [0m      ↱ eager @50 (3 live vars)
[0;31m│  [0m      │       @4 (4 live vars)
[0;31m│  [0m      │       @17 (6 live vars)
[0;31m│  [0m  [0m35: Int32MultiplyWithOverflow [n32, n34], 3 uses, cannot truncate to int32
[0;31m│  [0m[1;34m0x09b80101e3a5 <SharedFunctionInfo outer> (0x09b80104a3e5 <String[21]: "workloads/inlining.js">:0:0)
[m[0;31m│  [0m[0;34m  14 : 6d f8 03 06       CallUndefinedReceiver1 r1, a0, FBV[6]
[m[0;31m│  [0m  [0m37: Int32ToNumber[kCanonicalizeSmi] [n20], 1 uses
[0;31m│  [0m  [0m38: 🐢 CallKnownJSFunction(0x09b80101e375 <SharedFunctionInfo big>, {Int32}) [n36, n25, n26, n24, n37], 2 uses
[0;31m│  [0m      │      @50 (3 live vars)
[0;31m│  [0m      ↳ lazy @14 (5 live vars)
[0;31m│  [0m[0;34m  18 : 42 f9 01          Add r0, EmbeddedFeedback[1]
[m[0;31m│  [0m      ↱ eager @50 (3 live vars)
[0;31m│  [0m      │       @18 (6 live vars)
[0;31m│  [0m  [0m39: CheckedSmiUntag [n38], 1 uses, cannot truncate to int32
[0;31m│  [0m  [0m40: Int32Add [n35, n39], 2 uses, can truncate to int32 [-2147483648, 2147483647]
[0;31m│  [0m[1;34m0x09b80101e295 <SharedFunctionInfo> (0x09b80104a3e5 <String[21]: "workloads/inlining.js">:0:0)
[m[0;31m│  [0m[0;34m  58 : 29 02             StaCurrentContextSlot [2]
[m[0;31m│  [0m  [0m43: Int32ToNumber[kCanonicalizeSmi] [n40], 1 uses
[0;31m│  [0m  [0m44: StoreContextSlotWithWriteBarrier(2, mutable) [n2, n43]
[0;31m│  [0m      ↳ lazy @58 (3 live vars)
[0;31m│  [0m[0;34m  62 : 5b 04             Inc FBV[4]
[m[0;31m│  [0m      ↱ eager @62 (3 live vars)
[0;31m│  [0m  [0m45: Int32IncrementWithOverflow [n12], 3 uses, cannot truncate to int32
[0;31m│  [0m[0;34m  65 : 97 31 00 05       JumpLoop [49], [0], FBV[5]
[m[0;31m│  [0m  [0m47: ReduceInterruptBudgetForLoop(39) [n46]
[0;31m│  [0m      ↳ lazy @65 (3 live vars)
[0;31m│  [0m  [0m50: Int32ToNumber[kCanonicalizeSmi] [n45], 0 uses 🪦
[0;31m│  [0m  [0m49: Jump b7
[0;31m│  [0m   │  with gap moves:
[0;31m│  [0m   │    - n45 → 51: φᴵ r1
[0;31m│  [0m   ▼
[0;31m│[0;32m╭─►[0mBlock b7 peeled (effects: ua c1)
[0;31m│[0;32m│ [0m  [0m51: φᴵ r1 (n45, n72), 5 uses
[0;31m│[0;32m│ [0m[0;34m  22 : 79 f8 04          TestLessThan r1, EmbeddedFeedback[4]
[m[0;31m│[0;32m│ [0m      ↱ eager @22 (4 live vars)
[0;31m│[0;32m│ [0m  [0m52: CheckedSmiSizedInt32 [n51], 5 uses, cannot truncate to int32
[0;31m│[0;32m│ [0m  [0m53: Int32Compare[LessThan] [n52, n13], 0 uses 🪦
[0;31m│[0;32m│ [0m[0;34m  25 : a8 2c             JumpIfFalse [44]
[m[0;31m│[0;32m│[0;33m╭──[0m54: BranchIfInt32Compare(LessThan) [n52, n13] b8 b13
[0;31m│[0;32m│[0;33m│[0m   ↓
[0;31m│[0;32m│[0;33m│ [0mBlock b8
[0;31m│[0;32m│[0;33m│[0m[0;34m  33 : 00 57 ff 00 01    BitwiseAndSmi.Wide [255], EmbeddedFeedback[1]
[m[0;31m│[0;32m│[0;33m│[0m  [0m55: Int32BitwiseAnd [n52, n19], 10 uses, cannot truncate to int32
[0;31m│[0;32m│[0;33m│[0m[0;34m  41 : 59 03 01          ShiftRightSmi [3], EmbeddedFeedback[1]
[m[0;31m│[0;32m│[0;33m│[0m  [0m56: Int32ShiftRight [n52, n21], 1 uses, cannot truncate to int32
[0;31m│[0;32m│[0;33m│[0m[0;34m  44 : 00 57 ff 00 01    BitwiseAndSmi.Wide [255], EmbeddedFeedback[1]
[m[0;31m│[0;32m│[0;33m│[0m  [0m57: Int32BitwiseAnd [n56, n19], 9 uses, cannot truncate to int32
[0;31m│[0;32m│[0;33m│[0m[1;34m0x09b80101e3a5 <SharedFunctionInfo outer> (0x09b80104a3e5 <String[21]: "workloads/inlining.js">:22:14)
[m[0;31m│[0;32m│[0;33m│[0m[0;34m   0 : 23 00 00          LdaGlobal [0:"small"], FBV[0]
[m[0;31m│[0;32m│[0;33m│[0m  [0m58: Jump b9
[0;31m│[0;32m│[0;33m│[0m   ↓
[0;31m│[0;32m│[0;33m│ [0mBlock b9
[0;31m│[0;32m│[0;33m│[0m[1;34m0x09b80101e345 <SharedFunctionInfo small> (0x09b80104a3e5 <String[21]: "workloads/inlining.js">:7:14)
[m[0;31m│[0;32m│[0;33m│[0m[0;34m   0 : 23 00 00          LdaGlobal [0:"tiny"], FBV[0]
[m[0;31m│[0;32m│[0;33m│[0m  [0m59: Jump b10
[0;31m│[0;32m│[0;33m│[0m   ↓
[0;31m│[0;32m│[0;33m│ [0mBlock b10
[0;31m│[0;32m│[0;33m│[0m[1;34m0x09b80101e315 <SharedFunctionInfo tiny> (0x09b80104a3e5 <String[21]: "workloads/inlining.js">:3:13)
[m[0;31m│[0;32m│[0;33m│[0m[0;34m   0 : 0b 03             Ldar a0
[m[0;31m│[0;32m│[0;33m│[0m  [0m60: Jump b11
[0;31m│[0;32m│[0;33m│[0m   ↓
[0;31m│[0;32m│[0;33m│ [0mBlock b11
[0;31m│[0;32m│[0;33m│[0m[1;34m0x09b80101e315 <SharedFunctionInfo tiny> (0x09b80104a3e5 <String[21]: "workloads/inlining.js">:0:0)
[m[0;31m│[0;32m│[0;33m│[0m[0;34m   2 : 4f 01 01          AddSmi [1], EmbeddedFeedback[1]
[m[0;31m│[0;32m│[0;33m│[0m      ↱ eager @50 (3 live vars)
[0;31m│[0;32m│[0;33m│[0m      │       @4 (4 live vars)
[0;31m│[0;32m│[0;33m│[0m      │       @4 (4 live vars)
[0;31m│[0;32m│[0;33m│[0m      │       @2 (4 live vars)
[0;31m│[0;32m│[0;33m│[0m  [0m61: Int32IncrementWithOverflow [n55], 3 uses, cannot truncate to int32
[0;31m│[0;32m│[0;33m│[0m[1;34m0x09b80101e315 <SharedFunctionInfo tiny> (0x09b80104a3e5 <String[21]: "workloads/inlining.js">:3:13)
[m[0;31m│[0;32m│[0;33m│[0m[0;34m   0 : 0b 03             Ldar a0
[m[0;31m│[0;32m│[0;33m│[0m  [0m62: Jump b12
[0;31m│[0;32m│[0;33m│[0m   ↓
[0;31m│[0;32m│[0;33m│ [0mBlock b12
[0;31m│[0;32m│[0;33m│[0m[1;34m0x09b80101e315 <SharedFunctionInfo tiny> (0x09b80104a3e5 <String[21]: "workloads/inlining.js">:0:0)
[m[0;31m│[0;32m│[0;33m│[0m[0;34m   2 : 4f 01 01          AddSmi [1], EmbeddedFeedback[1]
[m[0;31m│[0;32m│[0;33m│[0m      ↱ eager @50 (3 live vars)
[0;31m│[0;32m│[0;33m│[0m      │       @4 (4 live vars)
[0;31m│[0;32m│[0;33m│[0m      │       @13 (5 live vars)
[0;31m│[0;32m│[0;33m│[0m      │       @2 (4 live vars)
[0;31m│[0;32m│[0;33m│[0m  [0m63: Int32IncrementWithOverflow [n57], 2 uses, cannot truncate to int32
[0;31m│[0;32m│[0;33m│[0m[1;34m0x09b80101e345 <SharedFunctionInfo small> (0x09b80104a3e5 <String[21]: "workloads/inlining.js">:0:0)
[m[0;31m│[0;32m│[0;33m│[0m[0;34m  17 : 44 f9 01          Mul r0, EmbeddedFeedback[1]
[m[0;31m│[0;32m│[0;33m│[0m      ↱ eager @50 (3 live vars)
[0;31m│[0;32m│[0;33m│[0m      │       @4 (4 live vars)
[0;31m│[0;32m│[0;33m│[0m      │       @17 (6 live vars)
[0;31m│[0;32m│[0;33m│[0m  [0m64: Int32MultiplyWithOverflow [n61, n63], 3 uses, cannot truncate to int32
[0;31m│[0;32m│[0;33m│[0m[1;34m0x09b80101e3a5 <SharedFunctionInfo outer> (0x09b80104a3e5 <String[21]: "workloads/inlining.js">:0:0)
[m[0;31m│[0;32m│[0;33m│[0m[0;34m  14 : 6d f8 03 06       CallUndefinedReceiver1 r1, a0, FBV[6]
[m[0;31m│[0;32m│[0;33m│[0m  [0m65: Int32ToNumber[kCanonicalizeSmi] [n55], 1 uses
[0;31m│[0;32m│[0;33m│[0m  [0m66: 🐢 CallKnownJSFunction(0x09b80101e375 <SharedFunctionInfo big>, {Int32}) [n36, n25, n26, n24, n65], 2 uses
[0;31m│[0;32m│[0;33m│[0m      │      @50 (3 live vars)
[0;31m│[0;32m│[0;33m│[0m      ↳ lazy @14 (5 live vars)
[0;31m│[0;32m│[0;33m│[0m[0;34m  18 : 42 f9 01          Add r0, EmbeddedFeedback[1]
[m[0;31m│[0;32m│[0;33m│[0m      ↱ eager @50 (3 live vars)
[0;31m│[0;32m│[0;33m│[0m      │       @18 (6 live vars)
[0;31m│[0;32m│[0;33m│[0m  [0m67: CheckedSmiUntag [n66], 1 uses, cannot truncate to int32
[0;31m│[0;32m│[0;33m│[0m  [0m68: Int32Add [n64, n67], 2 uses, can truncate to int32 [-2147483648, 2147483647]
[0;31m│[0;32m│[0;33m│[0m[1;34m0x09b80101e295 <SharedFunctionInfo> (0x09b80104a3e5 <String[21]: "workloads/inlining.js">:0:0)
[m[0;31m│[0;32m│[0;33m│[0m[0;34m  58 : 29 02             StaCurrentContextSlot [2]
[m[0;31m│[0;32m│[0;33m│[0m  [0m70: Int32ToNumber[kCanonicalizeSmi] [n68], 1 uses
[0;31m│[0;32m│[0;33m│[0m  [0m71: StoreContextSlotWithWriteBarrier(2, mutable) [n2, n70]
[0;31m│[0;32m│[0;33m│[0m      ↳ lazy @58 (3 live vars)
[0;31m│[0;32m│[0;33m│[0m[0;34m  62 : 5b 04             Inc FBV[4]
[m[0;31m│[0;32m│[0;33m│[0m      ↱ eager @62 (3 live vars)
[0;31m│[0;32m│[0;33m│[0m  [0m72: Int32IncrementWithOverflow [n52], 3 uses, cannot truncate to int32
[0;31m│[0;32m│[0;33m│[0m[0;34m  65 : 97 31 00 05       JumpLoop [49], [0], FBV[5]
[m[0;31m│[0;32m│[0;33m│[0m  [0m73: ReduceInterruptBudgetForLoop(39) [n46]
[0;31m│[0;32m│[0;33m│[0m      ↳ lazy @65 (3 live vars)
[0;31m│[0;32m│[0;33m│[0m  [0m75: Int32ToNumber[kCanonicalizeSmi] [n72], 0 uses 🪦
[0;31m│[0;32m│[0;33m│[0m      ↱ eager @62 (3 live vars)
[0;31m│[0;32m╰─◄─[0m74: JumpLoop b7
[0;31m│ [0;33m│[0m      with gap moves:
[0;31m│ [0;33m│[0m        - n72 → 51: φᴵ r1
[0;31m│ [0;33m│[0m
[0;31m│ [0;33m╰►[0mBlock b13
[0;31m│  [0m[0;34m  69 : 23 02 07          LdaGlobal [2:"print"], FBV[7]
[m[0;31m│[0;32m╭───[0m76: Jump b15
[0;31m│[0;32m│ [0m
[0;31m╰──►[0mBlock b14
 [0;32m│ [0m  [0m77: Jump b15
 [0;32m│ [0m   ↓
 [0;32m╰─►[0mBlock b15
   [0m      ↱ eager @69 (2 live vars)
   [0m  [0m78: Deopt(Insufficient type feedback for generic global access)
   [0m

----- AnyUseMarking -----
Graph

   [0m  [0m46: HeapConstant(0x09b80101e459 <FeedbackCell[one closure]>) → (x)
   [0m  [0m28: HeapConstant(0x09b80101e4b1 <JSFunction small (sfi = 0x9b80101e345)>) → (x)
   [0m  [0m30: HeapConstant(0x09b80101e47d <JSFunction tiny (sfi = 0x9b80101e315)>) → (x)
   [0m  [0m36: HeapConstant(0x09b80101e4e5 <JSFunction big (sfi = 0x9b80101e375)>) → (x)
   [0m  [0m18: HeapConstant(0x09b80101e519 <JSFunction outer (sfi = 0x9b80101e3a5)>) → (x)
   [0m  [0m25: HeapConstant(0x09b80101e469 <ScriptContext[3]>) → (x)
   [0m  [0m26: HeapConstant(0x09b801004999 <JSGlobalProxy>) → (x)
   [0m  [0m24: RootConstant(undefined_value) → (x)
   [0m  [0m11: SmiConstant(100000) → (x)
   [0m  [0m21: Int32Constant(3) → (x)
   [0m  [0m19: Int32Constant(255) → (x)
   [0m  [0m13: Int32Constant(100000) → (x)
    [0mBlock b0
   [0m[1;34m0x09b80101e295 <SharedFunctionInfo> (0x09b80104a3e5 <String[21]: "workloads/inlining.js">:0:0)
[m   [0m[0;34m  16 : 01 0d a0 86 01 00 LdaSmi.ExtraWide [100000]
[m   [0m   [0m1: InitialValue(<this>) → (x)
   [0m   [0m2: InitialValue(<context>) → (x)
   [0m   [0m3: InitialValue(<closure>) → (x)
   [0m   [0m5: InitialValue(r1) → (x)
   [0m   [0m9: FunctionEntryStackCheck
   [0m      ↳ lazy @65 (3 live vars)
   [0m      ↱ eager @65 (3 live vars)
   [0m  [0m10: CheckpointedJump b1
   [0m   ↓
    [0mBlock b1
   [0m[0;34m  22 : 79 f8 04          TestLessThan r1, EmbeddedFeedback[4]
[m   [0m      ↱ eager @22 (4 live vars)
   [0m  [0m12: CheckedSmiUntag [v0/n5:(x)] → (x)
   [0m[0;34m  25 : a8 2c             JumpIfFalse [44]
[m[0;31m╭────[0m15: BranchIfInt32Compare(LessThan) [v0/n12:(x), v0/n13:(x)] b2 b14
[0;31m│  [0m   ↓
[0;31m│   [0mBlock b2
[0;31m│  [0m[0;34m  33 : 00 57 ff 00 01    BitwiseAndSmi.Wide [255], EmbeddedFeedback[1]
[m[0;31m│  [0m  [0m20: Int32BitwiseAnd [v0/n12:(x), v0/n19:(x)] → (x)
[0;31m│  [0m[0;34m  41 : 59 03 01          ShiftRightSmi [3], EmbeddedFeedback[1]
[m[0;31m│  [0m  [0m22: Int32ShiftRight [v0/n12:(x), v0/n21:(x)] → (x)
[0;31m│  [0m[0;34m  44 : 00 57 ff 00 01    BitwiseAndSmi.Wide [255], EmbeddedFeedback[1]
[m[0;31m│  [0m  [0m23: Int32BitwiseAnd [v0/n22:(x), v0/n19:(x)] → (x)
[0;31m│  [0m[1;34m0x09b80101e3a5 <SharedFunctionInfo outer> (0x09b80104a3e5 <String[21]: "workloads/inlining.js">:22:14)
[m[0;31m│  [0m[0;34m   0 : 23 00 00          LdaGlobal [0:"small"], FBV[0]
[m[0;31m│  [0m  [0m27: Jump b3
[0;31m│  [0m   ↓
[0;31m│   [0mBlock b3
[0;31m│  [0m[1;34m0x09b80101e345 <SharedFunctionInfo small> (0x09b80104a3e5 <String[21]: "workloads/inlining.js">:7:14)
[m[0;31m│  [0m[0;34m   0 : 23 00 00          LdaGlobal [0:"tiny"], FBV[0]
[m[0;31m│  [0m  [0m29: Jump b4
[0;31m│  [0m   ↓
[0;31m│   [0mBlock b4
[0;31m│  [0m[1;34m0x09b80101e315 <SharedFunctionInfo tiny> (0x09b80104a3e5 <String[21]: "workloads/inlining.js">:3:13)
[m[0;31m│  [0m[0;34m   0 : 0b 03             Ldar a0
[m[0;31m│  [0m  [0m31: Jump b5
[0;31m│  [0m   ↓
[0;31m│   [0mBlock b5
[0;31m│  [0m[1;34m0x09b80101e315 <SharedFunctionInfo tiny> (0x09b80104a3e5 <String[21]: "workloads/inlining.js">:0:0)
[m[0;31m│  [0m[0;34m   2 : 4f 01 01          AddSmi [1], EmbeddedFeedback[1]
[m[0;31m│  [0m      ↱ eager @50 (3 live vars)
[0;31m│  [0m      │       @4 (4 live vars)
[0;31m│  [0m      │       @4 (4 live vars)
[0;31m│  [0m      │       @2 (4 live vars)
[0;31m│  [0m  [0m32: Int32IncrementWithOverflow [v0/n20:(x)] → (x)
[0;31m│  [0m[1;34m0x09b80101e315 <SharedFunctionInfo tiny> (0x09b80104a3e5 <String[21]: "workloads/inlining.js">:3:13)
[m[0;31m│  [0m[0;34m   0 : 0b 03             Ldar a0
[m[0;31m│  [0m  [0m33: Jump b6
[0;31m│  [0m   ↓
[0;31m│   [0mBlock b6
[0;31m│  [0m[1;34m0x09b80101e315 <SharedFunctionInfo tiny> (0x09b80104a3e5 <String[21]: "workloads/inlining.js">:0:0)
[m[0;31m│  [0m[0;34m   2 : 4f 01 01          AddSmi [1], EmbeddedFeedback[1]
[m[0;31m│  [0m      ↱ eager @50 (3 live vars)
[0;31m│  [0m      │       @4 (4 live vars)
[0;31m│  [0m      │       @13 (5 live vars)
[0;31m│  [0m      │       @2 (4 live vars)
[0;31m│  [0m  [0m34: Int32IncrementWithOverflow [v0/n23:(x)] → (x)
[0;31m│  [0m[1;34m0x09b80101e345 <SharedFunctionInfo small> (0x09b80104a3e5 <String[21]: "workloads/inlining.js">:0:0)
[m[0;31m│  [0m[0;34m  17 : 44 f9 01          Mul r0, EmbeddedFeedback[1]
[m[0;31m│  [0m      ↱ eager @50 (3 live vars)
[0;31m│  [0m      │       @4 (4 live vars)
[0;31m│  [0m      │       @17 (6 live vars)
[0;31m│  [0m  [0m35: Int32MultiplyWithOverflow [v0/n32:(x), v0/n34:(x)] → (x)
[0;31m│  [0m[1;34m0x09b80101e3a5 <SharedFunctionInfo outer> (0x09b80104a3e5 <String[21]: "workloads/inlining.js">:0:0)
[m[0;31m│  [0m[0;34m  14 : 6d f8 03 06       CallUndefinedReceiver1 r1, a0, FBV[6]
[m[0;31m│  [0m  [0m37: Int32ToNumber[kCanonicalizeSmi] [v0/n20:(x)] → (x)
[0;31m│  [0m  [0m38: 🐢 CallKnownJSFunction(0x09b80101e375 <SharedFunctionInfo big>, {Int32}) [v0/n36:(x), v0/n25:(x), v0/n26:(x), v0/n24:(x), v0/n37:(x)] → (x)
[0;31m│  [0m      │      @50 (3 live vars)
[0;31m│  [0m      ↳ lazy @14 (5 live vars)
[0;31m│  [0m[0;34m  18 : 42 f9 01          Add r0, EmbeddedFeedback[1]
[m[0;31m│  [0m      ↱ eager @50 (3 live vars)
[0;31m│  [0m      │       @18 (6 live vars)
[0;31m│  [0m  [0m39: CheckedSmiUntag [v0/n38:(x)] → (x)
[0;31m│  [0m  [0m40: Int32Add [v0/n35:(x), v0/n39:(x)] → (x)
[0;31m│  [0m[1;34m0x09b80101e295 <SharedFunctionInfo> (0x09b80104a3e5 <String[21]: "workloads/inlining.js">:0:0)
[m[0;31m│  [0m[0;34m  58 : 29 02             StaCurrentContextSlot [2]
[m[0;31m│  [0m  [0m43: Int32ToNumber[kCanonicalizeSmi] [v0/n40:(x)] → (x)
[0;31m│  [0m  [0m44: StoreContextSlotWithWriteBarrier(2, mutable) [v0/n2:(x), v0/n43:(x)]
[0;31m│  [0m      ↳ lazy @58 (3 live vars)
[0;31m│  [0m[0;34m  62 : 5b 04             Inc FBV[4]
[m[0;31m│  [0m      ↱ eager @62 (3 live vars)
[0;31m│  [0m  [0m45: Int32IncrementWithOverflow [v0/n12:(x)] → (x)
[0;31m│  [0m[0;34m  65 : 97 31 00 05       JumpLoop [49], [0], FBV[5]
[m[0;31m│  [0m  [0m47: ReduceInterruptBudgetForLoop(39) [v0/n46:(x)]
[0;31m│  [0m      ↳ lazy @65 (3 live vars)
[0;31m│  [0m  [0m49: Jump b7
[0;31m│  [0m   │  with gap moves:
[0;31m│  [0m   │    - v0/n45:(x) → 51: φᴵ r1 (x)
[0;31m│  [0m   ▼
[0;31m│[0;32m╭─►[0mBlock b7 peeled (effects: ua c1)
[0;31m│[0;32m│ [0m  [0m51: φᴵ r1 (n45, n72) → (x)
[0;31m│[0;32m│ [0m[0;34m  22 : 79 f8 04          TestLessThan r1, EmbeddedFeedback[4]
[m[0;31m│[0;32m│ [0m      ↱ eager @22 (4 live vars)
[0;31m│[0;32m│ [0m  [0m52: CheckedSmiSizedInt32 [v0/n51:(x)] → (x)
[0;31m│[0;32m│ [0m[0;34m  25 : a8 2c             JumpIfFalse [44]
[m[0;31m│[0;32m│[0;33m╭──[0m54: BranchIfInt32Compare(LessThan) [v0/n52:(x), v0/n13:(x)] b8 b13
[0;31m│[0;32m│[0;33m│[0m   ↓
[0;31m│[0;32m│[0;33m│ [0mBlock b8
[0;31m│[0;32m│[0;33m│[0m[0;34m  33 : 00 57 ff 00 01    BitwiseAndSmi.Wide [255], EmbeddedFeedback[1]
[m[0;31m│[0;32m│[0;33m│[0m  [0m55: Int32BitwiseAnd [v0/n52:(x), v0/n19:(x)] → (x)
[0;31m│[0;32m│[0;33m│[0m[0;34m  41 : 59 03 01          ShiftRightSmi [3], EmbeddedFeedback[1]
[m[0;31m│[0;32m│[0;33m│[0m  [0m56: Int32ShiftRight [v0/n52:(x), v0/n21:(x)] → (x)
[0;31m│[0;32m│[0;33m│[0m[0;34m  44 : 00 57 ff 00 01    BitwiseAndSmi.Wide [255], EmbeddedFeedback[1]
[m[0;31m│[0;32m│[0;33m│[0m  [0m57: Int32BitwiseAnd [v0/n56:(x), v0/n19:(x)] → (x)
[0;31m│[0;32m│[0;33m│[0m[1;34m0x09b80101e3a5 <SharedFunctionInfo outer> (0x09b80104a3e5 <String[21]: "workloads/inlining.js">:22:14)
[m[0;31m│[0;32m│[0;33m│[0m[0;34m   0 : 23 00 00          LdaGlobal [0:"small"], FBV[0]
[m[0;31m│[0;32m│[0;33m│[0m  [0m58: Jump b9
[0;31m│[0;32m│[0;33m│[0m   ↓
[0;31m│[0;32m│[0;33m│ [0mBlock b9
[0;31m│[0;32m│[0;33m│[0m[1;34m0x09b80101e345 <SharedFunctionInfo small> (0x09b80104a3e5 <String[21]: "workloads/inlining.js">:7:14)
[m[0;31m│[0;32m│[0;33m│[0m[0;34m   0 : 23 00 00          LdaGlobal [0:"tiny"], FBV[0]
[m[0;31m│[0;32m│[0;33m│[0m  [0m59: Jump b10
[0;31m│[0;32m│[0;33m│[0m   ↓
[0;31m│[0;32m│[0;33m│ [0mBlock b10
[0;31m│[0;32m│[0;33m│[0m[1;34m0x09b80101e315 <SharedFunctionInfo tiny> (0x09b80104a3e5 <String[21]: "workloads/inlining.js">:3:13)
[m[0;31m│[0;32m│[0;33m│[0m[0;34m   0 : 0b 03             Ldar a0
[m[0;31m│[0;32m│[0;33m│[0m  [0m60: Jump b11
[0;31m│[0;32m│[0;33m│[0m   ↓
[0;31m│[0;32m│[0;33m│ [0mBlock b11
[0;31m│[0;32m│[0;33m│[0m[1;34m0x09b80101e315 <SharedFunctionInfo tiny> (0x09b80104a3e5 <String[21]: "workloads/inlining.js">:0:0)
[m[0;31m│[0;32m│[0;33m│[0m[0;34m   2 : 4f 01 01          AddSmi [1], EmbeddedFeedback[1]
[m[0;31m│[0;32m│[0;33m│[0m      ↱ eager @50 (3 live vars)
[0;31m│[0;32m│[0;33m│[0m      │       @4 (4 live vars)
[0;31m│[0;32m│[0;33m│[0m      │       @4 (4 live vars)
[0;31m│[0;32m│[0;33m│[0m      │       @2 (4 live vars)
[0;31m│[0;32m│[0;33m│[0m  [0m61: Int32IncrementWithOverflow [v0/n55:(x)] → (x)
[0;31m│[0;32m│[0;33m│[0m[1;34m0x09b80101e315 <SharedFunctionInfo tiny> (0x09b80104a3e5 <String[21]: "workloads/inlining.js">:3:13)
[m[0;31m│[0;32m│[0;33m│[0m[0;34m   0 : 0b 03             Ldar a0
[m[0;31m│[0;32m│[0;33m│[0m  [0m62: Jump b12
[0;31m│[0;32m│[0;33m│[0m   ↓
[0;31m│[0;32m│[0;33m│ [0mBlock b12
[0;31m│[0;32m│[0;33m│[0m[1;34m0x09b80101e315 <SharedFunctionInfo tiny> (0x09b80104a3e5 <String[21]: "workloads/inlining.js">:0:0)
[m[0;31m│[0;32m│[0;33m│[0m[0;34m   2 : 4f 01 01          AddSmi [1], EmbeddedFeedback[1]
[m[0;31m│[0;32m│[0;33m│[0m      ↱ eager @50 (3 live vars)
[0;31m│[0;32m│[0;33m│[0m      │       @4 (4 live vars)
[0;31m│[0;32m│[0;33m│[0m      │       @13 (5 live vars)
[0;31m│[0;32m│[0;33m│[0m      │       @2 (4 live vars)
[0;31m│[0;32m│[0;33m│[0m  [0m63: Int32IncrementWithOverflow [v0/n57:(x)] → (x)
[0;31m│[0;32m│[0;33m│[0m[1;34m0x09b80101e345 <SharedFunctionInfo small> (0x09b80104a3e5 <String[21]: "workloads/inlining.js">:0:0)
[m[0;31m│[0;32m│[0;33m│[0m[0;34m  17 : 44 f9 01          Mul r0, EmbeddedFeedback[1]
[m[0;31m│[0;32m│[0;33m│[0m      ↱ eager @50 (3 live vars)
[0;31m│[0;32m│[0;33m│[0m      │       @4 (4 live vars)
[0;31m│[0;32m│[0;33m│[0m      │       @17 (6 live vars)
[0;31m│[0;32m│[0;33m│[0m  [0m64: Int32MultiplyWithOverflow [v0/n61:(x), v0/n63:(x)] → (x)
[0;31m│[0;32m│[0;33m│[0m[1;34m0x09b80101e3a5 <SharedFunctionInfo outer> (0x09b80104a3e5 <String[21]: "workloads/inlining.js">:0:0)
[m[0;31m│[0;32m│[0;33m│[0m[0;34m  14 : 6d f8 03 06       CallUndefinedReceiver1 r1, a0, FBV[6]
[m[0;31m│[0;32m│[0;33m│[0m  [0m65: Int32ToNumber[kCanonicalizeSmi] [v0/n55:(x)] → (x)
[0;31m│[0;32m│[0;33m│[0m  [0m66: 🐢 CallKnownJSFunction(0x09b80101e375 <SharedFunctionInfo big>, {Int32}) [v0/n36:(x), v0/n25:(x), v0/n26:(x), v0/n24:(x), v0/n65:(x)] → (x)
[0;31m│[0;32m│[0;33m│[0m      │      @50 (3 live vars)
[0;31m│[0;32m│[0;33m│[0m      ↳ lazy @14 (5 live vars)
[0;31m│[0;32m│[0;33m│[0m[0;34m  18 : 42 f9 01          Add r0, EmbeddedFeedback[1]
[m[0;31m│[0;32m│[0;33m│[0m      ↱ eager @50 (3 live vars)
[0;31m│[0;32m│[0;33m│[0m      │       @18 (6 live vars)
[0;31m│[0;32m│[0;33m│[0m  [0m67: CheckedSmiUntag [v0/n66:(x)] → (x)
[0;31m│[0;32m│[0;33m│[0m  [0m68: Int32Add [v0/n64:(x), v0/n67:(x)] → (x)
[0;31m│[0;32m│[0;33m│[0m[1;34m0x09b80101e295 <SharedFunctionInfo> (0x09b80104a3e5 <String[21]: "workloads/inlining.js">:0:0)
[m[0;31m│[0;32m│[0;33m│[0m[0;34m  58 : 29 02             StaCurrentContextSlot [2]
[m[0;31m│[0;32m│[0;33m│[0m  [0m70: Int32ToNumber[kCanonicalizeSmi] [v0/n68:(x)] → (x)
[0;31m│[0;32m│[0;33m│[0m  [0m71: StoreContextSlotWithWriteBarrier(2, mutable) [v0/n2:(x), v0/n70:(x)]
[0;31m│[0;32m│[0;33m│[0m      ↳ lazy @58 (3 live vars)
[0;31m│[0;32m│[0;33m│[0m[0;34m  62 : 5b 04             Inc FBV[4]
[m[0;31m│[0;32m│[0;33m│[0m      ↱ eager @62 (3 live vars)
[0;31m│[0;32m│[0;33m│[0m  [0m72: Int32IncrementWithOverflow [v0/n52:(x)] → (x)
[0;31m│[0;32m│[0;33m│[0m[0;34m  65 : 97 31 00 05       JumpLoop [49], [0], FBV[5]
[m[0;31m│[0;32m│[0;33m│[0m  [0m73: ReduceInterruptBudgetForLoop(39) [v0/n46:(x)]
[0;31m│[0;32m│[0;33m│[0m      ↳ lazy @65 (3 live vars)
[0;31m│[0;32m│[0;33m│[0m      ↱ eager @62 (3 live vars)
[0;31m│[0;32m╰─◄─[0m74: JumpLoop b7
[0;31m│ [0;33m│[0m      with gap moves:
[0;31m│ [0;33m│[0m        - v0/n72:(x) → 51: φᴵ r1 (x)
[0;31m│ [0;33m│[0m
[0;31m│ [0;33m╰►[0mBlock b13
[0;31m│  [0m[0;34m  69 : 23 02 07          LdaGlobal [2:"print"], FBV[7]
[m[0;31m│[0;32m╭───[0m76: Jump b15
[0;31m│[0;32m│ [0m
[0;31m╰──►[0mBlock b14
 [0;32m│ [0m  [0m77: Jump b15
 [0;32m│ [0m   ↓
 [0;32m╰─►[0mBlock b15
   [0m      ↱ eager @69 (2 live vars)
   [0m  [0m78: Deopt(Insufficient type feedback for generic global access)
   [0m

----- Dead nodes sweeping -----
Graph

   [0m   [0m1/46: HeapConstant(0x09b80101e459 <FeedbackCell[one closure]>) → v-1, live range: [1-61]
   [0m   [0m2/28: HeapConstant(0x09b80101e4b1 <JSFunction small (sfi = 0x9b80101e345)>) → v-1, live range: [2-61]
   [0m   [0m3/30: HeapConstant(0x09b80101e47d <JSFunction tiny (sfi = 0x9b80101e315)>) → v-1, live range: [3-61]
   [0m   [0m4/36: HeapConstant(0x09b80101e4e5 <JSFunction big (sfi = 0x9b80101e375)>) → v-1, live range: [4-61]
   [0m   [0m5/18: HeapConstant(0x09b80101e519 <JSFunction outer (sfi = 0x9b80101e3a5)>) → v-1, live range: [5-61]
   [0m   [0m6/25: HeapConstant(0x09b80101e469 <ScriptContext[3]>) → v-1, live range: [6-61]
   [0m   [0m7/26: HeapConstant(0x09b801004999 <JSGlobalProxy>) → v-1, live range: [7-61]
   [0m   [0m8/24: RootConstant(undefined_value) → v-1, live range: [8-61]
   [0m   [0m9/11: SmiConstant(100000) → v-1, live range: [9-61]
   [0m  [0m10/21: Int32Constant(3) → v-1, live range: [10-61]
   [0m  [0m11/19: Int32Constant(255) → v-1, live range: [11-61]
   [0m  [0m12/13: Int32Constant(100000) → v-1, live range: [12-61]
    [0mBlock b0
   [0m[1;34m0x09b80101e295 <SharedFunctionInfo> (0x09b80104a3e5 <String[21]: "workloads/inlining.js">:0:0)
[m   [0m[0;34m  16 : 01 0d a0 86 01 00 LdaSmi.ExtraWide [100000]
[m   [0m   [0m13/1: InitialValue(<this>) → v-1(=-6S), live range: [13-64]
   [0m   [0m14/2: InitialValue(<context>) → v-1(=-3S), live range: [14-64]
   [0m   [0m15/3: InitialValue(<closure>) → v-1(=-2S), live range: [15-64]
   [0m   [0m16/5: InitialValue(r1) → v-1(=4S), live range: [16-37]
   [0m   [0m17/9: FunctionEntryStackCheck
   [0m         ↳ lazy @65 (3 live vars)
   [0m         ↱ eager @65 (3 live vars)
   [0m  [0m18/10: CheckpointedJump b1
   [0m      ↓
    [0mBlock b1
   [0m[0;34m  22 : 79 f8 04          TestLessThan r1, EmbeddedFeedback[4]
[m   [0m         ↱ eager @22 (4 live vars)
   [0m  [0m19/12: CheckedSmiUntag [v16/n5:v-1(R)] → v-1(0), live range: [19-37]
   [0m[0;34m  25 : a8 2c             JumpIfFalse [44]
[m[0;31m╭────[0m20/15: BranchIfInt32Compare(LessThan) [v19/n12:v-1(R), v12/n13:v-1(R)] b2 b14
[0;31m│  [0m      ↓
[0;31m│   [0mBlock b2
[0;31m│  [0m[0;34m  33 : 00 57 ff 00 01    BitwiseAndSmi.Wide [255], EmbeddedFeedback[1]
[m[0;31m│  [0m  [0m21/20: Int32BitwiseAnd [v19/n12:v-1(R), v11/n19:v-1(*)] → v-1(R), live range: [21-33]
[0;31m│  [0m[0;34m  41 : 59 03 01          ShiftRightSmi [3], EmbeddedFeedback[1]
[m[0;31m│  [0m  [0m22/22: Int32ShiftRight [v19/n12:v-1(R), v10/n21:v-1(*)] → v-1(R), live range: [22-23]
[0;31m│  [0m[0;34m  44 : 00 57 ff 00 01    BitwiseAndSmi.Wide [255], EmbeddedFeedback[1]
[m[0;31m│  [0m  [0m23/23: Int32BitwiseAnd [v22/n22:v-1(R), v11/n19:v-1(*)] → v-1(R), live range: [23-33]
[0;31m│  [0m[1;34m0x09b80101e3a5 <SharedFunctionInfo outer> (0x09b80104a3e5 <String[21]: "workloads/inlining.js">:22:14)
[m[0;31m│  [0m[0;34m   0 : 23 00 00          LdaGlobal [0:"small"], FBV[0]
[m[0;31m│  [0m  [0m24/27: Jump b3
[0;31m│  [0m      ↓
[0;31m│   [0mBlock b3
[0;31m│  [0m[1;34m0x09b80101e345 <SharedFunctionInfo small> (0x09b80104a3e5 <String[21]: "workloads/inlining.js">:7:14)
[m[0;31m│  [0m[0;34m   0 : 23 00 00          LdaGlobal [0:"tiny"], FBV[0]
[m[0;31m│  [0m  [0m25/29: Jump b4
[0;31m│  [0m      ↓
[0;31m│   [0mBlock b4
[0;31m│  [0m[1;34m0x09b80101e315 <SharedFunctionInfo tiny> (0x09b80104a3e5 <String[21]: "workloads/inlining.js">:3:13)
[m[0;31m│  [0m[0;34m   0 : 0b 03             Ldar a0
[m[0;31m│  [0m  [0m26/31: Jump b5
[0;31m│  [0m      ↓
[0;31m│   [0mBlock b5
[0;31m│  [0m[1;34m0x09b80101e315 <SharedFunctionInfo tiny> (0x09b80104a3e5 <String[21]: "workloads/inlining.js">:0:0)
[m[0;31m│  [0m[0;34m   2 : 4f 01 01          AddSmi [1], EmbeddedFeedback[1]
[m[0;31m│  [0m         ↱ eager @50 (3 live vars)
[0;31m│  [0m         │       @4 (4 live vars)
[0;31m│  [0m         │       @4 (4 live vars)
[0;31m│  [0m         │       @2 (4 live vars)
[0;31m│  [0m  [0m27/32: Int32IncrementWithOverflow [v21/n20:v-1(R)] → v-1(R), live range: [27-30]
[0;31m│  [0m[1;34m0x09b80101e315 <SharedFunctionInfo tiny> (0x09b80104a3e5 <String[21]: "workloads/inlining.js">:3:13)
[m[0;31m│  [0m[0;34m   0 : 0b 03             Ldar a0
[m[0;31m│  [0m  [0m28/33: Jump b6
[0;31m│  [0m      ↓
[0;31m│   [0mBlock b6
[0;31m│  [0m[1;34m0x09b80101e315 <SharedFunctionInfo tiny> (0x09b80104a3e5 <String[21]: "workloads/inlining.js">:0:0)
[m[0;31m│  [0m[0;34m   2 : 4f 01 01          AddSmi [1], EmbeddedFeedback[1]
[m[0;31m│  [0m         ↱ eager @50 (3 live vars)
[0;31m│  [0m         │       @4 (4 live vars)
[0;31m│  [0m         │       @13 (5 live vars)
[0;31m│  [0m         │       @2 (4 live vars)
[0;31m│  [0m  [0m29/34: Int32IncrementWithOverflow [v23/n23:v-1(R)] → v-1(R), live range: [29-30]
[0;31m│  [0m[1;34m0x09b80101e345 <SharedFunctionInfo small> (0x09b80104a3e5 <String[21]: "workloads/inlining.js">:0:0)
[m[0;31m│  [0m[0;34m  17 : 44 f9 01          Mul r0, EmbeddedFeedback[1]
[m[0;31m│  [0m         ↱ eager @50 (3 live vars)
[0;31m│  [0m         │       @4 (4 live vars)
[0;31m│  [0m         │       @17 (6 live vars)
[0;31m│  [0m  [0m30/35: Int32MultiplyWithOverflow [v27/n32:v-1(R), v29/n34:v-1(R)] → v-1(R), live range: [30-34]
[0;31m│  [0m[1;34m0x09b80101e3a5 <SharedFunctionInfo outer> (0x09b80104a3e5 <String[21]: "workloads/inlining.js">:0:0)
[m[0;31m│  [0m[0;34m  14 : 6d f8 03 06       CallUndefinedReceiver1 r1, a0, FBV[6]
[m[0;31m│  [0m  [0m31/37: Int32ToNumber[kCanonicalizeSmi] [v21/n20:v-1(R)] → v-1(R), live range: [31-32]
[0;31m│  [0m  [0m32/38: 🐢 CallKnownJSFunction(0x09b80101e375 <SharedFunctionInfo big>, {Int32}) [v4/n36:v-1(=x1), v6/n25:v-1(=x27), v7/n26:v-1(*), v8/n24:v-1(=x3), v31/n37:v-1(*)] → v-1(=x0), live range: [32-33]
[0;31m│  [0m         │      @50 (3 live vars)
[0;31m│  [0m         ↳ lazy @14 (5 live vars)
[0;31m│  [0m[0;34m  18 : 42 f9 01          Add r0, EmbeddedFeedback[1]
[m[0;31m│  [0m         ↱ eager @50 (3 live vars)
[0;31m│  [0m         │       @18 (6 live vars)
[0;31m│  [0m  [0m33/39: CheckedSmiUntag [v32/n38:v-1(R)] → v-1(0), live range: [33-34]
[0;31m│  [0m  [0m34/40: Int32Add [v30/n35:v-1(R), v33/n39:v-1(R)] → v-1(R), live range: [34-35]
[0;31m│  [0m[1;34m0x09b80101e295 <SharedFunctionInfo> (0x09b80104a3e5 <String[21]: "workloads/inlining.js">:0:0)
[m[0;31m│  [0m[0;34m  58 : 29 02             StaCurrentContextSlot [2]
[m[0;31m│  [0m  [0m35/43: Int32ToNumber[kCanonicalizeSmi] [v34/n40:v-1(R)] → v-1(R), live range: [35-36]
[0;31m│  [0m  [0m36/44: StoreContextSlotWithWriteBarrier(2, mutable) [v14/n2:v-1(=x1), v35/n43:v-1(R)]
[0;31m│  [0m         ↳ lazy @58 (3 live vars)
[0;31m│  [0m[0;34m  62 : 5b 04             Inc FBV[4]
[m[0;31m│  [0m         ↱ eager @62 (3 live vars)
[0;31m│  [0m  [0m37/45: Int32IncrementWithOverflow [v19/n12:v-1(R)] → v-1(R), live range: [37-39]
[0;31m│  [0m[0;34m  65 : 97 31 00 05       JumpLoop [49], [0], FBV[5]
[m[0;31m│  [0m  [0m38/47: ReduceInterruptBudgetForLoop(39) [v1/n46:v-1(R)]
[0;31m│  [0m         ↳ lazy @65 (3 live vars)
[0;31m│  [0m  [0m39/49: Jump b7
[0;31m│  [0m      │  with gap moves:
[0;31m│  [0m      │    - v37/n45:v-1(*) → 51: φᴵ r1 v-1(*)
[0;31m│  [0m      ▼
[0;31m│[0;32m╭─►[0mBlock b7 peeled (effects: ua c1)
[0;31m│[0;32m│ [0m  [0m40/51: φᴵ r1 (n45, n72) → v-1(*), live range: [40-59]
[0;31m│[0;32m│ [0m[0;34m  22 : 79 f8 04          TestLessThan r1, EmbeddedFeedback[4]
[m[0;31m│[0;32m│ [0m         ↱ eager @22 (4 live vars)
[0;31m│[0;32m│ [0m  [0m41/52: CheckedSmiSizedInt32 [v40/n51:v-1(R)] → v-1(0), live range: [41-59]
[0;31m│[0;32m│ [0m[0;34m  25 : a8 2c             JumpIfFalse [44]
[m[0;31m│[0;32m│[0;33m╭──[0m42/54: BranchIfInt32Compare(LessThan) [v41/n52:v-1(R), v12/n13:v-1(R)] b8 b13
[0;31m│[0;32m│[0;33m│[0m      ↓
[0;31m│[0;32m│[0;33m│ [0mBlock b8
[0;31m│[0;32m│[0;33m│[0m[0;34m  33 : 00 57 ff 00 01    BitwiseAndSmi.Wide [255], EmbeddedFeedback[1]
[m[0;31m│[0;32m│[0;33m│[0m  [0m43/55: Int32BitwiseAnd [v41/n52:v-1(R), v11/n19:v-1(*)] → v-1(R), live range: [43-55]
[0;31m│[0;32m│[0;33m│[0m[0;34m  41 : 59 03 01          ShiftRightSmi [3], EmbeddedFeedback[1]
[m[0;31m│[0;32m│[0;33m│[0m  [0m44/56: Int32ShiftRight [v41/n52:v-1(R), v10/n21:v-1(*)] → v-1(R), live range: [44-45]
[0;31m│[0;32m│[0;33m│[0m[0;34m  44 : 00 57 ff 00 01    BitwiseAndSmi.Wide [255], EmbeddedFeedback[1]
[m[0;31m│[0;32m│[0;33m│[0m  [0m45/57: Int32BitwiseAnd [v44/n56:v-1(R), v11/n19:v-1(*)] → v-1(R), live range: [45-55]
[0;31m│[0;32m│[0;33m│[0m[1;34m0x09b80101e3a5 <SharedFunctionInfo outer> (0x09b80104a3e5 <String[21]: "workloads/inlining.js">:22:14)
[m[0;31m│[0;32m│[0;33m│[0m[0;34m   0 : 23 00 00          LdaGlobal [0:"small"], FBV[0]
[m[0;31m│[0;32m│[0;33m│[0m  [0m46/58: Jump b9
[0;31m│[0;32m│[0;33m│[0m      ↓
[0;31m│[0;32m│[0;33m│ [0mBlock b9
[0;31m│[0;32m│[0;33m│[0m[1;34m0x09b80101e345 <SharedFunctionInfo small> (0x09b80104a3e5 <String[21]: "workloads/inlining.js">:7:14)
[m[0;31m│[0;32m│[0;33m│[0m[0;34m   0 : 23 00 00          LdaGlobal [0:"tiny"], FBV[0]
[m[0;31m│[0;32m│[0;33m│[0m  [0m47/59: Jump b10
[0;31m│[0;32m│[0;33m│[0m      ↓
[0;31m│[0;32m│[0;33m│ [0mBlock b10
[0;31m│[0;32m│[0;33m│[0m[1;34m0x09b80101e315 <SharedFunctionInfo tiny> (0x09b80104a3e5 <String[21]: "workloads/inlining.js">:3:13)
[m[0;31m│[0;32m│[0;33m│[0m[0;34m   0 : 0b 03             Ldar a0
[m[0;31m│[0;32m│[0;33m│[0m  [0m48/60: Jump b11
[0;31m│[0;32m│[0;33m│[0m      ↓
[0;31m│[0;32m│[0;33m│ [0mBlock b11
[0;31m│[0;32m│[0;33m│[0m[1;34m0x09b80101e315 <SharedFunctionInfo tiny> (0x09b80104a3e5 <String[21]: "workloads/inlining.js">:0:0)
[m[0;31m│[0;32m│[0;33m│[0m[0;34m   2 : 4f 01 01          AddSmi [1], EmbeddedFeedback[1]
[m[0;31m│[0;32m│[0;33m│[0m         ↱ eager @50 (3 live vars)
[0;31m│[0;32m│[0;33m│[0m         │       @4 (4 live vars)
[0;31m│[0;32m│[0;33m│[0m         │       @4 (4 live vars)
[0;31m│[0;32m│[0;33m│[0m         │       @2 (4 live vars)
[0;31m│[0;32m│[0;33m│[0m  [0m49/61: Int32IncrementWithOverflow [v43/n55:v-1(R)] → v-1(R), live range: [49-52]
[0;31m│[0;32m│[0;33m│[0m[1;34m0x09b80101e315 <SharedFunctionInfo tiny> (0x09b80104a3e5 <String[21]: "workloads/inlining.js">:3:13)
[m[0;31m│[0;32m│[0;33m│[0m[0;34m   0 : 0b 03             Ldar a0
[m[0;31m│[0;32m│[0;33m│[0m  [0m50/62: Jump b12
[0;31m│[0;32m│[0;33m│[0m      ↓
[0;31m│[0;32m│[0;33m│ [0mBlock b12
[0;31m│[0;32m│[0;33m│[0m[1;34m0x09b80101e315 <SharedFunctionInfo tiny> (0x09b80104a3e5 <String[21]: "workloads/inlining.js">:0:0)
[m[0;31m│[0;32m│[0;33m│[0m[0;34m   2 : 4f 01 01          AddSmi [1], EmbeddedFeedback[1]
[m[0;31m│[0;32m│[0;33m│[0m         ↱ eager @50 (3 live vars)
[0;31m│[0;32m│[0;33m│[0m         │       @4 (4 live vars)
[0;31m│[0;32m│[0;33m│[0m         │       @13 (5 live vars)
[0;31m│[0;32m│[0;33m│[0m         │       @2 (4 live vars)
[0;31m│[0;32m│[0;33m│[0m  [0m51/63: Int32IncrementWithOverflow [v45/n57:v-1(R)] → v-1(R), live range: [51-52]
[0;31m│[0;32m│[0;33m│[0m[1;34m0x09b80101e345 <SharedFunctionInfo small> (0x09b80104a3e5 <String[21]: "workloads/inlining.js">:0:0)
[m[0;31m│[0;32m│[0;33m│[0m[0;34m  17 : 44 f9 01          Mul r0, EmbeddedFeedback[1]
[m[0;31m│[0;32m│[0;33m│[0m         ↱ eager @50 (3 live vars)
[0;31m│[0;32m│[0;33m│[0m         │       @4 (4 live vars)
[0;31m│[0;32m│[0;33m│[0m         │       @17 (6 live vars)
[0;31m│[0;32m│[0;33m│[0m  [0m52/64: Int32MultiplyWithOverflow [v49/n61:v-1(R), v51/n63:v-1(R)] → v-1(R), live range: [52-56]
[0;31m│[0;32m│[0;33m│[0m[1;34m0x09b80101e3a5 <SharedFunctionInfo outer> (0x09b80104a3e5 <String[21]: "workloads/inlining.js">:0:0)
[m[0;31m│[0;32m│[0;33m│[0m[0;34m  14 : 6d f8 03 06       CallUndefinedReceiver1 r1, a0, FBV[6]
[m[0;31m│[0;32m│[0;33m│[0m  [0m53/65: Int32ToNumber[kCanonicalizeSmi] [v43/n55:v-1(R)] → v-1(R), live range: [53-54]
[0;31m│[0;32m│[0;33m│[0m  [0m54/66: 🐢 CallKnownJSFunction(0x09b80101e375 <SharedFunctionInfo big>, {Int32}) [v4/n36:v-1(=x1), v6/n25:v-1(=x27), v7/n26:v-1(*), v8/n24:v-1(=x3), v53/n65:v-1(*)] → v-1(=x0), live range: [54-55]
[0;31m│[0;32m│[0;33m│[0m         │      @50 (3 live vars)
[0;31m│[0;32m│[0;33m│[0m         ↳ lazy @14 (5 live vars)
[0;31m│[0;32m│[0;33m│[0m[0;34m  18 : 42 f9 01          Add r0, EmbeddedFeedback[1]
[m[0;31m│[0;32m│[0;33m│[0m         ↱ eager @50 (3 live vars)
[0;31m│[0;32m│[0;33m│[0m         │       @18 (6 live vars)
[0;31m│[0;32m│[0;33m│[0m  [0m55/67: CheckedSmiUntag [v54/n66:v-1(R)] → v-1(0), live range: [55-56]
[0;31m│[0;32m│[0;33m│[0m  [0m56/68: Int32Add [v52/n64:v-1(R), v55/n67:v-1(R)] → v-1(R), live range: [56-57]
[0;31m│[0;32m│[0;33m│[0m[1;34m0x09b80101e295 <SharedFunctionInfo> (0x09b80104a3e5 <String[21]: "workloads/inlining.js">:0:0)
[m[0;31m│[0;32m│[0;33m│[0m[0;34m  58 : 29 02             StaCurrentContextSlot [2]
[m[0;31m│[0;32m│[0;33m│[0m  [0m57/70: Int32ToNumber[kCanonicalizeSmi] [v56/n68:v-1(R)] → v-1(R), live range: [57-58]
[0;31m│[0;32m│[0;33m│[0m  [0m58/71: StoreContextSlotWithWriteBarrier(2, mutable) [v14/n2:v-1(=x1), v57/n70:v-1(R)]
[0;31m│[0;32m│[0;33m│[0m         ↳ lazy @58 (3 live vars)
[0;31m│[0;32m│[0;33m│[0m[0;34m  62 : 5b 04             Inc FBV[4]
[m[0;31m│[0;32m│[0;33m│[0m         ↱ eager @62 (3 live vars)
[0;31m│[0;32m│[0;33m│[0m  [0m59/72: Int32IncrementWithOverflow [v41/n52:v-1(R)] → v-1(R), live range: [59-61]
[0;31m│[0;32m│[0;33m│[0m[0;34m  65 : 97 31 00 05       JumpLoop [49], [0], FBV[5]
[m[0;31m│[0;32m│[0;33m│[0m  [0m60/73: ReduceInterruptBudgetForLoop(39) [v1/n46:v-1(R)]
[0;31m│[0;32m│[0;33m│[0m         ↳ lazy @65 (3 live vars)
[0;31m│[0;32m│[0;33m│[0m         ↱ eager @62 (3 live vars)
[0;31m│[0;32m╰─◄─[0m61/74: JumpLoop b7
[0;31m│ [0;33m│[0m         with gap moves:
[0;31m│ [0;33m│[0m           - v59/n72:v-1(*) → 51: φᴵ r1 v-1(*)
[0;31m│ [0;33m│[0m
[0;31m│ [0;33m╰►[0mBlock b13
[0;31m│  [0m[0;34m  69 : 23 02 07          LdaGlobal [2:"print"], FBV[7]
[m[0;31m│[0;32m╭───[0m62/76: Jump b15
[0;31m│[0;32m│ [0m
[0;31m╰──►[0mBlock b14
 [0;32m│ [0m  [0m63/77: Jump b15
 [0;32m│ [0m      ↓
 [0;32m╰─►[0mBlock b15
   [0m         ↱ eager @69 (2 live vars)
   [0m  [0m64/78: Deopt(Insufficient type feedback for generic global access)
   [0m

----- Register allocation -----
Graph

   [0m   [0m1/46: HeapConstant(0x09b80101e459 <FeedbackCell[one closure]>) → v-1, live range: [1-61]
   [0m   [0m2/28: HeapConstant(0x09b80101e4b1 <JSFunction small (sfi = 0x9b80101e345)>) → v-1, live range: [2-61]
   [0m   [0m3/30: HeapConstant(0x09b80101e47d <JSFunction tiny (sfi = 0x9b80101e315)>) → v-1, live range: [3-61]
   [0m   [0m4/36: HeapConstant(0x09b80101e4e5 <JSFunction big (sfi = 0x9b80101e375)>) → v-1, live range: [4-61]
   [0m   [0m5/18: HeapConstant(0x09b80101e519 <JSFunction outer (sfi = 0x9b80101e3a5)>) → v-1, live range: [5-61]
   [0m   [0m6/25: HeapConstant(0x09b80101e469 <ScriptContext[3]>) → v-1, live range: [6-61]
   [0m   [0m7/26: HeapConstant(0x09b801004999 <JSGlobalProxy>) → v-1, live range: [7-61]
   [0m   [0m8/24: RootConstant(undefined_value) → v-1, live range: [8-61]
   [0m   [0m9/11: SmiConstant(100000) → v-1, live range: [9-61]
   [0m  [0m10/21: Int32Constant(3) → v-1, live range: [10-61]
   [0m  [0m11/19: Int32Constant(255) → v-1, live range: [11-61]
   [0m  [0m12/13: Int32Constant(100000) → v-1, live range: [12-61]
    [0mBlock b0
   [0m[1;34m0x09b80101e295 <SharedFunctionInfo> (0x09b80104a3e5 <String[21]: "workloads/inlining.js">:0:0)
[m   [0m[0;34m  16 : 01 0d a0 86 01 00 LdaSmi.ExtraWide [100000]
[m   [0m   [0m13/1: InitialValue(<this>) → [stack:-6|t], live range: [13-64]
   [0m   [0m14/2: InitialValue(<context>) → [stack:-3|t], live range: [14-64]
   [0m   [0m15/3: InitialValue(<closure>) → [stack:-2|t], live range: [15-64]
   [0m   [0m16/5: InitialValue(r1) → [stack:4|t], live range: [16-37]
   [0m   [0m17/9: FunctionEntryStackCheck
   [0m         ↳ lazy @65 (3 live vars)
   [0m         ↱ eager @65 (3 live vars)
   [0m  [0m18/10: CheckpointedJump b1
   [0m      ↓
    [0mBlock b1
   [0m     [0m79: GapMove([stack:4|t] → [x0|R|t])
   [0m[0;34m  22 : 79 f8 04          TestLessThan r1, EmbeddedFeedback[4]
[m   [0m         ↱ eager @22 (4 live vars)
   [0m  [0m19/12: CheckedSmiUntag [v16/n5:[x0|R|t]] → [x0|R|w32] (spilled: [stack:0|w32]), live range: [19-37]
   [0m     [0m80: ConstantGapMove(n13 → [x1|R|w32])
   [0m[0;34m  25 : a8 2c             JumpIfFalse [44]
[m[0;31m╭────[0m20/15: BranchIfInt32Compare(LessThan) [v19/n12:[x0|R|w32], v12/n13:[x1|R|w32]] b2 b14
[0;31m│  [0m      ↓
[0;31m│   [0mBlock b2
[0;31m│  [0m[0;34m  33 : 00 57 ff 00 01    BitwiseAndSmi.Wide [255], EmbeddedFeedback[1]
[m[0;31m│  [0m  [0m21/20: Int32BitwiseAnd [v19/n12:[x0|R|w32], v11/n19:[constant:v-1]] → [x2|R|w32] (spilled: [stack:1|w32]), live range: [21-33]
[0;31m│  [0m[0;34m  41 : 59 03 01          ShiftRightSmi [3], EmbeddedFeedback[1]
[m[0;31m│  [0m  [0m22/22: Int32ShiftRight [v19/n12:[x0|R|w32], v10/n21:[constant:v-1]] → [x3|R|w32], live range: [22-23]
[0;31m│  [0m[0;34m  44 : 00 57 ff 00 01    BitwiseAndSmi.Wide [255], EmbeddedFeedback[1]
[m[0;31m│  [0m  [0m23/23: Int32BitwiseAnd [v22/n22:[x3|R|w32], v11/n19:[constant:v-1]] → [x4|R|w32] (spilled: [stack:2|w32]), live range: [23-33]
[0;31m│  [0m[1;34m0x09b80101e3a5 <SharedFunctionInfo outer> (0x09b80104a3e5 <String[21]: "workloads/inlining.js">:22:14)
[m[0;31m│  [0m[0;34m   0 : 23 00 00          LdaGlobal [0:"small"], FBV[0]
[m[0;31m│  [0m  [0m24/27: Jump b3
[0;31m│  [0m      ↓
[0;31m│   [0mBlock b3
[0;31m│  [0m[1;34m0x09b80101e345 <SharedFunctionInfo small> (0x09b80104a3e5 <String[21]: "workloads/inlining.js">:7:14)
[m[0;31m│  [0m[0;34m   0 : 23 00 00          LdaGlobal [0:"tiny"], FBV[0]
[m[0;31m│  [0m  [0m25/29: Jump b4
[0;31m│  [0m      ↓
[0;31m│   [0mBlock b4
[0;31m│  [0m[1;34m0x09b80101e315 <SharedFunctionInfo tiny> (0x09b80104a3e5 <String[21]: "workloads/inlining.js">:3:13)
[m[0;31m│  [0m[0;34m   0 : 0b 03             Ldar a0
[m[0;31m│  [0m  [0m26/31: Jump b5
[0;31m│  [0m      ↓
[0;31m│   [0mBlock b5
[0;31m│  [0m[1;34m0x09b80101e315 <SharedFunctionInfo tiny> (0x09b80104a3e5 <String[21]: "workloads/inlining.js">:0:0)
[m[0;31m│  [0m[0;34m   2 : 4f 01 01          AddSmi [1], EmbeddedFeedback[1]
[m[0;31m│  [0m         ↱ eager @50 (3 live vars)
[0;31m│  [0m         │       @4 (4 live vars)
[0;31m│  [0m         │       @4 (4 live vars)
[0;31m│  [0m         │       @2 (4 live vars)
[0;31m│  [0m  [0m27/32: Int32IncrementWithOverflow [v21/n20:[x2|R|w32]] → [x3|R|w32], live range: [27-30]
[0;31m│  [0m[1;34m0x09b80101e315 <SharedFunctionInfo tiny> (0x09b80104a3e5 <String[21]: "workloads/inlining.js">:3:13)
[m[0;31m│  [0m[0;34m   0 : 0b 03             Ldar a0
[m[0;31m│  [0m  [0m28/33: Jump b6
[0;31m│  [0m      ↓
[0;31m│   [0mBlock b6
[0;31m│  [0m[1;34m0x09b80101e315 <SharedFunctionInfo tiny> (0x09b80104a3e5 <String[21]: "workloads/inlining.js">:0:0)
[m[0;31m│  [0m[0;34m   2 : 4f 01 01          AddSmi [1], EmbeddedFeedback[1]
[m[0;31m│  [0m         ↱ eager @50 (3 live vars)
[0;31m│  [0m         │       @4 (4 live vars)
[0;31m│  [0m         │       @13 (5 live vars)
[0;31m│  [0m         │       @2 (4 live vars)
[0;31m│  [0m  [0m29/34: Int32IncrementWithOverflow [v23/n23:[x4|R|w32]] → [x5|R|w32], live range: [29-30]
[0;31m│  [0m[1;34m0x09b80101e345 <SharedFunctionInfo small> (0x09b80104a3e5 <String[21]: "workloads/inlining.js">:0:0)
[m[0;31m│  [0m[0;34m  17 : 44 f9 01          Mul r0, EmbeddedFeedback[1]
[m[0;31m│  [0m         ↱ eager @50 (3 live vars)
[0;31m│  [0m         │       @4 (4 live vars)
[0;31m│  [0m         │       @17 (6 live vars)
[0;31m│  [0m  [0m30/35: Int32MultiplyWithOverflow [v27/n32:[x3|R|w32], v29/n34:[x5|R|w32]] → [x6|R|w32] (spilled: [stack:3|w32]), live range: [30-34]
[0;31m│  [0m[1;34m0x09b80101e3a5 <SharedFunctionInfo outer> (0x09b80104a3e5 <String[21]: "workloads/inlining.js">:0:0)
[m[0;31m│  [0m[0;34m  14 : 6d f8 03 06       CallUndefinedReceiver1 r1, a0, FBV[6]
[m[0;31m│  [0m  [0m31/37: Int32ToNumber[kCanonicalizeSmi] [v21/n20:[x2|R|w32]] → [x3|R|t], live range: [31-32]
[0;31m│  [0m     [0m81: ConstantGapMove(n36 → [x1|R|t])
[0;31m│  [0m     [0m82: ConstantGapMove(n25 → [x27|R|t])
[0;31m│  [0m     [0m83: GapMove([x3|R|t] → [x5|R|t])
[0;31m│  [0m     [0m84: ConstantGapMove(n24 → [x3|R|t])
[0;31m│  [0m  [0m32/38: 🐢 CallKnownJSFunction(0x09b80101e375 <SharedFunctionInfo big>, {Int32}) [v4/n36:[x1|R|t], v6/n25:[x27|R|t], v7/n26:[constant:v-1], v8/n24:[x3|R|t], v31/n37:[x5|R|t]] → [x0|R|t] (spilled: [stack:3|t]), live range: [32-33]
[0;31m│  [0m         │      @50 (3 live vars)
[0;31m│  [0m         ↳ lazy @14 (5 live vars)
[0;31m│  [0m[0;34m  18 : 42 f9 01          Add r0, EmbeddedFeedback[1]
[m[0;31m│  [0m         ↱ eager @50 (3 live vars)
[0;31m│  [0m         │       @18 (6 live vars)
[0;31m│  [0m  [0m33/39: CheckedSmiUntag [v32/n38:[x0|R|t]] → [x0|R|w32], live range: [33-34]
[0;31m│  [0m     [0m85: GapMove([stack:3|w32] → [x1|R|w32])
[0;31m│  [0m  [0m34/40: Int32Add [v30/n35:[x1|R|w32], v33/n39:[x0|R|w32]] → [x2|R|w32], live range: [34-35]
[0;31m│  [0m[1;34m0x09b80101e295 <SharedFunctionInfo> (0x09b80104a3e5 <String[21]: "workloads/inlining.js">:0:0)
[m[0;31m│  [0m[0;34m  58 : 29 02             StaCurrentContextSlot [2]
[m[0;31m│  [0m  [0m35/43: Int32ToNumber[kCanonicalizeSmi] [v34/n40:[x2|R|w32]] → [x0|R|t], live range: [35-36]
[0;31m│  [0m     [0m86: GapMove([stack:-3|t] → [x1|R|t])
[0;31m│  [0m  [0m36/44: StoreContextSlotWithWriteBarrier(2, mutable) [v14/n2:[x1|R|t], v35/n43:[x0|R|t]]
[0;31m│  [0m         ↳ lazy @58 (3 live vars)
[0;31m│  [0m     [0m87: GapMove([stack:0|w32] → [x0|R|w32])
[0;31m│  [0m[0;34m  62 : 5b 04             Inc FBV[4]
[m[0;31m│  [0m         ↱ eager @62 (3 live vars)
[0;31m│  [0m  [0m37/45: Int32IncrementWithOverflow [v19/n12:[x0|R|w32]] → [x2|R|w32] (spilled: [stack:3|w32]), live range: [37-39]
[0;31m│  [0m     [0m88: ConstantGapMove(n46 → [x0|R|t])
[0;31m│  [0m[0;34m  65 : 97 31 00 05       JumpLoop [49], [0], FBV[5]
[m[0;31m│  [0m  [0m38/47: ReduceInterruptBudgetForLoop(39) [v1/n46:[x0|R|t]]
[0;31m│  [0m         ↳ lazy @65 (3 live vars)
[0;31m│  [0m  [0m39/49: Jump b7
[0;31m│  [0m      │  with gap moves:
[0;31m│  [0m      │    - v37/n45:[x2|R|w32] → 51: φᴵ r1 [x2|R|w32]
[0;31m│  [0m      │  with register merges:
[0;31m│  [0m      ▼
[0;31m│[0;32m╭─►[0mBlock b7 peeled (effects: ua c1)
[0;31m│[0;32m│ [0m  [0m40/51: φᴵ r1 (n45, n72) → [x2|R|w32] (spilled: [stack:5|w32]), live range: [40-59]
[0;31m│[0;32m│ [0m     [0m89: GapMove([x2|R|w32] → [x3|R|w32])
[0;31m│[0;32m│ [0m[0;34m  22 : 79 f8 04          TestLessThan r1, EmbeddedFeedback[4]
[m[0;31m│[0;32m│ [0m         ↱ eager @22 (4 live vars)
[0;31m│[0;32m│ [0m  [0m41/52: CheckedSmiSizedInt32 [v40/n51:[x2|R|w32]] → [x2|R|w32] (spilled: [stack:3|w32]), live range: [41-59]
[0;31m│[0;32m│ [0m     [0m90: ConstantGapMove(n13 → [x4|R|w32])
[0;31m│[0;32m│ [0m[0;34m  25 : a8 2c             JumpIfFalse [44]
[m[0;31m│[0;32m│[0;33m╭──[0m42/54: BranchIfInt32Compare(LessThan) [v41/n52:[x2|R|w32], v12/n13:[x4|R|w32]] b8 b13
[0;31m│[0;32m│[0;33m│[0m      ↓
[0;31m│[0;32m│[0;33m│ [0mBlock b8
[0;31m│[0;32m│[0;33m│[0m[0;34m  33 : 00 57 ff 00 01    BitwiseAndSmi.Wide [255], EmbeddedFeedback[1]
[m[0;31m│[0;32m│[0;33m│[0m  [0m43/55: Int32BitwiseAnd [v41/n52:[x2|R|w32], v11/n19:[constant:v-1]] → [x5|R|w32] (spilled: [stack:2|w32]), live range: [43-55]
[0;31m│[0;32m│[0;33m│[0m[0;34m  41 : 59 03 01          ShiftRightSmi [3], EmbeddedFeedback[1]
[m[0;31m│[0;32m│[0;33m│[0m  [0m44/56: Int32ShiftRight [v41/n52:[x2|R|w32], v10/n21:[constant:v-1]] → [x6|R|w32], live range: [44-45]
[0;31m│[0;32m│[0;33m│[0m[0;34m  44 : 00 57 ff 00 01    BitwiseAndSmi.Wide [255], EmbeddedFeedback[1]
[m[0;31m│[0;32m│[0;33m│[0m  [0m45/57: Int32BitwiseAnd [v44/n56:[x6|R|w32], v11/n19:[constant:v-1]] → [x7|R|w32] (spilled: [stack:4|w32]), live range: [45-55]
[0;31m│[0;32m│[0;33m│[0m[1;34m0x09b80101e3a5 <SharedFunctionInfo outer> (0x09b80104a3e5 <String[21]: "workloads/inlining.js">:22:14)
[m[0;31m│[0;32m│[0;33m│[0m[0;34m   0 : 23 00 00          LdaGlobal [0:"small"], FBV[0]
[m[0;31m│[0;32m│[0;33m│[0m  [0m46/58: Jump b9
[0;31m│[0;32m│[0;33m│[0m      ↓
[0;31m│[0;32m│[0;33m│ [0mBlock b9
[0;31m│[0;32m│[0;33m│[0m[1;34m0x09b80101e345 <SharedFunctionInfo small> (0x09b80104a3e5 <String[21]: "workloads/inlining.js">:7:14)
[m[0;31m│[0;32m│[0;33m│[0m[0;34m   0 : 23 00 00          LdaGlobal [0:"tiny"], FBV[0]
[m[0;31m│[0;32m│[0;33m│[0m  [0m47/59: Jump b10
[0;31m│[0;32m│[0;33m│[0m      ↓
[0;31m│[0;32m│[0;33m│ [0mBlock b10
[0;31m│[0;32m│[0;33m│[0m[1;34m0x09b80101e315 <SharedFunctionInfo tiny> (0x09b80104a3e5 <String[21]: "workloads/inlining.js">:3:13)
[m[0;31m│[0;32m│[0;33m│[0m[0;34m   0 : 0b 03             Ldar a0
[m[0;31m│[0;32m│[0;33m│[0m  [0m48/60: Jump b11
[0;31m│[0;32m│[0;33m│[0m      ↓
[0;31m│[0;32m│[0;33m│ [0mBlock b11
[0;31m│[0;32m│[0;33m│[0m[1;34m0x09b80101e315 <SharedFunctionInfo tiny> (0x09b80104a3e5 <String[21]: "workloads/inlining.js">:0:0)
[m[0;31m│[0;32m│[0;33m│[0m[0;34m   2 : 4f 01 01          AddSmi [1], EmbeddedFeedback[1]
[m[0;31m│[0;32m│[0;33m│[0m         ↱ eager @50 (3 live vars)
[0;31m│[0;32m│[0;33m│[0m         │       @4 (4 live vars)
[0;31m│[0;32m│[0;33m│[0m         │       @4 (4 live vars)
[0;31m│[0;32m│[0;33m│[0m         │       @2 (4 live vars)
[0;31m│[0;32m│[0;33m│[0m  [0m49/61: Int32IncrementWithOverflow [v43/n55:[x5|R|w32]] → [x6|R|w32], live range: [49-52]
[0;31m│[0;32m│[0;33m│[0m[1;34m0x09b80101e315 <SharedFunctionInfo tiny> (0x09b80104a3e5 <String[21]: "workloads/inlining.js">:3:13)
[m[0;31m│[0;32m│[0;33m│[0m[0;34m   0 : 0b 03             Ldar a0
[m[0;31m│[0;32m│[0;33m│[0m  [0m50/62: Jump b12
[0;31m│[0;32m│[0;33m│[0m      ↓
[0;31m│[0;32m│[0;33m│ [0mBlock b12
[0;31m│[0;32m│[0;33m│[0m[1;34m0x09b80101e315 <SharedFunctionInfo tiny> (0x09b80104a3e5 <String[21]: "workloads/inlining.js">:0:0)
[m[0;31m│[0;32m│[0;33m│[0m[0;34m   2 : 4f 01 01          AddSmi [1], EmbeddedFeedback[1]
[m[0;31m│[0;32m│[0;33m│[0m         ↱ eager @50 (3 live vars)
[0;31m│[0;32m│[0;33m│[0m         │       @4 (4 live vars)
[0;31m│[0;32m│[0;33m│[0m         │       @13 (5 live vars)
[0;31m│[0;32m│[0;33m│[0m         │       @2 (4 live vars)
[0;31m│[0;32m│[0;33m│[0m  [0m51/63: Int32IncrementWithOverflow [v45/n57:[x7|R|w32]] → [x8|R|w32], live range: [51-52]
[0;31m│[0;32m│[0;33m│[0m[1;34m0x09b80101e345 <SharedFunctionInfo small> (0x09b80104a3e5 <String[21]: "workloads/inlining.js">:0:0)
[m[0;31m│[0;32m│[0;33m│[0m[0;34m  17 : 44 f9 01          Mul r0, EmbeddedFeedback[1]
[m[0;31m│[0;32m│[0;33m│[0m         ↱ eager @50 (3 live vars)
[0;31m│[0;32m│[0;33m│[0m         │       @4 (4 live vars)
[0;31m│[0;32m│[0;33m│[0m         │       @17 (6 live vars)
[0;31m│[0;32m│[0;33m│[0m  [0m52/64: Int32MultiplyWithOverflow [v49/n61:[x6|R|w32], v51/n63:[x8|R|w32]] → [x9|R|w32] (spilled: [stack:6|w32]), live range: [52-56]
[0;31m│[0;32m│[0;33m│[0m[1;34m0x09b80101e3a5 <SharedFunctionInfo outer> (0x09b80104a3e5 <String[21]: "workloads/inlining.js">:0:0)
[m[0;31m│[0;32m│[0;33m│[0m[0;34m  14 : 6d f8 03 06       CallUndefinedReceiver1 r1, a0, FBV[6]
[m[0;31m│[0;32m│[0;33m│[0m  [0m53/65: Int32ToNumber[kCanonicalizeSmi] [v43/n55:[x5|R|w32]] → [x6|R|t], live range: [53-54]
[0;31m│[0;32m│[0;33m│[0m     [0m91: ConstantGapMove(n36 → [x1|R|t])
[0;31m│[0;32m│[0;33m│[0m     [0m92: ConstantGapMove(n25 → [x27|R|t])
[0;31m│[0;32m│[0;33m│[0m     [0m93: GapMove([x3|R|w32] → [x8|R|w32])
[0;31m│[0;32m│[0;33m│[0m     [0m94: ConstantGapMove(n24 → [x3|R|t])
[0;31m│[0;32m│[0;33m│[0m  [0m54/66: 🐢 CallKnownJSFunction(0x09b80101e375 <SharedFunctionInfo big>, {Int32}) [v4/n36:[x1|R|t], v6/n25:[x27|R|t], v7/n26:[constant:v-1], v8/n24:[x3|R|t], v53/n65:[x6|R|t]] → [x0|R|t] (spilled: [stack:4|t]), live range: [54-55]
[0;31m│[0;32m│[0;33m│[0m         │      @50 (3 live vars)
[0;31m│[0;32m│[0;33m│[0m         ↳ lazy @14 (5 live vars)
[0;31m│[0;32m│[0;33m│[0m[0;34m  18 : 42 f9 01          Add r0, EmbeddedFeedback[1]
[m[0;31m│[0;32m│[0;33m│[0m         ↱ eager @50 (3 live vars)
[0;31m│[0;32m│[0;33m│[0m         │       @18 (6 live vars)
[0;31m│[0;32m│[0;33m│[0m  [0m55/67: CheckedSmiUntag [v54/n66:[x0|R|t]] → [x0|R|w32], live range: [55-56]
[0;31m│[0;32m│[0;33m│[0m     [0m95: GapMove([stack:6|w32] → [x1|R|w32])
[0;31m│[0;32m│[0;33m│[0m  [0m56/68: Int32Add [v52/n64:[x1|R|w32], v55/n67:[x0|R|w32]] → [x2|R|w32], live range: [56-57]
[0;31m│[0;32m│[0;33m│[0m[1;34m0x09b80101e295 <SharedFunctionInfo> (0x09b80104a3e5 <String[21]: "workloads/inlining.js">:0:0)
[m[0;31m│[0;32m│[0;33m│[0m[0;34m  58 : 29 02             StaCurrentContextSlot [2]
[m[0;31m│[0;32m│[0;33m│[0m  [0m57/70: Int32ToNumber[kCanonicalizeSmi] [v56/n68:[x2|R|w32]] → [x0|R|t], live range: [57-58]
[0;31m│[0;32m│[0;33m│[0m     [0m96: GapMove([stack:-3|t] → [x1|R|t])
[0;31m│[0;32m│[0;33m│[0m  [0m58/71: StoreContextSlotWithWriteBarrier(2, mutable) [v14/n2:[x1|R|t], v57/n70:[x0|R|t]]
[0;31m│[0;32m│[0;33m│[0m         ↳ lazy @58 (3 live vars)
[0;31m│[0;32m│[0;33m│[0m     [0m97: GapMove([stack:3|w32] → [x0|R|w32])
[0;31m│[0;32m│[0;33m│[0m[0;34m  62 : 5b 04             Inc FBV[4]
[m[0;31m│[0;32m│[0;33m│[0m         ↱ eager @62 (3 live vars)
[0;31m│[0;32m│[0;33m│[0m  [0m59/72: Int32IncrementWithOverflow [v41/n52:[x0|R|w32]] → [x2|R|w32] (spilled: [stack:6|w32]), live range: [59-61]
[0;31m│[0;32m│[0;33m│[0m     [0m98: ConstantGapMove(n46 → [x0|R|t])
[0;31m│[0;32m│[0;33m│[0m[0;34m  65 : 97 31 00 05       JumpLoop [49], [0], FBV[5]
[m[0;31m│[0;32m│[0;33m│[0m  [0m60/73: ReduceInterruptBudgetForLoop(39) [v1/n46:[x0|R|t]]
[0;31m│[0;32m│[0;33m│[0m         ↳ lazy @65 (3 live vars)
[0;31m│[0;32m│[0;33m│[0m         ↱ eager @62 (3 live vars)
[0;31m│[0;32m╰─◄─[0m61/74: JumpLoop b7
[0;31m│ [0;33m│[0m         with gap moves:
[0;31m│ [0;33m│[0m           - v59/n72:[x2|R|w32] → 51: φᴵ r1 [x2|R|w32]
[0;31m│ [0;33m│[0m         with register merges:
[0;31m│ [0;33m│[0m
[0;31m│ [0;33m╰►[0mBlock b13
[0;31m│  [0m[0;34m  69 : 23 02 07          LdaGlobal [2:"print"], FBV[7]
[m[0;31m│[0;32m╭───[0m62/76: Jump b15
[0;31m│[0;32m│ [0m
[0;31m╰──►[0mBlock b14
 [0;32m│ [0m  [0m63/77: Jump b15
 [0;32m│ [0m      ↓
 [0;32m╰─►[0mBlock b15
   [0m         ↱ eager @69 (2 live vars)
   [0m  [0m64/78: Deopt(Insufficient type feedback for generic global access)
   [0m
---------------------------------------------------
Finished compiling method  using Maglev
81635
