V8 is running with developer-only features enabled. Stability and security will suffer.
---------------------------------------------------
Begin compiling method trunc using Maglev
Compiling 0x09b80101e389 <JSFunction trunc (sfi = 0x9b80101e2cd)> with Maglev
----- Bytecode array -----
Parameter count 3
Register count 3
Frame size 24
         0x31a01000144 @    0 : 0b 04             Ldar a1
         0x31a01000146 @    2 : 44 03 04          Mul a0, EmbeddedFeedback[4]
         0x31a01000149 @    5 : d5                Star0
         0x31a0100014a @    6 : 0b 03             Ldar a0
         0x31a0100014c @    8 : 42 f9 04          Add r0, EmbeddedFeedback[4]
         0x31a0100014f @   11 : d4                Star1
         0x31a01000150 @   12 : 55 00 04          BitwiseOrSmi [0], EmbeddedFeedback[4]
         0x31a01000153 @   15 : d3                Star2
         0x31a01000154 @   16 : 0b f9             Ldar r0
         0x31a01000156 @   18 : 51 02 04          MulSmi [2], EmbeddedFeedback[4]
         0x31a01000159 @   21 : 55 00 04          BitwiseOrSmi [0], EmbeddedFeedback[4]
         0x31a0100015c @   24 : 42 f7 01          Add r2, EmbeddedFeedback[1]
         0x31a0100015f @   27 : b9                Return
Constant pool (size = 0)
Handler Table (size = 0)
Source Position Table (size = 0)
0x9b80101e441: [FeedbackVector] in OldSpace
 - map: 0x09b800000895 <Map(FEEDBACK_VECTOR_TYPE)>
 - length: 0 (empty)
[32m+ 0x10c00e38918  n1: InitialValue(<this>), 0 uses 🪦[0m[0m
[32m+ 0x10c00e389e8  n2: InitialValue(a0), 0 uses 🪦[0m[0m
[32m+ 0x10c00e38a40  n3: InitialValue(a1), 0 uses 🪦[0m[0m
[32m+ 0x10c00e38ca8  n4: HeapConstant(0x09b80101e389 <JSFunction trunc (sfi = 0x9b80101e2cd)>), 0 uses 🪦[0m[0m
[32m+ 0x10c00e38cf8  n5: HeapConstant(0x09b80101e375 <ScriptContext[3]>), 0 uses 🪦[0m[0m
[32m+ 0x10c00e38d48  n6: RootConstant(undefined_value), 0 uses 🪦[0m[0m
[32m+ 0x10c00e38de8  n7: FunctionEntryStackCheck[0m[0m
[32m+ 0x10c00e38e88  n8: Jump[0m[0m
[36m   0 : 0b 04             Ldar a1[0m
[33mNew block (merge @0x10c011b0018) at 0x09b80101e2cd <SharedFunctionInfo trunc>[37m
  VOs (IFS): 
[1m[36m=== KnownNodeAspects (epoch: 0, side_effects_require_invalidation: 0, aliasing_contexts: 0) ===[0m
[1mNode Infos:[0m
  - [32mn1[0m: type=[33mJSReceiver[0m
[1mAvailable Expressions:[0m
  - [33m0x30fdc58[0m: [32mn1[0m (epoch: 4294967295)
  - [33m0x55bb1b9f[0m: [32mn3[0m (epoch: 4294967295)
  - [33m0xf2a34cb4[0m: [32mn2[0m (epoch: 4294967295)
[0m
[37mCopying frame state from merge @0x10c011b0018[0m
[37m  - VOs (IFS): [0m
[37m  - VOs (merge): [0m
[36m   2 : 44 03 04          Mul a0, EmbeddedFeedback[4][0m
[32m+ 0x10c011b05f8  n9: CheckedNumberToFloat64 [n2], 0 uses, but required, cannot truncate to int32 [-∞, +∞][0m[0m
[32m+ 0x10c011b0768  n10: CheckedNumberToFloat64 [n3], 0 uses, but required, cannot truncate to int32 [-∞, +∞][0m[0m
[32m+ 0x10c011b07c8  n11: Float64Multiply [n9, n10], 0 uses 🪦, cannot truncate to int32 [-∞, +∞][0m[0m
[36m   5 : d5                Star0[0m
[36m   6 : 0b 03             Ldar a0[0m
[36m   8 : 42 f9 04          Add r0, EmbeddedFeedback[4][0m
[32m+ 0x10c011b0838  n12: Float64Add [n9, n11], 0 uses 🪦, cannot truncate to int32 [-∞, +∞][0m[0m
[36m  11 : d4                Star1[0m
[36m  12 : 55 00 04          BitwiseOrSmi [0], EmbeddedFeedback[4][0m
[32m+ 0x10c011b0908  n13: TruncateFloat64ToInt32 [n12], 0 uses 🪦, cannot truncate to int32[0m[0m
[36m  15 : d3                Star2[0m
[36m  16 : 0b f9             Ldar r0[0m
[36m  18 : 51 02 04          MulSmi [2], EmbeddedFeedback[4][0m
[32m+ 0x10c011b0958  n14: Float64Constant(2), 0 uses 🪦[0m[0m
[32m+ 0x10c011b09b8  n15: Float64Multiply [n11, n14], 0 uses 🪦, cannot truncate to int32 [-∞, +∞][0m[0m
[36m  21 : 55 00 04          BitwiseOrSmi [0], EmbeddedFeedback[4][0m
[32m+ 0x10c011b0a88  n16: TruncateFloat64ToInt32 [n15], 0 uses 🪦, cannot truncate to int32[0m[0m
[36m  24 : 42 f7 01          Add r2, EmbeddedFeedback[1][0m
[32m+ 0x10c011b0b20  n17: Int32AddWithOverflow [n13, n16], 0 uses, but required, cannot truncate to int32[0m[0m
[36m  27 : b9                Return[0m
[32m+ 0x10c011b0b70  n18: HeapConstant(0x09b80101e355 <FeedbackCell[one closure]>), 0 uses 🪦[0m[0m
[32m+ 0x10c011b0be0  n19: ReduceInterruptBudgetForReturn(27) [n18][0m[0m
[32m+ 0x10c011b0ca0  n20: Int32ToNumber[kCanonicalizeSmi] [n17], 0 uses 🪦[0m[0m
[32m+ 0x10c011b0c00  n21: Return [n20][0m[0m

----- Maglev graph building -----
Graph

[0m  [0m18: HeapConstant(0x09b80101e355 <FeedbackCell[one closure]>), 1 uses
[0m   [0m4: HeapConstant(0x09b80101e389 <JSFunction trunc (sfi = 0x9b80101e2cd)>), 2 uses
[0m   [0m5: HeapConstant(0x09b80101e375 <ScriptContext[3]>), 2 uses
[0m   [0m6: RootConstant(undefined_value), 0 uses 🪦
[0m  [0m14: Float64Constant(2), 1 uses
 [0mBlock b0
[0m[1;34m0x09b80101e2cd <SharedFunctionInfo trunc> (0x09b80104a3e5 <String[23]: "workloads/truncation.js">:5:14)
[m[0m[0;34m   0 : 0b 04             Ldar a1
[m[0m   [0m1: InitialValue(<this>), 2 uses
[0m   [0m2: InitialValue(a0), 3 uses
[0m   [0m3: InitialValue(a1), 4 uses
[0m   [0m7: FunctionEntryStackCheck
[0m      ↳ lazy @-1 (4 live vars)
[0m   [0m8: Jump b1
[0m   ↓
 [0mBlock b1
[0m[1;34m0x09b80101e2cd <SharedFunctionInfo trunc> (0x09b80104a3e5 <String[23]: "workloads/truncation.js">:0:0)
[m[0m[0;34m   2 : 44 03 04          Mul a0, EmbeddedFeedback[4]
[m[0m      ↱ eager @2 (5 live vars)
[0m   [0m9: CheckedNumberToFloat64 [n2], 2 uses, cannot truncate to int32 [-∞, +∞]
[0m      ↱ eager @2 (5 live vars)
[0m  [0m10: CheckedNumberToFloat64 [n3], 1 uses, cannot truncate to int32 [-∞, +∞]
[0m  [0m11: Float64Multiply [n9, n10], 2 uses, cannot truncate to int32 [-∞, +∞]
[0m[0;34m   8 : 42 f9 04          Add r0, EmbeddedFeedback[4]
[m[0m  [0m12: Float64Add [n9, n11], 1 uses, cannot truncate to int32 [-∞, +∞]
[0m[0;34m  12 : 55 00 04          BitwiseOrSmi [0], EmbeddedFeedback[4]
[m[0m  [0m13: TruncateFloat64ToInt32 [n12], 1 uses, cannot truncate to int32
[0m[0;34m  18 : 51 02 04          MulSmi [2], EmbeddedFeedback[4]
[m[0m  [0m15: Float64Multiply [n11, n14], 1 uses, cannot truncate to int32 [-∞, +∞]
[0m[0;34m  21 : 55 00 04          BitwiseOrSmi [0], EmbeddedFeedback[4]
[m[0m  [0m16: TruncateFloat64ToInt32 [n15], 1 uses, cannot truncate to int32
[0m[0;34m  24 : 42 f7 01          Add r2, EmbeddedFeedback[1]
[m[0m      ↱ eager @2 (5 live vars)
[0m  [0m17: Int32AddWithOverflow [n13, n16], 1 uses, can truncate to int32 [-2147483648, 2147483647]
[0m[0;34m  27 : b9                Return
[m[0m  [0m19: ReduceInterruptBudgetForReturn(27) [n18]
[0m  [0m20: Int32ToNumber[kCanonicalizeSmi] [n17], 1 uses
[0m  [0m21: Return [n20]
[0m

----- Truncation propagation -----
Graph

[0m  [0m18: HeapConstant(0x09b80101e355 <FeedbackCell[one closure]>), 1 uses
[0m   [0m4: HeapConstant(0x09b80101e389 <JSFunction trunc (sfi = 0x9b80101e2cd)>), 2 uses
[0m   [0m5: HeapConstant(0x09b80101e375 <ScriptContext[3]>), 2 uses
[0m   [0m6: RootConstant(undefined_value), 0 uses 🪦
[0m  [0m14: Float64Constant(2), 1 uses
 [0mBlock b0
[0m[1;34m0x09b80101e2cd <SharedFunctionInfo trunc> (0x09b80104a3e5 <String[23]: "workloads/truncation.js">:5:14)
[m[0m[0;34m   0 : 0b 04             Ldar a1
[m[0m   [0m1: InitialValue(<this>), 2 uses
[0m   [0m2: InitialValue(a0), 3 uses
[0m   [0m3: InitialValue(a1), 4 uses
[0m   [0m7: FunctionEntryStackCheck
[0m      ↳ lazy @-1 (4 live vars)
[0m   [0m8: Jump b1
[0m   ↓
 [0mBlock b1
[0m[1;34m0x09b80101e2cd <SharedFunctionInfo trunc> (0x09b80104a3e5 <String[23]: "workloads/truncation.js">:0:0)
[m[0m[0;34m   2 : 44 03 04          Mul a0, EmbeddedFeedback[4]
[m[0m      ↱ eager @2 (5 live vars)
[0m   [0m9: CheckedNumberToFloat64 [n2], 2 uses, cannot truncate to int32 [-∞, +∞]
[0m      ↱ eager @2 (5 live vars)
[0m  [0m10: CheckedNumberToFloat64 [n3], 1 uses, cannot truncate to int32 [-∞, +∞]
[0m  [0m11: Float64Multiply [n9, n10], 2 uses, cannot truncate to int32 [-∞, +∞]
[0m[0;34m   8 : 42 f9 04          Add r0, EmbeddedFeedback[4]
[m[0m  [0m12: Float64Add [n9, n11], 1 uses, cannot truncate to int32 [-∞, +∞]
[0m[0;34m  12 : 55 00 04          BitwiseOrSmi [0], EmbeddedFeedback[4]
[m[0m  [0m13: TruncateFloat64ToInt32 [n12], 1 uses, cannot truncate to int32
[0m[0;34m  18 : 51 02 04          MulSmi [2], EmbeddedFeedback[4]
[m[0m  [0m15: Float64Multiply [n11, n14], 1 uses, cannot truncate to int32 [-∞, +∞]
[0m[0;34m  21 : 55 00 04          BitwiseOrSmi [0], EmbeddedFeedback[4]
[m[0m  [0m16: TruncateFloat64ToInt32 [n15], 1 uses, cannot truncate to int32
[0m[0;34m  24 : 42 f7 01          Add r2, EmbeddedFeedback[1]
[m[0m      ↱ eager @2 (5 live vars)
[0m  [0m17: Int32AddWithOverflow [n13, n16], 1 uses, cannot truncate to int32
[0m[0;34m  27 : b9                Return
[m[0m  [0m19: ReduceInterruptBudgetForReturn(27) [n18]
[0m  [0m20: Int32ToNumber[kCanonicalizeSmi] [n17], 1 uses
[0m  [0m21: Return [n20]
[0m

----- Truncation -----
Graph

[0m  [0m18: HeapConstant(0x09b80101e355 <FeedbackCell[one closure]>), 1 uses
[0m   [0m4: HeapConstant(0x09b80101e389 <JSFunction trunc (sfi = 0x9b80101e2cd)>), 2 uses
[0m   [0m5: HeapConstant(0x09b80101e375 <ScriptContext[3]>), 2 uses
[0m   [0m6: RootConstant(undefined_value), 0 uses 🪦
[0m  [0m14: Float64Constant(2), 1 uses
 [0mBlock b0
[0m[1;34m0x09b80101e2cd <SharedFunctionInfo trunc> (0x09b80104a3e5 <String[23]: "workloads/truncation.js">:5:14)
[m[0m[0;34m   0 : 0b 04             Ldar a1
[m[0m   [0m1: InitialValue(<this>), 2 uses
[0m   [0m2: InitialValue(a0), 3 uses
[0m   [0m3: InitialValue(a1), 4 uses
[0m   [0m7: FunctionEntryStackCheck
[0m      ↳ lazy @-1 (4 live vars)
[0m   [0m8: Jump b1
[0m   ↓
 [0mBlock b1
[0m[1;34m0x09b80101e2cd <SharedFunctionInfo trunc> (0x09b80104a3e5 <String[23]: "workloads/truncation.js">:0:0)
[m[0m[0;34m   2 : 44 03 04          Mul a0, EmbeddedFeedback[4]
[m[0m      ↱ eager @2 (5 live vars)
[0m   [0m9: CheckedNumberToFloat64 [n2], 2 uses, cannot truncate to int32 [-∞, +∞]
[0m      ↱ eager @2 (5 live vars)
[0m  [0m10: CheckedNumberToFloat64 [n3], 1 uses, cannot truncate to int32 [-∞, +∞]
[0m  [0m11: Float64Multiply [n9, n10], 2 uses, cannot truncate to int32 [-∞, +∞]
[0m[0;34m   8 : 42 f9 04          Add r0, EmbeddedFeedback[4]
[m[0m  [0m12: Float64Add [n9, n11], 1 uses, cannot truncate to int32 [-∞, +∞]
[0m[0;34m  12 : 55 00 04          BitwiseOrSmi [0], EmbeddedFeedback[4]
[m[0m  [0m13: TruncateFloat64ToInt32 [n12], 1 uses, cannot truncate to int32
[0m[0;34m  18 : 51 02 04          MulSmi [2], EmbeddedFeedback[4]
[m[0m  [0m15: Float64Multiply [n11, n14], 1 uses, cannot truncate to int32 [-∞, +∞]
[0m[0;34m  21 : 55 00 04          BitwiseOrSmi [0], EmbeddedFeedback[4]
[m[0m  [0m16: TruncateFloat64ToInt32 [n15], 1 uses, cannot truncate to int32
[0m[0;34m  24 : 42 f7 01          Add r2, EmbeddedFeedback[1]
[m[0m      ↱ eager @2 (5 live vars)
[0m  [0m17: Int32AddWithOverflow [n13, n16], 1 uses, cannot truncate to int32
[0m[0;34m  27 : b9                Return
[m[0m  [0m19: ReduceInterruptBudgetForReturn(27) [n18]
[0m  [0m20: Int32ToNumber[kCanonicalizeSmi] [n17], 1 uses
[0m  [0m21: Return [n20]
[0m

----- Phi untagging -----
Graph

[0m  [0m18: HeapConstant(0x09b80101e355 <FeedbackCell[one closure]>), 1 uses
[0m   [0m4: HeapConstant(0x09b80101e389 <JSFunction trunc (sfi = 0x9b80101e2cd)>), 2 uses
[0m   [0m5: HeapConstant(0x09b80101e375 <ScriptContext[3]>), 2 uses
[0m   [0m6: RootConstant(undefined_value), 0 uses 🪦
[0m  [0m14: Float64Constant(2), 1 uses
 [0mBlock b0
[0m[1;34m0x09b80101e2cd <SharedFunctionInfo trunc> (0x09b80104a3e5 <String[23]: "workloads/truncation.js">:5:14)
[m[0m[0;34m   0 : 0b 04             Ldar a1
[m[0m   [0m1: InitialValue(<this>), 2 uses
[0m   [0m2: InitialValue(a0), 3 uses
[0m   [0m3: InitialValue(a1), 4 uses
[0m   [0m7: FunctionEntryStackCheck
[0m      ↳ lazy @-1 (4 live vars)
[0m   [0m8: Jump b1
[0m   ↓
 [0mBlock b1
[0m[1;34m0x09b80101e2cd <SharedFunctionInfo trunc> (0x09b80104a3e5 <String[23]: "workloads/truncation.js">:0:0)
[m[0m[0;34m   2 : 44 03 04          Mul a0, EmbeddedFeedback[4]
[m[0m      ↱ eager @2 (5 live vars)
[0m   [0m9: CheckedNumberToFloat64 [n2], 2 uses, cannot truncate to int32 [-∞, +∞]
[0m      ↱ eager @2 (5 live vars)
[0m  [0m10: CheckedNumberToFloat64 [n3], 1 uses, cannot truncate to int32 [-∞, +∞]
[0m  [0m11: Float64Multiply [n9, n10], 2 uses, cannot truncate to int32 [-∞, +∞]
[0m[0;34m   8 : 42 f9 04          Add r0, EmbeddedFeedback[4]
[m[0m  [0m12: Float64Add [n9, n11], 1 uses, cannot truncate to int32 [-∞, +∞]
[0m[0;34m  12 : 55 00 04          BitwiseOrSmi [0], EmbeddedFeedback[4]
[m[0m  [0m13: TruncateFloat64ToInt32 [n12], 1 uses, cannot truncate to int32
[0m[0;34m  18 : 51 02 04          MulSmi [2], EmbeddedFeedback[4]
[m[0m  [0m15: Float64Multiply [n11, n14], 1 uses, cannot truncate to int32 [-∞, +∞]
[0m[0;34m  21 : 55 00 04          BitwiseOrSmi [0], EmbeddedFeedback[4]
[m[0m  [0m16: TruncateFloat64ToInt32 [n15], 1 uses, cannot truncate to int32
[0m[0;34m  24 : 42 f7 01          Add r2, EmbeddedFeedback[1]
[m[0m      ↱ eager @2 (5 live vars)
[0m  [0m17: Int32AddWithOverflow [n13, n16], 1 uses, cannot truncate to int32
[0m[0;34m  27 : b9                Return
[m[0m  [0m19: ReduceInterruptBudgetForReturn(27) [n18]
[0m  [0m20: Int32ToNumber[kCanonicalizeSmi] [n17], 1 uses
[0m  [0m21: Return [n20]
[0m

----- AnyUseMarking -----
Graph

[0m  [0m18: HeapConstant(0x09b80101e355 <FeedbackCell[one closure]>) → (x)
[0m   [0m4: HeapConstant(0x09b80101e389 <JSFunction trunc (sfi = 0x9b80101e2cd)>) → (x)
[0m   [0m5: HeapConstant(0x09b80101e375 <ScriptContext[3]>) → (x)
[0m  [0m14: Float64Constant(2) → (x)
 [0mBlock b0
[0m[1;34m0x09b80101e2cd <SharedFunctionInfo trunc> (0x09b80104a3e5 <String[23]: "workloads/truncation.js">:5:14)
[m[0m[0;34m   0 : 0b 04             Ldar a1
[m[0m   [0m1: InitialValue(<this>) → (x)
[0m   [0m2: InitialValue(a0) → (x)
[0m   [0m3: InitialValue(a1) → (x)
[0m   [0m7: FunctionEntryStackCheck
[0m      ↳ lazy @-1 (4 live vars)
[0m   [0m8: Jump b1
[0m   ↓
 [0mBlock b1
[0m[1;34m0x09b80101e2cd <SharedFunctionInfo trunc> (0x09b80104a3e5 <String[23]: "workloads/truncation.js">:0:0)
[m[0m[0;34m   2 : 44 03 04          Mul a0, EmbeddedFeedback[4]
[m[0m      ↱ eager @2 (5 live vars)
[0m   [0m9: CheckedNumberToFloat64 [v0/n2:(x)] → (x)
[0m      ↱ eager @2 (5 live vars)
[0m  [0m10: CheckedNumberToFloat64 [v0/n3:(x)] → (x)
[0m  [0m11: Float64Multiply [v0/n9:(x), v0/n10:(x)] → (x)
[0m[0;34m   8 : 42 f9 04          Add r0, EmbeddedFeedback[4]
[m[0m  [0m12: Float64Add [v0/n9:(x), v0/n11:(x)] → (x)
[0m[0;34m  12 : 55 00 04          BitwiseOrSmi [0], EmbeddedFeedback[4]
[m[0m  [0m13: TruncateFloat64ToInt32 [v0/n12:(x)] → (x)
[0m[0;34m  18 : 51 02 04          MulSmi [2], EmbeddedFeedback[4]
[m[0m  [0m15: Float64Multiply [v0/n11:(x), v0/n14:(x)] → (x)
[0m[0;34m  21 : 55 00 04          BitwiseOrSmi [0], EmbeddedFeedback[4]
[m[0m  [0m16: TruncateFloat64ToInt32 [v0/n15:(x)] → (x)
[0m[0;34m  24 : 42 f7 01          Add r2, EmbeddedFeedback[1]
[m[0m      ↱ eager @2 (5 live vars)
[0m  [0m17: Int32AddWithOverflow [v0/n13:(x), v0/n16:(x)] → (x)
[0m[0;34m  27 : b9                Return
[m[0m  [0m19: ReduceInterruptBudgetForReturn(27) [v0/n18:(x)]
[0m  [0m20: Int32ToNumber[kCanonicalizeSmi] [v0/n17:(x)] → (x)
[0m  [0m21: Return [v0/n20:(x)]
[0m

----- Dead nodes sweeping -----
Graph

[0m   [0m1/18: HeapConstant(0x09b80101e355 <FeedbackCell[one closure]>) → v-1, live range: [1-18]
[0m    [0m2/4: HeapConstant(0x09b80101e389 <JSFunction trunc (sfi = 0x9b80101e2cd)>) → v-1, live range: [2-17]
[0m    [0m3/5: HeapConstant(0x09b80101e375 <ScriptContext[3]>) → v-1, live range: [3-17]
[0m   [0m4/14: Float64Constant(2) → v-1, live range: [4-15]
 [0mBlock b0
[0m[1;34m0x09b80101e2cd <SharedFunctionInfo trunc> (0x09b80104a3e5 <String[23]: "workloads/truncation.js">:5:14)
[m[0m[0;34m   0 : 0b 04             Ldar a1
[m[0m    [0m5/1: InitialValue(<this>) → v-1(=-6S), live range: [5-17]
[0m    [0m6/2: InitialValue(a0) → v-1(=-7S), live range: [6-17]
[0m    [0m7/3: InitialValue(a1) → v-1(=-8S), live range: [7-17]
[0m    [0m8/7: FunctionEntryStackCheck
[0m         ↳ lazy @-1 (4 live vars)
[0m    [0m9/8: Jump b1
[0m      ↓
 [0mBlock b1
[0m[1;34m0x09b80101e2cd <SharedFunctionInfo trunc> (0x09b80104a3e5 <String[23]: "workloads/truncation.js">:0:0)
[m[0m[0;34m   2 : 44 03 04          Mul a0, EmbeddedFeedback[4]
[m[0m         ↱ eager @2 (5 live vars)
[0m   [0m10/9: CheckedNumberToFloat64 [v6/n2:v-1(R)] → v-1(R), live range: [10-13]
[0m         ↱ eager @2 (5 live vars)
[0m  [0m11/10: CheckedNumberToFloat64 [v7/n3:v-1(R)] → v-1(R), live range: [11-12]
[0m  [0m12/11: Float64Multiply [v10/n9:v-1(R), v11/n10:v-1(R)] → v-1(R), live range: [12-15]
[0m[0;34m   8 : 42 f9 04          Add r0, EmbeddedFeedback[4]
[m[0m  [0m13/12: Float64Add [v10/n9:v-1(R), v12/n11:v-1(R)] → v-1(R), live range: [13-14]
[0m[0;34m  12 : 55 00 04          BitwiseOrSmi [0], EmbeddedFeedback[4]
[m[0m  [0m14/13: TruncateFloat64ToInt32 [v13/n12:v-1(R)] → v-1(R), live range: [14-17]
[0m[0;34m  18 : 51 02 04          MulSmi [2], EmbeddedFeedback[4]
[m[0m  [0m15/15: Float64Multiply [v12/n11:v-1(R), v4/n14:v-1(R)] → v-1(R), live range: [15-16]
[0m[0;34m  21 : 55 00 04          BitwiseOrSmi [0], EmbeddedFeedback[4]
[m[0m  [0m16/16: TruncateFloat64ToInt32 [v15/n15:v-1(R)] → v-1(R), live range: [16-17]
[0m[0;34m  24 : 42 f7 01          Add r2, EmbeddedFeedback[1]
[m[0m         ↱ eager @2 (5 live vars)
[0m  [0m17/17: Int32AddWithOverflow [v14/n13:v-1(R), v16/n16:v-1(R)] → v-1(R), live range: [17-19]
[0m[0;34m  27 : b9                Return
[m[0m  [0m18/19: ReduceInterruptBudgetForReturn(27) [v1/n18:v-1(R)]
[0m  [0m19/20: Int32ToNumber[kCanonicalizeSmi] [v17/n17:v-1(R)] → v-1(R), live range: [19-20]
[0m  [0m20/21: Return [v19/n20:v-1(=x0)]
[0m

----- Register allocation -----
Graph

[0m   [0m1/18: HeapConstant(0x09b80101e355 <FeedbackCell[one closure]>) → v-1, live range: [1-18]
[0m    [0m2/4: HeapConstant(0x09b80101e389 <JSFunction trunc (sfi = 0x9b80101e2cd)>) → v-1, live range: [2-17]
[0m    [0m3/5: HeapConstant(0x09b80101e375 <ScriptContext[3]>) → v-1, live range: [3-17]
[0m   [0m4/14: Float64Constant(2) → v-1, live range: [4-15]
 [0mBlock b0
[0m[1;34m0x09b80101e2cd <SharedFunctionInfo trunc> (0x09b80104a3e5 <String[23]: "workloads/truncation.js">:5:14)
[m[0m[0;34m   0 : 0b 04             Ldar a1
[m[0m    [0m5/1: InitialValue(<this>) → [stack:-6|t], live range: [5-17]
[0m    [0m6/2: InitialValue(a0) → [stack:-7|t], live range: [6-17]
[0m    [0m7/3: InitialValue(a1) → [stack:-8|t], live range: [7-17]
[0m    [0m8/7: FunctionEntryStackCheck
[0m         ↳ lazy @-1 (4 live vars)
[0m    [0m9/8: Jump b1
[0m      ↓
 [0mBlock b1
[0m     [0m22: GapMove([stack:-7|t] → [x0|R|t])
[0m[1;34m0x09b80101e2cd <SharedFunctionInfo trunc> (0x09b80104a3e5 <String[23]: "workloads/truncation.js">:0:0)
[m[0m[0;34m   2 : 44 03 04          Mul a0, EmbeddedFeedback[4]
[m[0m         ↱ eager @2 (5 live vars)
[0m   [0m10/9: CheckedNumberToFloat64 [v6/n2:[x0|R|t]] → [v0|R|f64], live range: [10-13]
[0m     [0m23: GapMove([stack:-8|t] → [x0|R|t])
[0m         ↱ eager @2 (5 live vars)
[0m  [0m11/10: CheckedNumberToFloat64 [v7/n3:[x0|R|t]] → [v1|R|f64], live range: [11-12]
[0m  [0m12/11: Float64Multiply [v10/n9:[v0|R|f64], v11/n10:[v1|R|f64]] → [v2|R|f64], live range: [12-15]
[0m[0;34m   8 : 42 f9 04          Add r0, EmbeddedFeedback[4]
[m[0m  [0m13/12: Float64Add [v10/n9:[v0|R|f64], v12/n11:[v2|R|f64]] → [v1|R|f64], live range: [13-14]
[0m[0;34m  12 : 55 00 04          BitwiseOrSmi [0], EmbeddedFeedback[4]
[m[0m  [0m14/13: TruncateFloat64ToInt32 [v13/n12:[v1|R|f64]] → [x0|R|w32], live range: [14-17]
[0m     [0m24: ConstantGapMove(n14 → [v0|R|f64])
[0m[0;34m  18 : 51 02 04          MulSmi [2], EmbeddedFeedback[4]
[m[0m  [0m15/15: Float64Multiply [v12/n11:[v2|R|f64], v4/n14:[v0|R|f64]] → [v1|R|f64], live range: [15-16]
[0m[0;34m  21 : 55 00 04          BitwiseOrSmi [0], EmbeddedFeedback[4]
[m[0m  [0m16/16: TruncateFloat64ToInt32 [v15/n15:[v1|R|f64]] → [x1|R|w32], live range: [16-17]
[0m[0;34m  24 : 42 f7 01          Add r2, EmbeddedFeedback[1]
[m[0m         ↱ eager @2 (5 live vars)
[0m  [0m17/17: Int32AddWithOverflow [v14/n13:[x0|R|w32], v16/n16:[x1|R|w32]] → [x2|R|w32], live range: [17-19]
[0m     [0m25: ConstantGapMove(n18 → [x0|R|t])
[0m[0;34m  27 : b9                Return
[m[0m  [0m18/19: ReduceInterruptBudgetForReturn(27) [v1/n18:[x0|R|t]]
[0m  [0m19/20: Int32ToNumber[kCanonicalizeSmi] [v17/n17:[x2|R|w32]] → [x0|R|t], live range: [19-20]
[0m  [0m20/21: Return [v19/n20:[x0|R|t]]
[0m
---------------------------------------------------
Finished compiling method trunc using Maglev
---------------------------------------------------
Begin compiling method  using Maglev
Compiling 0x09b80101e335 <JSFunction (sfi = 0x9b80101e265)> with Maglev
----- Bytecode array -----
Parameter count 1
Register count 6
Frame size 48
         0x31a010000c8 @    0 : 13 00             LdaConstant [0:0x09b80101e2bd <FixedArray[2]>]
         0x31a010000ca @    2 : d3                Star2
         0x31a010000cb @    3 : 1b fe f6          Mov <closure>, r3
         0x31a010000ce @    6 : 70 77 01 f7 02    CallRuntime [DeclareGlobals], r2-r3
         0x31a010000d3 @   11 : 0c                LdaZero
         0x31a010000d4 @   12 : 29 02             StaCurrentContextSlot [2]
         0x31a010000d6 @   14 : 0c                LdaZero
         0x31a010000d7 @   15 : d4                Star1
         0x31a010000d8 @   16 : 01 0d a0 86 01 00 LdaSmi.ExtraWide [100000]
         0x31a010000de @   22 : 79 f8 04          TestLessThan r1, EmbeddedFeedback[4]
         0x31a010000e1 @   25 : a8 2b             JumpIfFalse [43] (0x31a0100010c @ 68)
         0x31a010000e3 @   27 : 18 02             LdaCurrentContextSlot [2]
         0x31a010000e5 @   29 : d3                Star2
         0x31a010000e6 @   30 : 23 01 00          LdaGlobal [1:"trunc"], FBV[0]
         0x31a010000e9 @   33 : d2                Star3
         0x31a010000ea @   34 : 13 02             LdaConstant [2:0x09b80101e2fd <HeapNumber 1.5>]
         0x31a010000ec @   36 : 44 f8 04          Mul r1, EmbeddedFeedback[4]
         0x31a010000ef @   39 : d1                Star4
         0x31a010000f0 @   40 : 13 03             LdaConstant [3:0x09b80101e309 <HeapNumber 0.25>]
         0x31a010000f2 @   42 : 44 f8 04          Mul r1, EmbeddedFeedback[4]
         0x31a010000f5 @   45 : d0                Star5
         0x31a010000f6 @   46 : 6e f6 f5 f4 02    CallUndefinedReceiver2 r3, r4, r5, FBV[2]
         0x31a010000fb @   51 : 42 f7 03          Add r2, EmbeddedFeedback[3]
         0x31a010000fe @   54 : 55 00 04          BitwiseOrSmi [0], EmbeddedFeedback[4]
         0x31a01000101 @   57 : 29 02             StaCurrentContextSlot [2]
         0x31a01000103 @   59 : 0b f8             Ldar r1
         0x31a01000105 @   61 : 5b 04             Inc FBV[4]
         0x31a01000107 @   63 : d4                Star1
         0x31a01000108 @   64 : 97 30 00 05       JumpLoop [48], [0], FBV[5] (0x31a010000d8 @ 16)
         0x31a0100010c @   68 : 23 04 07          LdaGlobal [4:"print"], FBV[7]
         0x31a0100010f @   71 : d3                Star2
         0x31a01000110 @   72 : 18 02             LdaCurrentContextSlot [2]
         0x31a01000112 @   74 : d2                Star3
         0x31a01000113 @   75 : 6d f7 f6 09       CallUndefinedReceiver1 r2, r3, FBV[9]
         0x31a01000117 @   79 : d5                Star0
         0x31a01000118 @   80 : b9                Return
Constant pool (size = 5)
0x31a01000085: [TrustedFixedArray]
 - map: 0x09b800000605 <Map(TRUSTED_FIXED_ARRAY_TYPE)>
 - length: 5
           0: 0x09b80101e2bd <FixedArray[2]>
           1: 0x09b800002c3d <String[5]: #trunc>
           2: 0x09b80101e2fd <HeapNumber 1.5>
           3: 0x09b80101e309 <HeapNumber 0.25>
           4: 0x09b801002e31 <String[5]: #print>
Handler Table (size = 0)
Source Position Table (size = 0)
0x9b80101e4e5: [FeedbackVector] in OldSpace
 - map: 0x09b800000895 <Map(FEEDBACK_VECTOR_TYPE)>
 - length: 11
 - shared function info: 0x09b80101e265 <SharedFunctionInfo>
 - tiering_in_progress: 0
 - osr_tiering_in_progress: 0
 - invocation count: 1
 - closure feedback cell array: 0x9b801140931: [ClosureFeedbackCellArray]
 - map: 0x09b80000086d <Map(CLOSURE_FEEDBACK_CELL_ARRAY_TYPE)>
 - length: 1
 - elements:
           0: 0x09b80101e355 <FeedbackCell[one closure]>

 - slot #0 LoadGlobalNotInsideTypeof MONOMORPHIC
   [weak] 0x09b80101e3a9 <PropertyCell name=0x09b800002c3d <String[5]: #trunc> value=0x09b80101e389 <JSFunction trunc (sfi = 0x9b80101e2cd)>> {
     [0]: [weak] 0x09b80101e3a9 <PropertyCell name=0x09b800002c3d <String[5]: #trunc> value=0x09b80101e389 <JSFunction trunc (sfi = 0x9b80101e2cd)>>
     [1]: 0x09b800000eb5 <Symbol: (uninitialized_symbol)>
  }
 - slot #2 Call MONOMORPHIC {
     [2]: [weak] 0x09b80101e389 <JSFunction trunc (sfi = 0x9b80101e2cd)>
     [3]: 204384
  }
 - slot #4 BinaryOp BinaryOp:SignedSmall {
     [4]: 1
  }
 - slot #5 JumpLoop JumpLoop {
     [5]: [cleared]
     [6]: 0
  }
 - slot #7 LoadGlobalNotInsideTypeof UNINITIALIZED {
     [7]: [cleared]
     [8]: 0x09b800000eb5 <Symbol: (uninitialized_symbol)>
  }
 - slot #9 Call UNINITIALIZED {
     [9]: 0x09b800000eb5 <Symbol: (uninitialized_symbol)>
     [10]: 0
  }
- Non-standard entrypoint @16 by OSR from @64[0m
[32m+ 0x10c011b0618  n1: InitialValue(<this>), 0 uses 🪦[0m[0m
[32m+ 0x10c011b06e8  n2: InitialValue(<context>), 0 uses 🪦[0m[0m
[32m+ 0x10c011b0740  n3: InitialValue(<closure>), 0 uses 🪦[0m[0m
[32m+ 0x10c011b0798  n4: InitialValue(r0), 0 uses 🪦[0m[0m
[32m+ 0x10c011b0800  n5: InitialValue(r1), 0 uses 🪦[0m[0m
[32m+ 0x10c011b0858  n6: InitialValue(r2), 0 uses 🪦[0m[0m
[32m+ 0x10c011b08d0  n7: InitialValue(r3), 0 uses 🪦[0m[0m
[32m+ 0x10c011b0928  n8: InitialValue(r4), 0 uses 🪦[0m[0m
[32m+ 0x10c011b09c0  n9: InitialValue(r5), 0 uses 🪦[0m[0m
[32m+ 0x10c011b0a70  n10: FunctionEntryStackCheck[0m[0m
[32m+ 0x10c011b0b30  n11: CheckpointedJump[0m[0m
  * Begin loop peeling....[0m
[36m  16 : 01 0d a0 86 01 00 LdaSmi.ExtraWide [100000][0m
[33mNew block (merge @0x10c011b0bc0) at 0x09b80101e265 <SharedFunctionInfo>[37m
  VOs (IFS): 
[1m[36m=== KnownNodeAspects (epoch: 0, side_effects_require_invalidation: 0, aliasing_contexts: 0) ===[0m
[1mNode Infos:[0m
  - [32mn1[0m: type=[33mJSReceiver[0m
[1mAvailable Expressions:[0m
  - [33m0x30fdc58[0m: [32mn1[0m (epoch: 4294967295)
  - [33m0xb0db6d8[0m: [32mn9[0m (epoch: 4294967295)
  - [33m0xfcc2ba3[0m: [32mn8[0m (epoch: 4294967295)
  - [33m0x248b6846[0m: [32mn3[0m (epoch: 4294967295)
  - [33m0x2bb4c3c2[0m: [32mn6[0m (epoch: 4294967295)
  - [33m0x90cc55f1[0m: [32mn5[0m (epoch: 4294967295)
  - [33m0x98086aa9[0m: [32mn2[0m (epoch: 4294967295)
  - [33m0xdfe2361a[0m: [32mn4[0m (epoch: 4294967295)
  - [33m0xe6b6bde6[0m: [32mn7[0m (epoch: 4294967295)
[0m
[37mCopying frame state from merge @0x10c011b0bc0[0m
[37m  - VOs (IFS): [0m
[37m  - VOs (merge): [0m
[32m+ 0x10c011b22e0  n12: SmiConstant(100000), 0 uses 🪦[0m[0m
[36m  22 : 79 f8 04          TestLessThan r1, EmbeddedFeedback[4][0m
[32m+ 0x10c011b23d8  n13: CheckedSmiUntag [n5], 0 uses, but required, cannot truncate to int32[0m[0m
[32m+ 0x10c011b24c0  n14: Int32Constant(100000), 0 uses 🪦, cannot truncate to int32[0m[0m
[32m+ 0x10c011b2518  n15: Int32Compare[LessThan] [n13, n14], 0 uses 🪦[0m[0m
[36m  25 : a8 2b             JumpIfFalse [43][0m
[32m+ 0x10c011b2578  n16: BranchIfInt32Compare(LessThan) [n13, n14][0m[0m
[32m+ 0x10c011b25b8  n17: RootConstant(false_value), 0 uses 🪦[0m[0m
[32m+ 0x10c011b2ca0  n18: RootConstant(true_value), 0 uses 🪦[0m[0m
[33mNew block (single fallthrough) at 0x09b80101e265 <SharedFunctionInfo>[37m
  VOs (IFS): 
[1m[36m=== KnownNodeAspects (epoch: 0, side_effects_require_invalidation: 0, aliasing_contexts: 0) ===[0m
[1mNode Infos:[0m
  - [32mn1[0m: type=[33mJSReceiver[0m
  - [32mn5[0m: type=[33mSmi[0m, alternatives={int32: [32mn13[0m}
[1mAvailable Expressions:[0m
  - [33m0x30fdc58[0m: [32mn1[0m (epoch: 4294967295)
  - [33m0xb0db6d8[0m: [32mn9[0m (epoch: 4294967295)
  - [33m0xfcc2ba3[0m: [32mn8[0m (epoch: 4294967295)
  - [33m0x248b6846[0m: [32mn3[0m (epoch: 4294967295)
  - [33m0x2bb4c3c2[0m: [32mn6[0m (epoch: 4294967295)
  - [33m0x59591cf8[0m: [32mn13[0m (epoch: 4294967295)
  - [33m0x5dc6e50e[0m: [32mn15[0m (epoch: 4294967295)
  - [33m0x90cc55f1[0m: [32mn5[0m (epoch: 4294967295)
  - [33m0x98086aa9[0m: [32mn2[0m (epoch: 4294967295)
  - [33m0xdfe2361a[0m: [32mn4[0m (epoch: 4294967295)
  - [33m0xe6b6bde6[0m: [32mn7[0m (epoch: 4294967295)
[0m
[36m  27 : 18 02             LdaCurrentContextSlot [2][0m
[32m+ 0x10c011b2d98  n19: LoadContextSlot(0x10, mutable) [n2], 0 uses, but required[0m[0m
[36m  29 : d3                Star2[0m
[36m  30 : 23 01 00          LdaGlobal [1:"trunc"], FBV[0][0m
[32m+ 0x10c011b35d8  n20: HeapConstant(0x09b80101e389 <JSFunction trunc (sfi = 0x9b80101e2cd)>), 0 uses 🪦[0m[0m
[36m  33 : d2                Star3[0m
[36m  34 : 13 02             LdaConstant [2:0x09b80101e2fd <HeapNumber 1.5>][0m
[32m+ 0x10c011b3638  n21: HeapConstant(0x09b80101e2fd <HeapNumber 1.5>), 0 uses 🪦[0m[0m
[36m  36 : 44 f8 04          Mul r1, EmbeddedFeedback[4][0m
[32m+ 0x10c011b3690  n22: ChangeInt32ToFloat64 [n13], 0 uses 🪦[0m[0m
[32m+ 0x10c011b36e0  n23: Float64Constant(1.5), 0 uses 🪦[0m[0m
[32m+ 0x10c011b3740  n24: Float64Multiply [n22, n23], 0 uses 🪦, cannot truncate to int32 [-∞, +∞][0m[0m
[36m  39 : d1                Star4[0m
[36m  40 : 13 03             LdaConstant [3:0x09b80101e309 <HeapNumber 0.25>][0m
[32m+ 0x10c011b37b0  n25: HeapConstant(0x09b80101e309 <HeapNumber 0.25>), 0 uses 🪦[0m[0m
[36m  42 : 44 f8 04          Mul r1, EmbeddedFeedback[4][0m
[32m+ 0x10c011b3800  n26: Float64Constant(0.25), 0 uses 🪦[0m[0m
[32m+ 0x10c011b3860  n27: Float64Multiply [n22, n26], 0 uses 🪦, cannot truncate to int32 [-∞, +∞][0m[0m
[36m  45 : d0                Star5[0m
[36m  46 : 6e f6 f5 f4 02    CallUndefinedReceiver2 r3, r4, r5, FBV[2][0m
[32m+ 0x10c011b3938  n28: RootConstant(undefined_value), 0 uses 🪦[0m[0m
[32m+ 0x10c011b3980  n29: HeapConstant(0x09b80101e375 <ScriptContext[3]>), 0 uses 🪦[0m[0m
[32m+ 0x10c011b3a78  n30: HeapConstant(0x09b801004999 <JSGlobalProxy>), 0 uses 🪦[0m[0m

----- Inlining 0x09b80101e2cd <SharedFunctionInfo trunc> with bytecode -----
Parameter count 3
Register count 3
Frame size 24
         0x31a01000144 @    0 : 0b 04             Ldar a1
         0x31a01000146 @    2 : 44 03 04          Mul a0, EmbeddedFeedback[4]
         0x31a01000149 @    5 : d5                Star0
         0x31a0100014a @    6 : 0b 03             Ldar a0
         0x31a0100014c @    8 : 42 f9 04          Add r0, EmbeddedFeedback[4]
         0x31a0100014f @   11 : d4                Star1
         0x31a01000150 @   12 : 55 00 04          BitwiseOrSmi [0], EmbeddedFeedback[4]
         0x31a01000153 @   15 : d3                Star2
         0x31a01000154 @   16 : 0b f9             Ldar r0
         0x31a01000156 @   18 : 51 02 04          MulSmi [2], EmbeddedFeedback[4]
         0x31a01000159 @   21 : 55 00 04          BitwiseOrSmi [0], EmbeddedFeedback[4]
         0x31a0100015c @   24 : 42 f7 01          Add r2, EmbeddedFeedback[1]
         0x31a0100015f @   27 : b9                Return
Constant pool (size = 0)
Handler Table (size = 0)
Source Position Table (size = 0)
0x9b80101e441: [FeedbackVector] in OldSpace
 - map: 0x09b800000895 <Map(FEEDBACK_VECTOR_TYPE)>
 - length: 0 (empty)
[32m+ 0x10c0118b700  n31: Jump[0m[0m
[36m   0 : 0b 04             Ldar a1[0m
[33mNew block (merge @0x10c0118b750) at 0x09b80101e2cd <SharedFunctionInfo trunc>[37m
  VOs (IFS): 
[1m[36m=== KnownNodeAspects (epoch: 0, side_effects_require_invalidation: 0, aliasing_contexts: 1) ===[0m
[1mNode Infos:[0m
  - [32mn1[0m: type=[33mJSReceiver[0m
  - [32mn5[0m: type=[33mSmi[0m, alternatives={int32: [32mn13[0m, float64: [32mn22[0m}
[1mLoaded Context Slots:[0m
  - [32mn2[0m@16 => [32mn19[0m
[1mAvailable Expressions:[0m
  - [33m0x30fdc58[0m: [32mn1[0m (epoch: 4294967295)
  - [33m0xb0db6d8[0m: [32mn9[0m (epoch: 4294967295)
  - [33m0xfcc2ba3[0m: [32mn8[0m (epoch: 4294967295)
  - [33m0x248b6846[0m: [32mn3[0m (epoch: 4294967295)
  - [33m0x2bb4c3c2[0m: [32mn6[0m (epoch: 4294967295)
  - [33m0x59591cf8[0m: [32mn13[0m (epoch: 4294967295)
  - [33m0x5dc6e50e[0m: [32mn15[0m (epoch: 4294967295)
  - [33m0x6a0b880f[0m: [32mn22[0m (epoch: 4294967295)
  - [33m0x779374fb[0m: [32mn19[0m (epoch: 0)
  - [33m0x83e88762[0m: [32mn27[0m (epoch: 4294967295)
  - [33m0x90cc55f1[0m: [32mn5[0m (epoch: 4294967295)
  - [33m0x98086aa9[0m: [32mn2[0m (epoch: 4294967295)
  - [33m0xa118a944[0m: [32mn24[0m (epoch: 4294967295)
  - [33m0xdfe2361a[0m: [32mn4[0m (epoch: 4294967295)
  - [33m0xe6b6bde6[0m: [32mn7[0m (epoch: 4294967295)
[0m
[37mCopying frame state from merge @0x10c0118b750[0m
[37m  - VOs (IFS): [0m
[37m  - VOs (merge): [0m
[36m   2 : 44 03 04          Mul a0, EmbeddedFeedback[4][0m
[32m+ 0x10c0118bfd8  n32: Float64Multiply [n24, n27], 0 uses 🪦, cannot truncate to int32 [-∞, +∞][0m[0m
[36m   5 : d5                Star0[0m
[36m   6 : 0b 03             Ldar a0[0m
[36m   8 : 42 f9 04          Add r0, EmbeddedFeedback[4][0m
[32m+ 0x10c0118c048  n33: Float64Add [n32, n24], 0 uses 🪦, cannot truncate to int32 [-∞, +∞][0m[0m
[36m  11 : d4                Star1[0m
[36m  12 : 55 00 04          BitwiseOrSmi [0], EmbeddedFeedback[4][0m
[32m+ 0x10c0118c118  n34: TruncateFloat64ToInt32 [n33], 0 uses 🪦, cannot truncate to int32[0m[0m
[36m  15 : d3                Star2[0m
[36m  16 : 0b f9             Ldar r0[0m
[36m  18 : 51 02 04          MulSmi [2], EmbeddedFeedback[4][0m
[32m+ 0x10c0118c168  n35: Float64Constant(2), 0 uses 🪦[0m[0m
[32m+ 0x10c0118c1c8  n36: Float64Multiply [n32, n35], 0 uses 🪦, cannot truncate to int32 [-∞, +∞][0m[0m
[36m  21 : 55 00 04          BitwiseOrSmi [0], EmbeddedFeedback[4][0m
[32m+ 0x10c0118c298  n37: TruncateFloat64ToInt32 [n36], 0 uses 🪦, cannot truncate to int32[0m[0m
[36m  24 : 42 f7 01          Add r2, EmbeddedFeedback[1][0m
[32m+ 0x10c0118c330  n38: Int32AddWithOverflow [n34, n37], 0 uses, but required, cannot truncate to int32[0m[0m
[36m  27 : b9                Return[0m
== Finished inlining 0x09b80101e2cd <SharedFunctionInfo trunc>[0m
[36m  51 : 42 f7 03          Add r2, EmbeddedFeedback[3][0m
[32m+ 0x10c0118c4d8  n39: CheckedNumberToFloat64 [n19], 0 uses, but required, cannot truncate to int32 [-∞, +∞][0m[0m
[32m+ 0x10c0118c658  n40: ChangeInt32ToFloat64 [n38], 0 uses 🪦[0m[0m
[32m+ 0x10c0118c6b8  n41: Float64Add [n39, n40], 0 uses 🪦, cannot truncate to int32 [-∞, +∞][0m[0m
[36m  54 : 55 00 04          BitwiseOrSmi [0], EmbeddedFeedback[4][0m
[32m+ 0x10c0118c788  n42: TruncateFloat64ToInt32 [n41], 0 uses 🪦, cannot truncate to int32[0m[0m
[36m  57 : 29 02             StaCurrentContextSlot [2][0m
[32m+ 0x10c0118c8e0  n43: Int32ToNumber[kCanonicalizeSmi] [n42], 0 uses 🪦[0m[0m
[32m+ 0x10c0118c840  n44: StoreContextSlotWithWriteBarrier(2, mutable) [n2, n43][0m[0m
  * Recording context slot store n2[16]: TruncateFloat64ToInt32 [n41], 1 uses, cannot truncate to int32[0m
[36m  59 : 0b f8             Ldar r1[0m
[36m  61 : 5b 04             Inc FBV[4][0m
[32m+ 0x10c0118ca68  n45: Int32IncrementWithOverflow [n13], 0 uses, but required, cannot truncate to int32[0m[0m
[36m  63 : d4                Star1[0m
[36m  64 : 97 30 00 05       JumpLoop [48], [0], FBV[5][0m
[32m+ 0x10c0118cb20  n46: HeapConstant(0x09b80101e365 <FeedbackCell[one closure]>), 0 uses 🪦[0m[0m
[32m+ 0x10c0118cbd0  n47: ReduceInterruptBudgetForLoop(38) [n46][0m[0m
[32m+ 0x10c0118ccb8  n48: RootConstant(optimized_out), 0 uses 🪦[0m[0m
[32m+ 0x10c0118cfc0  n49: Jump[0m[0m
[37mInitializing optimistic loop state...[0m
  <this>: <unregistered node 0><> <- n1<>[0m
 => n1: InitialValue(<this>), 7 uses<JSReceiver>[0m
  <context>: <unregistered node 0><> <- n2<>[0m
 => n2: InitialValue(<context>), 9 uses<>[0m
  r1: <unregistered node 0x10c0118cf88><> <- n45<>[0m
 => <unregistered node 0x10c0118cf88>: Phi(r1) [n50, <unregistered node 0>], 0 uses 🪦<>[0m
[36m  16 : 01 0d a0 86 01 00 LdaSmi.ExtraWide [100000][0m
[33mNew block (loop header @0x10c0118cd10) at 0x09b80101e265 <SharedFunctionInfo>[37m
  VOs (IFS): 
[1m[36m=== KnownNodeAspects (epoch: 1, side_effects_require_invalidation: 0, aliasing_contexts: 1) ===[0m
[1mNode Infos:[0m
  - [32mn33[0m: type=[33mNumber[0m, alternatives={truncated_int32_to_number: [32mn34[0m}
  - [32mn36[0m: type=[33mNumber[0m, alternatives={truncated_int32_to_number: [32mn37[0m}
  - [32mn38[0m: type=[33mNumber[0m, alternatives={float64: [32mn40[0m}
  - [32mn41[0m: type=[33mNumber[0m, alternatives={truncated_int32_to_number: [32mn42[0m}
  - [32mn42[0m: type=[33mNumber[0m, alternatives={tagged: [32mn43[0m}
  - [32mn1[0m: type=[33mJSReceiver[0m
  - [32mn5[0m: type=[33mSmi[0m, alternatives={int32: [32mn13[0m, float64: [32mn22[0m}
  - [32mn19[0m: type=[33mNumber[0m, alternatives={float64: [32mn39[0m}
[1mLoaded Context Slots:[0m
  - [32mn2[0m@16 => [32mn42[0m
[1mAvailable Expressions:[0m
  - [33m0x30fdc58[0m: [32mn1[0m (epoch: 4294967295)
  - [33m0xb0db6d8[0m: [32mn9[0m (epoch: 4294967295)
  - [33m0xfcc2ba3[0m: [32mn8[0m (epoch: 4294967295)
  - [33m0x10a553af[0m: [32mn39[0m (epoch: 4294967295)
  - [33m0x248b6846[0m: [32mn3[0m (epoch: 4294967295)
  - [33m0x2bb4c3c2[0m: [32mn6[0m (epoch: 4294967295)
  - [33m0x45af95b2[0m: [32mn40[0m (epoch: 4294967295)
  - [33m0x4eec5fb7[0m: [32mn41[0m (epoch: 4294967295)
  - [33m0x559772d5[0m: [32mn37[0m (epoch: 4294967295)
  - [33m0x59591cf8[0m: [32mn13[0m (epoch: 4294967295)
  - [33m0x5dc6e50e[0m: [32mn15[0m (epoch: 4294967295)
  - [33m0x6a0b880f[0m: [32mn22[0m (epoch: 4294967295)
  - [33m0x6a0b97df[0m: [32mn45[0m (epoch: 4294967295)
  - [33m0x779374fb[0m: [32mn19[0m (epoch: 0)
  - [33m0x7a1edda7[0m: [32mn38[0m (epoch: 4294967295)
  - [33m0x83e88762[0m: [32mn27[0m (epoch: 4294967295)
  - [33m0x8503032d[0m: [32mn32[0m (epoch: 4294967295)
  - [33m0x873f8c75[0m: [32mn36[0m (epoch: 4294967295)
  - [33m0x90cc55f1[0m: [32mn5[0m (epoch: 4294967295)
  - [33m0x98086aa9[0m: [32mn2[0m (epoch: 4294967295)
  - [33m0xa0226c12[0m: [32mn34[0m (epoch: 4294967295)
  - [33m0xa0dde63f[0m: [32mn33[0m (epoch: 4294967295)
  - [33m0xa118a944[0m: [32mn24[0m (epoch: 4294967295)
  - [33m0xb2cf4440[0m: [32mn43[0m (epoch: 4294967295)
  - [33m0xdfe2361a[0m: [32mn4[0m (epoch: 4294967295)
  - [33m0xe6b6bde6[0m: [32mn7[0m (epoch: 4294967295)
  - [33m0xe99ba75a[0m: [32mn42[0m (epoch: 4294967295)
[0m
[37mCopying frame state from merge @0x10c0118cd10[0m
[37m  - VOs (IFS): [0m
[37m  - VOs (merge): [0m
  0x10c0118cf88  n51: Phi(r1) [n50, <unregistered node 0>], 0 uses 🪦[0m
[36m  22 : 79 f8 04          TestLessThan r1, EmbeddedFeedback[4][0m
[32m+ 0x10c0118e6a8  n52: CheckedSmiUntag [n51], 0 uses, but required, cannot truncate to int32[0m[0m
[32m+ 0x10c0118e778  n53: Int32Compare[LessThan] [n52, n14], 0 uses 🪦[0m[0m
[36m  25 : a8 2b             JumpIfFalse [43][0m
[32m+ 0x10c0118e7d8  n54: BranchIfInt32Compare(LessThan) [n52, n14][0m[0m
[37mMerging...[0m
  <this>: n1<JSReceiver> <- n1<JSReceiver>[0m
 => n1: InitialValue(<this>), 8 uses<JSReceiver>[0m
  <context>: n2<> <- n2<>[0m
 => n2: InitialValue(<context>), 10 uses<>[0m
[33mNew block (single fallthrough) at 0x09b80101e265 <SharedFunctionInfo>[37m
  VOs (IFS): 
[1m[36m=== KnownNodeAspects (epoch: 2, side_effects_require_invalidation: 0, aliasing_contexts: 0) ===[0m
[1mNode Infos:[0m
  - [32mn33[0m: type=[33mNumber[0m, alternatives={truncated_int32_to_number: [32mn34[0m}
  - [32mn36[0m: type=[33mNumber[0m, alternatives={truncated_int32_to_number: [32mn37[0m}
  - [32mn38[0m: type=[33mNumber[0m, alternatives={float64: [32mn40[0m}
  - [32mn41[0m: type=[33mNumber[0m, alternatives={truncated_int32_to_number: [32mn42[0m}
  - [32mn42[0m: type=[33mNumber[0m, alternatives={tagged: [32mn43[0m}
  - [32mn51[0m: type=[33mSmi[0m, alternatives={int32: [32mn52[0m}
  - [32mn1[0m: type=[33mJSReceiver[0m
  - [32mn5[0m: type=[33mSmi[0m, alternatives={int32: [32mn13[0m, float64: [32mn22[0m}
  - [32mn19[0m: type=[33mNumber[0m, alternatives={float64: [32mn39[0m}
[1mAvailable Expressions:[0m
  - [33m0x30fdc58[0m: [32mn1[0m (epoch: 4294967295)
  - [33m0xb0db6d8[0m: [32mn9[0m (epoch: 4294967295)
  - [33m0xfcc2ba3[0m: [32mn8[0m (epoch: 4294967295)
  - [33m0x10a553af[0m: [32mn39[0m (epoch: 4294967295)
  - [33m0x248b6846[0m: [32mn3[0m (epoch: 4294967295)
  - [33m0x2bb4c3c2[0m: [32mn6[0m (epoch: 4294967295)
  - [33m0x45af95b2[0m: [32mn40[0m (epoch: 4294967295)
  - [33m0x4706bb00[0m: [32mn52[0m (epoch: 4294967295)
  - [33m0x4eec5fb7[0m: [32mn41[0m (epoch: 4294967295)
  - [33m0x559772d5[0m: [32mn37[0m (epoch: 4294967295)
  - [33m0x56e32566[0m: [32mn53[0m (epoch: 4294967295)
  - [33m0x59591cf8[0m: [32mn13[0m (epoch: 4294967295)
  - [33m0x5dc6e50e[0m: [32mn15[0m (epoch: 4294967295)
  - [33m0x6a0b880f[0m: [32mn22[0m (epoch: 4294967295)
  - [33m0x6a0b97df[0m: [32mn45[0m (epoch: 4294967295)
  - [33m0x7a1edda7[0m: [32mn38[0m (epoch: 4294967295)
  - [33m0x83e88762[0m: [32mn27[0m (epoch: 4294967295)
  - [33m0x8503032d[0m: [32mn32[0m (epoch: 4294967295)
  - [33m0x873f8c75[0m: [32mn36[0m (epoch: 4294967295)
  - [33m0x90cc55f1[0m: [32mn5[0m (epoch: 4294967295)
  - [33m0x98086aa9[0m: [32mn2[0m (epoch: 4294967295)
  - [33m0xa0226c12[0m: [32mn34[0m (epoch: 4294967295)
  - [33m0xa0dde63f[0m: [32mn33[0m (epoch: 4294967295)
  - [33m0xa118a944[0m: [32mn24[0m (epoch: 4294967295)
  - [33m0xb2cf4440[0m: [32mn43[0m (epoch: 4294967295)
  - [33m0xdfe2361a[0m: [32mn4[0m (epoch: 4294967295)
  - [33m0xe6b6bde6[0m: [32mn7[0m (epoch: 4294967295)
  - [33m0xe99ba75a[0m: [32mn42[0m (epoch: 4294967295)
[0m
[36m  27 : 18 02             LdaCurrentContextSlot [2][0m
[32m+ 0x10c0118e938  n55: LoadContextSlot(0x10, mutable) [n2], 0 uses, but required[0m[0m
[36m  29 : d3                Star2[0m
[36m  30 : 23 01 00          LdaGlobal [1:"trunc"], FBV[0][0m
[36m  33 : d2                Star3[0m
[36m  34 : 13 02             LdaConstant [2:0x09b80101e2fd <HeapNumber 1.5>][0m
[36m  36 : 44 f8 04          Mul r1, EmbeddedFeedback[4][0m
[32m+ 0x10c0118e9b0  n56: ChangeInt32ToFloat64 [n52], 0 uses 🪦[0m[0m
[32m+ 0x10c0118ea10  n57: Float64Multiply [n56, n23], 0 uses 🪦, cannot truncate to int32 [-∞, +∞][0m[0m
[36m  39 : d1                Star4[0m
[36m  40 : 13 03             LdaConstant [3:0x09b80101e309 <HeapNumber 0.25>][0m
[36m  42 : 44 f8 04          Mul r1, EmbeddedFeedback[4][0m
[32m+ 0x10c0118ea80  n58: Float64Multiply [n56, n26], 0 uses 🪦, cannot truncate to int32 [-∞, +∞][0m[0m
[36m  45 : d0                Star5[0m
[36m  46 : 6e f6 f5 f4 02    CallUndefinedReceiver2 r3, r4, r5, FBV[2][0m

----- Inlining 0x09b80101e2cd <SharedFunctionInfo trunc> with bytecode -----
Parameter count 3
Register count 3
Frame size 24
         0x31a01000144 @    0 : 0b 04             Ldar a1
         0x31a01000146 @    2 : 44 03 04          Mul a0, EmbeddedFeedback[4]
         0x31a01000149 @    5 : d5                Star0
         0x31a0100014a @    6 : 0b 03             Ldar a0
         0x31a0100014c @    8 : 42 f9 04          Add r0, EmbeddedFeedback[4]
         0x31a0100014f @   11 : d4                Star1
         0x31a01000150 @   12 : 55 00 04          BitwiseOrSmi [0], EmbeddedFeedback[4]
         0x31a01000153 @   15 : d3                Star2
         0x31a01000154 @   16 : 0b f9             Ldar r0
         0x31a01000156 @   18 : 51 02 04          MulSmi [2], EmbeddedFeedback[4]
         0x31a01000159 @   21 : 55 00 04          BitwiseOrSmi [0], EmbeddedFeedback[4]
         0x31a0100015c @   24 : 42 f7 01          Add r2, EmbeddedFeedback[1]
         0x31a0100015f @   27 : b9                Return
Constant pool (size = 0)
Handler Table (size = 0)
Source Position Table (size = 0)
0x9b80101e441: [FeedbackVector] in OldSpace
 - map: 0x09b800000895 <Map(FEEDBACK_VECTOR_TYPE)>
 - length: 0 (empty)
[32m+ 0x10c01191568  n59: Jump[0m[0m
[36m   0 : 0b 04             Ldar a1[0m
[33mNew block (merge @0x10c01191598) at 0x09b80101e2cd <SharedFunctionInfo trunc>[37m
  VOs (IFS): 
[1m[36m=== KnownNodeAspects (epoch: 2, side_effects_require_invalidation: 0, aliasing_contexts: 1) ===[0m
[1mNode Infos:[0m
  - [32mn33[0m: type=[33mNumber[0m, alternatives={truncated_int32_to_number: [32mn34[0m}
  - [32mn36[0m: type=[33mNumber[0m, alternatives={truncated_int32_to_number: [32mn37[0m}
  - [32mn38[0m: type=[33mNumber[0m, alternatives={float64: [32mn40[0m}
  - [32mn41[0m: type=[33mNumber[0m, alternatives={truncated_int32_to_number: [32mn42[0m}
  - [32mn42[0m: type=[33mNumber[0m, alternatives={tagged: [32mn43[0m}
  - [32mn51[0m: type=[33mSmi[0m, alternatives={int32: [32mn52[0m, float64: [32mn56[0m}
  - [32mn1[0m: type=[33mJSReceiver[0m
  - [32mn5[0m: type=[33mSmi[0m, alternatives={int32: [32mn13[0m, float64: [32mn22[0m}
  - [32mn19[0m: type=[33mNumber[0m, alternatives={float64: [32mn39[0m}
[1mLoaded Context Slots:[0m
  - [32mn2[0m@16 => [32mn55[0m
[1mAvailable Expressions:[0m
  - [33m0x30fdc58[0m: [32mn1[0m (epoch: 4294967295)
  - [33m0xb0db6d8[0m: [32mn9[0m (epoch: 4294967295)
  - [33m0xfcc2ba3[0m: [32mn8[0m (epoch: 4294967295)
  - [33m0x10a553af[0m: [32mn39[0m (epoch: 4294967295)
  - [33m0x248b6846[0m: [32mn3[0m (epoch: 4294967295)
  - [33m0x2bb4c3c2[0m: [32mn6[0m (epoch: 4294967295)
  - [33m0x30eb7926[0m: [32mn58[0m (epoch: 4294967295)
  - [33m0x45af95b2[0m: [32mn40[0m (epoch: 4294967295)
  - [33m0x4706bb00[0m: [32mn52[0m (epoch: 4294967295)
  - [33m0x4e1b9b08[0m: [32mn57[0m (epoch: 4294967295)
  - [33m0x4eec5fb7[0m: [32mn41[0m (epoch: 4294967295)
  - [33m0x559772d5[0m: [32mn37[0m (epoch: 4294967295)
  - [33m0x56e32566[0m: [32mn53[0m (epoch: 4294967295)
  - [33m0x59591cf8[0m: [32mn13[0m (epoch: 4294967295)
  - [33m0x5dc6e50e[0m: [32mn15[0m (epoch: 4294967295)
  - [33m0x6a0b880f[0m: [32mn22[0m (epoch: 4294967295)
  - [33m0x6a0b97df[0m: [32mn45[0m (epoch: 4294967295)
  - [33m0x779374fb[0m: [32mn55[0m (epoch: 2)
  - [33m0x7a1edda7[0m: [32mn38[0m (epoch: 4294967295)
  - [33m0x7ddc2870[0m: [32mn56[0m (epoch: 4294967295)
  - [33m0x83e88762[0m: [32mn27[0m (epoch: 4294967295)
  - [33m0x8503032d[0m: [32mn32[0m (epoch: 4294967295)
  - [33m0x873f8c75[0m: [32mn36[0m (epoch: 4294967295)
  - [33m0x90cc55f1[0m: [32mn5[0m (epoch: 4294967295)
  - [33m0x98086aa9[0m: [32mn2[0m (epoch: 4294967295)
  - [33m0xa0226c12[0m: [32mn34[0m (epoch: 4294967295)
  - [33m0xa0dde63f[0m: [32mn33[0m (epoch: 4294967295)
  - [33m0xa118a944[0m: [32mn24[0m (epoch: 4294967295)
  - [33m0xb2cf4440[0m: [32mn43[0m (epoch: 4294967295)
  - [33m0xdfe2361a[0m: [32mn4[0m (epoch: 4294967295)
  - [33m0xe6b6bde6[0m: [32mn7[0m (epoch: 4294967295)
  - [33m0xe99ba75a[0m: [32mn42[0m (epoch: 4294967295)
[0m
[37mCopying frame state from merge @0x10c01191598[0m
[37m  - VOs (IFS): [0m
[37m  - VOs (merge): [0m
[36m   2 : 44 03 04          Mul a0, EmbeddedFeedback[4][0m
[32m+ 0x10c011924b0  n60: Float64Multiply [n57, n58], 0 uses 🪦, cannot truncate to int32 [-∞, +∞][0m[0m
[36m   5 : d5                Star0[0m
[36m   6 : 0b 03             Ldar a0[0m
[36m   8 : 42 f9 04          Add r0, EmbeddedFeedback[4][0m
[32m+ 0x10c01192520  n61: Float64Add [n57, n60], 0 uses 🪦, cannot truncate to int32 [-∞, +∞][0m[0m
[36m  11 : d4                Star1[0m
[36m  12 : 55 00 04          BitwiseOrSmi [0], EmbeddedFeedback[4][0m
[32m+ 0x10c011925f0  n62: TruncateFloat64ToInt32 [n61], 0 uses 🪦, cannot truncate to int32[0m[0m
[36m  15 : d3                Star2[0m
[36m  16 : 0b f9             Ldar r0[0m
[36m  18 : 51 02 04          MulSmi [2], EmbeddedFeedback[4][0m
[32m+ 0x10c01192650  n63: Float64Multiply [n60, n35], 0 uses 🪦, cannot truncate to int32 [-∞, +∞][0m[0m
[36m  21 : 55 00 04          BitwiseOrSmi [0], EmbeddedFeedback[4][0m
[32m+ 0x10c01192720  n64: TruncateFloat64ToInt32 [n63], 0 uses 🪦, cannot truncate to int32[0m[0m
[36m  24 : 42 f7 01          Add r2, EmbeddedFeedback[1][0m
[32m+ 0x10c011927b8  n65: Int32AddWithOverflow [n62, n64], 0 uses, but required, cannot truncate to int32[0m[0m
[36m  27 : b9                Return[0m
== Finished inlining 0x09b80101e2cd <SharedFunctionInfo trunc>[0m
[36m  51 : 42 f7 03          Add r2, EmbeddedFeedback[3][0m
[32m+ 0x10c011929f0  n66: CheckedNumberToFloat64 [n55], 0 uses, but required, cannot truncate to int32 [-∞, +∞][0m[0m
[32m+ 0x10c01192b28  n67: ChangeInt32ToFloat64 [n65], 0 uses 🪦[0m[0m
[32m+ 0x10c01192b88  n68: Float64Add [n66, n67], 0 uses 🪦, cannot truncate to int32 [-∞, +∞][0m[0m
[36m  54 : 55 00 04          BitwiseOrSmi [0], EmbeddedFeedback[4][0m
[32m+ 0x10c01192c58  n69: TruncateFloat64ToInt32 [n68], 0 uses 🪦, cannot truncate to int32[0m[0m
[36m  57 : 29 02             StaCurrentContextSlot [2][0m
[32m+ 0x10c01192db0  n70: Int32ToNumber[kCanonicalizeSmi] [n69], 0 uses 🪦[0m[0m
[32m+ 0x10c01192d10  n71: StoreContextSlotWithWriteBarrier(2, mutable) [n2, n70][0m[0m
  * Recording context slot store n2[16]: TruncateFloat64ToInt32 [n68], 1 uses, cannot truncate to int32[0m
[36m  59 : 0b f8             Ldar r1[0m
[36m  61 : 5b 04             Inc FBV[4][0m
[32m+ 0x10c01192f28  n72: Int32IncrementWithOverflow [n52], 0 uses, but required, cannot truncate to int32[0m[0m
[36m  63 : d4                Star1[0m
[36m  64 : 97 30 00 05       JumpLoop [48], [0], FBV[5][0m
[32m+ 0x10c01193040  n73: ReduceInterruptBudgetForLoop(38) [n46][0m[0m
[32m+ 0x10c011931a0  n74: JumpLoop[0m[0m
[91mNext peeling not needed due to compatible state.[0m
  <this>: n1<JSReceiver> <- n1<JSReceiver>[0m
 => n1: InitialValue(<this>), 13 uses<JSReceiver>[0m
  <context>: n2<> <- n2<>[0m
 => n2: InitialValue(<context>), 17 uses<>[0m
  r1: n51<> <- n72<>[0m
 => n51: Phi(r1) [n50, n75], 6 uses<>[0m
[36m  68 : 23 04 07          LdaGlobal [4:"print"], FBV[7][0m
[33mNew block (merge @0x10c011b2618) at 0x09b80101e265 <SharedFunctionInfo>[37m
  VOs (IFS): 
[1m[36m=== KnownNodeAspects (epoch: 3, side_effects_require_invalidation: 0, aliasing_contexts: 1) ===[0m
[1mNode Infos:[0m
  - [32mn33[0m: type=[33mNumber[0m, alternatives={truncated_int32_to_number: [32mn34[0m}
  - [32mn36[0m: type=[33mNumber[0m, alternatives={truncated_int32_to_number: [32mn37[0m}
  - [32mn38[0m: type=[33mNumber[0m, alternatives={float64: [32mn40[0m}
  - [32mn41[0m: type=[33mNumber[0m, alternatives={truncated_int32_to_number: [32mn42[0m}
  - [32mn42[0m: type=[33mNumber[0m, alternatives={tagged: [32mn43[0m}
  - [32mn51[0m: type=[33mSmi[0m, alternatives={int32: [32mn52[0m, float64: [32mn56[0m}
  - [32mn55[0m: type=[33mNumber[0m, alternatives={float64: [32mn66[0m}
  - [32mn61[0m: type=[33mNumber[0m, alternatives={truncated_int32_to_number: [32mn62[0m}
  - [32mn63[0m: type=[33mNumber[0m, alternatives={truncated_int32_to_number: [32mn64[0m}
  - [32mn65[0m: type=[33mNumber[0m, alternatives={float64: [32mn67[0m}
  - [32mn68[0m: type=[33mNumber[0m, alternatives={truncated_int32_to_number: [32mn69[0m}
  - [32mn69[0m: type=[33mNumber[0m, alternatives={tagged: [32mn70[0m}
  - [32mn1[0m: type=[33mJSReceiver[0m
  - [32mn5[0m: type=[33mSmi[0m, alternatives={int32: [32mn13[0m, float64: [32mn22[0m}
  - [32mn19[0m: type=[33mNumber[0m, alternatives={float64: [32mn39[0m}
[1mLoaded Context Slots:[0m
  - [32mn2[0m@16 => [32mn69[0m
[1mAvailable Expressions:[0m
  - [33m0x30fdc58[0m: [32mn1[0m (epoch: 4294967295)
  - [33m0xb0db6d8[0m: [32mn9[0m (epoch: 4294967295)
  - [33m0xbacf051[0m: [32mn68[0m (epoch: 4294967295)
  - [33m0xfcc2ba3[0m: [32mn8[0m (epoch: 4294967295)
  - [33m0x10a553af[0m: [32mn39[0m (epoch: 4294967295)
  - [33m0x20cc7862[0m: [32mn67[0m (epoch: 4294967295)
  - [33m0x248b6846[0m: [32mn3[0m (epoch: 4294967295)
  - [33m0x2bb4c3c2[0m: [32mn6[0m (epoch: 4294967295)
  - [33m0x30eb7926[0m: [32mn58[0m (epoch: 4294967295)
  - [33m0x3ea34fef[0m: [32mn69[0m (epoch: 4294967295)
  - [33m0x45af95b2[0m: [32mn40[0m (epoch: 4294967295)
  - [33m0x4706bb00[0m: [32mn52[0m (epoch: 4294967295)
  - [33m0x4e1b9b08[0m: [32mn57[0m (epoch: 4294967295)
  - [33m0x4eec5fb7[0m: [32mn41[0m (epoch: 4294967295)
  - [33m0x559772d5[0m: [32mn37[0m (epoch: 4294967295)
  - [33m0x56e32566[0m: [32mn53[0m (epoch: 4294967295)
  - [33m0x59591cf8[0m: [32mn13[0m (epoch: 4294967295)
  - [33m0x5dc6e50e[0m: [32mn15[0m (epoch: 4294967295)
  - [33m0x6a0b880f[0m: [32mn22[0m (epoch: 4294967295)
  - [33m0x6a0b97df[0m: [32mn45[0m (epoch: 4294967295)
  - [33m0x74fa4fee[0m: [32mn64[0m (epoch: 4294967295)
  - [33m0x76df02a0[0m: [32mn65[0m (epoch: 4294967295)
  - [33m0x779374fb[0m: [32mn55[0m (epoch: 2)
  - [33m0x7a1edda7[0m: [32mn38[0m (epoch: 4294967295)
  - [33m0x7ddc2870[0m: [32mn56[0m (epoch: 4294967295)
  - [33m0x7ddc3840[0m: [32mn72[0m (epoch: 4294967295)
  - [33m0x829eb4be[0m: [32mn61[0m (epoch: 4294967295)
  - [33m0x83e88762[0m: [32mn27[0m (epoch: 4294967295)
  - [33m0x8503032d[0m: [32mn32[0m (epoch: 4294967295)
  - [33m0x873f8c75[0m: [32mn36[0m (epoch: 4294967295)
  - [33m0x90cc55f1[0m: [32mn5[0m (epoch: 4294967295)
  - [33m0x98086aa9[0m: [32mn2[0m (epoch: 4294967295)
  - [33m0x9cfa24ea[0m: [32mn60[0m (epoch: 4294967295)
  - [33m0xa0226c12[0m: [32mn34[0m (epoch: 4294967295)
  - [33m0xa0dde63f[0m: [32mn33[0m (epoch: 4294967295)
  - [33m0xa118a944[0m: [32mn24[0m (epoch: 4294967295)
  - [33m0xa510609f[0m: [32mn70[0m (epoch: 4294967295)
  - [33m0xb2cf4440[0m: [32mn43[0m (epoch: 4294967295)
  - [33m0xb482d7d6[0m: [32mn62[0m (epoch: 4294967295)
  - [33m0xdddfc7d2[0m: [32mn63[0m (epoch: 4294967295)
  - [33m0xdfe2361a[0m: [32mn4[0m (epoch: 4294967295)
  - [33m0xe6b6bde6[0m: [32mn7[0m (epoch: 4294967295)
  - [33m0xe99ba75a[0m: [32mn42[0m (epoch: 4294967295)
  - [33m0xf55b63ab[0m: [32mn66[0m (epoch: 4294967295)
[0m
[37mCopying frame state from merge @0x10c011b2618[0m
[37m  - VOs (IFS): [0m
[37m  - VOs (merge): [0m
[33mNew empty block [37m
  VOs (IFS): 
[1m[36m=== KnownNodeAspects (epoch: 3, side_effects_require_invalidation: 0, aliasing_contexts: 0) ===[0m
[1mNode Infos:[0m
  - [32mn1[0m: type=[33mJSReceiver[0m
  - [32mn5[0m: type=[33mSmi[0m, alternatives={int32: [32mn13[0m}
[1mAvailable Expressions:[0m
  - [33m0x30fdc58[0m: [32mn1[0m (epoch: 4294967295)
  - [33m0xb0db6d8[0m: [32mn9[0m (epoch: 4294967295)
  - [33m0xfcc2ba3[0m: [32mn8[0m (epoch: 4294967295)
  - [33m0x248b6846[0m: [32mn3[0m (epoch: 4294967295)
  - [33m0x2bb4c3c2[0m: [32mn6[0m (epoch: 4294967295)
  - [33m0x59591cf8[0m: [32mn13[0m (epoch: 4294967295)
  - [33m0x5dc6e50e[0m: [32mn15[0m (epoch: 4294967295)
  - [33m0x90cc55f1[0m: [32mn5[0m (epoch: 4294967295)
  - [33m0x98086aa9[0m: [32mn2[0m (epoch: 4294967295)
  - [33m0xdfe2361a[0m: [32mn4[0m (epoch: 4294967295)
  - [33m0xe6b6bde6[0m: [32mn7[0m (epoch: 4294967295)
[0m
[32m+ 0x10c011933b8  n76: Jump[0m[0m
[33mNew empty block [37m
  VOs (IFS): 
[1m[36m=== KnownNodeAspects (epoch: 3, side_effects_require_invalidation: 0, aliasing_contexts: 0) ===[0m
[1mNode Infos:[0m
  - [32mn1[0m: type=[33mJSReceiver[0m
  - [32mn5[0m: type=[33mSmi[0m, alternatives={int32: [32mn13[0m}
[1mAvailable Expressions:[0m
  - [33m0x30fdc58[0m: [32mn1[0m (epoch: 4294967295)
  - [33m0xb0db6d8[0m: [32mn9[0m (epoch: 4294967295)
  - [33m0xfcc2ba3[0m: [32mn8[0m (epoch: 4294967295)
  - [33m0x248b6846[0m: [32mn3[0m (epoch: 4294967295)
  - [33m0x2bb4c3c2[0m: [32mn6[0m (epoch: 4294967295)
  - [33m0x59591cf8[0m: [32mn13[0m (epoch: 4294967295)
  - [33m0x5dc6e50e[0m: [32mn15[0m (epoch: 4294967295)
  - [33m0x90cc55f1[0m: [32mn5[0m (epoch: 4294967295)
  - [33m0x98086aa9[0m: [32mn2[0m (epoch: 4294967295)
  - [33m0xdfe2361a[0m: [32mn4[0m (epoch: 4294967295)
  - [33m0xe6b6bde6[0m: [32mn7[0m (epoch: 4294967295)
[0m
[32m+ 0x10c01193438  n77: Jump[0m[0m
[32m+ 0x10c011935d8  n78: Deopt(Insufficient type feedback for generic global access)[0m[0m
[91mDEAD  : 23 04 07          LdaGlobal [4:"print"], FBV[7][0m
[36m  71 : d3                Star2[0m
[91mDEAD  : d3                Star2[0m
[36m  72 : 18 02             LdaCurrentContextSlot [2][0m
[91mDEAD  : 18 02             LdaCurrentContextSlot [2][0m
[36m  74 : d2                Star3[0m
[91mDEAD  : d2                Star3[0m
[36m  75 : 6d f7 f6 09       CallUndefinedReceiver1 r2, r3, FBV[9][0m
[91mDEAD  : 6d f7 f6 09       CallUndefinedReceiver1 r2, r3, FBV[9][0m
[36m  79 : d5                Star0[0m
[91mDEAD  : d5                Star0[0m
[36m  80 : b9                Return[0m
[91mDEAD  : b9                Return[0m

----- Maglev graph building -----
Graph

   [0m  [0m20: HeapConstant(0x09b80101e389 <JSFunction trunc (sfi = 0x9b80101e2cd)>), 2 uses
   [0m  [0m29: HeapConstant(0x09b80101e375 <ScriptContext[3]>), 2 uses
   [0m  [0m21: HeapConstant(0x09b80101e2fd <HeapNumber 1.5>), 0 uses 🪦
   [0m  [0m25: HeapConstant(0x09b80101e309 <HeapNumber 0.25>), 0 uses 🪦
   [0m  [0m30: HeapConstant(0x09b801004999 <JSGlobalProxy>), 2 uses
   [0m  [0m46: HeapConstant(0x09b80101e365 <FeedbackCell[one closure]>), 2 uses
   [0m  [0m28: RootConstant(undefined_value), 0 uses 🪦
   [0m  [0m18: RootConstant(true_value), 0 uses 🪦
   [0m  [0m17: RootConstant(false_value), 0 uses 🪦
   [0m  [0m48: RootConstant(optimized_out), 0 uses 🪦
   [0m  [0m12: SmiConstant(100000), 2 uses
   [0m  [0m14: Int32Constant(100000), 4 uses, cannot truncate to int32
   [0m  [0m26: Float64Constant(0.25), 2 uses
   [0m  [0m23: Float64Constant(1.5), 2 uses
   [0m  [0m35: Float64Constant(2), 2 uses
    [0mBlock b0
   [0m[1;34m0x09b80101e265 <SharedFunctionInfo> (0x09b8011406b5 <String[23]: "workloads/truncation.js">:0:0)
[m   [0m[0;34m  16 : 01 0d a0 86 01 00 LdaSmi.ExtraWide [100000]
[m   [0m   [0m1: InitialValue(<this>), 14 uses
   [0m   [0m2: InitialValue(<context>), 18 uses
   [0m   [0m3: InitialValue(<closure>), 14 uses
   [0m   [0m4: InitialValue(r0), 0 uses 🪦
   [0m   [0m5: InitialValue(r1), 7 uses
   [0m   [0m6: InitialValue(r2), 0 uses 🪦
   [0m   [0m7: InitialValue(r3), 0 uses 🪦
   [0m   [0m8: InitialValue(r4), 0 uses 🪦
   [0m   [0m9: InitialValue(r5), 0 uses 🪦
   [0m  [0m10: FunctionEntryStackCheck
   [0m      ↳ lazy @64 (3 live vars)
   [0m      ↱ eager @64 (3 live vars)
   [0m  [0m11: CheckpointedJump b1
   [0m   ↓
    [0mBlock b1
   [0m[0;34m  22 : 79 f8 04          TestLessThan r1, EmbeddedFeedback[4]
[m   [0m      ↱ eager @22 (4 live vars)
   [0m  [0m13: CheckedSmiUntag [n5], 4 uses, cannot truncate to int32
   [0m  [0m15: Int32Compare[LessThan] [n13, n14], 0 uses 🪦
   [0m[0;34m  25 : a8 2b             JumpIfFalse [43]
[m[0;31m╭────[0m16: BranchIfInt32Compare(LessThan) [n13, n14] b2 b8
[0;31m│  [0m   ↓
[0;31m│   [0mBlock b2
[0;31m│  [0m[0;34m  27 : 18 02             LdaCurrentContextSlot [2]
[m[0;31m│  [0m  [0m19: LoadContextSlot(0x10, mutable) [n2], 3 uses
[0;31m│  [0m[0;34m  36 : 44 f8 04          Mul r1, EmbeddedFeedback[4]
[m[0;31m│  [0m  [0m22: ChangeInt32ToFloat64 [n13], 2 uses
[0;31m│  [0m  [0m24: Float64Multiply [n22, n23], 3 uses, cannot truncate to int32 [-∞, +∞]
[0;31m│  [0m[0;34m  42 : 44 f8 04          Mul r1, EmbeddedFeedback[4]
[m[0;31m│  [0m  [0m27: Float64Multiply [n22, n26], 2 uses, cannot truncate to int32 [-∞, +∞]
[0;31m│  [0m[1;34m0x09b80101e2cd <SharedFunctionInfo trunc> (0x09b8011406b5 <String[23]: "workloads/truncation.js">:5:14)
[m[0;31m│  [0m[0;34m   0 : 0b 04             Ldar a1
[m[0;31m│  [0m  [0m31: Jump b3
[0;31m│  [0m   ↓
[0;31m│   [0mBlock b3
[0;31m│  [0m[1;34m0x09b80101e2cd <SharedFunctionInfo trunc> (0x09b8011406b5 <String[23]: "workloads/truncation.js">:0:0)
[m[0;31m│  [0m[0;34m   2 : 44 03 04          Mul a0, EmbeddedFeedback[4]
[m[0;31m│  [0m  [0m32: Float64Multiply [n24, n27], 2 uses, cannot truncate to int32 [-∞, +∞]
[0;31m│  [0m[0;34m   8 : 42 f9 04          Add r0, EmbeddedFeedback[4]
[m[0;31m│  [0m  [0m33: Float64Add [n32, n24], 1 uses, cannot truncate to int32 [-∞, +∞]
[0;31m│  [0m[0;34m  12 : 55 00 04          BitwiseOrSmi [0], EmbeddedFeedback[4]
[m[0;31m│  [0m  [0m34: TruncateFloat64ToInt32 [n33], 2 uses, cannot truncate to int32
[0;31m│  [0m[0;34m  18 : 51 02 04          MulSmi [2], EmbeddedFeedback[4]
[m[0;31m│  [0m  [0m36: Float64Multiply [n32, n35], 1 uses, cannot truncate to int32 [-∞, +∞]
[0;31m│  [0m[0;34m  21 : 55 00 04          BitwiseOrSmi [0], EmbeddedFeedback[4]
[m[0;31m│  [0m  [0m37: TruncateFloat64ToInt32 [n36], 2 uses, cannot truncate to int32
[0;31m│  [0m[0;34m  24 : 42 f7 01          Add r2, EmbeddedFeedback[1]
[m[0;31m│  [0m      ↱ eager @46 (4 live vars)
[0;31m│  [0m      │       @24 (6 live vars)
[0;31m│  [0m  [0m38: Int32AddWithOverflow [n34, n37], 2 uses, can truncate to int32 [-2147483648, 2147483647]
[0;31m│  [0m[1;34m0x09b80101e265 <SharedFunctionInfo> (0x09b8011406b5 <String[23]: "workloads/truncation.js">:0:0)
[m[0;31m│  [0m[0;34m  51 : 42 f7 03          Add r2, EmbeddedFeedback[3]
[m[0;31m│  [0m      ↱ eager @51 (5 live vars)
[0;31m│  [0m  [0m39: CheckedNumberToFloat64 [n19], 1 uses, cannot truncate to int32 [-∞, +∞]
[0;31m│  [0m  [0m40: ChangeInt32ToFloat64 [n38], 1 uses
[0;31m│  [0m  [0m41: Float64Add [n39, n40], 1 uses, cannot truncate to int32 [-∞, +∞]
[0;31m│  [0m[0;34m  54 : 55 00 04          BitwiseOrSmi [0], EmbeddedFeedback[4]
[m[0;31m│  [0m  [0m42: TruncateFloat64ToInt32 [n41], 1 uses, cannot truncate to int32
[0;31m│  [0m[0;34m  57 : 29 02             StaCurrentContextSlot [2]
[m[0;31m│  [0m  [0m43: Int32ToNumber[kCanonicalizeSmi] [n42], 1 uses
[0;31m│  [0m  [0m44: StoreContextSlotWithWriteBarrier(2, mutable) [n2, n43]
[0;31m│  [0m      ↳ lazy @57 (3 live vars)
[0;31m│  [0m[0;34m  61 : 5b 04             Inc FBV[4]
[m[0;31m│  [0m      ↱ eager @61 (3 live vars)
[0;31m│  [0m  [0m45: Int32IncrementWithOverflow [n13], 2 uses, cannot truncate to int32
[0;31m│  [0m[0;34m  64 : 97 30 00 05       JumpLoop [48], [0], FBV[5]
[m[0;31m│  [0m  [0m47: ReduceInterruptBudgetForLoop(38) [n46]
[0;31m│  [0m      ↳ lazy @64 (3 live vars)
[0;31m│  [0m  [0m50: Int32ToNumber[kCanonicalizeSmi] [n45], 1 uses
[0;31m│  [0m  [0m49: Jump b4
[0;31m│  [0m   │  with gap moves:
[0;31m│  [0m   │    - n50 → 51: φᵀ r1
[0;31m│  [0m   ▼
[0;31m│[0;32m╭─►[0mBlock b4 peeled (effects: c1)
[0;31m│[0;32m│ [0m  [0m51: φᵀ r1 (n50, n75), 6 uses
[0;31m│[0;32m│ [0m[0;34m  22 : 79 f8 04          TestLessThan r1, EmbeddedFeedback[4]
[m[0;31m│[0;32m│ [0m      ↱ eager @22 (4 live vars)
[0;31m│[0;32m│ [0m  [0m52: CheckedSmiUntag [n51], 4 uses, cannot truncate to int32
[0;31m│[0;32m│ [0m  [0m53: Int32Compare[LessThan] [n52, n14], 0 uses 🪦
[0;31m│[0;32m│ [0m[0;34m  25 : a8 2b             JumpIfFalse [43]
[m[0;31m│[0;32m│[0;33m╭──[0m54: BranchIfInt32Compare(LessThan) [n52, n14] b5 b7
[0;31m│[0;32m│[0;33m│[0m   ↓
[0;31m│[0;32m│[0;33m│ [0mBlock b5
[0;31m│[0;32m│[0;33m│[0m[0;34m  27 : 18 02             LdaCurrentContextSlot [2]
[m[0;31m│[0;32m│[0;33m│[0m  [0m55: LoadContextSlot(0x10, mutable) [n2], 3 uses
[0;31m│[0;32m│[0;33m│[0m[0;34m  36 : 44 f8 04          Mul r1, EmbeddedFeedback[4]
[m[0;31m│[0;32m│[0;33m│[0m  [0m56: ChangeInt32ToFloat64 [n52], 2 uses
[0;31m│[0;32m│[0;33m│[0m  [0m57: Float64Multiply [n56, n23], 3 uses, cannot truncate to int32 [-∞, +∞]
[0;31m│[0;32m│[0;33m│[0m[0;34m  42 : 44 f8 04          Mul r1, EmbeddedFeedback[4]
[m[0;31m│[0;32m│[0;33m│[0m  [0m58: Float64Multiply [n56, n26], 2 uses, cannot truncate to int32 [-∞, +∞]
[0;31m│[0;32m│[0;33m│[0m[1;34m0x09b80101e2cd <SharedFunctionInfo trunc> (0x09b8011406b5 <String[23]: "workloads/truncation.js">:5:14)
[m[0;31m│[0;32m│[0;33m│[0m[0;34m   0 : 0b 04             Ldar a1
[m[0;31m│[0;32m│[0;33m│[0m  [0m59: Jump b6
[0;31m│[0;32m│[0;33m│[0m   ↓
[0;31m│[0;32m│[0;33m│ [0mBlock b6
[0;31m│[0;32m│[0;33m│[0m[1;34m0x09b80101e2cd <SharedFunctionInfo trunc> (0x09b8011406b5 <String[23]: "workloads/truncation.js">:0:0)
[m[0;31m│[0;32m│[0;33m│[0m[0;34m   2 : 44 03 04          Mul a0, EmbeddedFeedback[4]
[m[0;31m│[0;32m│[0;33m│[0m  [0m60: Float64Multiply [n57, n58], 2 uses, cannot truncate to int32 [-∞, +∞]
[0;31m│[0;32m│[0;33m│[0m[0;34m   8 : 42 f9 04          Add r0, EmbeddedFeedback[4]
[m[0;31m│[0;32m│[0;33m│[0m  [0m61: Float64Add [n57, n60], 1 uses, cannot truncate to int32 [-∞, +∞]
[0;31m│[0;32m│[0;33m│[0m[0;34m  12 : 55 00 04          BitwiseOrSmi [0], EmbeddedFeedback[4]
[m[0;31m│[0;32m│[0;33m│[0m  [0m62: TruncateFloat64ToInt32 [n61], 2 uses, cannot truncate to int32
[0;31m│[0;32m│[0;33m│[0m[0;34m  18 : 51 02 04          MulSmi [2], EmbeddedFeedback[4]
[m[0;31m│[0;32m│[0;33m│[0m  [0m63: Float64Multiply [n60, n35], 1 uses, cannot truncate to int32 [-∞, +∞]
[0;31m│[0;32m│[0;33m│[0m[0;34m  21 : 55 00 04          BitwiseOrSmi [0], EmbeddedFeedback[4]
[m[0;31m│[0;32m│[0;33m│[0m  [0m64: TruncateFloat64ToInt32 [n63], 2 uses, cannot truncate to int32
[0;31m│[0;32m│[0;33m│[0m[0;34m  24 : 42 f7 01          Add r2, EmbeddedFeedback[1]
[m[0;31m│[0;32m│[0;33m│[0m      ↱ eager @46 (4 live vars)
[0;31m│[0;32m│[0;33m│[0m      │       @24 (6 live vars)
[0;31m│[0;32m│[0;33m│[0m  [0m65: Int32AddWithOverflow [n62, n64], 2 uses, can truncate to int32 [-2147483648, 2147483647]
[0;31m│[0;32m│[0;33m│[0m[1;34m0x09b80101e265 <SharedFunctionInfo> (0x09b8011406b5 <String[23]: "workloads/truncation.js">:0:0)
[m[0;31m│[0;32m│[0;33m│[0m[0;34m  51 : 42 f7 03          Add r2, EmbeddedFeedback[3]
[m[0;31m│[0;32m│[0;33m│[0m      ↱ eager @51 (5 live vars)
[0;31m│[0;32m│[0;33m│[0m  [0m66: CheckedNumberToFloat64 [n55], 1 uses, cannot truncate to int32 [-∞, +∞]
[0;31m│[0;32m│[0;33m│[0m  [0m67: ChangeInt32ToFloat64 [n65], 1 uses
[0;31m│[0;32m│[0;33m│[0m  [0m68: Float64Add [n66, n67], 1 uses, cannot truncate to int32 [-∞, +∞]
[0;31m│[0;32m│[0;33m│[0m[0;34m  54 : 55 00 04          BitwiseOrSmi [0], EmbeddedFeedback[4]
[m[0;31m│[0;32m│[0;33m│[0m  [0m69: TruncateFloat64ToInt32 [n68], 1 uses, cannot truncate to int32
[0;31m│[0;32m│[0;33m│[0m[0;34m  57 : 29 02             StaCurrentContextSlot [2]
[m[0;31m│[0;32m│[0;33m│[0m  [0m70: Int32ToNumber[kCanonicalizeSmi] [n69], 1 uses
[0;31m│[0;32m│[0;33m│[0m  [0m71: StoreContextSlotWithWriteBarrier(2, mutable) [n2, n70]
[0;31m│[0;32m│[0;33m│[0m      ↳ lazy @57 (3 live vars)
[0;31m│[0;32m│[0;33m│[0m[0;34m  61 : 5b 04             Inc FBV[4]
[m[0;31m│[0;32m│[0;33m│[0m      ↱ eager @61 (3 live vars)
[0;31m│[0;32m│[0;33m│[0m  [0m72: Int32IncrementWithOverflow [n52], 2 uses, cannot truncate to int32
[0;31m│[0;32m│[0;33m│[0m[0;34m  64 : 97 30 00 05       JumpLoop [48], [0], FBV[5]
[m[0;31m│[0;32m│[0;33m│[0m  [0m73: ReduceInterruptBudgetForLoop(38) [n46]
[0;31m│[0;32m│[0;33m│[0m      ↳ lazy @64 (3 live vars)
[0;31m│[0;32m│[0;33m│[0m  [0m75: Int32ToNumber[kCanonicalizeSmi] [n72], 1 uses
[0;31m│[0;32m│[0;33m│[0m      ↱ eager @61 (3 live vars)
[0;31m│[0;32m╰─◄─[0m74: JumpLoop b4
[0;31m│ [0;33m│[0m      with gap moves:
[0;31m│ [0;33m│[0m        - n75 → 51: φᵀ r1
[0;31m│ [0;33m│[0m
[0;31m│ [0;33m╰►[0mBlock b7
[0;31m│  [0m[0;34m  68 : 23 04 07          LdaGlobal [4:"print"], FBV[7]
[m[0;31m│[0;32m╭───[0m76: Jump b9
[0;31m│[0;32m│ [0m
[0;31m╰──►[0mBlock b8
 [0;32m│ [0m  [0m77: Jump b9
 [0;32m│ [0m   ↓
 [0;32m╰─►[0mBlock b9
   [0m      ↱ eager @68 (2 live vars)
   [0m  [0m78: Deopt(Insufficient type feedback for generic global access)
   [0m

----- Truncation propagation -----
Graph

   [0m  [0m20: HeapConstant(0x09b80101e389 <JSFunction trunc (sfi = 0x9b80101e2cd)>), 2 uses
   [0m  [0m29: HeapConstant(0x09b80101e375 <ScriptContext[3]>), 2 uses
   [0m  [0m21: HeapConstant(0x09b80101e2fd <HeapNumber 1.5>), 0 uses 🪦
   [0m  [0m25: HeapConstant(0x09b80101e309 <HeapNumber 0.25>), 0 uses 🪦
   [0m  [0m30: HeapConstant(0x09b801004999 <JSGlobalProxy>), 2 uses
   [0m  [0m46: HeapConstant(0x09b80101e365 <FeedbackCell[one closure]>), 2 uses
   [0m  [0m28: RootConstant(undefined_value), 0 uses 🪦
   [0m  [0m18: RootConstant(true_value), 0 uses 🪦
   [0m  [0m17: RootConstant(false_value), 0 uses 🪦
   [0m  [0m48: RootConstant(optimized_out), 0 uses 🪦
   [0m  [0m12: SmiConstant(100000), 2 uses
   [0m  [0m14: Int32Constant(100000), 4 uses, cannot truncate to int32
   [0m  [0m26: Float64Constant(0.25), 2 uses
   [0m  [0m23: Float64Constant(1.5), 2 uses
   [0m  [0m35: Float64Constant(2), 2 uses
    [0mBlock b0
   [0m[1;34m0x09b80101e265 <SharedFunctionInfo> (0x09b8011406b5 <String[23]: "workloads/truncation.js">:0:0)
[m   [0m[0;34m  16 : 01 0d a0 86 01 00 LdaSmi.ExtraWide [100000]
[m   [0m   [0m1: InitialValue(<this>), 14 uses
   [0m   [0m2: InitialValue(<context>), 18 uses
   [0m   [0m3: InitialValue(<closure>), 14 uses
   [0m   [0m4: InitialValue(r0), 0 uses 🪦
   [0m   [0m5: InitialValue(r1), 7 uses
   [0m   [0m6: InitialValue(r2), 0 uses 🪦
   [0m   [0m7: InitialValue(r3), 0 uses 🪦
   [0m   [0m8: InitialValue(r4), 0 uses 🪦
   [0m   [0m9: InitialValue(r5), 0 uses 🪦
   [0m  [0m10: FunctionEntryStackCheck
   [0m      ↳ lazy @64 (3 live vars)
   [0m      ↱ eager @64 (3 live vars)
   [0m  [0m11: CheckpointedJump b1
   [0m   ↓
    [0mBlock b1
   [0m[0;34m  22 : 79 f8 04          TestLessThan r1, EmbeddedFeedback[4]
[m   [0m      ↱ eager @22 (4 live vars)
   [0m  [0m13: CheckedSmiUntag [n5], 4 uses, cannot truncate to int32
   [0m  [0m15: Int32Compare[LessThan] [n13, n14], 0 uses 🪦
   [0m[0;34m  25 : a8 2b             JumpIfFalse [43]
[m[0;31m╭────[0m16: BranchIfInt32Compare(LessThan) [n13, n14] b2 b8
[0;31m│  [0m   ↓
[0;31m│   [0mBlock b2
[0;31m│  [0m[0;34m  27 : 18 02             LdaCurrentContextSlot [2]
[m[0;31m│  [0m  [0m19: LoadContextSlot(0x10, mutable) [n2], 3 uses
[0;31m│  [0m[0;34m  36 : 44 f8 04          Mul r1, EmbeddedFeedback[4]
[m[0;31m│  [0m  [0m22: ChangeInt32ToFloat64 [n13], 2 uses
[0;31m│  [0m  [0m24: Float64Multiply [n22, n23], 3 uses, cannot truncate to int32 [-∞, +∞]
[0;31m│  [0m[0;34m  42 : 44 f8 04          Mul r1, EmbeddedFeedback[4]
[m[0;31m│  [0m  [0m27: Float64Multiply [n22, n26], 2 uses, cannot truncate to int32 [-∞, +∞]
[0;31m│  [0m[1;34m0x09b80101e2cd <SharedFunctionInfo trunc> (0x09b8011406b5 <String[23]: "workloads/truncation.js">:5:14)
[m[0;31m│  [0m[0;34m   0 : 0b 04             Ldar a1
[m[0;31m│  [0m  [0m31: Jump b3
[0;31m│  [0m   ↓
[0;31m│   [0mBlock b3
[0;31m│  [0m[1;34m0x09b80101e2cd <SharedFunctionInfo trunc> (0x09b8011406b5 <String[23]: "workloads/truncation.js">:0:0)
[m[0;31m│  [0m[0;34m   2 : 44 03 04          Mul a0, EmbeddedFeedback[4]
[m[0;31m│  [0m  [0m32: Float64Multiply [n24, n27], 2 uses, cannot truncate to int32 [-∞, +∞]
[0;31m│  [0m[0;34m   8 : 42 f9 04          Add r0, EmbeddedFeedback[4]
[m[0;31m│  [0m  [0m33: Float64Add [n32, n24], 1 uses, cannot truncate to int32 [-∞, +∞]
[0;31m│  [0m[0;34m  12 : 55 00 04          BitwiseOrSmi [0], EmbeddedFeedback[4]
[m[0;31m│  [0m  [0m34: TruncateFloat64ToInt32 [n33], 2 uses, cannot truncate to int32
[0;31m│  [0m[0;34m  18 : 51 02 04          MulSmi [2], EmbeddedFeedback[4]
[m[0;31m│  [0m  [0m36: Float64Multiply [n32, n35], 1 uses, cannot truncate to int32 [-∞, +∞]
[0;31m│  [0m[0;34m  21 : 55 00 04          BitwiseOrSmi [0], EmbeddedFeedback[4]
[m[0;31m│  [0m  [0m37: TruncateFloat64ToInt32 [n36], 2 uses, cannot truncate to int32
[0;31m│  [0m[0;34m  24 : 42 f7 01          Add r2, EmbeddedFeedback[1]
[m[0;31m│  [0m      ↱ eager @46 (4 live vars)
[0;31m│  [0m      │       @24 (6 live vars)
[0;31m│  [0m  [0m38: Int32AddWithOverflow [n34, n37], 2 uses, cannot truncate to int32
[0;31m│  [0m[1;34m0x09b80101e265 <SharedFunctionInfo> (0x09b8011406b5 <String[23]: "workloads/truncation.js">:0:0)
[m[0;31m│  [0m[0;34m  51 : 42 f7 03          Add r2, EmbeddedFeedback[3]
[m[0;31m│  [0m      ↱ eager @51 (5 live vars)
[0;31m│  [0m  [0m39: CheckedNumberToFloat64 [n19], 1 uses, cannot truncate to int32 [-∞, +∞]
[0;31m│  [0m  [0m40: ChangeInt32ToFloat64 [n38], 1 uses
[0;31m│  [0m  [0m41: Float64Add [n39, n40], 1 uses, cannot truncate to int32 [-∞, +∞]
[0;31m│  [0m[0;34m  54 : 55 00 04          BitwiseOrSmi [0], EmbeddedFeedback[4]
[m[0;31m│  [0m  [0m42: TruncateFloat64ToInt32 [n41], 1 uses, cannot truncate to int32
[0;31m│  [0m[0;34m  57 : 29 02             StaCurrentContextSlot [2]
[m[0;31m│  [0m  [0m43: Int32ToNumber[kCanonicalizeSmi] [n42], 1 uses
[0;31m│  [0m  [0m44: StoreContextSlotWithWriteBarrier(2, mutable) [n2, n43]
[0;31m│  [0m      ↳ lazy @57 (3 live vars)
[0;31m│  [0m[0;34m  61 : 5b 04             Inc FBV[4]
[m[0;31m│  [0m      ↱ eager @61 (3 live vars)
[0;31m│  [0m  [0m45: Int32IncrementWithOverflow [n13], 2 uses, cannot truncate to int32
[0;31m│  [0m[0;34m  64 : 97 30 00 05       JumpLoop [48], [0], FBV[5]
[m[0;31m│  [0m  [0m47: ReduceInterruptBudgetForLoop(38) [n46]
[0;31m│  [0m      ↳ lazy @64 (3 live vars)
[0;31m│  [0m  [0m50: Int32ToNumber[kCanonicalizeSmi] [n45], 1 uses
[0;31m│  [0m  [0m49: Jump b4
[0;31m│  [0m   │  with gap moves:
[0;31m│  [0m   │    - n50 → 51: φᵀ r1
[0;31m│  [0m   ▼
[0;31m│[0;32m╭─►[0mBlock b4 peeled (effects: c1)
[0;31m│[0;32m│ [0m  [0m51: φᵀ r1 (n50, n75), 6 uses
[0;31m│[0;32m│ [0m[0;34m  22 : 79 f8 04          TestLessThan r1, EmbeddedFeedback[4]
[m[0;31m│[0;32m│ [0m      ↱ eager @22 (4 live vars)
[0;31m│[0;32m│ [0m  [0m52: CheckedSmiUntag [n51], 4 uses, cannot truncate to int32
[0;31m│[0;32m│ [0m  [0m53: Int32Compare[LessThan] [n52, n14], 0 uses 🪦
[0;31m│[0;32m│ [0m[0;34m  25 : a8 2b             JumpIfFalse [43]
[m[0;31m│[0;32m│[0;33m╭──[0m54: BranchIfInt32Compare(LessThan) [n52, n14] b5 b7
[0;31m│[0;32m│[0;33m│[0m   ↓
[0;31m│[0;32m│[0;33m│ [0mBlock b5
[0;31m│[0;32m│[0;33m│[0m[0;34m  27 : 18 02             LdaCurrentContextSlot [2]
[m[0;31m│[0;32m│[0;33m│[0m  [0m55: LoadContextSlot(0x10, mutable) [n2], 3 uses
[0;31m│[0;32m│[0;33m│[0m[0;34m  36 : 44 f8 04          Mul r1, EmbeddedFeedback[4]
[m[0;31m│[0;32m│[0;33m│[0m  [0m56: ChangeInt32ToFloat64 [n52], 2 uses
[0;31m│[0;32m│[0;33m│[0m  [0m57: Float64Multiply [n56, n23], 3 uses, cannot truncate to int32 [-∞, +∞]
[0;31m│[0;32m│[0;33m│[0m[0;34m  42 : 44 f8 04          Mul r1, EmbeddedFeedback[4]
[m[0;31m│[0;32m│[0;33m│[0m  [0m58: Float64Multiply [n56, n26], 2 uses, cannot truncate to int32 [-∞, +∞]
[0;31m│[0;32m│[0;33m│[0m[1;34m0x09b80101e2cd <SharedFunctionInfo trunc> (0x09b8011406b5 <String[23]: "workloads/truncation.js">:5:14)
[m[0;31m│[0;32m│[0;33m│[0m[0;34m   0 : 0b 04             Ldar a1
[m[0;31m│[0;32m│[0;33m│[0m  [0m59: Jump b6
[0;31m│[0;32m│[0;33m│[0m   ↓
[0;31m│[0;32m│[0;33m│ [0mBlock b6
[0;31m│[0;32m│[0;33m│[0m[1;34m0x09b80101e2cd <SharedFunctionInfo trunc> (0x09b8011406b5 <String[23]: "workloads/truncation.js">:0:0)
[m[0;31m│[0;32m│[0;33m│[0m[0;34m   2 : 44 03 04          Mul a0, EmbeddedFeedback[4]
[m[0;31m│[0;32m│[0;33m│[0m  [0m60: Float64Multiply [n57, n58], 2 uses, cannot truncate to int32 [-∞, +∞]
[0;31m│[0;32m│[0;33m│[0m[0;34m   8 : 42 f9 04          Add r0, EmbeddedFeedback[4]
[m[0;31m│[0;32m│[0;33m│[0m  [0m61: Float64Add [n57, n60], 1 uses, cannot truncate to int32 [-∞, +∞]
[0;31m│[0;32m│[0;33m│[0m[0;34m  12 : 55 00 04          BitwiseOrSmi [0], EmbeddedFeedback[4]
[m[0;31m│[0;32m│[0;33m│[0m  [0m62: TruncateFloat64ToInt32 [n61], 2 uses, cannot truncate to int32
[0;31m│[0;32m│[0;33m│[0m[0;34m  18 : 51 02 04          MulSmi [2], EmbeddedFeedback[4]
[m[0;31m│[0;32m│[0;33m│[0m  [0m63: Float64Multiply [n60, n35], 1 uses, cannot truncate to int32 [-∞, +∞]
[0;31m│[0;32m│[0;33m│[0m[0;34m  21 : 55 00 04          BitwiseOrSmi [0], EmbeddedFeedback[4]
[m[0;31m│[0;32m│[0;33m│[0m  [0m64: TruncateFloat64ToInt32 [n63], 2 uses, cannot truncate to int32
[0;31m│[0;32m│[0;33m│[0m[0;34m  24 : 42 f7 01          Add r2, EmbeddedFeedback[1]
[m[0;31m│[0;32m│[0;33m│[0m      ↱ eager @46 (4 live vars)
[0;31m│[0;32m│[0;33m│[0m      │       @24 (6 live vars)
[0;31m│[0;32m│[0;33m│[0m  [0m65: Int32AddWithOverflow [n62, n64], 2 uses, cannot truncate to int32
[0;31m│[0;32m│[0;33m│[0m[1;34m0x09b80101e265 <SharedFunctionInfo> (0x09b8011406b5 <String[23]: "workloads/truncation.js">:0:0)
[m[0;31m│[0;32m│[0;33m│[0m[0;34m  51 : 42 f7 03          Add r2, EmbeddedFeedback[3]
[m[0;31m│[0;32m│[0;33m│[0m      ↱ eager @51 (5 live vars)
[0;31m│[0;32m│[0;33m│[0m  [0m66: CheckedNumberToFloat64 [n55], 1 uses, cannot truncate to int32 [-∞, +∞]
[0;31m│[0;32m│[0;33m│[0m  [0m67: ChangeInt32ToFloat64 [n65], 1 uses
[0;31m│[0;32m│[0;33m│[0m  [0m68: Float64Add [n66, n67], 1 uses, cannot truncate to int32 [-∞, +∞]
[0;31m│[0;32m│[0;33m│[0m[0;34m  54 : 55 00 04          BitwiseOrSmi [0], EmbeddedFeedback[4]
[m[0;31m│[0;32m│[0;33m│[0m  [0m69: TruncateFloat64ToInt32 [n68], 1 uses, cannot truncate to int32
[0;31m│[0;32m│[0;33m│[0m[0;34m  57 : 29 02             StaCurrentContextSlot [2]
[m[0;31m│[0;32m│[0;33m│[0m  [0m70: Int32ToNumber[kCanonicalizeSmi] [n69], 1 uses
[0;31m│[0;32m│[0;33m│[0m  [0m71: StoreContextSlotWithWriteBarrier(2, mutable) [n2, n70]
[0;31m│[0;32m│[0;33m│[0m      ↳ lazy @57 (3 live vars)
[0;31m│[0;32m│[0;33m│[0m[0;34m  61 : 5b 04             Inc FBV[4]
[m[0;31m│[0;32m│[0;33m│[0m      ↱ eager @61 (3 live vars)
[0;31m│[0;32m│[0;33m│[0m  [0m72: Int32IncrementWithOverflow [n52], 2 uses, cannot truncate to int32
[0;31m│[0;32m│[0;33m│[0m[0;34m  64 : 97 30 00 05       JumpLoop [48], [0], FBV[5]
[m[0;31m│[0;32m│[0;33m│[0m  [0m73: ReduceInterruptBudgetForLoop(38) [n46]
[0;31m│[0;32m│[0;33m│[0m      ↳ lazy @64 (3 live vars)
[0;31m│[0;32m│[0;33m│[0m  [0m75: Int32ToNumber[kCanonicalizeSmi] [n72], 1 uses
[0;31m│[0;32m│[0;33m│[0m      ↱ eager @61 (3 live vars)
[0;31m│[0;32m╰─◄─[0m74: JumpLoop b4
[0;31m│ [0;33m│[0m      with gap moves:
[0;31m│ [0;33m│[0m        - n75 → 51: φᵀ r1
[0;31m│ [0;33m│[0m
[0;31m│ [0;33m╰►[0mBlock b7
[0;31m│  [0m[0;34m  68 : 23 04 07          LdaGlobal [4:"print"], FBV[7]
[m[0;31m│[0;32m╭───[0m76: Jump b9
[0;31m│[0;32m│ [0m
[0;31m╰──►[0mBlock b8
 [0;32m│ [0m  [0m77: Jump b9
 [0;32m│ [0m   ↓
 [0;32m╰─►[0mBlock b9
   [0m      ↱ eager @68 (2 live vars)
   [0m  [0m78: Deopt(Insufficient type feedback for generic global access)
   [0m

----- Truncation -----
Graph

   [0m  [0m20: HeapConstant(0x09b80101e389 <JSFunction trunc (sfi = 0x9b80101e2cd)>), 2 uses
   [0m  [0m29: HeapConstant(0x09b80101e375 <ScriptContext[3]>), 2 uses
   [0m  [0m21: HeapConstant(0x09b80101e2fd <HeapNumber 1.5>), 0 uses 🪦
   [0m  [0m25: HeapConstant(0x09b80101e309 <HeapNumber 0.25>), 0 uses 🪦
   [0m  [0m30: HeapConstant(0x09b801004999 <JSGlobalProxy>), 2 uses
   [0m  [0m46: HeapConstant(0x09b80101e365 <FeedbackCell[one closure]>), 2 uses
   [0m  [0m28: RootConstant(undefined_value), 0 uses 🪦
   [0m  [0m18: RootConstant(true_value), 0 uses 🪦
   [0m  [0m17: RootConstant(false_value), 0 uses 🪦
   [0m  [0m48: RootConstant(optimized_out), 0 uses 🪦
   [0m  [0m12: SmiConstant(100000), 2 uses
   [0m  [0m14: Int32Constant(100000), 4 uses, cannot truncate to int32
   [0m  [0m26: Float64Constant(0.25), 2 uses
   [0m  [0m23: Float64Constant(1.5), 2 uses
   [0m  [0m35: Float64Constant(2), 2 uses
    [0mBlock b0
   [0m[1;34m0x09b80101e265 <SharedFunctionInfo> (0x09b8011406b5 <String[23]: "workloads/truncation.js">:0:0)
[m   [0m[0;34m  16 : 01 0d a0 86 01 00 LdaSmi.ExtraWide [100000]
[m   [0m   [0m1: InitialValue(<this>), 14 uses
   [0m   [0m2: InitialValue(<context>), 18 uses
   [0m   [0m3: InitialValue(<closure>), 14 uses
   [0m   [0m4: InitialValue(r0), 0 uses 🪦
   [0m   [0m5: InitialValue(r1), 7 uses
   [0m   [0m6: InitialValue(r2), 0 uses 🪦
   [0m   [0m7: InitialValue(r3), 0 uses 🪦
   [0m   [0m8: InitialValue(r4), 0 uses 🪦
   [0m   [0m9: InitialValue(r5), 0 uses 🪦
   [0m  [0m10: FunctionEntryStackCheck
   [0m      ↳ lazy @64 (3 live vars)
   [0m      ↱ eager @64 (3 live vars)
   [0m  [0m11: CheckpointedJump b1
   [0m   ↓
    [0mBlock b1
   [0m[0;34m  22 : 79 f8 04          TestLessThan r1, EmbeddedFeedback[4]
[m   [0m      ↱ eager @22 (4 live vars)
   [0m  [0m13: CheckedSmiUntag [n5], 4 uses, cannot truncate to int32
   [0m  [0m15: Int32Compare[LessThan] [n13, n14], 0 uses 🪦
   [0m[0;34m  25 : a8 2b             JumpIfFalse [43]
[m[0;31m╭────[0m16: BranchIfInt32Compare(LessThan) [n13, n14] b2 b8
[0;31m│  [0m   ↓
[0;31m│   [0mBlock b2
[0;31m│  [0m[0;34m  27 : 18 02             LdaCurrentContextSlot [2]
[m[0;31m│  [0m  [0m19: LoadContextSlot(0x10, mutable) [n2], 3 uses
[0;31m│  [0m[0;34m  36 : 44 f8 04          Mul r1, EmbeddedFeedback[4]
[m[0;31m│  [0m  [0m22: ChangeInt32ToFloat64 [n13], 2 uses
[0;31m│  [0m  [0m24: Float64Multiply [n22, n23], 3 uses, cannot truncate to int32 [-∞, +∞]
[0;31m│  [0m[0;34m  42 : 44 f8 04          Mul r1, EmbeddedFeedback[4]
[m[0;31m│  [0m  [0m27: Float64Multiply [n22, n26], 2 uses, cannot truncate to int32 [-∞, +∞]
[0;31m│  [0m[1;34m0x09b80101e2cd <SharedFunctionInfo trunc> (0x09b8011406b5 <String[23]: "workloads/truncation.js">:5:14)
[m[0;31m│  [0m[0;34m   0 : 0b 04             Ldar a1
[m[0;31m│  [0m  [0m31: Jump b3
[0;31m│  [0m   ↓
[0;31m│   [0mBlock b3
[0;31m│  [0m[1;34m0x09b80101e2cd <SharedFunctionInfo trunc> (0x09b8011406b5 <String[23]: "workloads/truncation.js">:0:0)
[m[0;31m│  [0m[0;34m   2 : 44 03 04          Mul a0, EmbeddedFeedback[4]
[m[0;31m│  [0m  [0m32: Float64Multiply [n24, n27], 2 uses, cannot truncate to int32 [-∞, +∞]
[0;31m│  [0m[0;34m   8 : 42 f9 04          Add r0, EmbeddedFeedback[4]
[m[0;31m│  [0m  [0m33: Float64Add [n32, n24], 1 uses, cannot truncate to int32 [-∞, +∞]
[0;31m│  [0m[0;34m  12 : 55 00 04          BitwiseOrSmi [0], EmbeddedFeedback[4]
[m[0;31m│  [0m  [0m34: TruncateFloat64ToInt32 [n33], 2 uses, cannot truncate to int32
[0;31m│  [0m[0;34m  18 : 51 02 04          MulSmi [2], EmbeddedFeedback[4]
[m[0;31m│  [0m  [0m36: Float64Multiply [n32, n35], 1 uses, cannot truncate to int32 [-∞, +∞]
[0;31m│  [0m[0;34m  21 : 55 00 04          BitwiseOrSmi [0], EmbeddedFeedback[4]
[m[0;31m│  [0m  [0m37: TruncateFloat64ToInt32 [n36], 2 uses, cannot truncate to int32
[0;31m│  [0m[0;34m  24 : 42 f7 01          Add r2, EmbeddedFeedback[1]
[m[0;31m│  [0m      ↱ eager @46 (4 live vars)
[0;31m│  [0m      │       @24 (6 live vars)
[0;31m│  [0m  [0m38: Int32AddWithOverflow [n34, n37], 2 uses, cannot truncate to int32
[0;31m│  [0m[1;34m0x09b80101e265 <SharedFunctionInfo> (0x09b8011406b5 <String[23]: "workloads/truncation.js">:0:0)
[m[0;31m│  [0m[0;34m  51 : 42 f7 03          Add r2, EmbeddedFeedback[3]
[m[0;31m│  [0m      ↱ eager @51 (5 live vars)
[0;31m│  [0m  [0m39: CheckedNumberToFloat64 [n19], 1 uses, cannot truncate to int32 [-∞, +∞]
[0;31m│  [0m  [0m40: ChangeInt32ToFloat64 [n38], 1 uses
[0;31m│  [0m  [0m41: Float64Add [n39, n40], 1 uses, cannot truncate to int32 [-∞, +∞]
[0;31m│  [0m[0;34m  54 : 55 00 04          BitwiseOrSmi [0], EmbeddedFeedback[4]
[m[0;31m│  [0m  [0m42: TruncateFloat64ToInt32 [n41], 1 uses, cannot truncate to int32
[0;31m│  [0m[0;34m  57 : 29 02             StaCurrentContextSlot [2]
[m[0;31m│  [0m  [0m43: Int32ToNumber[kCanonicalizeSmi] [n42], 1 uses
[0;31m│  [0m  [0m44: StoreContextSlotWithWriteBarrier(2, mutable) [n2, n43]
[0;31m│  [0m      ↳ lazy @57 (3 live vars)
[0;31m│  [0m[0;34m  61 : 5b 04             Inc FBV[4]
[m[0;31m│  [0m      ↱ eager @61 (3 live vars)
[0;31m│  [0m  [0m45: Int32IncrementWithOverflow [n13], 2 uses, cannot truncate to int32
[0;31m│  [0m[0;34m  64 : 97 30 00 05       JumpLoop [48], [0], FBV[5]
[m[0;31m│  [0m  [0m47: ReduceInterruptBudgetForLoop(38) [n46]
[0;31m│  [0m      ↳ lazy @64 (3 live vars)
[0;31m│  [0m  [0m50: Int32ToNumber[kCanonicalizeSmi] [n45], 1 uses
[0;31m│  [0m  [0m49: Jump b4
[0;31m│  [0m   │  with gap moves:
[0;31m│  [0m   │    - n50 → 51: φᵀ r1
[0;31m│  [0m   ▼
[0;31m│[0;32m╭─►[0mBlock b4 peeled (effects: c1)
[0;31m│[0;32m│ [0m  [0m51: φᵀ r1 (n50, n75), 6 uses
[0;31m│[0;32m│ [0m[0;34m  22 : 79 f8 04          TestLessThan r1, EmbeddedFeedback[4]
[m[0;31m│[0;32m│ [0m      ↱ eager @22 (4 live vars)
[0;31m│[0;32m│ [0m  [0m52: CheckedSmiUntag [n51], 4 uses, cannot truncate to int32
[0;31m│[0;32m│ [0m  [0m53: Int32Compare[LessThan] [n52, n14], 0 uses 🪦
[0;31m│[0;32m│ [0m[0;34m  25 : a8 2b             JumpIfFalse [43]
[m[0;31m│[0;32m│[0;33m╭──[0m54: BranchIfInt32Compare(LessThan) [n52, n14] b5 b7
[0;31m│[0;32m│[0;33m│[0m   ↓
[0;31m│[0;32m│[0;33m│ [0mBlock b5
[0;31m│[0;32m│[0;33m│[0m[0;34m  27 : 18 02             LdaCurrentContextSlot [2]
[m[0;31m│[0;32m│[0;33m│[0m  [0m55: LoadContextSlot(0x10, mutable) [n2], 3 uses
[0;31m│[0;32m│[0;33m│[0m[0;34m  36 : 44 f8 04          Mul r1, EmbeddedFeedback[4]
[m[0;31m│[0;32m│[0;33m│[0m  [0m56: ChangeInt32ToFloat64 [n52], 2 uses
[0;31m│[0;32m│[0;33m│[0m  [0m57: Float64Multiply [n56, n23], 3 uses, cannot truncate to int32 [-∞, +∞]
[0;31m│[0;32m│[0;33m│[0m[0;34m  42 : 44 f8 04          Mul r1, EmbeddedFeedback[4]
[m[0;31m│[0;32m│[0;33m│[0m  [0m58: Float64Multiply [n56, n26], 2 uses, cannot truncate to int32 [-∞, +∞]
[0;31m│[0;32m│[0;33m│[0m[1;34m0x09b80101e2cd <SharedFunctionInfo trunc> (0x09b8011406b5 <String[23]: "workloads/truncation.js">:5:14)
[m[0;31m│[0;32m│[0;33m│[0m[0;34m   0 : 0b 04             Ldar a1
[m[0;31m│[0;32m│[0;33m│[0m  [0m59: Jump b6
[0;31m│[0;32m│[0;33m│[0m   ↓
[0;31m│[0;32m│[0;33m│ [0mBlock b6
[0;31m│[0;32m│[0;33m│[0m[1;34m0x09b80101e2cd <SharedFunctionInfo trunc> (0x09b8011406b5 <String[23]: "workloads/truncation.js">:0:0)
[m[0;31m│[0;32m│[0;33m│[0m[0;34m   2 : 44 03 04          Mul a0, EmbeddedFeedback[4]
[m[0;31m│[0;32m│[0;33m│[0m  [0m60: Float64Multiply [n57, n58], 2 uses, cannot truncate to int32 [-∞, +∞]
[0;31m│[0;32m│[0;33m│[0m[0;34m   8 : 42 f9 04          Add r0, EmbeddedFeedback[4]
[m[0;31m│[0;32m│[0;33m│[0m  [0m61: Float64Add [n57, n60], 1 uses, cannot truncate to int32 [-∞, +∞]
[0;31m│[0;32m│[0;33m│[0m[0;34m  12 : 55 00 04          BitwiseOrSmi [0], EmbeddedFeedback[4]
[m[0;31m│[0;32m│[0;33m│[0m  [0m62: TruncateFloat64ToInt32 [n61], 2 uses, cannot truncate to int32
[0;31m│[0;32m│[0;33m│[0m[0;34m  18 : 51 02 04          MulSmi [2], EmbeddedFeedback[4]
[m[0;31m│[0;32m│[0;33m│[0m  [0m63: Float64Multiply [n60, n35], 1 uses, cannot truncate to int32 [-∞, +∞]
[0;31m│[0;32m│[0;33m│[0m[0;34m  21 : 55 00 04          BitwiseOrSmi [0], EmbeddedFeedback[4]
[m[0;31m│[0;32m│[0;33m│[0m  [0m64: TruncateFloat64ToInt32 [n63], 2 uses, cannot truncate to int32
[0;31m│[0;32m│[0;33m│[0m[0;34m  24 : 42 f7 01          Add r2, EmbeddedFeedback[1]
[m[0;31m│[0;32m│[0;33m│[0m      ↱ eager @46 (4 live vars)
[0;31m│[0;32m│[0;33m│[0m      │       @24 (6 live vars)
[0;31m│[0;32m│[0;33m│[0m  [0m65: Int32AddWithOverflow [n62, n64], 2 uses, cannot truncate to int32
[0;31m│[0;32m│[0;33m│[0m[1;34m0x09b80101e265 <SharedFunctionInfo> (0x09b8011406b5 <String[23]: "workloads/truncation.js">:0:0)
[m[0;31m│[0;32m│[0;33m│[0m[0;34m  51 : 42 f7 03          Add r2, EmbeddedFeedback[3]
[m[0;31m│[0;32m│[0;33m│[0m      ↱ eager @51 (5 live vars)
[0;31m│[0;32m│[0;33m│[0m  [0m66: CheckedNumberToFloat64 [n55], 1 uses, cannot truncate to int32 [-∞, +∞]
[0;31m│[0;32m│[0;33m│[0m  [0m67: ChangeInt32ToFloat64 [n65], 1 uses
[0;31m│[0;32m│[0;33m│[0m  [0m68: Float64Add [n66, n67], 1 uses, cannot truncate to int32 [-∞, +∞]
[0;31m│[0;32m│[0;33m│[0m[0;34m  54 : 55 00 04          BitwiseOrSmi [0], EmbeddedFeedback[4]
[m[0;31m│[0;32m│[0;33m│[0m  [0m69: TruncateFloat64ToInt32 [n68], 1 uses, cannot truncate to int32
[0;31m│[0;32m│[0;33m│[0m[0;34m  57 : 29 02             StaCurrentContextSlot [2]
[m[0;31m│[0;32m│[0;33m│[0m  [0m70: Int32ToNumber[kCanonicalizeSmi] [n69], 1 uses
[0;31m│[0;32m│[0;33m│[0m  [0m71: StoreContextSlotWithWriteBarrier(2, mutable) [n2, n70]
[0;31m│[0;32m│[0;33m│[0m      ↳ lazy @57 (3 live vars)
[0;31m│[0;32m│[0;33m│[0m[0;34m  61 : 5b 04             Inc FBV[4]
[m[0;31m│[0;32m│[0;33m│[0m      ↱ eager @61 (3 live vars)
[0;31m│[0;32m│[0;33m│[0m  [0m72: Int32IncrementWithOverflow [n52], 2 uses, cannot truncate to int32
[0;31m│[0;32m│[0;33m│[0m[0;34m  64 : 97 30 00 05       JumpLoop [48], [0], FBV[5]
[m[0;31m│[0;32m│[0;33m│[0m  [0m73: ReduceInterruptBudgetForLoop(38) [n46]
[0;31m│[0;32m│[0;33m│[0m      ↳ lazy @64 (3 live vars)
[0;31m│[0;32m│[0;33m│[0m  [0m75: Int32ToNumber[kCanonicalizeSmi] [n72], 1 uses
[0;31m│[0;32m│[0;33m│[0m      ↱ eager @61 (3 live vars)
[0;31m│[0;32m╰─◄─[0m74: JumpLoop b4
[0;31m│ [0;33m│[0m      with gap moves:
[0;31m│ [0;33m│[0m        - n75 → 51: φᵀ r1
[0;31m│ [0;33m│[0m
[0;31m│ [0;33m╰►[0mBlock b7
[0;31m│  [0m[0;34m  68 : 23 04 07          LdaGlobal [4:"print"], FBV[7]
[m[0;31m│[0;32m╭───[0m76: Jump b9
[0;31m│[0;32m│ [0m
[0;31m╰──►[0mBlock b8
 [0;32m│ [0m  [0m77: Jump b9
 [0;32m│ [0m   ↓
 [0;32m╰─►[0mBlock b9
   [0m      ↱ eager @68 (2 live vars)
   [0m  [0m78: Deopt(Insufficient type feedback for generic global access)
   [0m

----- Phi untagging -----
Graph

   [0m  [0m20: HeapConstant(0x09b80101e389 <JSFunction trunc (sfi = 0x9b80101e2cd)>), 2 uses
   [0m  [0m29: HeapConstant(0x09b80101e375 <ScriptContext[3]>), 2 uses
   [0m  [0m21: HeapConstant(0x09b80101e2fd <HeapNumber 1.5>), 0 uses 🪦
   [0m  [0m25: HeapConstant(0x09b80101e309 <HeapNumber 0.25>), 0 uses 🪦
   [0m  [0m30: HeapConstant(0x09b801004999 <JSGlobalProxy>), 2 uses
   [0m  [0m46: HeapConstant(0x09b80101e365 <FeedbackCell[one closure]>), 2 uses
   [0m  [0m28: RootConstant(undefined_value), 0 uses 🪦
   [0m  [0m18: RootConstant(true_value), 0 uses 🪦
   [0m  [0m17: RootConstant(false_value), 0 uses 🪦
   [0m  [0m48: RootConstant(optimized_out), 0 uses 🪦
   [0m  [0m12: SmiConstant(100000), 2 uses
   [0m  [0m14: Int32Constant(100000), 4 uses, cannot truncate to int32
   [0m  [0m26: Float64Constant(0.25), 2 uses
   [0m  [0m23: Float64Constant(1.5), 2 uses
   [0m  [0m35: Float64Constant(2), 2 uses
    [0mBlock b0
   [0m[1;34m0x09b80101e265 <SharedFunctionInfo> (0x09b8011406b5 <String[23]: "workloads/truncation.js">:0:0)
[m   [0m[0;34m  16 : 01 0d a0 86 01 00 LdaSmi.ExtraWide [100000]
[m   [0m   [0m1: InitialValue(<this>), 14 uses
   [0m   [0m2: InitialValue(<context>), 18 uses
   [0m   [0m3: InitialValue(<closure>), 14 uses
   [0m   [0m4: InitialValue(r0), 0 uses 🪦
   [0m   [0m5: InitialValue(r1), 7 uses
   [0m   [0m6: InitialValue(r2), 0 uses 🪦
   [0m   [0m7: InitialValue(r3), 0 uses 🪦
   [0m   [0m8: InitialValue(r4), 0 uses 🪦
   [0m   [0m9: InitialValue(r5), 0 uses 🪦
   [0m  [0m10: FunctionEntryStackCheck
   [0m      ↳ lazy @64 (3 live vars)
   [0m      ↱ eager @64 (3 live vars)
   [0m  [0m11: CheckpointedJump b1
   [0m   ↓
    [0mBlock b1
   [0m[0;34m  22 : 79 f8 04          TestLessThan r1, EmbeddedFeedback[4]
[m   [0m      ↱ eager @22 (4 live vars)
   [0m  [0m13: CheckedSmiUntag [n5], 4 uses, cannot truncate to int32
   [0m  [0m15: Int32Compare[LessThan] [n13, n14], 0 uses 🪦
   [0m[0;34m  25 : a8 2b             JumpIfFalse [43]
[m[0;31m╭────[0m16: BranchIfInt32Compare(LessThan) [n13, n14] b2 b8
[0;31m│  [0m   ↓
[0;31m│   [0mBlock b2
[0;31m│  [0m[0;34m  27 : 18 02             LdaCurrentContextSlot [2]
[m[0;31m│  [0m  [0m19: LoadContextSlot(0x10, mutable) [n2], 3 uses
[0;31m│  [0m[0;34m  36 : 44 f8 04          Mul r1, EmbeddedFeedback[4]
[m[0;31m│  [0m  [0m22: ChangeInt32ToFloat64 [n13], 2 uses
[0;31m│  [0m  [0m24: Float64Multiply [n22, n23], 3 uses, cannot truncate to int32 [-∞, +∞]
[0;31m│  [0m[0;34m  42 : 44 f8 04          Mul r1, EmbeddedFeedback[4]
[m[0;31m│  [0m  [0m27: Float64Multiply [n22, n26], 2 uses, cannot truncate to int32 [-∞, +∞]
[0;31m│  [0m[1;34m0x09b80101e2cd <SharedFunctionInfo trunc> (0x09b8011406b5 <String[23]: "workloads/truncation.js">:5:14)
[m[0;31m│  [0m[0;34m   0 : 0b 04             Ldar a1
[m[0;31m│  [0m  [0m31: Jump b3
[0;31m│  [0m   ↓
[0;31m│   [0mBlock b3
[0;31m│  [0m[1;34m0x09b80101e2cd <SharedFunctionInfo trunc> (0x09b8011406b5 <String[23]: "workloads/truncation.js">:0:0)
[m[0;31m│  [0m[0;34m   2 : 44 03 04          Mul a0, EmbeddedFeedback[4]
[m[0;31m│  [0m  [0m32: Float64Multiply [n24, n27], 2 uses, cannot truncate to int32 [-∞, +∞]
[0;31m│  [0m[0;34m   8 : 42 f9 04          Add r0, EmbeddedFeedback[4]
[m[0;31m│  [0m  [0m33: Float64Add [n32, n24], 1 uses, cannot truncate to int32 [-∞, +∞]
[0;31m│  [0m[0;34m  12 : 55 00 04          BitwiseOrSmi [0], EmbeddedFeedback[4]
[m[0;31m│  [0m  [0m34: TruncateFloat64ToInt32 [n33], 2 uses, cannot truncate to int32
[0;31m│  [0m[0;34m  18 : 51 02 04          MulSmi [2], EmbeddedFeedback[4]
[m[0;31m│  [0m  [0m36: Float64Multiply [n32, n35], 1 uses, cannot truncate to int32 [-∞, +∞]
[0;31m│  [0m[0;34m  21 : 55 00 04          BitwiseOrSmi [0], EmbeddedFeedback[4]
[m[0;31m│  [0m  [0m37: TruncateFloat64ToInt32 [n36], 2 uses, cannot truncate to int32
[0;31m│  [0m[0;34m  24 : 42 f7 01          Add r2, EmbeddedFeedback[1]
[m[0;31m│  [0m      ↱ eager @46 (4 live vars)
[0;31m│  [0m      │       @24 (6 live vars)
[0;31m│  [0m  [0m38: Int32AddWithOverflow [n34, n37], 2 uses, cannot truncate to int32
[0;31m│  [0m[1;34m0x09b80101e265 <SharedFunctionInfo> (0x09b8011406b5 <String[23]: "workloads/truncation.js">:0:0)
[m[0;31m│  [0m[0;34m  51 : 42 f7 03          Add r2, EmbeddedFeedback[3]
[m[0;31m│  [0m      ↱ eager @51 (5 live vars)
[0;31m│  [0m  [0m39: CheckedNumberToFloat64 [n19], 1 uses, cannot truncate to int32 [-∞, +∞]
[0;31m│  [0m  [0m40: ChangeInt32ToFloat64 [n38], 1 uses
[0;31m│  [0m  [0m41: Float64Add [n39, n40], 1 uses, cannot truncate to int32 [-∞, +∞]
[0;31m│  [0m[0;34m  54 : 55 00 04          BitwiseOrSmi [0], EmbeddedFeedback[4]
[m[0;31m│  [0m  [0m42: TruncateFloat64ToInt32 [n41], 1 uses, cannot truncate to int32
[0;31m│  [0m[0;34m  57 : 29 02             StaCurrentContextSlot [2]
[m[0;31m│  [0m  [0m43: Int32ToNumber[kCanonicalizeSmi] [n42], 1 uses
[0;31m│  [0m  [0m44: StoreContextSlotWithWriteBarrier(2, mutable) [n2, n43]
[0;31m│  [0m      ↳ lazy @57 (3 live vars)
[0;31m│  [0m[0;34m  61 : 5b 04             Inc FBV[4]
[m[0;31m│  [0m      ↱ eager @61 (3 live vars)
[0;31m│  [0m  [0m45: Int32IncrementWithOverflow [n13], 3 uses, cannot truncate to int32
[0;31m│  [0m[0;34m  64 : 97 30 00 05       JumpLoop [48], [0], FBV[5]
[m[0;31m│  [0m  [0m47: ReduceInterruptBudgetForLoop(38) [n46]
[0;31m│  [0m      ↳ lazy @64 (3 live vars)
[0;31m│  [0m  [0m50: Int32ToNumber[kCanonicalizeSmi] [n45], 0 uses 🪦
[0;31m│  [0m  [0m49: Jump b4
[0;31m│  [0m   │  with gap moves:
[0;31m│  [0m   │    - n45 → 51: φᴵ r1
[0;31m│  [0m   ▼
[0;31m│[0;32m╭─►[0mBlock b4 peeled (effects: c1)
[0;31m│[0;32m│ [0m  [0m51: φᴵ r1 (n45, n72), 6 uses
[0;31m│[0;32m│ [0m[0;34m  22 : 79 f8 04          TestLessThan r1, EmbeddedFeedback[4]
[m[0;31m│[0;32m│ [0m      ↱ eager @22 (4 live vars)
[0;31m│[0;32m│ [0m  [0m52: CheckedSmiSizedInt32 [n51], 4 uses, cannot truncate to int32
[0;31m│[0;32m│ [0m  [0m53: Int32Compare[LessThan] [n52, n14], 0 uses 🪦
[0;31m│[0;32m│ [0m[0;34m  25 : a8 2b             JumpIfFalse [43]
[m[0;31m│[0;32m│[0;33m╭──[0m54: BranchIfInt32Compare(LessThan) [n52, n14] b5 b7
[0;31m│[0;32m│[0;33m│[0m   ↓
[0;31m│[0;32m│[0;33m│ [0mBlock b5
[0;31m│[0;32m│[0;33m│[0m[0;34m  27 : 18 02             LdaCurrentContextSlot [2]
[m[0;31m│[0;32m│[0;33m│[0m  [0m55: LoadContextSlot(0x10, mutable) [n2], 3 uses
[0;31m│[0;32m│[0;33m│[0m[0;34m  36 : 44 f8 04          Mul r1, EmbeddedFeedback[4]
[m[0;31m│[0;32m│[0;33m│[0m  [0m56: ChangeInt32ToFloat64 [n52], 2 uses
[0;31m│[0;32m│[0;33m│[0m  [0m57: Float64Multiply [n56, n23], 3 uses, cannot truncate to int32 [-∞, +∞]
[0;31m│[0;32m│[0;33m│[0m[0;34m  42 : 44 f8 04          Mul r1, EmbeddedFeedback[4]
[m[0;31m│[0;32m│[0;33m│[0m  [0m58: Float64Multiply [n56, n26], 2 uses, cannot truncate to int32 [-∞, +∞]
[0;31m│[0;32m│[0;33m│[0m[1;34m0x09b80101e2cd <SharedFunctionInfo trunc> (0x09b8011406b5 <String[23]: "workloads/truncation.js">:5:14)
[m[0;31m│[0;32m│[0;33m│[0m[0;34m   0 : 0b 04             Ldar a1
[m[0;31m│[0;32m│[0;33m│[0m  [0m59: Jump b6
[0;31m│[0;32m│[0;33m│[0m   ↓
[0;31m│[0;32m│[0;33m│ [0mBlock b6
[0;31m│[0;32m│[0;33m│[0m[1;34m0x09b80101e2cd <SharedFunctionInfo trunc> (0x09b8011406b5 <String[23]: "workloads/truncation.js">:0:0)
[m[0;31m│[0;32m│[0;33m│[0m[0;34m   2 : 44 03 04          Mul a0, EmbeddedFeedback[4]
[m[0;31m│[0;32m│[0;33m│[0m  [0m60: Float64Multiply [n57, n58], 2 uses, cannot truncate to int32 [-∞, +∞]
[0;31m│[0;32m│[0;33m│[0m[0;34m   8 : 42 f9 04          Add r0, EmbeddedFeedback[4]
[m[0;31m│[0;32m│[0;33m│[0m  [0m61: Float64Add [n57, n60], 1 uses, cannot truncate to int32 [-∞, +∞]
[0;31m│[0;32m│[0;33m│[0m[0;34m  12 : 55 00 04          BitwiseOrSmi [0], EmbeddedFeedback[4]
[m[0;31m│[0;32m│[0;33m│[0m  [0m62: TruncateFloat64ToInt32 [n61], 2 uses, cannot truncate to int32
[0;31m│[0;32m│[0;33m│[0m[0;34m  18 : 51 02 04          MulSmi [2], EmbeddedFeedback[4]
[m[0;31m│[0;32m│[0;33m│[0m  [0m63: Float64Multiply [n60, n35], 1 uses, cannot truncate to int32 [-∞, +∞]
[0;31m│[0;32m│[0;33m│[0m[0;34m  21 : 55 00 04          BitwiseOrSmi [0], EmbeddedFeedback[4]
[m[0;31m│[0;32m│[0;33m│[0m  [0m64: TruncateFloat64ToInt32 [n63], 2 uses, cannot truncate to int32
[0;31m│[0;32m│[0;33m│[0m[0;34m  24 : 42 f7 01          Add r2, EmbeddedFeedback[1]
[m[0;31m│[0;32m│[0;33m│[0m      ↱ eager @46 (4 live vars)
[0;31m│[0;32m│[0;33m│[0m      │       @24 (6 live vars)
[0;31m│[0;32m│[0;33m│[0m  [0m65: Int32AddWithOverflow [n62, n64], 2 uses, cannot truncate to int32
[0;31m│[0;32m│[0;33m│[0m[1;34m0x09b80101e265 <SharedFunctionInfo> (0x09b8011406b5 <String[23]: "workloads/truncation.js">:0:0)
[m[0;31m│[0;32m│[0;33m│[0m[0;34m  51 : 42 f7 03          Add r2, EmbeddedFeedback[3]
[m[0;31m│[0;32m│[0;33m│[0m      ↱ eager @51 (5 live vars)
[0;31m│[0;32m│[0;33m│[0m  [0m66: CheckedNumberToFloat64 [n55], 1 uses, cannot truncate to int32 [-∞, +∞]
[0;31m│[0;32m│[0;33m│[0m  [0m67: ChangeInt32ToFloat64 [n65], 1 uses
[0;31m│[0;32m│[0;33m│[0m  [0m68: Float64Add [n66, n67], 1 uses, cannot truncate to int32 [-∞, +∞]
[0;31m│[0;32m│[0;33m│[0m[0;34m  54 : 55 00 04          BitwiseOrSmi [0], EmbeddedFeedback[4]
[m[0;31m│[0;32m│[0;33m│[0m  [0m69: TruncateFloat64ToInt32 [n68], 1 uses, cannot truncate to int32
[0;31m│[0;32m│[0;33m│[0m[0;34m  57 : 29 02             StaCurrentContextSlot [2]
[m[0;31m│[0;32m│[0;33m│[0m  [0m70: Int32ToNumber[kCanonicalizeSmi] [n69], 1 uses
[0;31m│[0;32m│[0;33m│[0m  [0m71: StoreContextSlotWithWriteBarrier(2, mutable) [n2, n70]
[0;31m│[0;32m│[0;33m│[0m      ↳ lazy @57 (3 live vars)
[0;31m│[0;32m│[0;33m│[0m[0;34m  61 : 5b 04             Inc FBV[4]
[m[0;31m│[0;32m│[0;33m│[0m      ↱ eager @61 (3 live vars)
[0;31m│[0;32m│[0;33m│[0m  [0m72: Int32IncrementWithOverflow [n52], 3 uses, cannot truncate to int32
[0;31m│[0;32m│[0;33m│[0m[0;34m  64 : 97 30 00 05       JumpLoop [48], [0], FBV[5]
[m[0;31m│[0;32m│[0;33m│[0m  [0m73: ReduceInterruptBudgetForLoop(38) [n46]
[0;31m│[0;32m│[0;33m│[0m      ↳ lazy @64 (3 live vars)
[0;31m│[0;32m│[0;33m│[0m  [0m75: Int32ToNumber[kCanonicalizeSmi] [n72], 0 uses 🪦
[0;31m│[0;32m│[0;33m│[0m      ↱ eager @61 (3 live vars)
[0;31m│[0;32m╰─◄─[0m74: JumpLoop b4
[0;31m│ [0;33m│[0m      with gap moves:
[0;31m│ [0;33m│[0m        - n72 → 51: φᴵ r1
[0;31m│ [0;33m│[0m
[0;31m│ [0;33m╰►[0mBlock b7
[0;31m│  [0m[0;34m  68 : 23 04 07          LdaGlobal [4:"print"], FBV[7]
[m[0;31m│[0;32m╭───[0m76: Jump b9
[0;31m│[0;32m│ [0m
[0;31m╰──►[0mBlock b8
 [0;32m│ [0m  [0m77: Jump b9
 [0;32m│ [0m   ↓
 [0;32m╰─►[0mBlock b9
   [0m      ↱ eager @68 (2 live vars)
   [0m  [0m78: Deopt(Insufficient type feedback for generic global access)
   [0m

----- AnyUseMarking -----
Graph

   [0m  [0m20: HeapConstant(0x09b80101e389 <JSFunction trunc (sfi = 0x9b80101e2cd)>) → (x)
   [0m  [0m29: HeapConstant(0x09b80101e375 <ScriptContext[3]>) → (x)
   [0m  [0m30: HeapConstant(0x09b801004999 <JSGlobalProxy>) → (x)
   [0m  [0m46: HeapConstant(0x09b80101e365 <FeedbackCell[one closure]>) → (x)
   [0m  [0m12: SmiConstant(100000) → (x)
   [0m  [0m14: Int32Constant(100000) → (x)
   [0m  [0m26: Float64Constant(0.25) → (x)
   [0m  [0m23: Float64Constant(1.5) → (x)
   [0m  [0m35: Float64Constant(2) → (x)
    [0mBlock b0
   [0m[1;34m0x09b80101e265 <SharedFunctionInfo> (0x09b8011406b5 <String[23]: "workloads/truncation.js">:0:0)
[m   [0m[0;34m  16 : 01 0d a0 86 01 00 LdaSmi.ExtraWide [100000]
[m   [0m   [0m1: InitialValue(<this>) → (x)
   [0m   [0m2: InitialValue(<context>) → (x)
   [0m   [0m3: InitialValue(<closure>) → (x)
   [0m   [0m5: InitialValue(r1) → (x)
   [0m  [0m10: FunctionEntryStackCheck
   [0m      ↳ lazy @64 (3 live vars)
   [0m      ↱ eager @64 (3 live vars)
   [0m  [0m11: CheckpointedJump b1
   [0m   ↓
    [0mBlock b1
   [0m[0;34m  22 : 79 f8 04          TestLessThan r1, EmbeddedFeedback[4]
[m   [0m      ↱ eager @22 (4 live vars)
   [0m  [0m13: CheckedSmiUntag [v0/n5:(x)] → (x)
   [0m[0;34m  25 : a8 2b             JumpIfFalse [43]
[m[0;31m╭────[0m16: BranchIfInt32Compare(LessThan) [v0/n13:(x), v0/n14:(x)] b2 b8
[0;31m│  [0m   ↓
[0;31m│   [0mBlock b2
[0;31m│  [0m[0;34m  27 : 18 02             LdaCurrentContextSlot [2]
[m[0;31m│  [0m  [0m19: LoadContextSlot(0x10, mutable) [v0/n2:(x)] → (x)
[0;31m│  [0m[0;34m  36 : 44 f8 04          Mul r1, EmbeddedFeedback[4]
[m[0;31m│  [0m  [0m22: ChangeInt32ToFloat64 [v0/n13:(x)] → (x)
[0;31m│  [0m  [0m24: Float64Multiply [v0/n22:(x), v0/n23:(x)] → (x)
[0;31m│  [0m[0;34m  42 : 44 f8 04          Mul r1, EmbeddedFeedback[4]
[m[0;31m│  [0m  [0m27: Float64Multiply [v0/n22:(x), v0/n26:(x)] → (x)
[0;31m│  [0m[1;34m0x09b80101e2cd <SharedFunctionInfo trunc> (0x09b8011406b5 <String[23]: "workloads/truncation.js">:5:14)
[m[0;31m│  [0m[0;34m   0 : 0b 04             Ldar a1
[m[0;31m│  [0m  [0m31: Jump b3
[0;31m│  [0m   ↓
[0;31m│   [0mBlock b3
[0;31m│  [0m[1;34m0x09b80101e2cd <SharedFunctionInfo trunc> (0x09b8011406b5 <String[23]: "workloads/truncation.js">:0:0)
[m[0;31m│  [0m[0;34m   2 : 44 03 04          Mul a0, EmbeddedFeedback[4]
[m[0;31m│  [0m  [0m32: Float64Multiply [v0/n24:(x), v0/n27:(x)] → (x)
[0;31m│  [0m[0;34m   8 : 42 f9 04          Add r0, EmbeddedFeedback[4]
[m[0;31m│  [0m  [0m33: Float64Add [v0/n32:(x), v0/n24:(x)] → (x)
[0;31m│  [0m[0;34m  12 : 55 00 04          BitwiseOrSmi [0], EmbeddedFeedback[4]
[m[0;31m│  [0m  [0m34: TruncateFloat64ToInt32 [v0/n33:(x)] → (x)
[0;31m│  [0m[0;34m  18 : 51 02 04          MulSmi [2], EmbeddedFeedback[4]
[m[0;31m│  [0m  [0m36: Float64Multiply [v0/n32:(x), v0/n35:(x)] → (x)
[0;31m│  [0m[0;34m  21 : 55 00 04          BitwiseOrSmi [0], EmbeddedFeedback[4]
[m[0;31m│  [0m  [0m37: TruncateFloat64ToInt32 [v0/n36:(x)] → (x)
[0;31m│  [0m[0;34m  24 : 42 f7 01          Add r2, EmbeddedFeedback[1]
[m[0;31m│  [0m      ↱ eager @46 (4 live vars)
[0;31m│  [0m      │       @24 (6 live vars)
[0;31m│  [0m  [0m38: Int32AddWithOverflow [v0/n34:(x), v0/n37:(x)] → (x)
[0;31m│  [0m[1;34m0x09b80101e265 <SharedFunctionInfo> (0x09b8011406b5 <String[23]: "workloads/truncation.js">:0:0)
[m[0;31m│  [0m[0;34m  51 : 42 f7 03          Add r2, EmbeddedFeedback[3]
[m[0;31m│  [0m      ↱ eager @51 (5 live vars)
[0;31m│  [0m  [0m39: CheckedNumberToFloat64 [v0/n19:(x)] → (x)
[0;31m│  [0m  [0m40: ChangeInt32ToFloat64 [v0/n38:(x)] → (x)
[0;31m│  [0m  [0m41: Float64Add [v0/n39:(x), v0/n40:(x)] → (x)
[0;31m│  [0m[0;34m  54 : 55 00 04          BitwiseOrSmi [0], EmbeddedFeedback[4]
[m[0;31m│  [0m  [0m42: TruncateFloat64ToInt32 [v0/n41:(x)] → (x)
[0;31m│  [0m[0;34m  57 : 29 02             StaCurrentContextSlot [2]
[m[0;31m│  [0m  [0m43: Int32ToNumber[kCanonicalizeSmi] [v0/n42:(x)] → (x)
[0;31m│  [0m  [0m44: StoreContextSlotWithWriteBarrier(2, mutable) [v0/n2:(x), v0/n43:(x)]
[0;31m│  [0m      ↳ lazy @57 (3 live vars)
[0;31m│  [0m[0;34m  61 : 5b 04             Inc FBV[4]
[m[0;31m│  [0m      ↱ eager @61 (3 live vars)
[0;31m│  [0m  [0m45: Int32IncrementWithOverflow [v0/n13:(x)] → (x)
[0;31m│  [0m[0;34m  64 : 97 30 00 05       JumpLoop [48], [0], FBV[5]
[m[0;31m│  [0m  [0m47: ReduceInterruptBudgetForLoop(38) [v0/n46:(x)]
[0;31m│  [0m      ↳ lazy @64 (3 live vars)
[0;31m│  [0m  [0m49: Jump b4
[0;31m│  [0m   │  with gap moves:
[0;31m│  [0m   │    - v0/n45:(x) → 51: φᴵ r1 (x)
[0;31m│  [0m   ▼
[0;31m│[0;32m╭─►[0mBlock b4 peeled (effects: c1)
[0;31m│[0;32m│ [0m  [0m51: φᴵ r1 (n45, n72) → (x)
[0;31m│[0;32m│ [0m[0;34m  22 : 79 f8 04          TestLessThan r1, EmbeddedFeedback[4]
[m[0;31m│[0;32m│ [0m      ↱ eager @22 (4 live vars)
[0;31m│[0;32m│ [0m  [0m52: CheckedSmiSizedInt32 [v0/n51:(x)] → (x)
[0;31m│[0;32m│ [0m[0;34m  25 : a8 2b             JumpIfFalse [43]
[m[0;31m│[0;32m│[0;33m╭──[0m54: BranchIfInt32Compare(LessThan) [v0/n52:(x), v0/n14:(x)] b5 b7
[0;31m│[0;32m│[0;33m│[0m   ↓
[0;31m│[0;32m│[0;33m│ [0mBlock b5
[0;31m│[0;32m│[0;33m│[0m[0;34m  27 : 18 02             LdaCurrentContextSlot [2]
[m[0;31m│[0;32m│[0;33m│[0m  [0m55: LoadContextSlot(0x10, mutable) [v0/n2:(x)] → (x)
[0;31m│[0;32m│[0;33m│[0m[0;34m  36 : 44 f8 04          Mul r1, EmbeddedFeedback[4]
[m[0;31m│[0;32m│[0;33m│[0m  [0m56: ChangeInt32ToFloat64 [v0/n52:(x)] → (x)
[0;31m│[0;32m│[0;33m│[0m  [0m57: Float64Multiply [v0/n56:(x), v0/n23:(x)] → (x)
[0;31m│[0;32m│[0;33m│[0m[0;34m  42 : 44 f8 04          Mul r1, EmbeddedFeedback[4]
[m[0;31m│[0;32m│[0;33m│[0m  [0m58: Float64Multiply [v0/n56:(x), v0/n26:(x)] → (x)
[0;31m│[0;32m│[0;33m│[0m[1;34m0x09b80101e2cd <SharedFunctionInfo trunc> (0x09b8011406b5 <String[23]: "workloads/truncation.js">:5:14)
[m[0;31m│[0;32m│[0;33m│[0m[0;34m   0 : 0b 04             Ldar a1
[m[0;31m│[0;32m│[0;33m│[0m  [0m59: Jump b6
[0;31m│[0;32m│[0;33m│[0m   ↓
[0;31m│[0;32m│[0;33m│ [0mBlock b6
[0;31m│[0;32m│[0;33m│[0m[1;34m0x09b80101e2cd <SharedFunctionInfo trunc> (0x09b8011406b5 <String[23]: "workloads/truncation.js">:0:0)
[m[0;31m│[0;32m│[0;33m│[0m[0;34m   2 : 44 03 04          Mul a0, EmbeddedFeedback[4]
[m[0;31m│[0;32m│[0;33m│[0m  [0m60: Float64Multiply [v0/n57:(x), v0/n58:(x)] → (x)
[0;31m│[0;32m│[0;33m│[0m[0;34m   8 : 42 f9 04          Add r0, EmbeddedFeedback[4]
[m[0;31m│[0;32m│[0;33m│[0m  [0m61: Float64Add [v0/n57:(x), v0/n60:(x)] → (x)
[0;31m│[0;32m│[0;33m│[0m[0;34m  12 : 55 00 04          BitwiseOrSmi [0], EmbeddedFeedback[4]
[m[0;31m│[0;32m│[0;33m│[0m  [0m62: TruncateFloat64ToInt32 [v0/n61:(x)] → (x)
[0;31m│[0;32m│[0;33m│[0m[0;34m  18 : 51 02 04          MulSmi [2], EmbeddedFeedback[4]
[m[0;31m│[0;32m│[0;33m│[0m  [0m63: Float64Multiply [v0/n60:(x), v0/n35:(x)] → (x)
[0;31m│[0;32m│[0;33m│[0m[0;34m  21 : 55 00 04          BitwiseOrSmi [0], EmbeddedFeedback[4]
[m[0;31m│[0;32m│[0;33m│[0m  [0m64: TruncateFloat64ToInt32 [v0/n63:(x)] → (x)
[0;31m│[0;32m│[0;33m│[0m[0;34m  24 : 42 f7 01          Add r2, EmbeddedFeedback[1]
[m[0;31m│[0;32m│[0;33m│[0m      ↱ eager @46 (4 live vars)
[0;31m│[0;32m│[0;33m│[0m      │       @24 (6 live vars)
[0;31m│[0;32m│[0;33m│[0m  [0m65: Int32AddWithOverflow [v0/n62:(x), v0/n64:(x)] → (x)
[0;31m│[0;32m│[0;33m│[0m[1;34m0x09b80101e265 <SharedFunctionInfo> (0x09b8011406b5 <String[23]: "workloads/truncation.js">:0:0)
[m[0;31m│[0;32m│[0;33m│[0m[0;34m  51 : 42 f7 03          Add r2, EmbeddedFeedback[3]
[m[0;31m│[0;32m│[0;33m│[0m      ↱ eager @51 (5 live vars)
[0;31m│[0;32m│[0;33m│[0m  [0m66: CheckedNumberToFloat64 [v0/n55:(x)] → (x)
[0;31m│[0;32m│[0;33m│[0m  [0m67: ChangeInt32ToFloat64 [v0/n65:(x)] → (x)
[0;31m│[0;32m│[0;33m│[0m  [0m68: Float64Add [v0/n66:(x), v0/n67:(x)] → (x)
[0;31m│[0;32m│[0;33m│[0m[0;34m  54 : 55 00 04          BitwiseOrSmi [0], EmbeddedFeedback[4]
[m[0;31m│[0;32m│[0;33m│[0m  [0m69: TruncateFloat64ToInt32 [v0/n68:(x)] → (x)
[0;31m│[0;32m│[0;33m│[0m[0;34m  57 : 29 02             StaCurrentContextSlot [2]
[m[0;31m│[0;32m│[0;33m│[0m  [0m70: Int32ToNumber[kCanonicalizeSmi] [v0/n69:(x)] → (x)
[0;31m│[0;32m│[0;33m│[0m  [0m71: StoreContextSlotWithWriteBarrier(2, mutable) [v0/n2:(x), v0/n70:(x)]
[0;31m│[0;32m│[0;33m│[0m      ↳ lazy @57 (3 live vars)
[0;31m│[0;32m│[0;33m│[0m[0;34m  61 : 5b 04             Inc FBV[4]
[m[0;31m│[0;32m│[0;33m│[0m      ↱ eager @61 (3 live vars)
[0;31m│[0;32m│[0;33m│[0m  [0m72: Int32IncrementWithOverflow [v0/n52:(x)] → (x)
[0;31m│[0;32m│[0;33m│[0m[0;34m  64 : 97 30 00 05       JumpLoop [48], [0], FBV[5]
[m[0;31m│[0;32m│[0;33m│[0m  [0m73: ReduceInterruptBudgetForLoop(38) [v0/n46:(x)]
[0;31m│[0;32m│[0;33m│[0m      ↳ lazy @64 (3 live vars)
[0;31m│[0;32m│[0;33m│[0m      ↱ eager @61 (3 live vars)
[0;31m│[0;32m╰─◄─[0m74: JumpLoop b4
[0;31m│ [0;33m│[0m      with gap moves:
[0;31m│ [0;33m│[0m        - v0/n72:(x) → 51: φᴵ r1 (x)
[0;31m│ [0;33m│[0m
[0;31m│ [0;33m╰►[0mBlock b7
[0;31m│  [0m[0;34m  68 : 23 04 07          LdaGlobal [4:"print"], FBV[7]
[m[0;31m│[0;32m╭───[0m76: Jump b9
[0;31m│[0;32m│ [0m
[0;31m╰──►[0mBlock b8
 [0;32m│ [0m  [0m77: Jump b9
 [0;32m│ [0m   ↓
 [0;32m╰─►[0mBlock b9
   [0m      ↱ eager @68 (2 live vars)
   [0m  [0m78: Deopt(Insufficient type feedback for generic global access)
   [0m

----- Dead nodes sweeping -----
Graph

   [0m   [0m1/20: HeapConstant(0x09b80101e389 <JSFunction trunc (sfi = 0x9b80101e2cd)>) → v-1, live range: [1-60]
   [0m   [0m2/29: HeapConstant(0x09b80101e375 <ScriptContext[3]>) → v-1, live range: [2-60]
   [0m   [0m3/30: HeapConstant(0x09b801004999 <JSGlobalProxy>) → v-1, live range: [3-60]
   [0m   [0m4/46: HeapConstant(0x09b80101e365 <FeedbackCell[one closure]>) → v-1, live range: [4-60]
   [0m   [0m5/12: SmiConstant(100000) → v-1, live range: [5-60]
   [0m   [0m6/14: Int32Constant(100000) → v-1, live range: [6-60]
   [0m   [0m7/26: Float64Constant(0.25) → v-1, live range: [7-60]
   [0m   [0m8/23: Float64Constant(1.5) → v-1, live range: [8-60]
   [0m   [0m9/35: Float64Constant(2) → v-1, live range: [9-60]
    [0mBlock b0
   [0m[1;34m0x09b80101e265 <SharedFunctionInfo> (0x09b8011406b5 <String[23]: "workloads/truncation.js">:0:0)
[m   [0m[0;34m  16 : 01 0d a0 86 01 00 LdaSmi.ExtraWide [100000]
[m   [0m   [0m10/1: InitialValue(<this>) → v-1(=-6S), live range: [10-63]
   [0m   [0m11/2: InitialValue(<context>) → v-1(=-3S), live range: [11-63]
   [0m   [0m12/3: InitialValue(<closure>) → v-1(=-2S), live range: [12-63]
   [0m   [0m13/5: InitialValue(r1) → v-1(=4S), live range: [13-35]
   [0m  [0m14/10: FunctionEntryStackCheck
   [0m         ↳ lazy @64 (3 live vars)
   [0m         ↱ eager @64 (3 live vars)
   [0m  [0m15/11: CheckpointedJump b1
   [0m      ↓
    [0mBlock b1
   [0m[0;34m  22 : 79 f8 04          TestLessThan r1, EmbeddedFeedback[4]
[m   [0m         ↱ eager @22 (4 live vars)
   [0m  [0m16/13: CheckedSmiUntag [v13/n5:v-1(R)] → v-1(0), live range: [16-35]
   [0m[0;34m  25 : a8 2b             JumpIfFalse [43]
[m[0;31m╭────[0m17/16: BranchIfInt32Compare(LessThan) [v16/n13:v-1(R), v6/n14:v-1(R)] b2 b8
[0;31m│  [0m      ↓
[0;31m│   [0mBlock b2
[0;31m│  [0m[0;34m  27 : 18 02             LdaCurrentContextSlot [2]
[m[0;31m│  [0m  [0m18/19: LoadContextSlot(0x10, mutable) [v11/n2:v-1(R)] → v-1(R), live range: [18-29]
[0;31m│  [0m[0;34m  36 : 44 f8 04          Mul r1, EmbeddedFeedback[4]
[m[0;31m│  [0m  [0m19/22: ChangeInt32ToFloat64 [v16/n13:v-1(R)] → v-1(R), live range: [19-21]
[0;31m│  [0m  [0m20/24: Float64Multiply [v19/n22:v-1(R), v8/n23:v-1(R)] → v-1(R), live range: [20-28]
[0;31m│  [0m[0;34m  42 : 44 f8 04          Mul r1, EmbeddedFeedback[4]
[m[0;31m│  [0m  [0m21/27: Float64Multiply [v19/n22:v-1(R), v7/n26:v-1(R)] → v-1(R), live range: [21-28]
[0;31m│  [0m[1;34m0x09b80101e2cd <SharedFunctionInfo trunc> (0x09b8011406b5 <String[23]: "workloads/truncation.js">:5:14)
[m[0;31m│  [0m[0;34m   0 : 0b 04             Ldar a1
[m[0;31m│  [0m  [0m22/31: Jump b3
[0;31m│  [0m      ↓
[0;31m│   [0mBlock b3
[0;31m│  [0m[1;34m0x09b80101e2cd <SharedFunctionInfo trunc> (0x09b8011406b5 <String[23]: "workloads/truncation.js">:0:0)
[m[0;31m│  [0m[0;34m   2 : 44 03 04          Mul a0, EmbeddedFeedback[4]
[m[0;31m│  [0m  [0m23/32: Float64Multiply [v20/n24:v-1(R), v21/n27:v-1(R)] → v-1(R), live range: [23-26]
[0;31m│  [0m[0;34m   8 : 42 f9 04          Add r0, EmbeddedFeedback[4]
[m[0;31m│  [0m  [0m24/33: Float64Add [v23/n32:v-1(R), v20/n24:v-1(R)] → v-1(R), live range: [24-25]
[0;31m│  [0m[0;34m  12 : 55 00 04          BitwiseOrSmi [0], EmbeddedFeedback[4]
[m[0;31m│  [0m  [0m25/34: TruncateFloat64ToInt32 [v24/n33:v-1(R)] → v-1(R), live range: [25-28]
[0;31m│  [0m[0;34m  18 : 51 02 04          MulSmi [2], EmbeddedFeedback[4]
[m[0;31m│  [0m  [0m26/36: Float64Multiply [v23/n32:v-1(R), v9/n35:v-1(R)] → v-1(R), live range: [26-27]
[0;31m│  [0m[0;34m  21 : 55 00 04          BitwiseOrSmi [0], EmbeddedFeedback[4]
[m[0;31m│  [0m  [0m27/37: TruncateFloat64ToInt32 [v26/n36:v-1(R)] → v-1(R), live range: [27-28]
[0;31m│  [0m[0;34m  24 : 42 f7 01          Add r2, EmbeddedFeedback[1]
[m[0;31m│  [0m         ↱ eager @46 (4 live vars)
[0;31m│  [0m         │       @24 (6 live vars)
[0;31m│  [0m  [0m28/38: Int32AddWithOverflow [v25/n34:v-1(R), v27/n37:v-1(R)] → v-1(R), live range: [28-30]
[0;31m│  [0m[1;34m0x09b80101e265 <SharedFunctionInfo> (0x09b8011406b5 <String[23]: "workloads/truncation.js">:0:0)
[m[0;31m│  [0m[0;34m  51 : 42 f7 03          Add r2, EmbeddedFeedback[3]
[m[0;31m│  [0m         ↱ eager @51 (5 live vars)
[0;31m│  [0m  [0m29/39: CheckedNumberToFloat64 [v18/n19:v-1(R)] → v-1(R), live range: [29-31]
[0;31m│  [0m  [0m30/40: ChangeInt32ToFloat64 [v28/n38:v-1(R)] → v-1(R), live range: [30-31]
[0;31m│  [0m  [0m31/41: Float64Add [v29/n39:v-1(R), v30/n40:v-1(R)] → v-1(R), live range: [31-32]
[0;31m│  [0m[0;34m  54 : 55 00 04          BitwiseOrSmi [0], EmbeddedFeedback[4]
[m[0;31m│  [0m  [0m32/42: TruncateFloat64ToInt32 [v31/n41:v-1(R)] → v-1(R), live range: [32-33]
[0;31m│  [0m[0;34m  57 : 29 02             StaCurrentContextSlot [2]
[m[0;31m│  [0m  [0m33/43: Int32ToNumber[kCanonicalizeSmi] [v32/n42:v-1(R)] → v-1(R), live range: [33-34]
[0;31m│  [0m  [0m34/44: StoreContextSlotWithWriteBarrier(2, mutable) [v11/n2:v-1(=x1), v33/n43:v-1(R)]
[0;31m│  [0m         ↳ lazy @57 (3 live vars)
[0;31m│  [0m[0;34m  61 : 5b 04             Inc FBV[4]
[m[0;31m│  [0m         ↱ eager @61 (3 live vars)
[0;31m│  [0m  [0m35/45: Int32IncrementWithOverflow [v16/n13:v-1(R)] → v-1(R), live range: [35-37]
[0;31m│  [0m[0;34m  64 : 97 30 00 05       JumpLoop [48], [0], FBV[5]
[m[0;31m│  [0m  [0m36/47: ReduceInterruptBudgetForLoop(38) [v4/n46:v-1(R)]
[0;31m│  [0m         ↳ lazy @64 (3 live vars)
[0;31m│  [0m  [0m37/49: Jump b4
[0;31m│  [0m      │  with gap moves:
[0;31m│  [0m      │    - v35/n45:v-1(*) → 51: φᴵ r1 v-1(*)
[0;31m│  [0m      ▼
[0;31m│[0;32m╭─►[0mBlock b4 peeled (effects: c1)
[0;31m│[0;32m│ [0m  [0m38/51: φᴵ r1 (n45, n72) → v-1(*), live range: [38-58]
[0;31m│[0;32m│ [0m[0;34m  22 : 79 f8 04          TestLessThan r1, EmbeddedFeedback[4]
[m[0;31m│[0;32m│ [0m         ↱ eager @22 (4 live vars)
[0;31m│[0;32m│ [0m  [0m39/52: CheckedSmiSizedInt32 [v38/n51:v-1(R)] → v-1(0), live range: [39-58]
[0;31m│[0;32m│ [0m[0;34m  25 : a8 2b             JumpIfFalse [43]
[m[0;31m│[0;32m│[0;33m╭──[0m40/54: BranchIfInt32Compare(LessThan) [v39/n52:v-1(R), v6/n14:v-1(R)] b5 b7
[0;31m│[0;32m│[0;33m│[0m      ↓
[0;31m│[0;32m│[0;33m│ [0mBlock b5
[0;31m│[0;32m│[0;33m│[0m[0;34m  27 : 18 02             LdaCurrentContextSlot [2]
[m[0;31m│[0;32m│[0;33m│[0m  [0m41/55: LoadContextSlot(0x10, mutable) [v11/n2:v-1(R)] → v-1(R), live range: [41-52]
[0;31m│[0;32m│[0;33m│[0m[0;34m  36 : 44 f8 04          Mul r1, EmbeddedFeedback[4]
[m[0;31m│[0;32m│[0;33m│[0m  [0m42/56: ChangeInt32ToFloat64 [v39/n52:v-1(R)] → v-1(R), live range: [42-44]
[0;31m│[0;32m│[0;33m│[0m  [0m43/57: Float64Multiply [v42/n56:v-1(R), v8/n23:v-1(R)] → v-1(R), live range: [43-51]
[0;31m│[0;32m│[0;33m│[0m[0;34m  42 : 44 f8 04          Mul r1, EmbeddedFeedback[4]
[m[0;31m│[0;32m│[0;33m│[0m  [0m44/58: Float64Multiply [v42/n56:v-1(R), v7/n26:v-1(R)] → v-1(R), live range: [44-51]
[0;31m│[0;32m│[0;33m│[0m[1;34m0x09b80101e2cd <SharedFunctionInfo trunc> (0x09b8011406b5 <String[23]: "workloads/truncation.js">:5:14)
[m[0;31m│[0;32m│[0;33m│[0m[0;34m   0 : 0b 04             Ldar a1
[m[0;31m│[0;32m│[0;33m│[0m  [0m45/59: Jump b6
[0;31m│[0;32m│[0;33m│[0m      ↓
[0;31m│[0;32m│[0;33m│ [0mBlock b6
[0;31m│[0;32m│[0;33m│[0m[1;34m0x09b80101e2cd <SharedFunctionInfo trunc> (0x09b8011406b5 <String[23]: "workloads/truncation.js">:0:0)
[m[0;31m│[0;32m│[0;33m│[0m[0;34m   2 : 44 03 04          Mul a0, EmbeddedFeedback[4]
[m[0;31m│[0;32m│[0;33m│[0m  [0m46/60: Float64Multiply [v43/n57:v-1(R), v44/n58:v-1(R)] → v-1(R), live range: [46-49]
[0;31m│[0;32m│[0;33m│[0m[0;34m   8 : 42 f9 04          Add r0, EmbeddedFeedback[4]
[m[0;31m│[0;32m│[0;33m│[0m  [0m47/61: Float64Add [v43/n57:v-1(R), v46/n60:v-1(R)] → v-1(R), live range: [47-48]
[0;31m│[0;32m│[0;33m│[0m[0;34m  12 : 55 00 04          BitwiseOrSmi [0], EmbeddedFeedback[4]
[m[0;31m│[0;32m│[0;33m│[0m  [0m48/62: TruncateFloat64ToInt32 [v47/n61:v-1(R)] → v-1(R), live range: [48-51]
[0;31m│[0;32m│[0;33m│[0m[0;34m  18 : 51 02 04          MulSmi [2], EmbeddedFeedback[4]
[m[0;31m│[0;32m│[0;33m│[0m  [0m49/63: Float64Multiply [v46/n60:v-1(R), v9/n35:v-1(R)] → v-1(R), live range: [49-50]
[0;31m│[0;32m│[0;33m│[0m[0;34m  21 : 55 00 04          BitwiseOrSmi [0], EmbeddedFeedback[4]
[m[0;31m│[0;32m│[0;33m│[0m  [0m50/64: TruncateFloat64ToInt32 [v49/n63:v-1(R)] → v-1(R), live range: [50-51]
[0;31m│[0;32m│[0;33m│[0m[0;34m  24 : 42 f7 01          Add r2, EmbeddedFeedback[1]
[m[0;31m│[0;32m│[0;33m│[0m         ↱ eager @46 (4 live vars)
[0;31m│[0;32m│[0;33m│[0m         │       @24 (6 live vars)
[0;31m│[0;32m│[0;33m│[0m  [0m51/65: Int32AddWithOverflow [v48/n62:v-1(R), v50/n64:v-1(R)] → v-1(R), live range: [51-53]
[0;31m│[0;32m│[0;33m│[0m[1;34m0x09b80101e265 <SharedFunctionInfo> (0x09b8011406b5 <String[23]: "workloads/truncation.js">:0:0)
[m[0;31m│[0;32m│[0;33m│[0m[0;34m  51 : 42 f7 03          Add r2, EmbeddedFeedback[3]
[m[0;31m│[0;32m│[0;33m│[0m         ↱ eager @51 (5 live vars)
[0;31m│[0;32m│[0;33m│[0m  [0m52/66: CheckedNumberToFloat64 [v41/n55:v-1(R)] → v-1(R), live range: [52-54]
[0;31m│[0;32m│[0;33m│[0m  [0m53/67: ChangeInt32ToFloat64 [v51/n65:v-1(R)] → v-1(R), live range: [53-54]
[0;31m│[0;32m│[0;33m│[0m  [0m54/68: Float64Add [v52/n66:v-1(R), v53/n67:v-1(R)] → v-1(R), live range: [54-55]
[0;31m│[0;32m│[0;33m│[0m[0;34m  54 : 55 00 04          BitwiseOrSmi [0], EmbeddedFeedback[4]
[m[0;31m│[0;32m│[0;33m│[0m  [0m55/69: TruncateFloat64ToInt32 [v54/n68:v-1(R)] → v-1(R), live range: [55-56]
[0;31m│[0;32m│[0;33m│[0m[0;34m  57 : 29 02             StaCurrentContextSlot [2]
[m[0;31m│[0;32m│[0;33m│[0m  [0m56/70: Int32ToNumber[kCanonicalizeSmi] [v55/n69:v-1(R)] → v-1(R), live range: [56-57]
[0;31m│[0;32m│[0;33m│[0m  [0m57/71: StoreContextSlotWithWriteBarrier(2, mutable) [v11/n2:v-1(=x1), v56/n70:v-1(R)]
[0;31m│[0;32m│[0;33m│[0m         ↳ lazy @57 (3 live vars)
[0;31m│[0;32m│[0;33m│[0m[0;34m  61 : 5b 04             Inc FBV[4]
[m[0;31m│[0;32m│[0;33m│[0m         ↱ eager @61 (3 live vars)
[0;31m│[0;32m│[0;33m│[0m  [0m58/72: Int32IncrementWithOverflow [v39/n52:v-1(R)] → v-1(R), live range: [58-60]
[0;31m│[0;32m│[0;33m│[0m[0;34m  64 : 97 30 00 05       JumpLoop [48], [0], FBV[5]
[m[0;31m│[0;32m│[0;33m│[0m  [0m59/73: ReduceInterruptBudgetForLoop(38) [v4/n46:v-1(R)]
[0;31m│[0;32m│[0;33m│[0m         ↳ lazy @64 (3 live vars)
[0;31m│[0;32m│[0;33m│[0m         ↱ eager @61 (3 live vars)
[0;31m│[0;32m╰─◄─[0m60/74: JumpLoop b4
[0;31m│ [0;33m│[0m         with gap moves:
[0;31m│ [0;33m│[0m           - v58/n72:v-1(*) → 51: φᴵ r1 v-1(*)
[0;31m│ [0;33m│[0m
[0;31m│ [0;33m╰►[0mBlock b7
[0;31m│  [0m[0;34m  68 : 23 04 07          LdaGlobal [4:"print"], FBV[7]
[m[0;31m│[0;32m╭───[0m61/76: Jump b9
[0;31m│[0;32m│ [0m
[0;31m╰──►[0mBlock b8
 [0;32m│ [0m  [0m62/77: Jump b9
 [0;32m│ [0m      ↓
 [0;32m╰─►[0mBlock b9
   [0m         ↱ eager @68 (2 live vars)
   [0m  [0m63/78: Deopt(Insufficient type feedback for generic global access)
   [0m

----- Register allocation -----
Graph

   [0m   [0m1/20: HeapConstant(0x09b80101e389 <JSFunction trunc (sfi = 0x9b80101e2cd)>) → v-1, live range: [1-60]
   [0m   [0m2/29: HeapConstant(0x09b80101e375 <ScriptContext[3]>) → v-1, live range: [2-60]
   [0m   [0m3/30: HeapConstant(0x09b801004999 <JSGlobalProxy>) → v-1, live range: [3-60]
   [0m   [0m4/46: HeapConstant(0x09b80101e365 <FeedbackCell[one closure]>) → v-1, live range: [4-60]
   [0m   [0m5/12: SmiConstant(100000) → v-1, live range: [5-60]
   [0m   [0m6/14: Int32Constant(100000) → v-1, live range: [6-60]
   [0m   [0m7/26: Float64Constant(0.25) → v-1, live range: [7-60]
   [0m   [0m8/23: Float64Constant(1.5) → v-1, live range: [8-60]
   [0m   [0m9/35: Float64Constant(2) → v-1, live range: [9-60]
    [0mBlock b0
   [0m[1;34m0x09b80101e265 <SharedFunctionInfo> (0x09b8011406b5 <String[23]: "workloads/truncation.js">:0:0)
[m   [0m[0;34m  16 : 01 0d a0 86 01 00 LdaSmi.ExtraWide [100000]
[m   [0m   [0m10/1: InitialValue(<this>) → [stack:-6|t], live range: [10-63]
   [0m   [0m11/2: InitialValue(<context>) → [stack:-3|t], live range: [11-63]
   [0m   [0m12/3: InitialValue(<closure>) → [stack:-2|t], live range: [12-63]
   [0m   [0m13/5: InitialValue(r1) → [stack:4|t], live range: [13-35]
   [0m  [0m14/10: FunctionEntryStackCheck
   [0m         ↳ lazy @64 (3 live vars)
   [0m         ↱ eager @64 (3 live vars)
   [0m  [0m15/11: CheckpointedJump b1
   [0m      ↓
    [0mBlock b1
   [0m     [0m79: GapMove([stack:4|t] → [x0|R|t])
   [0m[0;34m  22 : 79 f8 04          TestLessThan r1, EmbeddedFeedback[4]
[m   [0m         ↱ eager @22 (4 live vars)
   [0m  [0m16/13: CheckedSmiUntag [v13/n5:[x0|R|t]] → [x0|R|w32], live range: [16-35]
   [0m     [0m80: ConstantGapMove(n14 → [x1|R|w32])
   [0m[0;34m  25 : a8 2b             JumpIfFalse [43]
[m[0;31m╭────[0m17/16: BranchIfInt32Compare(LessThan) [v16/n13:[x0|R|w32], v6/n14:[x1|R|w32]] b2 b8
[0;31m│  [0m      ↓
[0;31m│   [0mBlock b2
[0;31m│  [0m     [0m81: GapMove([stack:-3|t] → [x2|R|t])
[0;31m│  [0m[0;34m  27 : 18 02             LdaCurrentContextSlot [2]
[m[0;31m│  [0m  [0m18/19: LoadContextSlot(0x10, mutable) [v11/n2:[x2|R|t]] → [x5|R|t], live range: [18-29]
[0;31m│  [0m[0;34m  36 : 44 f8 04          Mul r1, EmbeddedFeedback[4]
[m[0;31m│  [0m  [0m19/22: ChangeInt32ToFloat64 [v16/n13:[x0|R|w32]] → [v0|R|f64], live range: [19-21]
[0;31m│  [0m     [0m82: ConstantGapMove(n23 → [v1|R|f64])
[0;31m│  [0m  [0m20/24: Float64Multiply [v19/n22:[v0|R|f64], v8/n23:[v1|R|f64]] → [v2|R|f64], live range: [20-28]
[0;31m│  [0m     [0m83: ConstantGapMove(n26 → [v3|R|f64])
[0;31m│  [0m[0;34m  42 : 44 f8 04          Mul r1, EmbeddedFeedback[4]
[m[0;31m│  [0m  [0m21/27: Float64Multiply [v19/n22:[v0|R|f64], v7/n26:[v3|R|f64]] → [v4|R|f64], live range: [21-28]
[0;31m│  [0m[1;34m0x09b80101e2cd <SharedFunctionInfo trunc> (0x09b8011406b5 <String[23]: "workloads/truncation.js">:5:14)
[m[0;31m│  [0m[0;34m   0 : 0b 04             Ldar a1
[m[0;31m│  [0m  [0m22/31: Jump b3
[0;31m│  [0m      ↓
[0;31m│   [0mBlock b3
[0;31m│  [0m[1;34m0x09b80101e2cd <SharedFunctionInfo trunc> (0x09b8011406b5 <String[23]: "workloads/truncation.js">:0:0)
[m[0;31m│  [0m[0;34m   2 : 44 03 04          Mul a0, EmbeddedFeedback[4]
[m[0;31m│  [0m  [0m23/32: Float64Multiply [v20/n24:[v2|R|f64], v21/n27:[v4|R|f64]] → [v0|R|f64], live range: [23-26]
[0;31m│  [0m[0;34m   8 : 42 f9 04          Add r0, EmbeddedFeedback[4]
[m[0;31m│  [0m  [0m24/33: Float64Add [v23/n32:[v0|R|f64], v20/n24:[v2|R|f64]] → [v5|R|f64], live range: [24-25]
[0;31m│  [0m[0;34m  12 : 55 00 04          BitwiseOrSmi [0], EmbeddedFeedback[4]
[m[0;31m│  [0m  [0m25/34: TruncateFloat64ToInt32 [v24/n33:[v5|R|f64]] → [x3|R|w32], live range: [25-28]
[0;31m│  [0m     [0m84: ConstantGapMove(n35 → [v5|R|f64])
[0;31m│  [0m[0;34m  18 : 51 02 04          MulSmi [2], EmbeddedFeedback[4]
[m[0;31m│  [0m  [0m26/36: Float64Multiply [v23/n32:[v0|R|f64], v9/n35:[v5|R|f64]] → [v6|R|f64], live range: [26-27]
[0;31m│  [0m[0;34m  21 : 55 00 04          BitwiseOrSmi [0], EmbeddedFeedback[4]
[m[0;31m│  [0m  [0m27/37: TruncateFloat64ToInt32 [v26/n36:[v6|R|f64]] → [x4|R|w32], live range: [27-28]
[0;31m│  [0m[0;34m  24 : 42 f7 01          Add r2, EmbeddedFeedback[1]
[m[0;31m│  [0m         ↱ eager @46 (4 live vars)
[0;31m│  [0m         │       @24 (6 live vars)
[0;31m│  [0m  [0m28/38: Int32AddWithOverflow [v25/n34:[x3|R|w32], v27/n37:[x4|R|w32]] → [x6|R|w32], live range: [28-30]
[0;31m│  [0m     [0m85: GapMove([x5|R|t] → [x3|R|t])
[0;31m│  [0m[1;34m0x09b80101e265 <SharedFunctionInfo> (0x09b8011406b5 <String[23]: "workloads/truncation.js">:0:0)
[m[0;31m│  [0m[0;34m  51 : 42 f7 03          Add r2, EmbeddedFeedback[3]
[m[0;31m│  [0m         ↱ eager @51 (5 live vars)
[0;31m│  [0m  [0m29/39: CheckedNumberToFloat64 [v18/n19:[x5|R|t]] → [v0|R|f64], live range: [29-31]
[0;31m│  [0m  [0m30/40: ChangeInt32ToFloat64 [v28/n38:[x6|R|w32]] → [v2|R|f64], live range: [30-31]
[0;31m│  [0m  [0m31/41: Float64Add [v29/n39:[v0|R|f64], v30/n40:[v2|R|f64]] → [v4|R|f64], live range: [31-32]
[0;31m│  [0m[0;34m  54 : 55 00 04          BitwiseOrSmi [0], EmbeddedFeedback[4]
[m[0;31m│  [0m  [0m32/42: TruncateFloat64ToInt32 [v31/n41:[v4|R|f64]] → [x3|R|w32], live range: [32-33]
[0;31m│  [0m[0;34m  57 : 29 02             StaCurrentContextSlot [2]
[m[0;31m│  [0m  [0m33/43: Int32ToNumber[kCanonicalizeSmi] [v32/n42:[x3|R|w32]] → [x4|R|t], live range: [33-34]
[0;31m│  [0m     [0m86: GapMove([x2|R|t] → [x1|R|t])
[0;31m│  [0m  [0m34/44: StoreContextSlotWithWriteBarrier(2, mutable) [v11/n2:[x1|R|t], v33/n43:[x4|R|t]]
[0;31m│  [0m         ↳ lazy @57 (3 live vars)
[0;31m│  [0m[0;34m  61 : 5b 04             Inc FBV[4]
[m[0;31m│  [0m         ↱ eager @61 (3 live vars)
[0;31m│  [0m  [0m35/45: Int32IncrementWithOverflow [v16/n13:[x0|R|w32]] → [x3|R|w32] (spilled: [stack:0|w32]), live range: [35-37]
[0;31m│  [0m     [0m87: ConstantGapMove(n46 → [x0|R|t])
[0;31m│  [0m[0;34m  64 : 97 30 00 05       JumpLoop [48], [0], FBV[5]
[m[0;31m│  [0m  [0m36/47: ReduceInterruptBudgetForLoop(38) [v4/n46:[x0|R|t]]
[0;31m│  [0m         ↳ lazy @64 (3 live vars)
[0;31m│  [0m     [0m88: ConstantGapMove(n14 → [x4|R|w32])
[0;31m│  [0m  [0m37/49: Jump b4
[0;31m│  [0m      │  with gap moves:
[0;31m│  [0m      │    - v35/n45:[x3|R|w32] → 51: φᴵ r1 [x3|R|w32]
[0;31m│  [0m      │  with register merges:
[0;31m│  [0m      ▼
[0;31m│[0;32m╭─►[0mBlock b4 peeled (effects: c1)
[0;31m│[0;32m│ [0m  [0m38/51: φᴵ r1 (n45, n72) → [x3|R|w32] (spilled: [stack:1|w32]), live range: [38-58]
[0;31m│[0;32m│ [0m     [0m89: GapMove([x3|R|w32] → [x5|R|w32])
[0;31m│[0;32m│ [0m[0;34m  22 : 79 f8 04          TestLessThan r1, EmbeddedFeedback[4]
[m[0;31m│[0;32m│ [0m         ↱ eager @22 (4 live vars)
[0;31m│[0;32m│ [0m  [0m39/52: CheckedSmiSizedInt32 [v38/n51:[x3|R|w32]] → [x3|R|w32], live range: [39-58]
[0;31m│[0;32m│ [0m[0;34m  25 : a8 2b             JumpIfFalse [43]
[m[0;31m│[0;32m│[0;33m╭──[0m40/54: BranchIfInt32Compare(LessThan) [v39/n52:[x3|R|w32], v6/n14:[x4|R|w32]] b5 b7
[0;31m│[0;32m│[0;33m│[0m      ↓
[0;31m│[0;32m│[0;33m│ [0mBlock b5
[0;31m│[0;32m│[0;33m│[0m[0;34m  27 : 18 02             LdaCurrentContextSlot [2]
[m[0;31m│[0;32m│[0;33m│[0m  [0m41/55: LoadContextSlot(0x10, mutable) [v11/n2:[x1|R|t]] → [x8|R|t], live range: [41-52]
[0;31m│[0;32m│[0;33m│[0m[0;34m  36 : 44 f8 04          Mul r1, EmbeddedFeedback[4]
[m[0;31m│[0;32m│[0;33m│[0m  [0m42/56: ChangeInt32ToFloat64 [v39/n52:[x3|R|w32]] → [v0|R|f64], live range: [42-44]
[0;31m│[0;32m│[0;33m│[0m  [0m43/57: Float64Multiply [v42/n56:[v0|R|f64], v8/n23:[v1|R|f64]] → [v2|R|f64], live range: [43-51]
[0;31m│[0;32m│[0;33m│[0m[0;34m  42 : 44 f8 04          Mul r1, EmbeddedFeedback[4]
[m[0;31m│[0;32m│[0;33m│[0m  [0m44/58: Float64Multiply [v42/n56:[v0|R|f64], v7/n26:[v3|R|f64]] → [v4|R|f64], live range: [44-51]
[0;31m│[0;32m│[0;33m│[0m[1;34m0x09b80101e2cd <SharedFunctionInfo trunc> (0x09b8011406b5 <String[23]: "workloads/truncation.js">:5:14)
[m[0;31m│[0;32m│[0;33m│[0m[0;34m   0 : 0b 04             Ldar a1
[m[0;31m│[0;32m│[0;33m│[0m  [0m45/59: Jump b6
[0;31m│[0;32m│[0;33m│[0m      ↓
[0;31m│[0;32m│[0;33m│ [0mBlock b6
[0;31m│[0;32m│[0;33m│[0m[1;34m0x09b80101e2cd <SharedFunctionInfo trunc> (0x09b8011406b5 <String[23]: "workloads/truncation.js">:0:0)
[m[0;31m│[0;32m│[0;33m│[0m[0;34m   2 : 44 03 04          Mul a0, EmbeddedFeedback[4]
[m[0;31m│[0;32m│[0;33m│[0m  [0m46/60: Float64Multiply [v43/n57:[v2|R|f64], v44/n58:[v4|R|f64]] → [v0|R|f64], live range: [46-49]
[0;31m│[0;32m│[0;33m│[0m[0;34m   8 : 42 f9 04          Add r0, EmbeddedFeedback[4]
[m[0;31m│[0;32m│[0;33m│[0m  [0m47/61: Float64Add [v43/n57:[v2|R|f64], v46/n60:[v0|R|f64]] → [v6|R|f64], live range: [47-48]
[0;31m│[0;32m│[0;33m│[0m[0;34m  12 : 55 00 04          BitwiseOrSmi [0], EmbeddedFeedback[4]
[m[0;31m│[0;32m│[0;33m│[0m  [0m48/62: TruncateFloat64ToInt32 [v47/n61:[v6|R|f64]] → [x6|R|w32], live range: [48-51]
[0;31m│[0;32m│[0;33m│[0m[0;34m  18 : 51 02 04          MulSmi [2], EmbeddedFeedback[4]
[m[0;31m│[0;32m│[0;33m│[0m  [0m49/63: Float64Multiply [v46/n60:[v0|R|f64], v9/n35:[v5|R|f64]] → [v6|R|f64], live range: [49-50]
[0;31m│[0;32m│[0;33m│[0m[0;34m  21 : 55 00 04          BitwiseOrSmi [0], EmbeddedFeedback[4]
[m[0;31m│[0;32m│[0;33m│[0m  [0m50/64: TruncateFloat64ToInt32 [v49/n63:[v6|R|f64]] → [x7|R|w32], live range: [50-51]
[0;31m│[0;32m│[0;33m│[0m[0;34m  24 : 42 f7 01          Add r2, EmbeddedFeedback[1]
[m[0;31m│[0;32m│[0;33m│[0m         ↱ eager @46 (4 live vars)
[0;31m│[0;32m│[0;33m│[0m         │       @24 (6 live vars)
[0;31m│[0;32m│[0;33m│[0m  [0m51/65: Int32AddWithOverflow [v48/n62:[x6|R|w32], v50/n64:[x7|R|w32]] → [x9|R|w32], live range: [51-53]
[0;31m│[0;32m│[0;33m│[0m     [0m90: GapMove([x8|R|t] → [x6|R|t])
[0;31m│[0;32m│[0;33m│[0m[1;34m0x09b80101e265 <SharedFunctionInfo> (0x09b8011406b5 <String[23]: "workloads/truncation.js">:0:0)
[m[0;31m│[0;32m│[0;33m│[0m[0;34m  51 : 42 f7 03          Add r2, EmbeddedFeedback[3]
[m[0;31m│[0;32m│[0;33m│[0m         ↱ eager @51 (5 live vars)
[0;31m│[0;32m│[0;33m│[0m  [0m52/66: CheckedNumberToFloat64 [v41/n55:[x8|R|t]] → [v0|R|f64], live range: [52-54]
[0;31m│[0;32m│[0;33m│[0m  [0m53/67: ChangeInt32ToFloat64 [v51/n65:[x9|R|w32]] → [v2|R|f64], live range: [53-54]
[0;31m│[0;32m│[0;33m│[0m  [0m54/68: Float64Add [v52/n66:[v0|R|f64], v53/n67:[v2|R|f64]] → [v4|R|f64], live range: [54-55]
[0;31m│[0;32m│[0;33m│[0m[0;34m  54 : 55 00 04          BitwiseOrSmi [0], EmbeddedFeedback[4]
[m[0;31m│[0;32m│[0;33m│[0m  [0m55/69: TruncateFloat64ToInt32 [v54/n68:[v4|R|f64]] → [x6|R|w32], live range: [55-56]
[0;31m│[0;32m│[0;33m│[0m[0;34m  57 : 29 02             StaCurrentContextSlot [2]
[m[0;31m│[0;32m│[0;33m│[0m  [0m56/70: Int32ToNumber[kCanonicalizeSmi] [v55/n69:[x6|R|w32]] → [x7|R|t], live range: [56-57]
[0;31m│[0;32m│[0;33m│[0m  [0m57/71: StoreContextSlotWithWriteBarrier(2, mutable) [v11/n2:[x1|R|t], v56/n70:[x7|R|t]]
[0;31m│[0;32m│[0;33m│[0m         ↳ lazy @57 (3 live vars)
[0;31m│[0;32m│[0;33m│[0m[0;34m  61 : 5b 04             Inc FBV[4]
[m[0;31m│[0;32m│[0;33m│[0m         ↱ eager @61 (3 live vars)
[0;31m│[0;32m│[0;33m│[0m  [0m58/72: Int32IncrementWithOverflow [v39/n52:[x3|R|w32]] → [x6|R|w32] (spilled: [stack:2|w32]), live range: [58-60]
[0;31m│[0;32m│[0;33m│[0m[0;34m  64 : 97 30 00 05       JumpLoop [48], [0], FBV[5]
[m[0;31m│[0;32m│[0;33m│[0m  [0m59/73: ReduceInterruptBudgetForLoop(38) [v4/n46:[x0|R|t]]
[0;31m│[0;32m│[0;33m│[0m         ↳ lazy @64 (3 live vars)
[0;31m│[0;32m│[0;33m│[0m         ↱ eager @61 (3 live vars)
[0;31m│[0;32m╰─◄─[0m60/74: JumpLoop b4
[0;31m│ [0;33m│[0m         with gap moves:
[0;31m│ [0;33m│[0m           - v58/n72:[x6|R|w32] → 51: φᴵ r1 [x3|R|w32]
[0;31m│ [0;33m│[0m         with register merges:
[0;31m│ [0;33m│[0m
[0;31m│ [0;33m╰►[0mBlock b7
[0;31m│  [0m[0;34m  68 : 23 04 07          LdaGlobal [4:"print"], FBV[7]
[m[0;31m│[0;32m╭───[0m61/76: Jump b9
[0;31m│[0;32m│ [0m
[0;31m╰──►[0mBlock b8
 [0;32m│ [0m  [0m62/77: Jump b9
 [0;32m│ [0m      ↓
 [0;32m╰─►[0mBlock b9
   [0m         ↱ eager @68 (2 live vars)
   [0m  [0m63/78: Deopt(Insufficient type feedback for generic global access)
   [0m
---------------------------------------------------
Finished compiling method  using Maglev
---------------------------------------------------
Begin compiling method trunc using Maglev
Compiling 0x09b80101e389 <JSFunction trunc (sfi = 0x9b80101e2cd)> with Maglev
----- Bytecode array -----
Parameter count 3
Register count 3
Frame size 24
         0x31a01000144 @    0 : 0b 04             Ldar a1
         0x31a01000146 @    2 : 44 03 04          Mul a0, EmbeddedFeedback[4]
         0x31a01000149 @    5 : d5                Star0
         0x31a0100014a @    6 : 0b 03             Ldar a0
         0x31a0100014c @    8 : 42 f9 04          Add r0, EmbeddedFeedback[4]
         0x31a0100014f @   11 : d4                Star1
         0x31a01000150 @   12 : 55 00 04          BitwiseOrSmi [0], EmbeddedFeedback[4]
         0x31a01000153 @   15 : d3                Star2
         0x31a01000154 @   16 : 0b f9             Ldar r0
         0x31a01000156 @   18 : 51 02 04          MulSmi [2], EmbeddedFeedback[4]
         0x31a01000159 @   21 : 55 00 04          BitwiseOrSmi [0], EmbeddedFeedback[4]
         0x31a0100015c @   24 : 42 f7 03          Add r2, EmbeddedFeedback[3]
         0x31a0100015f @   27 : b9                Return
Constant pool (size = 0)
Handler Table (size = 0)
Source Position Table (size = 0)
0x9b80101e441: [FeedbackVector] in OldSpace
 - map: 0x09b800000895 <Map(FEEDBACK_VECTOR_TYPE)>
 - length: 0 (empty)
[32m+ 0x10c01217118  n1: InitialValue(<this>), 0 uses 🪦[0m[0m
[32m+ 0x10c012171e8  n2: InitialValue(a0), 0 uses 🪦[0m[0m
[32m+ 0x10c01217240  n3: InitialValue(a1), 0 uses 🪦[0m[0m
[32m+ 0x10c012174a8  n4: HeapConstant(0x09b80101e389 <JSFunction trunc (sfi = 0x9b80101e2cd)>), 0 uses 🪦[0m[0m
[32m+ 0x10c012174f8  n5: HeapConstant(0x09b80101e375 <ScriptContext[3]>), 0 uses 🪦[0m[0m
[32m+ 0x10c01217548  n6: RootConstant(undefined_value), 0 uses 🪦[0m[0m
[32m+ 0x10c012175e8  n7: FunctionEntryStackCheck[0m[0m
[32m+ 0x10c01217688  n8: Jump[0m[0m
[36m   0 : 0b 04             Ldar a1[0m
[33mNew block (merge @0x10c011b0018) at 0x09b80101e2cd <SharedFunctionInfo trunc>[37m
  VOs (IFS): 
[1m[36m=== KnownNodeAspects (epoch: 0, side_effects_require_invalidation: 0, aliasing_contexts: 0) ===[0m
[1mNode Infos:[0m
  - [32mn1[0m: type=[33mJSReceiver[0m
[1mAvailable Expressions:[0m
  - [33m0x30fdc58[0m: [32mn1[0m (epoch: 4294967295)
  - [33m0x55bb1b9f[0m: [32mn3[0m (epoch: 4294967295)
  - [33m0xf2a34cb4[0m: [32mn2[0m (epoch: 4294967295)
[0m
[37mCopying frame state from merge @0x10c011b0018[0m
[37m  - VOs (IFS): [0m
[37m  - VOs (merge): [0m
[36m   2 : 44 03 04          Mul a0, EmbeddedFeedback[4][0m
[32m+ 0x10c011b05f8  n9: CheckedNumberToFloat64 [n2], 0 uses, but required, cannot truncate to int32 [-∞, +∞][0m[0m
[32m+ 0x10c011b0768  n10: CheckedNumberToFloat64 [n3], 0 uses, but required, cannot truncate to int32 [-∞, +∞][0m[0m
[32m+ 0x10c011b07c8  n11: Float64Multiply [n9, n10], 0 uses 🪦, cannot truncate to int32 [-∞, +∞][0m[0m
[36m   5 : d5                Star0[0m
[36m   6 : 0b 03             Ldar a0[0m
[36m   8 : 42 f9 04          Add r0, EmbeddedFeedback[4][0m
[32m+ 0x10c011b0838  n12: Float64Add [n9, n11], 0 uses 🪦, cannot truncate to int32 [-∞, +∞][0m[0m
[36m  11 : d4                Star1[0m
[36m  12 : 55 00 04          BitwiseOrSmi [0], EmbeddedFeedback[4][0m
[32m+ 0x10c011b0908  n13: TruncateFloat64ToInt32 [n12], 0 uses 🪦, cannot truncate to int32[0m[0m
[36m  15 : d3                Star2[0m
[36m  16 : 0b f9             Ldar r0[0m
[36m  18 : 51 02 04          MulSmi [2], EmbeddedFeedback[4][0m
[32m+ 0x10c011b0958  n14: Float64Constant(2), 0 uses 🪦[0m[0m
[32m+ 0x10c011b09b8  n15: Float64Multiply [n11, n14], 0 uses 🪦, cannot truncate to int32 [-∞, +∞][0m[0m
[36m  21 : 55 00 04          BitwiseOrSmi [0], EmbeddedFeedback[4][0m
[32m+ 0x10c011b0a88  n16: TruncateFloat64ToInt32 [n15], 0 uses 🪦, cannot truncate to int32[0m[0m
[36m  24 : 42 f7 03          Add r2, EmbeddedFeedback[3][0m
[32m+ 0x10c011b0b48  n17: ChangeInt32ToFloat64 [n13], 0 uses 🪦[0m[0m
[32m+ 0x10c011b0c08  n18: ChangeInt32ToFloat64 [n16], 0 uses 🪦[0m[0m
[32m+ 0x10c011b0c68  n19: Float64Add [n17, n18], 0 uses 🪦, cannot truncate to int32 [-∞, +∞][0m[0m
[36m  27 : b9                Return[0m
[32m+ 0x10c011b0cc8  n20: HeapConstant(0x09b80101e355 <FeedbackCell[one closure]>), 0 uses 🪦[0m[0m
[32m+ 0x10c011b0d38  n21: ReduceInterruptBudgetForReturn(27) [n20][0m[0m
[32m+ 0x10c011b0df8  n22: Float64ToTagged[kCanonicalizeSmi] [n19], 0 uses 🪦[0m[0m
[32m+ 0x10c011b0d58  n23: Return [n22][0m[0m

----- Maglev graph building -----
Graph

[0m  [0m20: HeapConstant(0x09b80101e355 <FeedbackCell[one closure]>), 1 uses
[0m   [0m4: HeapConstant(0x09b80101e389 <JSFunction trunc (sfi = 0x9b80101e2cd)>), 2 uses
[0m   [0m5: HeapConstant(0x09b80101e375 <ScriptContext[3]>), 2 uses
[0m   [0m6: RootConstant(undefined_value), 0 uses 🪦
[0m  [0m14: Float64Constant(2), 1 uses
 [0mBlock b0
[0m[1;34m0x09b80101e2cd <SharedFunctionInfo trunc> (0x09b8011406b5 <String[23]: "workloads/truncation.js">:5:14)
[m[0m[0;34m   0 : 0b 04             Ldar a1
[m[0m   [0m1: InitialValue(<this>), 2 uses
[0m   [0m2: InitialValue(a0), 3 uses
[0m   [0m3: InitialValue(a1), 4 uses
[0m   [0m7: FunctionEntryStackCheck
[0m      ↳ lazy @-1 (4 live vars)
[0m   [0m8: Jump b1
[0m   ↓
 [0mBlock b1
[0m[1;34m0x09b80101e2cd <SharedFunctionInfo trunc> (0x09b8011406b5 <String[23]: "workloads/truncation.js">:0:0)
[m[0m[0;34m   2 : 44 03 04          Mul a0, EmbeddedFeedback[4]
[m[0m      ↱ eager @2 (5 live vars)
[0m   [0m9: CheckedNumberToFloat64 [n2], 2 uses, cannot truncate to int32 [-∞, +∞]
[0m      ↱ eager @2 (5 live vars)
[0m  [0m10: CheckedNumberToFloat64 [n3], 1 uses, cannot truncate to int32 [-∞, +∞]
[0m  [0m11: Float64Multiply [n9, n10], 2 uses, cannot truncate to int32 [-∞, +∞]
[0m[0;34m   8 : 42 f9 04          Add r0, EmbeddedFeedback[4]
[m[0m  [0m12: Float64Add [n9, n11], 1 uses, cannot truncate to int32 [-∞, +∞]
[0m[0;34m  12 : 55 00 04          BitwiseOrSmi [0], EmbeddedFeedback[4]
[m[0m  [0m13: TruncateFloat64ToInt32 [n12], 1 uses, cannot truncate to int32
[0m[0;34m  18 : 51 02 04          MulSmi [2], EmbeddedFeedback[4]
[m[0m  [0m15: Float64Multiply [n11, n14], 1 uses, cannot truncate to int32 [-∞, +∞]
[0m[0;34m  21 : 55 00 04          BitwiseOrSmi [0], EmbeddedFeedback[4]
[m[0m  [0m16: TruncateFloat64ToInt32 [n15], 1 uses, cannot truncate to int32
[0m[0;34m  24 : 42 f7 03          Add r2, EmbeddedFeedback[3]
[m[0m  [0m17: ChangeInt32ToFloat64 [n13], 1 uses
[0m  [0m18: ChangeInt32ToFloat64 [n16], 1 uses
[0m  [0m19: Float64Add [n17, n18], 1 uses, can truncate to int32 [-4294967296, 4294967294]
[0m[0;34m  27 : b9                Return
[m[0m  [0m21: ReduceInterruptBudgetForReturn(27) [n20]
[0m  [0m22: Float64ToTagged[kCanonicalizeSmi] [n19], 1 uses
[0m  [0m23: Return [n22]
[0m

----- Truncation propagation -----
Graph

[0m  [0m20: HeapConstant(0x09b80101e355 <FeedbackCell[one closure]>), 1 uses
[0m   [0m4: HeapConstant(0x09b80101e389 <JSFunction trunc (sfi = 0x9b80101e2cd)>), 2 uses
[0m   [0m5: HeapConstant(0x09b80101e375 <ScriptContext[3]>), 2 uses
[0m   [0m6: RootConstant(undefined_value), 0 uses 🪦
[0m  [0m14: Float64Constant(2), 1 uses
 [0mBlock b0
[0m[1;34m0x09b80101e2cd <SharedFunctionInfo trunc> (0x09b8011406b5 <String[23]: "workloads/truncation.js">:5:14)
[m[0m[0;34m   0 : 0b 04             Ldar a1
[m[0m   [0m1: InitialValue(<this>), 2 uses
[0m   [0m2: InitialValue(a0), 3 uses
[0m   [0m3: InitialValue(a1), 4 uses
[0m   [0m7: FunctionEntryStackCheck
[0m      ↳ lazy @-1 (4 live vars)
[0m   [0m8: Jump b1
[0m   ↓
 [0mBlock b1
[0m[1;34m0x09b80101e2cd <SharedFunctionInfo trunc> (0x09b8011406b5 <String[23]: "workloads/truncation.js">:0:0)
[m[0m[0;34m   2 : 44 03 04          Mul a0, EmbeddedFeedback[4]
[m[0m      ↱ eager @2 (5 live vars)
[0m   [0m9: CheckedNumberToFloat64 [n2], 2 uses, cannot truncate to int32 [-∞, +∞]
[0m      ↱ eager @2 (5 live vars)
[0m  [0m10: CheckedNumberToFloat64 [n3], 1 uses, cannot truncate to int32 [-∞, +∞]
[0m  [0m11: Float64Multiply [n9, n10], 2 uses, cannot truncate to int32 [-∞, +∞]
[0m[0;34m   8 : 42 f9 04          Add r0, EmbeddedFeedback[4]
[m[0m  [0m12: Float64Add [n9, n11], 1 uses, cannot truncate to int32 [-∞, +∞]
[0m[0;34m  12 : 55 00 04          BitwiseOrSmi [0], EmbeddedFeedback[4]
[m[0m  [0m13: TruncateFloat64ToInt32 [n12], 1 uses, cannot truncate to int32
[0m[0;34m  18 : 51 02 04          MulSmi [2], EmbeddedFeedback[4]
[m[0m  [0m15: Float64Multiply [n11, n14], 1 uses, cannot truncate to int32 [-∞, +∞]
[0m[0;34m  21 : 55 00 04          BitwiseOrSmi [0], EmbeddedFeedback[4]
[m[0m  [0m16: TruncateFloat64ToInt32 [n15], 1 uses, cannot truncate to int32
[0m[0;34m  24 : 42 f7 03          Add r2, EmbeddedFeedback[3]
[m[0m  [0m17: ChangeInt32ToFloat64 [n13], 1 uses
[0m  [0m18: ChangeInt32ToFloat64 [n16], 1 uses
[0m  [0m19: Float64Add [n17, n18], 1 uses, cannot truncate to int32 [-4294967296, 4294967294]
[0m[0;34m  27 : b9                Return
[m[0m  [0m21: ReduceInterruptBudgetForReturn(27) [n20]
[0m  [0m22: Float64ToTagged[kCanonicalizeSmi] [n19], 1 uses
[0m  [0m23: Return [n22]
[0m

----- Truncation -----
Graph

[0m  [0m20: HeapConstant(0x09b80101e355 <FeedbackCell[one closure]>), 1 uses
[0m   [0m4: HeapConstant(0x09b80101e389 <JSFunction trunc (sfi = 0x9b80101e2cd)>), 2 uses
[0m   [0m5: HeapConstant(0x09b80101e375 <ScriptContext[3]>), 2 uses
[0m   [0m6: RootConstant(undefined_value), 0 uses 🪦
[0m  [0m14: Float64Constant(2), 1 uses
 [0mBlock b0
[0m[1;34m0x09b80101e2cd <SharedFunctionInfo trunc> (0x09b8011406b5 <String[23]: "workloads/truncation.js">:5:14)
[m[0m[0;34m   0 : 0b 04             Ldar a1
[m[0m   [0m1: InitialValue(<this>), 2 uses
[0m   [0m2: InitialValue(a0), 3 uses
[0m   [0m3: InitialValue(a1), 4 uses
[0m   [0m7: FunctionEntryStackCheck
[0m      ↳ lazy @-1 (4 live vars)
[0m   [0m8: Jump b1
[0m   ↓
 [0mBlock b1
[0m[1;34m0x09b80101e2cd <SharedFunctionInfo trunc> (0x09b8011406b5 <String[23]: "workloads/truncation.js">:0:0)
[m[0m[0;34m   2 : 44 03 04          Mul a0, EmbeddedFeedback[4]
[m[0m      ↱ eager @2 (5 live vars)
[0m   [0m9: CheckedNumberToFloat64 [n2], 2 uses, cannot truncate to int32 [-∞, +∞]
[0m      ↱ eager @2 (5 live vars)
[0m  [0m10: CheckedNumberToFloat64 [n3], 1 uses, cannot truncate to int32 [-∞, +∞]
[0m  [0m11: Float64Multiply [n9, n10], 2 uses, cannot truncate to int32 [-∞, +∞]
[0m[0;34m   8 : 42 f9 04          Add r0, EmbeddedFeedback[4]
[m[0m  [0m12: Float64Add [n9, n11], 1 uses, cannot truncate to int32 [-∞, +∞]
[0m[0;34m  12 : 55 00 04          BitwiseOrSmi [0], EmbeddedFeedback[4]
[m[0m  [0m13: TruncateFloat64ToInt32 [n12], 1 uses, cannot truncate to int32
[0m[0;34m  18 : 51 02 04          MulSmi [2], EmbeddedFeedback[4]
[m[0m  [0m15: Float64Multiply [n11, n14], 1 uses, cannot truncate to int32 [-∞, +∞]
[0m[0;34m  21 : 55 00 04          BitwiseOrSmi [0], EmbeddedFeedback[4]
[m[0m  [0m16: TruncateFloat64ToInt32 [n15], 1 uses, cannot truncate to int32
[0m[0;34m  24 : 42 f7 03          Add r2, EmbeddedFeedback[3]
[m[0m  [0m17: ChangeInt32ToFloat64 [n13], 1 uses
[0m  [0m18: ChangeInt32ToFloat64 [n16], 1 uses
[0m  [0m19: Float64Add [n17, n18], 1 uses, cannot truncate to int32 [-4294967296, 4294967294]
[0m[0;34m  27 : b9                Return
[m[0m  [0m21: ReduceInterruptBudgetForReturn(27) [n20]
[0m  [0m22: Float64ToTagged[kCanonicalizeSmi] [n19], 1 uses
[0m  [0m23: Return [n22]
[0m

----- Phi untagging -----
Graph

[0m  [0m20: HeapConstant(0x09b80101e355 <FeedbackCell[one closure]>), 1 uses
[0m   [0m4: HeapConstant(0x09b80101e389 <JSFunction trunc (sfi = 0x9b80101e2cd)>), 2 uses
[0m   [0m5: HeapConstant(0x09b80101e375 <ScriptContext[3]>), 2 uses
[0m   [0m6: RootConstant(undefined_value), 0 uses 🪦
[0m  [0m14: Float64Constant(2), 1 uses
 [0mBlock b0
[0m[1;34m0x09b80101e2cd <SharedFunctionInfo trunc> (0x09b8011406b5 <String[23]: "workloads/truncation.js">:5:14)
[m[0m[0;34m   0 : 0b 04             Ldar a1
[m[0m   [0m1: InitialValue(<this>), 2 uses
[0m   [0m2: InitialValue(a0), 3 uses
[0m   [0m3: InitialValue(a1), 4 uses
[0m   [0m7: FunctionEntryStackCheck
[0m      ↳ lazy @-1 (4 live vars)
[0m   [0m8: Jump b1
[0m   ↓
 [0mBlock b1
[0m[1;34m0x09b80101e2cd <SharedFunctionInfo trunc> (0x09b8011406b5 <String[23]: "workloads/truncation.js">:0:0)
[m[0m[0;34m   2 : 44 03 04          Mul a0, EmbeddedFeedback[4]
[m[0m      ↱ eager @2 (5 live vars)
[0m   [0m9: CheckedNumberToFloat64 [n2], 2 uses, cannot truncate to int32 [-∞, +∞]
[0m      ↱ eager @2 (5 live vars)
[0m  [0m10: CheckedNumberToFloat64 [n3], 1 uses, cannot truncate to int32 [-∞, +∞]
[0m  [0m11: Float64Multiply [n9, n10], 2 uses, cannot truncate to int32 [-∞, +∞]
[0m[0;34m   8 : 42 f9 04          Add r0, EmbeddedFeedback[4]
[m[0m  [0m12: Float64Add [n9, n11], 1 uses, cannot truncate to int32 [-∞, +∞]
[0m[0;34m  12 : 55 00 04          BitwiseOrSmi [0], EmbeddedFeedback[4]
[m[0m  [0m13: TruncateFloat64ToInt32 [n12], 1 uses, cannot truncate to int32
[0m[0;34m  18 : 51 02 04          MulSmi [2], EmbeddedFeedback[4]
[m[0m  [0m15: Float64Multiply [n11, n14], 1 uses, cannot truncate to int32 [-∞, +∞]
[0m[0;34m  21 : 55 00 04          BitwiseOrSmi [0], EmbeddedFeedback[4]
[m[0m  [0m16: TruncateFloat64ToInt32 [n15], 1 uses, cannot truncate to int32
[0m[0;34m  24 : 42 f7 03          Add r2, EmbeddedFeedback[3]
[m[0m  [0m17: ChangeInt32ToFloat64 [n13], 1 uses
[0m  [0m18: ChangeInt32ToFloat64 [n16], 1 uses
[0m  [0m19: Float64Add [n17, n18], 1 uses, cannot truncate to int32 [-4294967296, 4294967294]
[0m[0;34m  27 : b9                Return
[m[0m  [0m21: ReduceInterruptBudgetForReturn(27) [n20]
[0m  [0m22: Float64ToTagged[kCanonicalizeSmi] [n19], 1 uses
[0m  [0m23: Return [n22]
[0m

----- AnyUseMarking -----
Graph

[0m  [0m20: HeapConstant(0x09b80101e355 <FeedbackCell[one closure]>) → (x)
[0m   [0m4: HeapConstant(0x09b80101e389 <JSFunction trunc (sfi = 0x9b80101e2cd)>) → (x)
[0m   [0m5: HeapConstant(0x09b80101e375 <ScriptContext[3]>) → (x)
[0m  [0m14: Float64Constant(2) → (x)
 [0mBlock b0
[0m[1;34m0x09b80101e2cd <SharedFunctionInfo trunc> (0x09b8011406b5 <String[23]: "workloads/truncation.js">:5:14)
[m[0m[0;34m   0 : 0b 04             Ldar a1
[m[0m   [0m1: InitialValue(<this>) → (x)
[0m   [0m2: InitialValue(a0) → (x)
[0m   [0m3: InitialValue(a1) → (x)
[0m   [0m7: FunctionEntryStackCheck
[0m      ↳ lazy @-1 (4 live vars)
[0m   [0m8: Jump b1
[0m   ↓
 [0mBlock b1
[0m[1;34m0x09b80101e2cd <SharedFunctionInfo trunc> (0x09b8011406b5 <String[23]: "workloads/truncation.js">:0:0)
[m[0m[0;34m   2 : 44 03 04          Mul a0, EmbeddedFeedback[4]
[m[0m      ↱ eager @2 (5 live vars)
[0m   [0m9: CheckedNumberToFloat64 [v0/n2:(x)] → (x)
[0m      ↱ eager @2 (5 live vars)
[0m  [0m10: CheckedNumberToFloat64 [v0/n3:(x)] → (x)
[0m  [0m11: Float64Multiply [v0/n9:(x), v0/n10:(x)] → (x)
[0m[0;34m   8 : 42 f9 04          Add r0, EmbeddedFeedback[4]
[m[0m  [0m12: Float64Add [v0/n9:(x), v0/n11:(x)] → (x)
[0m[0;34m  12 : 55 00 04          BitwiseOrSmi [0], EmbeddedFeedback[4]
[m[0m  [0m13: TruncateFloat64ToInt32 [v0/n12:(x)] → (x)
[0m[0;34m  18 : 51 02 04          MulSmi [2], EmbeddedFeedback[4]
[m[0m  [0m15: Float64Multiply [v0/n11:(x), v0/n14:(x)] → (x)
[0m[0;34m  21 : 55 00 04          BitwiseOrSmi [0], EmbeddedFeedback[4]
[m[0m  [0m16: TruncateFloat64ToInt32 [v0/n15:(x)] → (x)
[0m[0;34m  24 : 42 f7 03          Add r2, EmbeddedFeedback[3]
[m[0m  [0m17: ChangeInt32ToFloat64 [v0/n13:(x)] → (x)
[0m  [0m18: ChangeInt32ToFloat64 [v0/n16:(x)] → (x)
[0m  [0m19: Float64Add [v0/n17:(x), v0/n18:(x)] → (x)
[0m[0;34m  27 : b9                Return
[m[0m  [0m21: ReduceInterruptBudgetForReturn(27) [v0/n20:(x)]
[0m  [0m22: Float64ToTagged[kCanonicalizeSmi] [v0/n19:(x)] → (x)
[0m  [0m23: Return [v0/n22:(x)]
[0m

----- Dead nodes sweeping -----
Graph

[0m   [0m1/20: HeapConstant(0x09b80101e355 <FeedbackCell[one closure]>) → v-1, live range: [1-20]
[0m    [0m2/4: HeapConstant(0x09b80101e389 <JSFunction trunc (sfi = 0x9b80101e2cd)>) → v-1, live range: [2-11]
[0m    [0m3/5: HeapConstant(0x09b80101e375 <ScriptContext[3]>) → v-1, live range: [3-11]
[0m   [0m4/14: Float64Constant(2) → v-1, live range: [4-15]
 [0mBlock b0
[0m[1;34m0x09b80101e2cd <SharedFunctionInfo trunc> (0x09b8011406b5 <String[23]: "workloads/truncation.js">:5:14)
[m[0m[0;34m   0 : 0b 04             Ldar a1
[m[0m    [0m5/1: InitialValue(<this>) → v-1(=-6S), live range: [5-11]
[0m    [0m6/2: InitialValue(a0) → v-1(=-7S), live range: [6-11]
[0m    [0m7/3: InitialValue(a1) → v-1(=-8S), live range: [7-11]
[0m    [0m8/7: FunctionEntryStackCheck
[0m         ↳ lazy @-1 (4 live vars)
[0m    [0m9/8: Jump b1
[0m      ↓
 [0mBlock b1
[0m[1;34m0x09b80101e2cd <SharedFunctionInfo trunc> (0x09b8011406b5 <String[23]: "workloads/truncation.js">:0:0)
[m[0m[0;34m   2 : 44 03 04          Mul a0, EmbeddedFeedback[4]
[m[0m         ↱ eager @2 (5 live vars)
[0m   [0m10/9: CheckedNumberToFloat64 [v6/n2:v-1(R)] → v-1(R), live range: [10-13]
[0m         ↱ eager @2 (5 live vars)
[0m  [0m11/10: CheckedNumberToFloat64 [v7/n3:v-1(R)] → v-1(R), live range: [11-12]
[0m  [0m12/11: Float64Multiply [v10/n9:v-1(R), v11/n10:v-1(R)] → v-1(R), live range: [12-15]
[0m[0;34m   8 : 42 f9 04          Add r0, EmbeddedFeedback[4]
[m[0m  [0m13/12: Float64Add [v10/n9:v-1(R), v12/n11:v-1(R)] → v-1(R), live range: [13-14]
[0m[0;34m  12 : 55 00 04          BitwiseOrSmi [0], EmbeddedFeedback[4]
[m[0m  [0m14/13: TruncateFloat64ToInt32 [v13/n12:v-1(R)] → v-1(R), live range: [14-17]
[0m[0;34m  18 : 51 02 04          MulSmi [2], EmbeddedFeedback[4]
[m[0m  [0m15/15: Float64Multiply [v12/n11:v-1(R), v4/n14:v-1(R)] → v-1(R), live range: [15-16]
[0m[0;34m  21 : 55 00 04          BitwiseOrSmi [0], EmbeddedFeedback[4]
[m[0m  [0m16/16: TruncateFloat64ToInt32 [v15/n15:v-1(R)] → v-1(R), live range: [16-18]
[0m[0;34m  24 : 42 f7 03          Add r2, EmbeddedFeedback[3]
[m[0m  [0m17/17: ChangeInt32ToFloat64 [v14/n13:v-1(R)] → v-1(R), live range: [17-19]
[0m  [0m18/18: ChangeInt32ToFloat64 [v16/n16:v-1(R)] → v-1(R), live range: [18-19]
[0m  [0m19/19: Float64Add [v17/n17:v-1(R), v18/n18:v-1(R)] → v-1(R), live range: [19-21]
[0m[0;34m  27 : b9                Return
[m[0m  [0m20/21: ReduceInterruptBudgetForReturn(27) [v1/n20:v-1(R)]
[0m  [0m21/22: Float64ToTagged[kCanonicalizeSmi] [v19/n19:v-1(R)] → v-1(R), live range: [21-22]
[0m  [0m22/23: Return [v21/n22:v-1(=x0)]
[0m

----- Register allocation -----
Graph

[0m   [0m1/20: HeapConstant(0x09b80101e355 <FeedbackCell[one closure]>) → v-1, live range: [1-20]
[0m    [0m2/4: HeapConstant(0x09b80101e389 <JSFunction trunc (sfi = 0x9b80101e2cd)>) → v-1, live range: [2-11]
[0m    [0m3/5: HeapConstant(0x09b80101e375 <ScriptContext[3]>) → v-1, live range: [3-11]
[0m   [0m4/14: Float64Constant(2) → v-1, live range: [4-15]
 [0mBlock b0
[0m[1;34m0x09b80101e2cd <SharedFunctionInfo trunc> (0x09b8011406b5 <String[23]: "workloads/truncation.js">:5:14)
[m[0m[0;34m   0 : 0b 04             Ldar a1
[m[0m    [0m5/1: InitialValue(<this>) → [stack:-6|t], live range: [5-11]
[0m    [0m6/2: InitialValue(a0) → [stack:-7|t], live range: [6-11]
[0m    [0m7/3: InitialValue(a1) → [stack:-8|t], live range: [7-11]
[0m    [0m8/7: FunctionEntryStackCheck
[0m         ↳ lazy @-1 (4 live vars)
[0m    [0m9/8: Jump b1
[0m      ↓
 [0mBlock b1
[0m     [0m24: GapMove([stack:-7|t] → [x0|R|t])
[0m[1;34m0x09b80101e2cd <SharedFunctionInfo trunc> (0x09b8011406b5 <String[23]: "workloads/truncation.js">:0:0)
[m[0m[0;34m   2 : 44 03 04          Mul a0, EmbeddedFeedback[4]
[m[0m         ↱ eager @2 (5 live vars)
[0m   [0m10/9: CheckedNumberToFloat64 [v6/n2:[x0|R|t]] → [v0|R|f64], live range: [10-13]
[0m     [0m25: GapMove([stack:-8|t] → [x0|R|t])
[0m         ↱ eager @2 (5 live vars)
[0m  [0m11/10: CheckedNumberToFloat64 [v7/n3:[x0|R|t]] → [v1|R|f64], live range: [11-12]
[0m  [0m12/11: Float64Multiply [v10/n9:[v0|R|f64], v11/n10:[v1|R|f64]] → [v2|R|f64], live range: [12-15]
[0m[0;34m   8 : 42 f9 04          Add r0, EmbeddedFeedback[4]
[m[0m  [0m13/12: Float64Add [v10/n9:[v0|R|f64], v12/n11:[v2|R|f64]] → [v1|R|f64], live range: [13-14]
[0m[0;34m  12 : 55 00 04          BitwiseOrSmi [0], EmbeddedFeedback[4]
[m[0m  [0m14/13: TruncateFloat64ToInt32 [v13/n12:[v1|R|f64]] → [x0|R|w32], live range: [14-17]
[0m     [0m26: ConstantGapMove(n14 → [v0|R|f64])
[0m[0;34m  18 : 51 02 04          MulSmi [2], EmbeddedFeedback[4]
[m[0m  [0m15/15: Float64Multiply [v12/n11:[v2|R|f64], v4/n14:[v0|R|f64]] → [v1|R|f64], live range: [15-16]
[0m[0;34m  21 : 55 00 04          BitwiseOrSmi [0], EmbeddedFeedback[4]
[m[0m  [0m16/16: TruncateFloat64ToInt32 [v15/n15:[v1|R|f64]] → [x1|R|w32], live range: [16-18]
[0m[0;34m  24 : 42 f7 03          Add r2, EmbeddedFeedback[3]
[m[0m  [0m17/17: ChangeInt32ToFloat64 [v14/n13:[x0|R|w32]] → [v0|R|f64], live range: [17-19]
[0m  [0m18/18: ChangeInt32ToFloat64 [v16/n16:[x1|R|w32]] → [v1|R|f64], live range: [18-19]
[0m  [0m19/19: Float64Add [v17/n17:[v0|R|f64], v18/n18:[v1|R|f64]] → [v2|R|f64], live range: [19-21]
[0m     [0m27: ConstantGapMove(n20 → [x0|R|t])
[0m[0;34m  27 : b9                Return
[m[0m  [0m20/21: ReduceInterruptBudgetForReturn(27) [v1/n20:[x0|R|t]]
[0m  [0m21/22: Float64ToTagged[kCanonicalizeSmi] [v19/n19:[v2|R|f64]] → [x0|R|t], live range: [21-22]
[0m  [0m22/23: Return [v21/n22:[x0|R|t]]
[0m
---------------------------------------------------
Finished compiling method trunc using Maglev
---------------------------------------------------
Begin compiling method  using Maglev
Compiling 0x09b80101e335 <JSFunction (sfi = 0x9b80101e265)> with Maglev
----- Bytecode array -----
Parameter count 1
Register count 6
Frame size 48
         0x31a010000c8 @    0 : 13 00             LdaConstant [0:0x09b80101e2bd <FixedArray[2]>]
         0x31a010000ca @    2 : d3                Star2
         0x31a010000cb @    3 : 1b fe f6          Mov <closure>, r3
         0x31a010000ce @    6 : 70 77 01 f7 02    CallRuntime [DeclareGlobals], r2-r3
         0x31a010000d3 @   11 : 0c                LdaZero
         0x31a010000d4 @   12 : 29 02             StaCurrentContextSlot [2]
         0x31a010000d6 @   14 : 0c                LdaZero
         0x31a010000d7 @   15 : d4                Star1
         0x31a010000d8 @   16 : 01 0d a0 86 01 00 LdaSmi.ExtraWide [100000]
         0x31a010000de @   22 : 79 f8 04          TestLessThan r1, EmbeddedFeedback[4]
         0x31a010000e1 @   25 : a8 2b             JumpIfFalse [43] (0x31a0100010c @ 68)
         0x31a010000e3 @   27 : 18 02             LdaCurrentContextSlot [2]
         0x31a010000e5 @   29 : d3                Star2
         0x31a010000e6 @   30 : 23 01 00          LdaGlobal [1:"trunc"], FBV[0]
         0x31a010000e9 @   33 : d2                Star3
         0x31a010000ea @   34 : 13 02             LdaConstant [2:0x09b80101e2fd <HeapNumber 1.5>]
         0x31a010000ec @   36 : 44 f8 04          Mul r1, EmbeddedFeedback[4]
         0x31a010000ef @   39 : d1                Star4
         0x31a010000f0 @   40 : 13 03             LdaConstant [3:0x09b80101e309 <HeapNumber 0.25>]
         0x31a010000f2 @   42 : 44 f8 04          Mul r1, EmbeddedFeedback[4]
         0x31a010000f5 @   45 : d0                Star5
         0x31a010000f6 @   46 : 6e f6 f5 f4 02    CallUndefinedReceiver2 r3, r4, r5, FBV[2]
         0x31a010000fb @   51 : 42 f7 03          Add r2, EmbeddedFeedback[3]
         0x31a010000fe @   54 : 55 00 04          BitwiseOrSmi [0], EmbeddedFeedback[4]
         0x31a01000101 @   57 : 29 02             StaCurrentContextSlot [2]
         0x31a01000103 @   59 : 0b f8             Ldar r1
         0x31a01000105 @   61 : 5b 04             Inc FBV[4]
         0x31a01000107 @   63 : d4                Star1
         0x31a01000108 @   64 : 97 30 00 05       JumpLoop [48], [0], FBV[5] (0x31a010000d8 @ 16)
         0x31a0100010c @   68 : 23 04 07          LdaGlobal [4:"print"], FBV[7]
         0x31a0100010f @   71 : d3                Star2
         0x31a01000110 @   72 : 18 02             LdaCurrentContextSlot [2]
         0x31a01000112 @   74 : d2                Star3
         0x31a01000113 @   75 : 6d f7 f6 09       CallUndefinedReceiver1 r2, r3, FBV[9]
         0x31a01000117 @   79 : d5                Star0
         0x31a01000118 @   80 : b9                Return
Constant pool (size = 5)
0x31a01000085: [TrustedFixedArray]
 - map: 0x09b800000605 <Map(TRUSTED_FIXED_ARRAY_TYPE)>
 - length: 5
           0: 0x09b80101e2bd <FixedArray[2]>
           1: 0x09b800002c3d <String[5]: #trunc>
           2: 0x09b80101e2fd <HeapNumber 1.5>
           3: 0x09b80101e309 <HeapNumber 0.25>
           4: 0x09b801002e31 <String[5]: #print>
Handler Table (size = 0)
Source Position Table (size = 0)
0x9b80101e4e5: [FeedbackVector] in OldSpace
 - map: 0x09b800000895 <Map(FEEDBACK_VECTOR_TYPE)>
 - length: 11
 - shared function info: 0x09b80101e265 <SharedFunctionInfo>
 - tiering_in_progress: 0
 - osr_tiering_in_progress: 0
 - invocation count: 1
 - closure feedback cell array: 0x9b80101ee55: [ClosureFeedbackCellArray] in OldSpace
 - map: 0x09b80000086d <Map(CLOSURE_FEEDBACK_CELL_ARRAY_TYPE)>
 - length: 1
 - elements:
           0: 0x09b80101e355 <FeedbackCell[one closure]>

 - slot #0 LoadGlobalNotInsideTypeof MONOMORPHIC
   [weak] 0x09b80101e3a9 <PropertyCell name=0x09b800002c3d <String[5]: #trunc> value=0x09b80101e389 <JSFunction trunc (sfi = 0x9b80101e2cd)>> {
     [0]: [weak] 0x09b80101e3a9 <PropertyCell name=0x09b800002c3d <String[5]: #trunc> value=0x09b80101e389 <JSFunction trunc (sfi = 0x9b80101e2cd)>>
     [1]: 0x09b800000eb5 <Symbol: (uninitialized_symbol)>
  }
 - slot #2 Call MONOMORPHIC {
     [2]: [weak] 0x09b80101e389 <JSFunction trunc (sfi = 0x9b80101e2cd)>
     [3]: 408768
  }
 - slot #4 BinaryOp BinaryOp:SignedSmall {
     [4]: 1
  }
 - slot #5 JumpLoop JumpLoop {
     [5]: [cleared]
     [6]: 0
  }
 - slot #7 LoadGlobalNotInsideTypeof UNINITIALIZED {
     [7]: [cleared]
     [8]: 0x09b800000eb5 <Symbol: (uninitialized_symbol)>
  }
 - slot #9 Call UNINITIALIZED {
     [9]: 0x09b800000eb5 <Symbol: (uninitialized_symbol)>
     [10]: 0
  }
- Non-standard entrypoint @16 by OSR from @64[0m
[32m+ 0x10c011b0618  n1: InitialValue(<this>), 0 uses 🪦[0m[0m
[32m+ 0x10c011b06e8  n2: InitialValue(<context>), 0 uses 🪦[0m[0m
[32m+ 0x10c011b0740  n3: InitialValue(<closure>), 0 uses 🪦[0m[0m
[32m+ 0x10c011b0798  n4: InitialValue(r0), 0 uses 🪦[0m[0m
[32m+ 0x10c011b0800  n5: InitialValue(r1), 0 uses 🪦[0m[0m
[32m+ 0x10c011b0858  n6: InitialValue(r2), 0 uses 🪦[0m[0m
[32m+ 0x10c011b08d0  n7: InitialValue(r3), 0 uses 🪦[0m[0m
[32m+ 0x10c011b0928  n8: InitialValue(r4), 0 uses 🪦[0m[0m
[32m+ 0x10c011b09c0  n9: InitialValue(r5), 0 uses 🪦[0m[0m
[32m+ 0x10c011b0a70  n10: FunctionEntryStackCheck[0m[0m
[32m+ 0x10c011b0b30  n11: CheckpointedJump[0m[0m
  * Begin loop peeling....[0m
[36m  16 : 01 0d a0 86 01 00 LdaSmi.ExtraWide [100000][0m
[33mNew block (merge @0x10c011b0bc0) at 0x09b80101e265 <SharedFunctionInfo>[37m
  VOs (IFS): 
[1m[36m=== KnownNodeAspects (epoch: 0, side_effects_require_invalidation: 0, aliasing_contexts: 0) ===[0m
[1mNode Infos:[0m
  - [32mn1[0m: type=[33mJSReceiver[0m
[1mAvailable Expressions:[0m
  - [33m0x30fdc58[0m: [32mn1[0m (epoch: 4294967295)
  - [33m0xb0db6d8[0m: [32mn9[0m (epoch: 4294967295)
  - [33m0xfcc2ba3[0m: [32mn8[0m (epoch: 4294967295)
  - [33m0x248b6846[0m: [32mn3[0m (epoch: 4294967295)
  - [33m0x2bb4c3c2[0m: [32mn6[0m (epoch: 4294967295)
  - [33m0x90cc55f1[0m: [32mn5[0m (epoch: 4294967295)
  - [33m0x98086aa9[0m: [32mn2[0m (epoch: 4294967295)
  - [33m0xdfe2361a[0m: [32mn4[0m (epoch: 4294967295)
  - [33m0xe6b6bde6[0m: [32mn7[0m (epoch: 4294967295)
[0m
[37mCopying frame state from merge @0x10c011b0bc0[0m
[37m  - VOs (IFS): [0m
[37m  - VOs (merge): [0m
[32m+ 0x10c011b22e0  n12: SmiConstant(100000), 0 uses 🪦[0m[0m
[36m  22 : 79 f8 04          TestLessThan r1, EmbeddedFeedback[4][0m
[32m+ 0x10c011b23d8  n13: CheckedSmiUntag [n5], 0 uses, but required, cannot truncate to int32[0m[0m
[32m+ 0x10c011b24c0  n14: Int32Constant(100000), 0 uses 🪦, cannot truncate to int32[0m[0m
[32m+ 0x10c011b2518  n15: Int32Compare[LessThan] [n13, n14], 0 uses 🪦[0m[0m
[36m  25 : a8 2b             JumpIfFalse [43][0m
[32m+ 0x10c011b2578  n16: BranchIfInt32Compare(LessThan) [n13, n14][0m[0m
[32m+ 0x10c011b25b8  n17: RootConstant(false_value), 0 uses 🪦[0m[0m
[32m+ 0x10c011b2ca0  n18: RootConstant(true_value), 0 uses 🪦[0m[0m
[33mNew block (single fallthrough) at 0x09b80101e265 <SharedFunctionInfo>[37m
  VOs (IFS): 
[1m[36m=== KnownNodeAspects (epoch: 0, side_effects_require_invalidation: 0, aliasing_contexts: 0) ===[0m
[1mNode Infos:[0m
  - [32mn1[0m: type=[33mJSReceiver[0m
  - [32mn5[0m: type=[33mSmi[0m, alternatives={int32: [32mn13[0m}
[1mAvailable Expressions:[0m
  - [33m0x30fdc58[0m: [32mn1[0m (epoch: 4294967295)
  - [33m0xb0db6d8[0m: [32mn9[0m (epoch: 4294967295)
  - [33m0xfcc2ba3[0m: [32mn8[0m (epoch: 4294967295)
  - [33m0x248b6846[0m: [32mn3[0m (epoch: 4294967295)
  - [33m0x2bb4c3c2[0m: [32mn6[0m (epoch: 4294967295)
  - [33m0x59591cf8[0m: [32mn13[0m (epoch: 4294967295)
  - [33m0x5dc6e50e[0m: [32mn15[0m (epoch: 4294967295)
  - [33m0x90cc55f1[0m: [32mn5[0m (epoch: 4294967295)
  - [33m0x98086aa9[0m: [32mn2[0m (epoch: 4294967295)
  - [33m0xdfe2361a[0m: [32mn4[0m (epoch: 4294967295)
  - [33m0xe6b6bde6[0m: [32mn7[0m (epoch: 4294967295)
[0m
[36m  27 : 18 02             LdaCurrentContextSlot [2][0m
[32m+ 0x10c011b2d98  n19: LoadContextSlot(0x10, mutable) [n2], 0 uses, but required[0m[0m
[36m  29 : d3                Star2[0m
[36m  30 : 23 01 00          LdaGlobal [1:"trunc"], FBV[0][0m
[32m+ 0x10c011b35d8  n20: HeapConstant(0x09b80101e389 <JSFunction trunc (sfi = 0x9b80101e2cd)>), 0 uses 🪦[0m[0m
[36m  33 : d2                Star3[0m
[36m  34 : 13 02             LdaConstant [2:0x09b80101e2fd <HeapNumber 1.5>][0m
[32m+ 0x10c011b3638  n21: HeapConstant(0x09b80101e2fd <HeapNumber 1.5>), 0 uses 🪦[0m[0m
[36m  36 : 44 f8 04          Mul r1, EmbeddedFeedback[4][0m
[32m+ 0x10c011b3690  n22: ChangeInt32ToFloat64 [n13], 0 uses 🪦[0m[0m
[32m+ 0x10c011b36e0  n23: Float64Constant(1.5), 0 uses 🪦[0m[0m
[32m+ 0x10c011b3740  n24: Float64Multiply [n22, n23], 0 uses 🪦, cannot truncate to int32 [-∞, +∞][0m[0m
[36m  39 : d1                Star4[0m
[36m  40 : 13 03             LdaConstant [3:0x09b80101e309 <HeapNumber 0.25>][0m
[32m+ 0x10c011b37b0  n25: HeapConstant(0x09b80101e309 <HeapNumber 0.25>), 0 uses 🪦[0m[0m
[36m  42 : 44 f8 04          Mul r1, EmbeddedFeedback[4][0m
[32m+ 0x10c011b3800  n26: Float64Constant(0.25), 0 uses 🪦[0m[0m
[32m+ 0x10c011b3860  n27: Float64Multiply [n22, n26], 0 uses 🪦, cannot truncate to int32 [-∞, +∞][0m[0m
[36m  45 : d0                Star5[0m
[36m  46 : 6e f6 f5 f4 02    CallUndefinedReceiver2 r3, r4, r5, FBV[2][0m
[32m+ 0x10c011b3938  n28: RootConstant(undefined_value), 0 uses 🪦[0m[0m
[32m+ 0x10c011b3980  n29: HeapConstant(0x09b80101e375 <ScriptContext[3]>), 0 uses 🪦[0m[0m
[32m+ 0x10c011b3a78  n30: HeapConstant(0x09b801004999 <JSGlobalProxy>), 0 uses 🪦[0m[0m

----- Inlining 0x09b80101e2cd <SharedFunctionInfo trunc> with bytecode -----
Parameter count 3
Register count 3
Frame size 24
         0x31a01000144 @    0 : 0b 04             Ldar a1
         0x31a01000146 @    2 : 44 03 04          Mul a0, EmbeddedFeedback[4]
         0x31a01000149 @    5 : d5                Star0
         0x31a0100014a @    6 : 0b 03             Ldar a0
         0x31a0100014c @    8 : 42 f9 04          Add r0, EmbeddedFeedback[4]
         0x31a0100014f @   11 : d4                Star1
         0x31a01000150 @   12 : 55 00 04          BitwiseOrSmi [0], EmbeddedFeedback[4]
         0x31a01000153 @   15 : d3                Star2
         0x31a01000154 @   16 : 0b f9             Ldar r0
         0x31a01000156 @   18 : 51 02 04          MulSmi [2], EmbeddedFeedback[4]
         0x31a01000159 @   21 : 55 00 04          BitwiseOrSmi [0], EmbeddedFeedback[4]
         0x31a0100015c @   24 : 42 f7 03          Add r2, EmbeddedFeedback[3]
         0x31a0100015f @   27 : b9                Return
Constant pool (size = 0)
Handler Table (size = 0)
Source Position Table (size = 0)
0x9b80101e441: [FeedbackVector] in OldSpace
 - map: 0x09b800000895 <Map(FEEDBACK_VECTOR_TYPE)>
 - length: 0 (empty)
[32m+ 0x10c0118b700  n31: Jump[0m[0m
[36m   0 : 0b 04             Ldar a1[0m
[33mNew block (merge @0x10c0118b750) at 0x09b80101e2cd <SharedFunctionInfo trunc>[37m
  VOs (IFS): 
[1m[36m=== KnownNodeAspects (epoch: 0, side_effects_require_invalidation: 0, aliasing_contexts: 1) ===[0m
[1mNode Infos:[0m
  - [32mn1[0m: type=[33mJSReceiver[0m
  - [32mn5[0m: type=[33mSmi[0m, alternatives={int32: [32mn13[0m, float64: [32mn22[0m}
[1mLoaded Context Slots:[0m
  - [32mn2[0m@16 => [32mn19[0m
[1mAvailable Expressions:[0m
  - [33m0x30fdc58[0m: [32mn1[0m (epoch: 4294967295)
  - [33m0xb0db6d8[0m: [32mn9[0m (epoch: 4294967295)
  - [33m0xfcc2ba3[0m: [32mn8[0m (epoch: 4294967295)
  - [33m0x248b6846[0m: [32mn3[0m (epoch: 4294967295)
  - [33m0x2bb4c3c2[0m: [32mn6[0m (epoch: 4294967295)
  - [33m0x59591cf8[0m: [32mn13[0m (epoch: 4294967295)
  - [33m0x5dc6e50e[0m: [32mn15[0m (epoch: 4294967295)
  - [33m0x6a0b880f[0m: [32mn22[0m (epoch: 4294967295)
  - [33m0x779374fb[0m: [32mn19[0m (epoch: 0)
  - [33m0x83e88762[0m: [32mn27[0m (epoch: 4294967295)
  - [33m0x90cc55f1[0m: [32mn5[0m (epoch: 4294967295)
  - [33m0x98086aa9[0m: [32mn2[0m (epoch: 4294967295)
  - [33m0xa118a944[0m: [32mn24[0m (epoch: 4294967295)
  - [33m0xdfe2361a[0m: [32mn4[0m (epoch: 4294967295)
  - [33m0xe6b6bde6[0m: [32mn7[0m (epoch: 4294967295)
[0m
[37mCopying frame state from merge @0x10c0118b750[0m
[37m  - VOs (IFS): [0m
[37m  - VOs (merge): [0m
[36m   2 : 44 03 04          Mul a0, EmbeddedFeedback[4][0m
[32m+ 0x10c0118bfd8  n32: Float64Multiply [n24, n27], 0 uses 🪦, cannot truncate to int32 [-∞, +∞][0m[0m
[36m   5 : d5                Star0[0m
[36m   6 : 0b 03             Ldar a0[0m
[36m   8 : 42 f9 04          Add r0, EmbeddedFeedback[4][0m
[32m+ 0x10c0118c048  n33: Float64Add [n32, n24], 0 uses 🪦, cannot truncate to int32 [-∞, +∞][0m[0m
[36m  11 : d4                Star1[0m
[36m  12 : 55 00 04          BitwiseOrSmi [0], EmbeddedFeedback[4][0m
[32m+ 0x10c0118c118  n34: TruncateFloat64ToInt32 [n33], 0 uses 🪦, cannot truncate to int32[0m[0m
[36m  15 : d3                Star2[0m
[36m  16 : 0b f9             Ldar r0[0m
[36m  18 : 51 02 04          MulSmi [2], EmbeddedFeedback[4][0m
[32m+ 0x10c0118c168  n35: Float64Constant(2), 0 uses 🪦[0m[0m
[32m+ 0x10c0118c1c8  n36: Float64Multiply [n32, n35], 0 uses 🪦, cannot truncate to int32 [-∞, +∞][0m[0m
[36m  21 : 55 00 04          BitwiseOrSmi [0], EmbeddedFeedback[4][0m
[32m+ 0x10c0118c298  n37: TruncateFloat64ToInt32 [n36], 0 uses 🪦, cannot truncate to int32[0m[0m
[36m  24 : 42 f7 03          Add r2, EmbeddedFeedback[3][0m
[32m+ 0x10c0118c358  n38: ChangeInt32ToFloat64 [n34], 0 uses 🪦[0m[0m
[32m+ 0x10c0118c418  n39: ChangeInt32ToFloat64 [n37], 0 uses 🪦[0m[0m
[32m+ 0x10c0118c478  n40: Float64Add [n38, n39], 0 uses 🪦, cannot truncate to int32 [-∞, +∞][0m[0m
[36m  27 : b9                Return[0m
== Finished inlining 0x09b80101e2cd <SharedFunctionInfo trunc>[0m
[36m  51 : 42 f7 03          Add r2, EmbeddedFeedback[3][0m
[32m+ 0x10c0118c5c0  n41: CheckedNumberToFloat64 [n19], 0 uses, but required, cannot truncate to int32 [-∞, +∞][0m[0m
[32m+ 0x10c0118c698  n42: Float64Add [n40, n41], 0 uses 🪦, cannot truncate to int32 [-∞, +∞][0m[0m
[36m  54 : 55 00 04          BitwiseOrSmi [0], EmbeddedFeedback[4][0m
[32m+ 0x10c0118c768  n43: TruncateFloat64ToInt32 [n42], 0 uses 🪦, cannot truncate to int32[0m[0m
[36m  57 : 29 02             StaCurrentContextSlot [2][0m
[32m+ 0x10c0118c8c0  n44: Int32ToNumber[kCanonicalizeSmi] [n43], 0 uses 🪦[0m[0m
[32m+ 0x10c0118c820  n45: StoreContextSlotWithWriteBarrier(2, mutable) [n2, n44][0m[0m
  * Recording context slot store n2[16]: TruncateFloat64ToInt32 [n42], 1 uses, cannot truncate to int32[0m
[36m  59 : 0b f8             Ldar r1[0m
[36m  61 : 5b 04             Inc FBV[4][0m
[32m+ 0x10c0118ca48  n46: Int32IncrementWithOverflow [n13], 0 uses, but required, cannot truncate to int32[0m[0m
[36m  63 : d4                Star1[0m
[36m  64 : 97 30 00 05       JumpLoop [48], [0], FBV[5][0m
[32m+ 0x10c0118cb48  n47: HeapConstant(0x09b80101e365 <FeedbackCell[one closure]>), 0 uses 🪦[0m[0m
[32m+ 0x10c0118cbf8  n48: ReduceInterruptBudgetForLoop(38) [n47][0m[0m
[32m+ 0x10c0118cce0  n49: RootConstant(optimized_out), 0 uses 🪦[0m[0m
[32m+ 0x10c0118cfe8  n50: Jump[0m[0m
[37mInitializing optimistic loop state...[0m
  <this>: <unregistered node 0><> <- n1<>[0m
 => n1: InitialValue(<this>), 7 uses<JSReceiver>[0m
  <context>: <unregistered node 0><> <- n2<>[0m
 => n2: InitialValue(<context>), 9 uses<>[0m
  r1: <unregistered node 0x10c0118cfb0><> <- n46<>[0m
 => <unregistered node 0x10c0118cfb0>: Phi(r1) [n51, <unregistered node 0>], 0 uses 🪦<>[0m
[36m  16 : 01 0d a0 86 01 00 LdaSmi.ExtraWide [100000][0m
[33mNew block (loop header @0x10c0118cd38) at 0x09b80101e265 <SharedFunctionInfo>[37m
  VOs (IFS): 
[1m[36m=== KnownNodeAspects (epoch: 1, side_effects_require_invalidation: 0, aliasing_contexts: 1) ===[0m
[1mNode Infos:[0m
  - [32mn33[0m: type=[33mNumber[0m, alternatives={truncated_int32_to_number: [32mn34[0m}
  - [32mn34[0m: type=[33mNumber[0m, alternatives={float64: [32mn38[0m}
  - [32mn36[0m: type=[33mNumber[0m, alternatives={truncated_int32_to_number: [32mn37[0m}
  - [32mn37[0m: type=[33mNumber[0m, alternatives={float64: [32mn39[0m}
  - [32mn42[0m: type=[33mNumber[0m, alternatives={truncated_int32_to_number: [32mn43[0m}
  - [32mn43[0m: type=[33mNumber[0m, alternatives={tagged: [32mn44[0m}
  - [32mn1[0m: type=[33mJSReceiver[0m
  - [32mn5[0m: type=[33mSmi[0m, alternatives={int32: [32mn13[0m, float64: [32mn22[0m}
  - [32mn19[0m: type=[33mNumber[0m, alternatives={float64: [32mn41[0m}
[1mLoaded Context Slots:[0m
  - [32mn2[0m@16 => [32mn43[0m
[1mAvailable Expressions:[0m
  - [33m0x30fdc58[0m: [32mn1[0m (epoch: 4294967295)
  - [33m0xb0db6d8[0m: [32mn9[0m (epoch: 4294967295)
  - [33m0xfcc2ba3[0m: [32mn8[0m (epoch: 4294967295)
  - [33m0x10a553af[0m: [32mn41[0m (epoch: 4294967295)
  - [33m0x248b6846[0m: [32mn3[0m (epoch: 4294967295)
  - [33m0x2bb4c3c2[0m: [32mn6[0m (epoch: 4294967295)
  - [33m0x41ba9d84[0m: [32mn40[0m (epoch: 4294967295)
  - [33m0x559772d5[0m: [32mn37[0m (epoch: 4294967295)
  - [33m0x56a02d31[0m: [32mn42[0m (epoch: 4294967295)
  - [33m0x59591cf8[0m: [32mn13[0m (epoch: 4294967295)
  - [33m0x5dc6e50e[0m: [32mn15[0m (epoch: 4294967295)
  - [33m0x61e2426b[0m: [32mn43[0m (epoch: 4294967295)
  - [33m0x6a0b880f[0m: [32mn22[0m (epoch: 4294967295)
  - [33m0x6a0b97df[0m: [32mn46[0m (epoch: 4294967295)
  - [33m0x779374fb[0m: [32mn19[0m (epoch: 0)
  - [33m0x792282f9[0m: [32mn39[0m (epoch: 4294967295)
  - [33m0x83e88762[0m: [32mn27[0m (epoch: 4294967295)
  - [33m0x8503032d[0m: [32mn32[0m (epoch: 4294967295)
  - [33m0x873f8c75[0m: [32mn36[0m (epoch: 4294967295)
  - [33m0x90cc55f1[0m: [32mn5[0m (epoch: 4294967295)
  - [33m0x98086aa9[0m: [32mn2[0m (epoch: 4294967295)
  - [33m0xa0226c12[0m: [32mn34[0m (epoch: 4294967295)
  - [33m0xa0dde63f[0m: [32mn33[0m (epoch: 4294967295)
  - [33m0xa118a944[0m: [32mn24[0m (epoch: 4294967295)
  - [33m0xc53ea595[0m: [32mn38[0m (epoch: 4294967295)
  - [33m0xdfe2361a[0m: [32mn4[0m (epoch: 4294967295)
  - [33m0xe2882f58[0m: [32mn44[0m (epoch: 4294967295)
  - [33m0xe6b6bde6[0m: [32mn7[0m (epoch: 4294967295)
[0m
[37mCopying frame state from merge @0x10c0118cd38[0m
[37m  - VOs (IFS): [0m
[37m  - VOs (merge): [0m
  0x10c0118cfb0  n52: Phi(r1) [n51, <unregistered node 0>], 0 uses 🪦[0m
[36m  22 : 79 f8 04          TestLessThan r1, EmbeddedFeedback[4][0m
[32m+ 0x10c0118e740  n53: CheckedSmiUntag [n52], 0 uses, but required, cannot truncate to int32[0m[0m
[32m+ 0x10c0118e810  n54: Int32Compare[LessThan] [n53, n14], 0 uses 🪦[0m[0m
[36m  25 : a8 2b             JumpIfFalse [43][0m
[32m+ 0x10c0118e870  n55: BranchIfInt32Compare(LessThan) [n53, n14][0m[0m
[37mMerging...[0m
  <this>: n1<JSReceiver> <- n1<JSReceiver>[0m
 => n1: InitialValue(<this>), 8 uses<JSReceiver>[0m
  <context>: n2<> <- n2<>[0m
 => n2: InitialValue(<context>), 10 uses<>[0m
[33mNew block (single fallthrough) at 0x09b80101e265 <SharedFunctionInfo>[37m
  VOs (IFS): 
[1m[36m=== KnownNodeAspects (epoch: 2, side_effects_require_invalidation: 0, aliasing_contexts: 0) ===[0m
[1mNode Infos:[0m
  - [32mn33[0m: type=[33mNumber[0m, alternatives={truncated_int32_to_number: [32mn34[0m}
  - [32mn34[0m: type=[33mNumber[0m, alternatives={float64: [32mn38[0m}
  - [32mn36[0m: type=[33mNumber[0m, alternatives={truncated_int32_to_number: [32mn37[0m}
  - [32mn37[0m: type=[33mNumber[0m, alternatives={float64: [32mn39[0m}
  - [32mn42[0m: type=[33mNumber[0m, alternatives={truncated_int32_to_number: [32mn43[0m}
  - [32mn43[0m: type=[33mNumber[0m, alternatives={tagged: [32mn44[0m}
  - [32mn52[0m: type=[33mSmi[0m, alternatives={int32: [32mn53[0m}
  - [32mn1[0m: type=[33mJSReceiver[0m
  - [32mn5[0m: type=[33mSmi[0m, alternatives={int32: [32mn13[0m, float64: [32mn22[0m}
  - [32mn19[0m: type=[33mNumber[0m, alternatives={float64: [32mn41[0m}
[1mAvailable Expressions:[0m
  - [33m0x30fdc58[0m: [32mn1[0m (epoch: 4294967295)
  - [33m0xb0db6d8[0m: [32mn9[0m (epoch: 4294967295)
  - [33m0xfcc2ba3[0m: [32mn8[0m (epoch: 4294967295)
  - [33m0x10a553af[0m: [32mn41[0m (epoch: 4294967295)
  - [33m0x248b6846[0m: [32mn3[0m (epoch: 4294967295)
  - [33m0x2bb4c3c2[0m: [32mn6[0m (epoch: 4294967295)
  - [33m0x41ba9d84[0m: [32mn40[0m (epoch: 4294967295)
  - [33m0x559772d5[0m: [32mn37[0m (epoch: 4294967295)
  - [33m0x55a6b7fa[0m: [32mn54[0m (epoch: 4294967295)
  - [33m0x56a02d31[0m: [32mn42[0m (epoch: 4294967295)
  - [33m0x59591cf8[0m: [32mn13[0m (epoch: 4294967295)
  - [33m0x5dc6e50e[0m: [32mn15[0m (epoch: 4294967295)
  - [33m0x61e2426b[0m: [32mn43[0m (epoch: 4294967295)
  - [33m0x6a0b880f[0m: [32mn22[0m (epoch: 4294967295)
  - [33m0x6a0b97df[0m: [32mn46[0m (epoch: 4294967295)
  - [33m0x792282f9[0m: [32mn39[0m (epoch: 4294967295)
  - [33m0x83e88762[0m: [32mn27[0m (epoch: 4294967295)
  - [33m0x8503032d[0m: [32mn32[0m (epoch: 4294967295)
  - [33m0x873f8c75[0m: [32mn36[0m (epoch: 4294967295)
  - [33m0x90cc55f1[0m: [32mn5[0m (epoch: 4294967295)
  - [33m0x98086aa9[0m: [32mn2[0m (epoch: 4294967295)
  - [33m0xa0226c12[0m: [32mn34[0m (epoch: 4294967295)
  - [33m0xa0dde63f[0m: [32mn33[0m (epoch: 4294967295)
  - [33m0xa118a944[0m: [32mn24[0m (epoch: 4294967295)
  - [33m0xc53ea595[0m: [32mn38[0m (epoch: 4294967295)
  - [33m0xdfe2361a[0m: [32mn4[0m (epoch: 4294967295)
  - [33m0xe2882f58[0m: [32mn44[0m (epoch: 4294967295)
  - [33m0xe6b6bde6[0m: [32mn7[0m (epoch: 4294967295)
  - [33m0xfd94097f[0m: [32mn53[0m (epoch: 4294967295)
[0m
[36m  27 : 18 02             LdaCurrentContextSlot [2][0m
[32m+ 0x10c0118e9d0  n56: LoadContextSlot(0x10, mutable) [n2], 0 uses, but required[0m[0m
[36m  29 : d3                Star2[0m
[36m  30 : 23 01 00          LdaGlobal [1:"trunc"], FBV[0][0m
[36m  33 : d2                Star3[0m
[36m  34 : 13 02             LdaConstant [2:0x09b80101e2fd <HeapNumber 1.5>][0m
[36m  36 : 44 f8 04          Mul r1, EmbeddedFeedback[4][0m
[32m+ 0x10c0118ea48  n57: ChangeInt32ToFloat64 [n53], 0 uses 🪦[0m[0m
[32m+ 0x10c0118eaa8  n58: Float64Multiply [n57, n23], 0 uses 🪦, cannot truncate to int32 [-∞, +∞][0m[0m
[36m  39 : d1                Star4[0m
[36m  40 : 13 03             LdaConstant [3:0x09b80101e309 <HeapNumber 0.25>][0m
[36m  42 : 44 f8 04          Mul r1, EmbeddedFeedback[4][0m
[32m+ 0x10c0118eb18  n59: Float64Multiply [n57, n26], 0 uses 🪦, cannot truncate to int32 [-∞, +∞][0m[0m
[36m  45 : d0                Star5[0m
[36m  46 : 6e f6 f5 f4 02    CallUndefinedReceiver2 r3, r4, r5, FBV[2][0m

----- Inlining 0x09b80101e2cd <SharedFunctionInfo trunc> with bytecode -----
Parameter count 3
Register count 3
Frame size 24
         0x31a01000144 @    0 : 0b 04             Ldar a1
         0x31a01000146 @    2 : 44 03 04          Mul a0, EmbeddedFeedback[4]
         0x31a01000149 @    5 : d5                Star0
         0x31a0100014a @    6 : 0b 03             Ldar a0
         0x31a0100014c @    8 : 42 f9 04          Add r0, EmbeddedFeedback[4]
         0x31a0100014f @   11 : d4                Star1
         0x31a01000150 @   12 : 55 00 04          BitwiseOrSmi [0], EmbeddedFeedback[4]
         0x31a01000153 @   15 : d3                Star2
         0x31a01000154 @   16 : 0b f9             Ldar r0
         0x31a01000156 @   18 : 51 02 04          MulSmi [2], EmbeddedFeedback[4]
         0x31a01000159 @   21 : 55 00 04          BitwiseOrSmi [0], EmbeddedFeedback[4]
         0x31a0100015c @   24 : 42 f7 03          Add r2, EmbeddedFeedback[3]
         0x31a0100015f @   27 : b9                Return
Constant pool (size = 0)
Handler Table (size = 0)
Source Position Table (size = 0)
0x9b80101e441: [FeedbackVector] in OldSpace
 - map: 0x09b800000895 <Map(FEEDBACK_VECTOR_TYPE)>
 - length: 0 (empty)
[32m+ 0x10c01191600  n60: Jump[0m[0m
[36m   0 : 0b 04             Ldar a1[0m
[33mNew block (merge @0x10c01191630) at 0x09b80101e2cd <SharedFunctionInfo trunc>[37m
  VOs (IFS): 
[1m[36m=== KnownNodeAspects (epoch: 2, side_effects_require_invalidation: 0, aliasing_contexts: 1) ===[0m
[1mNode Infos:[0m
  - [32mn33[0m: type=[33mNumber[0m, alternatives={truncated_int32_to_number: [32mn34[0m}
  - [32mn34[0m: type=[33mNumber[0m, alternatives={float64: [32mn38[0m}
  - [32mn36[0m: type=[33mNumber[0m, alternatives={truncated_int32_to_number: [32mn37[0m}
  - [32mn37[0m: type=[33mNumber[0m, alternatives={float64: [32mn39[0m}
  - [32mn42[0m: type=[33mNumber[0m, alternatives={truncated_int32_to_number: [32mn43[0m}
  - [32mn43[0m: type=[33mNumber[0m, alternatives={tagged: [32mn44[0m}
  - [32mn52[0m: type=[33mSmi[0m, alternatives={int32: [32mn53[0m, float64: [32mn57[0m}
  - [32mn1[0m: type=[33mJSReceiver[0m
  - [32mn5[0m: type=[33mSmi[0m, alternatives={int32: [32mn13[0m, float64: [32mn22[0m}
  - [32mn19[0m: type=[33mNumber[0m, alternatives={float64: [32mn41[0m}
[1mLoaded Context Slots:[0m
  - [32mn2[0m@16 => [32mn56[0m
[1mAvailable Expressions:[0m
  - [33m0x30fdc58[0m: [32mn1[0m (epoch: 4294967295)
  - [33m0xb0db6d8[0m: [32mn9[0m (epoch: 4294967295)
  - [33m0xfcc2ba3[0m: [32mn8[0m (epoch: 4294967295)
  - [33m0x10a553af[0m: [32mn41[0m (epoch: 4294967295)
  - [33m0x248b6846[0m: [32mn3[0m (epoch: 4294967295)
  - [33m0x2bb4c3c2[0m: [32mn6[0m (epoch: 4294967295)
  - [33m0x41ba9d84[0m: [32mn40[0m (epoch: 4294967295)
  - [33m0x559772d5[0m: [32mn37[0m (epoch: 4294967295)
  - [33m0x55a6b7fa[0m: [32mn54[0m (epoch: 4294967295)
  - [33m0x56a02d31[0m: [32mn42[0m (epoch: 4294967295)
  - [33m0x59591cf8[0m: [32mn13[0m (epoch: 4294967295)
  - [33m0x5dc6e50e[0m: [32mn15[0m (epoch: 4294967295)
  - [33m0x5dfe49f2[0m: [32mn59[0m (epoch: 4294967295)
  - [33m0x61e2426b[0m: [32mn43[0m (epoch: 4294967295)
  - [33m0x66ee24be[0m: [32mn57[0m (epoch: 4294967295)
  - [33m0x6a0b880f[0m: [32mn22[0m (epoch: 4294967295)
  - [33m0x6a0b97df[0m: [32mn46[0m (epoch: 4294967295)
  - [33m0x779374fb[0m: [32mn56[0m (epoch: 2)
  - [33m0x792282f9[0m: [32mn39[0m (epoch: 4294967295)
  - [33m0x7b2e6bd4[0m: [32mn58[0m (epoch: 4294967295)
  - [33m0x83e88762[0m: [32mn27[0m (epoch: 4294967295)
  - [33m0x8503032d[0m: [32mn32[0m (epoch: 4294967295)
  - [33m0x873f8c75[0m: [32mn36[0m (epoch: 4294967295)
  - [33m0x90cc55f1[0m: [32mn5[0m (epoch: 4294967295)
  - [33m0x98086aa9[0m: [32mn2[0m (epoch: 4294967295)
  - [33m0xa0226c12[0m: [32mn34[0m (epoch: 4294967295)
  - [33m0xa0dde63f[0m: [32mn33[0m (epoch: 4294967295)
  - [33m0xa118a944[0m: [32mn24[0m (epoch: 4294967295)
  - [33m0xc53ea595[0m: [32mn38[0m (epoch: 4294967295)
  - [33m0xdfe2361a[0m: [32mn4[0m (epoch: 4294967295)
  - [33m0xe2882f58[0m: [32mn44[0m (epoch: 4294967295)
  - [33m0xe6b6bde6[0m: [32mn7[0m (epoch: 4294967295)
  - [33m0xfd94097f[0m: [32mn53[0m (epoch: 4294967295)
[0m
[37mCopying frame state from merge @0x10c01191630[0m
[37m  - VOs (IFS): [0m
[37m  - VOs (merge): [0m
[36m   2 : 44 03 04          Mul a0, EmbeddedFeedback[4][0m
[32m+ 0x10c011925e8  n61: Float64Multiply [n58, n59], 0 uses 🪦, cannot truncate to int32 [-∞, +∞][0m[0m
[36m   5 : d5                Star0[0m
[36m   6 : 0b 03             Ldar a0[0m
[36m   8 : 42 f9 04          Add r0, EmbeddedFeedback[4][0m
[32m+ 0x10c01192658  n62: Float64Add [n58, n61], 0 uses 🪦, cannot truncate to int32 [-∞, +∞][0m[0m
[36m  11 : d4                Star1[0m
[36m  12 : 55 00 04          BitwiseOrSmi [0], EmbeddedFeedback[4][0m
[32m+ 0x10c01192728  n63: TruncateFloat64ToInt32 [n62], 0 uses 🪦, cannot truncate to int32[0m[0m
[36m  15 : d3                Star2[0m
[36m  16 : 0b f9             Ldar r0[0m
[36m  18 : 51 02 04          MulSmi [2], EmbeddedFeedback[4][0m
[32m+ 0x10c01192788  n64: Float64Multiply [n61, n35], 0 uses 🪦, cannot truncate to int32 [-∞, +∞][0m[0m
[36m  21 : 55 00 04          BitwiseOrSmi [0], EmbeddedFeedback[4][0m
[32m+ 0x10c01192858  n65: TruncateFloat64ToInt32 [n64], 0 uses 🪦, cannot truncate to int32[0m[0m
[36m  24 : 42 f7 03          Add r2, EmbeddedFeedback[3][0m
[32m+ 0x10c01192918  n66: ChangeInt32ToFloat64 [n63], 0 uses 🪦[0m[0m
[32m+ 0x10c011929d8  n67: ChangeInt32ToFloat64 [n65], 0 uses 🪦[0m[0m
[32m+ 0x10c01192a38  n68: Float64Add [n66, n67], 0 uses 🪦, cannot truncate to int32 [-∞, +∞][0m[0m
[36m  27 : b9                Return[0m
== Finished inlining 0x09b80101e2cd <SharedFunctionInfo trunc>[0m
[36m  51 : 42 f7 03          Add r2, EmbeddedFeedback[3][0m
[32m+ 0x10c01192b80  n69: CheckedNumberToFloat64 [n56], 0 uses, but required, cannot truncate to int32 [-∞, +∞][0m[0m
[32m+ 0x10c01192c58  n70: Float64Add [n68, n69], 0 uses 🪦, cannot truncate to int32 [-∞, +∞][0m[0m
[36m  54 : 55 00 04          BitwiseOrSmi [0], EmbeddedFeedback[4][0m
[32m+ 0x10c01192d28  n71: TruncateFloat64ToInt32 [n70], 0 uses 🪦, cannot truncate to int32[0m[0m
[36m  57 : 29 02             StaCurrentContextSlot [2][0m
[32m+ 0x10c01192e80  n72: Int32ToNumber[kCanonicalizeSmi] [n71], 0 uses 🪦[0m[0m
[32m+ 0x10c01192de0  n73: StoreContextSlotWithWriteBarrier(2, mutable) [n2, n72][0m[0m
  * Recording context slot store n2[16]: TruncateFloat64ToInt32 [n70], 1 uses, cannot truncate to int32[0m
[36m  59 : 0b f8             Ldar r1[0m
[36m  61 : 5b 04             Inc FBV[4][0m
[32m+ 0x10c01192ff8  n74: Int32IncrementWithOverflow [n53], 0 uses, but required, cannot truncate to int32[0m[0m
[36m  63 : d4                Star1[0m
[36m  64 : 97 30 00 05       JumpLoop [48], [0], FBV[5][0m
[32m+ 0x10c011931a0  n75: ReduceInterruptBudgetForLoop(38) [n47][0m[0m
[32m+ 0x10c01193300  n76: JumpLoop[0m[0m
[91mNext peeling not needed due to compatible state.[0m
  <this>: n1<JSReceiver> <- n1<JSReceiver>[0m
 => n1: InitialValue(<this>), 13 uses<JSReceiver>[0m
  <context>: n2<> <- n2<>[0m
 => n2: InitialValue(<context>), 17 uses<>[0m
  r1: n52<> <- n74<>[0m
 => n52: Phi(r1) [n51, n77], 6 uses<>[0m
[36m  68 : 23 04 07          LdaGlobal [4:"print"], FBV[7][0m
[33mNew block (merge @0x10c011b2618) at 0x09b80101e265 <SharedFunctionInfo>[37m
  VOs (IFS): 
[1m[36m=== KnownNodeAspects (epoch: 3, side_effects_require_invalidation: 0, aliasing_contexts: 1) ===[0m
[1mNode Infos:[0m
  - [32mn33[0m: type=[33mNumber[0m, alternatives={truncated_int32_to_number: [32mn34[0m}
  - [32mn34[0m: type=[33mNumber[0m, alternatives={float64: [32mn38[0m}
  - [32mn36[0m: type=[33mNumber[0m, alternatives={truncated_int32_to_number: [32mn37[0m}
  - [32mn37[0m: type=[33mNumber[0m, alternatives={float64: [32mn39[0m}
  - [32mn42[0m: type=[33mNumber[0m, alternatives={truncated_int32_to_number: [32mn43[0m}
  - [32mn43[0m: type=[33mNumber[0m, alternatives={tagged: [32mn44[0m}
  - [32mn52[0m: type=[33mSmi[0m, alternatives={int32: [32mn53[0m, float64: [32mn57[0m}
  - [32mn56[0m: type=[33mNumber[0m, alternatives={float64: [32mn69[0m}
  - [32mn62[0m: type=[33mNumber[0m, alternatives={truncated_int32_to_number: [32mn63[0m}
  - [32mn63[0m: type=[33mNumber[0m, alternatives={float64: [32mn66[0m}
  - [32mn64[0m: type=[33mNumber[0m, alternatives={truncated_int32_to_number: [32mn65[0m}
  - [32mn65[0m: type=[33mNumber[0m, alternatives={float64: [32mn67[0m}
  - [32mn70[0m: type=[33mNumber[0m, alternatives={truncated_int32_to_number: [32mn71[0m}
  - [32mn71[0m: type=[33mNumber[0m, alternatives={tagged: [32mn72[0m}
  - [32mn1[0m: type=[33mJSReceiver[0m
  - [32mn5[0m: type=[33mSmi[0m, alternatives={int32: [32mn13[0m, float64: [32mn22[0m}
  - [32mn19[0m: type=[33mNumber[0m, alternatives={float64: [32mn41[0m}
[1mLoaded Context Slots:[0m
  - [32mn2[0m@16 => [32mn71[0m
[1mAvailable Expressions:[0m
  - [33m0x30fdc58[0m: [32mn1[0m (epoch: 4294967295)
  - [33m0xb0db6d8[0m: [32mn9[0m (epoch: 4294967295)
  - [33m0xca7a511[0m: [32mn66[0m (epoch: 4294967295)
  - [33m0xfcc2ba3[0m: [32mn8[0m (epoch: 4294967295)
  - [33m0x10a553af[0m: [32mn41[0m (epoch: 4294967295)
  - [33m0x1567fb07[0m: [32mn63[0m (epoch: 4294967295)
  - [33m0x1a6cf220[0m: [32mn64[0m (epoch: 4294967295)
  - [33m0x248b6846[0m: [32mn3[0m (epoch: 4294967295)
  - [33m0x2bb4c3c2[0m: [32mn6[0m (epoch: 4294967295)
  - [33m0x41ba9d84[0m: [32mn40[0m (epoch: 4294967295)
  - [33m0x431cadf3[0m: [32mn62[0m (epoch: 4294967295)
  - [33m0x48b52c27[0m: [32mn69[0m (epoch: 4294967295)
  - [33m0x52d8449f[0m: [32mn68[0m (epoch: 4294967295)
  - [33m0x559772d5[0m: [32mn37[0m (epoch: 4294967295)
  - [33m0x55a6b7fa[0m: [32mn54[0m (epoch: 4294967295)
  - [33m0x56a02d31[0m: [32mn42[0m (epoch: 4294967295)
  - [33m0x59591cf8[0m: [32mn13[0m (epoch: 4294967295)
  - [33m0x5dc6e50e[0m: [32mn15[0m (epoch: 4294967295)
  - [33m0x5dfe49f2[0m: [32mn59[0m (epoch: 4294967295)
  - [33m0x61e2426b[0m: [32mn43[0m (epoch: 4294967295)
  - [33m0x66ee24be[0m: [32mn57[0m (epoch: 4294967295)
  - [33m0x66ee348e[0m: [32mn74[0m (epoch: 4294967295)
  - [33m0x6a0b880f[0m: [32mn22[0m (epoch: 4294967295)
  - [33m0x6a0b97df[0m: [32mn46[0m (epoch: 4294967295)
  - [33m0x779374fb[0m: [32mn56[0m (epoch: 2)
  - [33m0x792282f9[0m: [32mn39[0m (epoch: 4294967295)
  - [33m0x7b2e6bd4[0m: [32mn58[0m (epoch: 4294967295)
  - [33m0x81a6097f[0m: [32mn70[0m (epoch: 4294967295)
  - [33m0x83e88762[0m: [32mn27[0m (epoch: 4294967295)
  - [33m0x8503032d[0m: [32mn32[0m (epoch: 4294967295)
  - [33m0x873f8c75[0m: [32mn36[0m (epoch: 4294967295)
  - [33m0x90cc55f1[0m: [32mn5[0m (epoch: 4294967295)
  - [33m0x98086aa9[0m: [32mn2[0m (epoch: 4294967295)
  - [33m0x99ba6bc3[0m: [32mn61[0m (epoch: 4294967295)
  - [33m0xa0226c12[0m: [32mn34[0m (epoch: 4294967295)
  - [33m0xa058dd79[0m: [32mn72[0m (epoch: 4294967295)
  - [33m0xa0dde63f[0m: [32mn33[0m (epoch: 4294967295)
  - [33m0xa118a944[0m: [32mn24[0m (epoch: 4294967295)
  - [33m0xc53ea595[0m: [32mn38[0m (epoch: 4294967295)
  - [33m0xce5784b2[0m: [32mn65[0m (epoch: 4294967295)
  - [33m0xd2ac7760[0m: [32mn71[0m (epoch: 4294967295)
  - [33m0xdfe2361a[0m: [32mn4[0m (epoch: 4294967295)
  - [33m0xe2882f58[0m: [32mn44[0m (epoch: 4294967295)
  - [33m0xe6b6bde6[0m: [32mn7[0m (epoch: 4294967295)
  - [33m0xebe1d7ee[0m: [32mn67[0m (epoch: 4294967295)
  - [33m0xfd94097f[0m: [32mn53[0m (epoch: 4294967295)
[0m
[37mCopying frame state from merge @0x10c011b2618[0m
[37m  - VOs (IFS): [0m
[37m  - VOs (merge): [0m
[33mNew empty block [37m
  VOs (IFS): 
[1m[36m=== KnownNodeAspects (epoch: 3, side_effects_require_invalidation: 0, aliasing_contexts: 0) ===[0m
[1mNode Infos:[0m
  - [32mn1[0m: type=[33mJSReceiver[0m
  - [32mn5[0m: type=[33mSmi[0m, alternatives={int32: [32mn13[0m}
[1mAvailable Expressions:[0m
  - [33m0x30fdc58[0m: [32mn1[0m (epoch: 4294967295)
  - [33m0xb0db6d8[0m: [32mn9[0m (epoch: 4294967295)
  - [33m0xfcc2ba3[0m: [32mn8[0m (epoch: 4294967295)
  - [33m0x248b6846[0m: [32mn3[0m (epoch: 4294967295)
  - [33m0x2bb4c3c2[0m: [32mn6[0m (epoch: 4294967295)
  - [33m0x59591cf8[0m: [32mn13[0m (epoch: 4294967295)
  - [33m0x5dc6e50e[0m: [32mn15[0m (epoch: 4294967295)
  - [33m0x90cc55f1[0m: [32mn5[0m (epoch: 4294967295)
  - [33m0x98086aa9[0m: [32mn2[0m (epoch: 4294967295)
  - [33m0xdfe2361a[0m: [32mn4[0m (epoch: 4294967295)
  - [33m0xe6b6bde6[0m: [32mn7[0m (epoch: 4294967295)
[0m
[32m+ 0x10c01193448  n78: Jump[0m[0m
[33mNew empty block [37m
  VOs (IFS): 
[1m[36m=== KnownNodeAspects (epoch: 3, side_effects_require_invalidation: 0, aliasing_contexts: 0) ===[0m
[1mNode Infos:[0m
  - [32mn1[0m: type=[33mJSReceiver[0m
  - [32mn5[0m: type=[33mSmi[0m, alternatives={int32: [32mn13[0m}
[1mAvailable Expressions:[0m
  - [33m0x30fdc58[0m: [32mn1[0m (epoch: 4294967295)
  - [33m0xb0db6d8[0m: [32mn9[0m (epoch: 4294967295)
  - [33m0xfcc2ba3[0m: [32mn8[0m (epoch: 4294967295)
  - [33m0x248b6846[0m: [32mn3[0m (epoch: 4294967295)
  - [33m0x2bb4c3c2[0m: [32mn6[0m (epoch: 4294967295)
  - [33m0x59591cf8[0m: [32mn13[0m (epoch: 4294967295)
  - [33m0x5dc6e50e[0m: [32mn15[0m (epoch: 4294967295)
  - [33m0x90cc55f1[0m: [32mn5[0m (epoch: 4294967295)
  - [33m0x98086aa9[0m: [32mn2[0m (epoch: 4294967295)
  - [33m0xdfe2361a[0m: [32mn4[0m (epoch: 4294967295)
  - [33m0xe6b6bde6[0m: [32mn7[0m (epoch: 4294967295)
[0m
[32m+ 0x10c011934c8  n79: Jump[0m[0m
[32m+ 0x10c01193668  n80: Deopt(Insufficient type feedback for generic global access)[0m[0m
[91mDEAD  : 23 04 07          LdaGlobal [4:"print"], FBV[7][0m
[36m  71 : d3                Star2[0m
[91mDEAD  : d3                Star2[0m
[36m  72 : 18 02             LdaCurrentContextSlot [2][0m
[91mDEAD  : 18 02             LdaCurrentContextSlot [2][0m
[36m  74 : d2                Star3[0m
[91mDEAD  : d2                Star3[0m
[36m  75 : 6d f7 f6 09       CallUndefinedReceiver1 r2, r3, FBV[9][0m
[91mDEAD  : 6d f7 f6 09       CallUndefinedReceiver1 r2, r3, FBV[9][0m
[36m  79 : d5                Star0[0m
[91mDEAD  : d5                Star0[0m
[36m  80 : b9                Return[0m
[91mDEAD  : b9                Return[0m

----- Maglev graph building -----
Graph

   [0m  [0m47: HeapConstant(0x09b80101e365 <FeedbackCell[one closure]>), 2 uses
   [0m  [0m20: HeapConstant(0x09b80101e389 <JSFunction trunc (sfi = 0x9b80101e2cd)>), 0 uses 🪦
   [0m  [0m29: HeapConstant(0x09b80101e375 <ScriptContext[3]>), 0 uses 🪦
   [0m  [0m21: HeapConstant(0x09b80101e2fd <HeapNumber 1.5>), 0 uses 🪦
   [0m  [0m25: HeapConstant(0x09b80101e309 <HeapNumber 0.25>), 0 uses 🪦
   [0m  [0m30: HeapConstant(0x09b801004999 <JSGlobalProxy>), 0 uses 🪦
   [0m  [0m28: RootConstant(undefined_value), 0 uses 🪦
   [0m  [0m18: RootConstant(true_value), 0 uses 🪦
   [0m  [0m17: RootConstant(false_value), 0 uses 🪦
   [0m  [0m49: RootConstant(optimized_out), 0 uses 🪦
   [0m  [0m12: SmiConstant(100000), 2 uses
   [0m  [0m14: Int32Constant(100000), 4 uses, cannot truncate to int32
   [0m  [0m26: Float64Constant(0.25), 2 uses
   [0m  [0m23: Float64Constant(1.5), 2 uses
   [0m  [0m35: Float64Constant(2), 2 uses
    [0mBlock b0
   [0m[1;34m0x09b80101e265 <SharedFunctionInfo> (0x09b80101ebd9 <String[23]: "workloads/truncation.js">:0:0)
[m   [0m[0;34m  16 : 01 0d a0 86 01 00 LdaSmi.ExtraWide [100000]
[m   [0m   [0m1: InitialValue(<this>), 14 uses
   [0m   [0m2: InitialValue(<context>), 18 uses
   [0m   [0m3: InitialValue(<closure>), 14 uses
   [0m   [0m4: InitialValue(r0), 0 uses 🪦
   [0m   [0m5: InitialValue(r1), 7 uses
   [0m   [0m6: InitialValue(r2), 0 uses 🪦
   [0m   [0m7: InitialValue(r3), 0 uses 🪦
   [0m   [0m8: InitialValue(r4), 0 uses 🪦
   [0m   [0m9: InitialValue(r5), 0 uses 🪦
   [0m  [0m10: FunctionEntryStackCheck
   [0m      ↳ lazy @64 (3 live vars)
   [0m      ↱ eager @64 (3 live vars)
   [0m  [0m11: CheckpointedJump b1
   [0m   ↓
    [0mBlock b1
   [0m[0;34m  22 : 79 f8 04          TestLessThan r1, EmbeddedFeedback[4]
[m   [0m      ↱ eager @22 (4 live vars)
   [0m  [0m13: CheckedSmiUntag [n5], 4 uses, cannot truncate to int32
   [0m  [0m15: Int32Compare[LessThan] [n13, n14], 0 uses 🪦
   [0m[0;34m  25 : a8 2b             JumpIfFalse [43]
[m[0;31m╭────[0m16: BranchIfInt32Compare(LessThan) [n13, n14] b2 b8
[0;31m│  [0m   ↓
[0;31m│   [0mBlock b2
[0;31m│  [0m[0;34m  27 : 18 02             LdaCurrentContextSlot [2]
[m[0;31m│  [0m  [0m19: LoadContextSlot(0x10, mutable) [n2], 3 uses
[0;31m│  [0m[0;34m  36 : 44 f8 04          Mul r1, EmbeddedFeedback[4]
[m[0;31m│  [0m  [0m22: ChangeInt32ToFloat64 [n13], 2 uses
[0;31m│  [0m  [0m24: Float64Multiply [n22, n23], 2 uses, cannot truncate to int32 [-∞, +∞]
[0;31m│  [0m[0;34m  42 : 44 f8 04          Mul r1, EmbeddedFeedback[4]
[m[0;31m│  [0m  [0m27: Float64Multiply [n22, n26], 1 uses, cannot truncate to int32 [-∞, +∞]
[0;31m│  [0m[1;34m0x09b80101e2cd <SharedFunctionInfo trunc> (0x09b80101ebd9 <String[23]: "workloads/truncation.js">:5:14)
[m[0;31m│  [0m[0;34m   0 : 0b 04             Ldar a1
[m[0;31m│  [0m  [0m31: Jump b3
[0;31m│  [0m   ↓
[0;31m│   [0mBlock b3
[0;31m│  [0m[1;34m0x09b80101e2cd <SharedFunctionInfo trunc> (0x09b80101ebd9 <String[23]: "workloads/truncation.js">:0:0)
[m[0;31m│  [0m[0;34m   2 : 44 03 04          Mul a0, EmbeddedFeedback[4]
[m[0;31m│  [0m  [0m32: Float64Multiply [n24, n27], 2 uses, cannot truncate to int32 [-∞, +∞]
[0;31m│  [0m[0;34m   8 : 42 f9 04          Add r0, EmbeddedFeedback[4]
[m[0;31m│  [0m  [0m33: Float64Add [n32, n24], 1 uses, cannot truncate to int32 [-∞, +∞]
[0;31m│  [0m[0;34m  12 : 55 00 04          BitwiseOrSmi [0], EmbeddedFeedback[4]
[m[0;31m│  [0m  [0m34: TruncateFloat64ToInt32 [n33], 1 uses, cannot truncate to int32
[0;31m│  [0m[0;34m  18 : 51 02 04          MulSmi [2], EmbeddedFeedback[4]
[m[0;31m│  [0m  [0m36: Float64Multiply [n32, n35], 1 uses, cannot truncate to int32 [-∞, +∞]
[0;31m│  [0m[0;34m  21 : 55 00 04          BitwiseOrSmi [0], EmbeddedFeedback[4]
[m[0;31m│  [0m  [0m37: TruncateFloat64ToInt32 [n36], 1 uses, cannot truncate to int32
[0;31m│  [0m[0;34m  24 : 42 f7 03          Add r2, EmbeddedFeedback[3]
[m[0;31m│  [0m  [0m38: ChangeInt32ToFloat64 [n34], 1 uses
[0;31m│  [0m  [0m39: ChangeInt32ToFloat64 [n37], 1 uses
[0;31m│  [0m  [0m40: Float64Add [n38, n39], 2 uses, can truncate to int32 [-4294967296, 4294967294]
[0;31m│  [0m[1;34m0x09b80101e265 <SharedFunctionInfo> (0x09b80101ebd9 <String[23]: "workloads/truncation.js">:0:0)
[m[0;31m│  [0m[0;34m  51 : 42 f7 03          Add r2, EmbeddedFeedback[3]
[m[0;31m│  [0m      ↱ eager @51 (5 live vars)
[0;31m│  [0m  [0m41: CheckedNumberToFloat64 [n19], 1 uses, cannot truncate to int32 [-∞, +∞]
[0;31m│  [0m  [0m42: Float64Add [n40, n41], 1 uses, cannot truncate to int32 [-∞, +∞]
[0;31m│  [0m[0;34m  54 : 55 00 04          BitwiseOrSmi [0], EmbeddedFeedback[4]
[m[0;31m│  [0m  [0m43: TruncateFloat64ToInt32 [n42], 1 uses, cannot truncate to int32
[0;31m│  [0m[0;34m  57 : 29 02             StaCurrentContextSlot [2]
[m[0;31m│  [0m  [0m44: Int32ToNumber[kCanonicalizeSmi] [n43], 1 uses
[0;31m│  [0m  [0m45: StoreContextSlotWithWriteBarrier(2, mutable) [n2, n44]
[0;31m│  [0m      ↳ lazy @57 (3 live vars)
[0;31m│  [0m[0;34m  61 : 5b 04             Inc FBV[4]
[m[0;31m│  [0m      ↱ eager @61 (3 live vars)
[0;31m│  [0m  [0m46: Int32IncrementWithOverflow [n13], 2 uses, cannot truncate to int32
[0;31m│  [0m[0;34m  64 : 97 30 00 05       JumpLoop [48], [0], FBV[5]
[m[0;31m│  [0m  [0m48: ReduceInterruptBudgetForLoop(38) [n47]
[0;31m│  [0m      ↳ lazy @64 (3 live vars)
[0;31m│  [0m  [0m51: Int32ToNumber[kCanonicalizeSmi] [n46], 1 uses
[0;31m│  [0m  [0m50: Jump b4
[0;31m│  [0m   │  with gap moves:
[0;31m│  [0m   │    - n51 → 52: φᵀ r1
[0;31m│  [0m   ▼
[0;31m│[0;32m╭─►[0mBlock b4 peeled (effects: c1)
[0;31m│[0;32m│ [0m  [0m52: φᵀ r1 (n51, n77), 6 uses
[0;31m│[0;32m│ [0m[0;34m  22 : 79 f8 04          TestLessThan r1, EmbeddedFeedback[4]
[m[0;31m│[0;32m│ [0m      ↱ eager @22 (4 live vars)
[0;31m│[0;32m│ [0m  [0m53: CheckedSmiUntag [n52], 4 uses, cannot truncate to int32
[0;31m│[0;32m│ [0m  [0m54: Int32Compare[LessThan] [n53, n14], 0 uses 🪦
[0;31m│[0;32m│ [0m[0;34m  25 : a8 2b             JumpIfFalse [43]
[m[0;31m│[0;32m│[0;33m╭──[0m55: BranchIfInt32Compare(LessThan) [n53, n14] b5 b7
[0;31m│[0;32m│[0;33m│[0m   ↓
[0;31m│[0;32m│[0;33m│ [0mBlock b5
[0;31m│[0;32m│[0;33m│[0m[0;34m  27 : 18 02             LdaCurrentContextSlot [2]
[m[0;31m│[0;32m│[0;33m│[0m  [0m56: LoadContextSlot(0x10, mutable) [n2], 3 uses
[0;31m│[0;32m│[0;33m│[0m[0;34m  36 : 44 f8 04          Mul r1, EmbeddedFeedback[4]
[m[0;31m│[0;32m│[0;33m│[0m  [0m57: ChangeInt32ToFloat64 [n53], 2 uses
[0;31m│[0;32m│[0;33m│[0m  [0m58: Float64Multiply [n57, n23], 2 uses, cannot truncate to int32 [-∞, +∞]
[0;31m│[0;32m│[0;33m│[0m[0;34m  42 : 44 f8 04          Mul r1, EmbeddedFeedback[4]
[m[0;31m│[0;32m│[0;33m│[0m  [0m59: Float64Multiply [n57, n26], 1 uses, cannot truncate to int32 [-∞, +∞]
[0;31m│[0;32m│[0;33m│[0m[1;34m0x09b80101e2cd <SharedFunctionInfo trunc> (0x09b80101ebd9 <String[23]: "workloads/truncation.js">:5:14)
[m[0;31m│[0;32m│[0;33m│[0m[0;34m   0 : 0b 04             Ldar a1
[m[0;31m│[0;32m│[0;33m│[0m  [0m60: Jump b6
[0;31m│[0;32m│[0;33m│[0m   ↓
[0;31m│[0;32m│[0;33m│ [0mBlock b6
[0;31m│[0;32m│[0;33m│[0m[1;34m0x09b80101e2cd <SharedFunctionInfo trunc> (0x09b80101ebd9 <String[23]: "workloads/truncation.js">:0:0)
[m[0;31m│[0;32m│[0;33m│[0m[0;34m   2 : 44 03 04          Mul a0, EmbeddedFeedback[4]
[m[0;31m│[0;32m│[0;33m│[0m  [0m61: Float64Multiply [n58, n59], 2 uses, cannot truncate to int32 [-∞, +∞]
[0;31m│[0;32m│[0;33m│[0m[0;34m   8 : 42 f9 04          Add r0, EmbeddedFeedback[4]
[m[0;31m│[0;32m│[0;33m│[0m  [0m62: Float64Add [n58, n61], 1 uses, cannot truncate to int32 [-∞, +∞]
[0;31m│[0;32m│[0;33m│[0m[0;34m  12 : 55 00 04          BitwiseOrSmi [0], EmbeddedFeedback[4]
[m[0;31m│[0;32m│[0;33m│[0m  [0m63: TruncateFloat64ToInt32 [n62], 1 uses, cannot truncate to int32
[0;31m│[0;32m│[0;33m│[0m[0;34m  18 : 51 02 04          MulSmi [2], EmbeddedFeedback[4]
[m[0;31m│[0;32m│[0;33m│[0m  [0m64: Float64Multiply [n61, n35], 1 uses, cannot truncate to int32 [-∞, +∞]
[0;31m│[0;32m│[0;33m│[0m[0;34m  21 : 55 00 04          BitwiseOrSmi [0], EmbeddedFeedback[4]
[m[0;31m│[0;32m│[0;33m│[0m  [0m65: TruncateFloat64ToInt32 [n64], 1 uses, cannot truncate to int32
[0;31m│[0;32m│[0;33m│[0m[0;34m  24 : 42 f7 03          Add r2, EmbeddedFeedback[3]
[m[0;31m│[0;32m│[0;33m│[0m  [0m66: ChangeInt32ToFloat64 [n63], 1 uses
[0;31m│[0;32m│[0;33m│[0m  [0m67: ChangeInt32ToFloat64 [n65], 1 uses
[0;31m│[0;32m│[0;33m│[0m  [0m68: Float64Add [n66, n67], 2 uses, can truncate to int32 [-4294967296, 4294967294]
[0;31m│[0;32m│[0;33m│[0m[1;34m0x09b80101e265 <SharedFunctionInfo> (0x09b80101ebd9 <String[23]: "workloads/truncation.js">:0:0)
[m[0;31m│[0;32m│[0;33m│[0m[0;34m  51 : 42 f7 03          Add r2, EmbeddedFeedback[3]
[m[0;31m│[0;32m│[0;33m│[0m      ↱ eager @51 (5 live vars)
[0;31m│[0;32m│[0;33m│[0m  [0m69: CheckedNumberToFloat64 [n56], 1 uses, cannot truncate to int32 [-∞, +∞]
[0;31m│[0;32m│[0;33m│[0m  [0m70: Float64Add [n68, n69], 1 uses, cannot truncate to int32 [-∞, +∞]
[0;31m│[0;32m│[0;33m│[0m[0;34m  54 : 55 00 04          BitwiseOrSmi [0], EmbeddedFeedback[4]
[m[0;31m│[0;32m│[0;33m│[0m  [0m71: TruncateFloat64ToInt32 [n70], 1 uses, cannot truncate to int32
[0;31m│[0;32m│[0;33m│[0m[0;34m  57 : 29 02             StaCurrentContextSlot [2]
[m[0;31m│[0;32m│[0;33m│[0m  [0m72: Int32ToNumber[kCanonicalizeSmi] [n71], 1 uses
[0;31m│[0;32m│[0;33m│[0m  [0m73: StoreContextSlotWithWriteBarrier(2, mutable) [n2, n72]
[0;31m│[0;32m│[0;33m│[0m      ↳ lazy @57 (3 live vars)
[0;31m│[0;32m│[0;33m│[0m[0;34m  61 : 5b 04             Inc FBV[4]
[m[0;31m│[0;32m│[0;33m│[0m      ↱ eager @61 (3 live vars)
[0;31m│[0;32m│[0;33m│[0m  [0m74: Int32IncrementWithOverflow [n53], 2 uses, cannot truncate to int32
[0;31m│[0;32m│[0;33m│[0m[0;34m  64 : 97 30 00 05       JumpLoop [48], [0], FBV[5]
[m[0;31m│[0;32m│[0;33m│[0m  [0m75: ReduceInterruptBudgetForLoop(38) [n47]
[0;31m│[0;32m│[0;33m│[0m      ↳ lazy @64 (3 live vars)
[0;31m│[0;32m│[0;33m│[0m  [0m77: Int32ToNumber[kCanonicalizeSmi] [n74], 1 uses
[0;31m│[0;32m│[0;33m│[0m      ↱ eager @61 (3 live vars)
[0;31m│[0;32m╰─◄─[0m76: JumpLoop b4
[0;31m│ [0;33m│[0m      with gap moves:
[0;31m│ [0;33m│[0m        - n77 → 52: φᵀ r1
[0;31m│ [0;33m│[0m
[0;31m│ [0;33m╰►[0mBlock b7
[0;31m│  [0m[0;34m  68 : 23 04 07          LdaGlobal [4:"print"], FBV[7]
[m[0;31m│[0;32m╭───[0m78: Jump b9
[0;31m│[0;32m│ [0m
[0;31m╰──►[0mBlock b8
 [0;32m│ [0m  [0m79: Jump b9
 [0;32m│ [0m   ↓
 [0;32m╰─►[0mBlock b9
   [0m      ↱ eager @68 (2 live vars)
   [0m  [0m80: Deopt(Insufficient type feedback for generic global access)
   [0m

----- Truncation propagation -----
Graph

   [0m  [0m47: HeapConstant(0x09b80101e365 <FeedbackCell[one closure]>), 2 uses
   [0m  [0m20: HeapConstant(0x09b80101e389 <JSFunction trunc (sfi = 0x9b80101e2cd)>), 0 uses 🪦
   [0m  [0m29: HeapConstant(0x09b80101e375 <ScriptContext[3]>), 0 uses 🪦
   [0m  [0m21: HeapConstant(0x09b80101e2fd <HeapNumber 1.5>), 0 uses 🪦
   [0m  [0m25: HeapConstant(0x09b80101e309 <HeapNumber 0.25>), 0 uses 🪦
   [0m  [0m30: HeapConstant(0x09b801004999 <JSGlobalProxy>), 0 uses 🪦
   [0m  [0m28: RootConstant(undefined_value), 0 uses 🪦
   [0m  [0m18: RootConstant(true_value), 0 uses 🪦
   [0m  [0m17: RootConstant(false_value), 0 uses 🪦
   [0m  [0m49: RootConstant(optimized_out), 0 uses 🪦
   [0m  [0m12: SmiConstant(100000), 2 uses
   [0m  [0m14: Int32Constant(100000), 4 uses, cannot truncate to int32
   [0m  [0m26: Float64Constant(0.25), 2 uses
   [0m  [0m23: Float64Constant(1.5), 2 uses
   [0m  [0m35: Float64Constant(2), 2 uses
    [0mBlock b0
   [0m[1;34m0x09b80101e265 <SharedFunctionInfo> (0x09b80101ebd9 <String[23]: "workloads/truncation.js">:0:0)
[m   [0m[0;34m  16 : 01 0d a0 86 01 00 LdaSmi.ExtraWide [100000]
[m   [0m   [0m1: InitialValue(<this>), 14 uses
   [0m   [0m2: InitialValue(<context>), 18 uses
   [0m   [0m3: InitialValue(<closure>), 14 uses
   [0m   [0m4: InitialValue(r0), 0 uses 🪦
   [0m   [0m5: InitialValue(r1), 7 uses
   [0m   [0m6: InitialValue(r2), 0 uses 🪦
   [0m   [0m7: InitialValue(r3), 0 uses 🪦
   [0m   [0m8: InitialValue(r4), 0 uses 🪦
   [0m   [0m9: InitialValue(r5), 0 uses 🪦
   [0m  [0m10: FunctionEntryStackCheck
   [0m      ↳ lazy @64 (3 live vars)
   [0m      ↱ eager @64 (3 live vars)
   [0m  [0m11: CheckpointedJump b1
   [0m   ↓
    [0mBlock b1
   [0m[0;34m  22 : 79 f8 04          TestLessThan r1, EmbeddedFeedback[4]
[m   [0m      ↱ eager @22 (4 live vars)
   [0m  [0m13: CheckedSmiUntag [n5], 4 uses, cannot truncate to int32
   [0m  [0m15: Int32Compare[LessThan] [n13, n14], 0 uses 🪦
   [0m[0;34m  25 : a8 2b             JumpIfFalse [43]
[m[0;31m╭────[0m16: BranchIfInt32Compare(LessThan) [n13, n14] b2 b8
[0;31m│  [0m   ↓
[0;31m│   [0mBlock b2
[0;31m│  [0m[0;34m  27 : 18 02             LdaCurrentContextSlot [2]
[m[0;31m│  [0m  [0m19: LoadContextSlot(0x10, mutable) [n2], 3 uses
[0;31m│  [0m[0;34m  36 : 44 f8 04          Mul r1, EmbeddedFeedback[4]
[m[0;31m│  [0m  [0m22: ChangeInt32ToFloat64 [n13], 2 uses
[0;31m│  [0m  [0m24: Float64Multiply [n22, n23], 2 uses, cannot truncate to int32 [-∞, +∞]
[0;31m│  [0m[0;34m  42 : 44 f8 04          Mul r1, EmbeddedFeedback[4]
[m[0;31m│  [0m  [0m27: Float64Multiply [n22, n26], 1 uses, cannot truncate to int32 [-∞, +∞]
[0;31m│  [0m[1;34m0x09b80101e2cd <SharedFunctionInfo trunc> (0x09b80101ebd9 <String[23]: "workloads/truncation.js">:5:14)
[m[0;31m│  [0m[0;34m   0 : 0b 04             Ldar a1
[m[0;31m│  [0m  [0m31: Jump b3
[0;31m│  [0m   ↓
[0;31m│   [0mBlock b3
[0;31m│  [0m[1;34m0x09b80101e2cd <SharedFunctionInfo trunc> (0x09b80101ebd9 <String[23]: "workloads/truncation.js">:0:0)
[m[0;31m│  [0m[0;34m   2 : 44 03 04          Mul a0, EmbeddedFeedback[4]
[m[0;31m│  [0m  [0m32: Float64Multiply [n24, n27], 2 uses, cannot truncate to int32 [-∞, +∞]
[0;31m│  [0m[0;34m   8 : 42 f9 04          Add r0, EmbeddedFeedback[4]
[m[0;31m│  [0m  [0m33: Float64Add [n32, n24], 1 uses, cannot truncate to int32 [-∞, +∞]
[0;31m│  [0m[0;34m  12 : 55 00 04          BitwiseOrSmi [0], EmbeddedFeedback[4]
[m[0;31m│  [0m  [0m34: TruncateFloat64ToInt32 [n33], 1 uses, cannot truncate to int32
[0;31m│  [0m[0;34m  18 : 51 02 04          MulSmi [2], EmbeddedFeedback[4]
[m[0;31m│  [0m  [0m36: Float64Multiply [n32, n35], 1 uses, cannot truncate to int32 [-∞, +∞]
[0;31m│  [0m[0;34m  21 : 55 00 04          BitwiseOrSmi [0], EmbeddedFeedback[4]
[m[0;31m│  [0m  [0m37: TruncateFloat64ToInt32 [n36], 1 uses, cannot truncate to int32
[0;31m│  [0m[0;34m  24 : 42 f7 03          Add r2, EmbeddedFeedback[3]
[m[0;31m│  [0m  [0m38: ChangeInt32ToFloat64 [n34], 1 uses
[0;31m│  [0m  [0m39: ChangeInt32ToFloat64 [n37], 1 uses
[0;31m│  [0m  [0m40: Float64Add [n38, n39], 2 uses, cannot truncate to int32 [-4294967296, 4294967294]
[0;31m│  [0m[1;34m0x09b80101e265 <SharedFunctionInfo> (0x09b80101ebd9 <String[23]: "workloads/truncation.js">:0:0)
[m[0;31m│  [0m[0;34m  51 : 42 f7 03          Add r2, EmbeddedFeedback[3]
[m[0;31m│  [0m      ↱ eager @51 (5 live vars)
[0;31m│  [0m  [0m41: CheckedNumberToFloat64 [n19], 1 uses, cannot truncate to int32 [-∞, +∞]
[0;31m│  [0m  [0m42: Float64Add [n40, n41], 1 uses, cannot truncate to int32 [-∞, +∞]
[0;31m│  [0m[0;34m  54 : 55 00 04          BitwiseOrSmi [0], EmbeddedFeedback[4]
[m[0;31m│  [0m  [0m43: TruncateFloat64ToInt32 [n42], 1 uses, cannot truncate to int32
[0;31m│  [0m[0;34m  57 : 29 02             StaCurrentContextSlot [2]
[m[0;31m│  [0m  [0m44: Int32ToNumber[kCanonicalizeSmi] [n43], 1 uses
[0;31m│  [0m  [0m45: StoreContextSlotWithWriteBarrier(2, mutable) [n2, n44]
[0;31m│  [0m      ↳ lazy @57 (3 live vars)
[0;31m│  [0m[0;34m  61 : 5b 04             Inc FBV[4]
[m[0;31m│  [0m      ↱ eager @61 (3 live vars)
[0;31m│  [0m  [0m46: Int32IncrementWithOverflow [n13], 2 uses, cannot truncate to int32
[0;31m│  [0m[0;34m  64 : 97 30 00 05       JumpLoop [48], [0], FBV[5]
[m[0;31m│  [0m  [0m48: ReduceInterruptBudgetForLoop(38) [n47]
[0;31m│  [0m      ↳ lazy @64 (3 live vars)
[0;31m│  [0m  [0m51: Int32ToNumber[kCanonicalizeSmi] [n46], 1 uses
[0;31m│  [0m  [0m50: Jump b4
[0;31m│  [0m   │  with gap moves:
[0;31m│  [0m   │    - n51 → 52: φᵀ r1
[0;31m│  [0m   ▼
[0;31m│[0;32m╭─►[0mBlock b4 peeled (effects: c1)
[0;31m│[0;32m│ [0m  [0m52: φᵀ r1 (n51, n77), 6 uses
[0;31m│[0;32m│ [0m[0;34m  22 : 79 f8 04          TestLessThan r1, EmbeddedFeedback[4]
[m[0;31m│[0;32m│ [0m      ↱ eager @22 (4 live vars)
[0;31m│[0;32m│ [0m  [0m53: CheckedSmiUntag [n52], 4 uses, cannot truncate to int32
[0;31m│[0;32m│ [0m  [0m54: Int32Compare[LessThan] [n53, n14], 0 uses 🪦
[0;31m│[0;32m│ [0m[0;34m  25 : a8 2b             JumpIfFalse [43]
[m[0;31m│[0;32m│[0;33m╭──[0m55: BranchIfInt32Compare(LessThan) [n53, n14] b5 b7
[0;31m│[0;32m│[0;33m│[0m   ↓
[0;31m│[0;32m│[0;33m│ [0mBlock b5
[0;31m│[0;32m│[0;33m│[0m[0;34m  27 : 18 02             LdaCurrentContextSlot [2]
[m[0;31m│[0;32m│[0;33m│[0m  [0m56: LoadContextSlot(0x10, mutable) [n2], 3 uses
[0;31m│[0;32m│[0;33m│[0m[0;34m  36 : 44 f8 04          Mul r1, EmbeddedFeedback[4]
[m[0;31m│[0;32m│[0;33m│[0m  [0m57: ChangeInt32ToFloat64 [n53], 2 uses
[0;31m│[0;32m│[0;33m│[0m  [0m58: Float64Multiply [n57, n23], 2 uses, cannot truncate to int32 [-∞, +∞]
[0;31m│[0;32m│[0;33m│[0m[0;34m  42 : 44 f8 04          Mul r1, EmbeddedFeedback[4]
[m[0;31m│[0;32m│[0;33m│[0m  [0m59: Float64Multiply [n57, n26], 1 uses, cannot truncate to int32 [-∞, +∞]
[0;31m│[0;32m│[0;33m│[0m[1;34m0x09b80101e2cd <SharedFunctionInfo trunc> (0x09b80101ebd9 <String[23]: "workloads/truncation.js">:5:14)
[m[0;31m│[0;32m│[0;33m│[0m[0;34m   0 : 0b 04             Ldar a1
[m[0;31m│[0;32m│[0;33m│[0m  [0m60: Jump b6
[0;31m│[0;32m│[0;33m│[0m   ↓
[0;31m│[0;32m│[0;33m│ [0mBlock b6
[0;31m│[0;32m│[0;33m│[0m[1;34m0x09b80101e2cd <SharedFunctionInfo trunc> (0x09b80101ebd9 <String[23]: "workloads/truncation.js">:0:0)
[m[0;31m│[0;32m│[0;33m│[0m[0;34m   2 : 44 03 04          Mul a0, EmbeddedFeedback[4]
[m[0;31m│[0;32m│[0;33m│[0m  [0m61: Float64Multiply [n58, n59], 2 uses, cannot truncate to int32 [-∞, +∞]
[0;31m│[0;32m│[0;33m│[0m[0;34m   8 : 42 f9 04          Add r0, EmbeddedFeedback[4]
[m[0;31m│[0;32m│[0;33m│[0m  [0m62: Float64Add [n58, n61], 1 uses, cannot truncate to int32 [-∞, +∞]
[0;31m│[0;32m│[0;33m│[0m[0;34m  12 : 55 00 04          BitwiseOrSmi [0], EmbeddedFeedback[4]
[m[0;31m│[0;32m│[0;33m│[0m  [0m63: TruncateFloat64ToInt32 [n62], 1 uses, cannot truncate to int32
[0;31m│[0;32m│[0;33m│[0m[0;34m  18 : 51 02 04          MulSmi [2], EmbeddedFeedback[4]
[m[0;31m│[0;32m│[0;33m│[0m  [0m64: Float64Multiply [n61, n35], 1 uses, cannot truncate to int32 [-∞, +∞]
[0;31m│[0;32m│[0;33m│[0m[0;34m  21 : 55 00 04          BitwiseOrSmi [0], EmbeddedFeedback[4]
[m[0;31m│[0;32m│[0;33m│[0m  [0m65: TruncateFloat64ToInt32 [n64], 1 uses, cannot truncate to int32
[0;31m│[0;32m│[0;33m│[0m[0;34m  24 : 42 f7 03          Add r2, EmbeddedFeedback[3]
[m[0;31m│[0;32m│[0;33m│[0m  [0m66: ChangeInt32ToFloat64 [n63], 1 uses
[0;31m│[0;32m│[0;33m│[0m  [0m67: ChangeInt32ToFloat64 [n65], 1 uses
[0;31m│[0;32m│[0;33m│[0m  [0m68: Float64Add [n66, n67], 2 uses, cannot truncate to int32 [-4294967296, 4294967294]
[0;31m│[0;32m│[0;33m│[0m[1;34m0x09b80101e265 <SharedFunctionInfo> (0x09b80101ebd9 <String[23]: "workloads/truncation.js">:0:0)
[m[0;31m│[0;32m│[0;33m│[0m[0;34m  51 : 42 f7 03          Add r2, EmbeddedFeedback[3]
[m[0;31m│[0;32m│[0;33m│[0m      ↱ eager @51 (5 live vars)
[0;31m│[0;32m│[0;33m│[0m  [0m69: CheckedNumberToFloat64 [n56], 1 uses, cannot truncate to int32 [-∞, +∞]
[0;31m│[0;32m│[0;33m│[0m  [0m70: Float64Add [n68, n69], 1 uses, cannot truncate to int32 [-∞, +∞]
[0;31m│[0;32m│[0;33m│[0m[0;34m  54 : 55 00 04          BitwiseOrSmi [0], EmbeddedFeedback[4]
[m[0;31m│[0;32m│[0;33m│[0m  [0m71: TruncateFloat64ToInt32 [n70], 1 uses, cannot truncate to int32
[0;31m│[0;32m│[0;33m│[0m[0;34m  57 : 29 02             StaCurrentContextSlot [2]
[m[0;31m│[0;32m│[0;33m│[0m  [0m72: Int32ToNumber[kCanonicalizeSmi] [n71], 1 uses
[0;31m│[0;32m│[0;33m│[0m  [0m73: StoreContextSlotWithWriteBarrier(2, mutable) [n2, n72]
[0;31m│[0;32m│[0;33m│[0m      ↳ lazy @57 (3 live vars)
[0;31m│[0;32m│[0;33m│[0m[0;34m  61 : 5b 04             Inc FBV[4]
[m[0;31m│[0;32m│[0;33m│[0m      ↱ eager @61 (3 live vars)
[0;31m│[0;32m│[0;33m│[0m  [0m74: Int32IncrementWithOverflow [n53], 2 uses, cannot truncate to int32
[0;31m│[0;32m│[0;33m│[0m[0;34m  64 : 97 30 00 05       JumpLoop [48], [0], FBV[5]
[m[0;31m│[0;32m│[0;33m│[0m  [0m75: ReduceInterruptBudgetForLoop(38) [n47]
[0;31m│[0;32m│[0;33m│[0m      ↳ lazy @64 (3 live vars)
[0;31m│[0;32m│[0;33m│[0m  [0m77: Int32ToNumber[kCanonicalizeSmi] [n74], 1 uses
[0;31m│[0;32m│[0;33m│[0m      ↱ eager @61 (3 live vars)
[0;31m│[0;32m╰─◄─[0m76: JumpLoop b4
[0;31m│ [0;33m│[0m      with gap moves:
[0;31m│ [0;33m│[0m        - n77 → 52: φᵀ r1
[0;31m│ [0;33m│[0m
[0;31m│ [0;33m╰►[0mBlock b7
[0;31m│  [0m[0;34m  68 : 23 04 07          LdaGlobal [4:"print"], FBV[7]
[m[0;31m│[0;32m╭───[0m78: Jump b9
[0;31m│[0;32m│ [0m
[0;31m╰──►[0mBlock b8
 [0;32m│ [0m  [0m79: Jump b9
 [0;32m│ [0m   ↓
 [0;32m╰─►[0mBlock b9
   [0m      ↱ eager @68 (2 live vars)
   [0m  [0m80: Deopt(Insufficient type feedback for generic global access)
   [0m

----- Truncation -----
Graph

   [0m  [0m47: HeapConstant(0x09b80101e365 <FeedbackCell[one closure]>), 2 uses
   [0m  [0m20: HeapConstant(0x09b80101e389 <JSFunction trunc (sfi = 0x9b80101e2cd)>), 0 uses 🪦
   [0m  [0m29: HeapConstant(0x09b80101e375 <ScriptContext[3]>), 0 uses 🪦
   [0m  [0m21: HeapConstant(0x09b80101e2fd <HeapNumber 1.5>), 0 uses 🪦
   [0m  [0m25: HeapConstant(0x09b80101e309 <HeapNumber 0.25>), 0 uses 🪦
   [0m  [0m30: HeapConstant(0x09b801004999 <JSGlobalProxy>), 0 uses 🪦
   [0m  [0m28: RootConstant(undefined_value), 0 uses 🪦
   [0m  [0m18: RootConstant(true_value), 0 uses 🪦
   [0m  [0m17: RootConstant(false_value), 0 uses 🪦
   [0m  [0m49: RootConstant(optimized_out), 0 uses 🪦
   [0m  [0m12: SmiConstant(100000), 2 uses
   [0m  [0m14: Int32Constant(100000), 4 uses, cannot truncate to int32
   [0m  [0m26: Float64Constant(0.25), 2 uses
   [0m  [0m23: Float64Constant(1.5), 2 uses
   [0m  [0m35: Float64Constant(2), 2 uses
    [0mBlock b0
   [0m[1;34m0x09b80101e265 <SharedFunctionInfo> (0x09b80101ebd9 <String[23]: "workloads/truncation.js">:0:0)
[m   [0m[0;34m  16 : 01 0d a0 86 01 00 LdaSmi.ExtraWide [100000]
[m   [0m   [0m1: InitialValue(<this>), 14 uses
   [0m   [0m2: InitialValue(<context>), 18 uses
   [0m   [0m3: InitialValue(<closure>), 14 uses
   [0m   [0m4: InitialValue(r0), 0 uses 🪦
   [0m   [0m5: InitialValue(r1), 7 uses
   [0m   [0m6: InitialValue(r2), 0 uses 🪦
   [0m   [0m7: InitialValue(r3), 0 uses 🪦
   [0m   [0m8: InitialValue(r4), 0 uses 🪦
   [0m   [0m9: InitialValue(r5), 0 uses 🪦
   [0m  [0m10: FunctionEntryStackCheck
   [0m      ↳ lazy @64 (3 live vars)
   [0m      ↱ eager @64 (3 live vars)
   [0m  [0m11: CheckpointedJump b1
   [0m   ↓
    [0mBlock b1
   [0m[0;34m  22 : 79 f8 04          TestLessThan r1, EmbeddedFeedback[4]
[m   [0m      ↱ eager @22 (4 live vars)
   [0m  [0m13: CheckedSmiUntag [n5], 4 uses, cannot truncate to int32
   [0m  [0m15: Int32Compare[LessThan] [n13, n14], 0 uses 🪦
   [0m[0;34m  25 : a8 2b             JumpIfFalse [43]
[m[0;31m╭────[0m16: BranchIfInt32Compare(LessThan) [n13, n14] b2 b8
[0;31m│  [0m   ↓
[0;31m│   [0mBlock b2
[0;31m│  [0m[0;34m  27 : 18 02             LdaCurrentContextSlot [2]
[m[0;31m│  [0m  [0m19: LoadContextSlot(0x10, mutable) [n2], 3 uses
[0;31m│  [0m[0;34m  36 : 44 f8 04          Mul r1, EmbeddedFeedback[4]
[m[0;31m│  [0m  [0m22: ChangeInt32ToFloat64 [n13], 2 uses
[0;31m│  [0m  [0m24: Float64Multiply [n22, n23], 2 uses, cannot truncate to int32 [-∞, +∞]
[0;31m│  [0m[0;34m  42 : 44 f8 04          Mul r1, EmbeddedFeedback[4]
[m[0;31m│  [0m  [0m27: Float64Multiply [n22, n26], 1 uses, cannot truncate to int32 [-∞, +∞]
[0;31m│  [0m[1;34m0x09b80101e2cd <SharedFunctionInfo trunc> (0x09b80101ebd9 <String[23]: "workloads/truncation.js">:5:14)
[m[0;31m│  [0m[0;34m   0 : 0b 04             Ldar a1
[m[0;31m│  [0m  [0m31: Jump b3
[0;31m│  [0m   ↓
[0;31m│   [0mBlock b3
[0;31m│  [0m[1;34m0x09b80101e2cd <SharedFunctionInfo trunc> (0x09b80101ebd9 <String[23]: "workloads/truncation.js">:0:0)
[m[0;31m│  [0m[0;34m   2 : 44 03 04          Mul a0, EmbeddedFeedback[4]
[m[0;31m│  [0m  [0m32: Float64Multiply [n24, n27], 2 uses, cannot truncate to int32 [-∞, +∞]
[0;31m│  [0m[0;34m   8 : 42 f9 04          Add r0, EmbeddedFeedback[4]
[m[0;31m│  [0m  [0m33: Float64Add [n32, n24], 1 uses, cannot truncate to int32 [-∞, +∞]
[0;31m│  [0m[0;34m  12 : 55 00 04          BitwiseOrSmi [0], EmbeddedFeedback[4]
[m[0;31m│  [0m  [0m34: TruncateFloat64ToInt32 [n33], 1 uses, cannot truncate to int32
[0;31m│  [0m[0;34m  18 : 51 02 04          MulSmi [2], EmbeddedFeedback[4]
[m[0;31m│  [0m  [0m36: Float64Multiply [n32, n35], 1 uses, cannot truncate to int32 [-∞, +∞]
[0;31m│  [0m[0;34m  21 : 55 00 04          BitwiseOrSmi [0], EmbeddedFeedback[4]
[m[0;31m│  [0m  [0m37: TruncateFloat64ToInt32 [n36], 1 uses, cannot truncate to int32
[0;31m│  [0m[0;34m  24 : 42 f7 03          Add r2, EmbeddedFeedback[3]
[m[0;31m│  [0m  [0m38: ChangeInt32ToFloat64 [n34], 1 uses
[0;31m│  [0m  [0m39: ChangeInt32ToFloat64 [n37], 1 uses
[0;31m│  [0m  [0m40: Float64Add [n38, n39], 2 uses, cannot truncate to int32 [-4294967296, 4294967294]
[0;31m│  [0m[1;34m0x09b80101e265 <SharedFunctionInfo> (0x09b80101ebd9 <String[23]: "workloads/truncation.js">:0:0)
[m[0;31m│  [0m[0;34m  51 : 42 f7 03          Add r2, EmbeddedFeedback[3]
[m[0;31m│  [0m      ↱ eager @51 (5 live vars)
[0;31m│  [0m  [0m41: CheckedNumberToFloat64 [n19], 1 uses, cannot truncate to int32 [-∞, +∞]
[0;31m│  [0m  [0m42: Float64Add [n40, n41], 1 uses, cannot truncate to int32 [-∞, +∞]
[0;31m│  [0m[0;34m  54 : 55 00 04          BitwiseOrSmi [0], EmbeddedFeedback[4]
[m[0;31m│  [0m  [0m43: TruncateFloat64ToInt32 [n42], 1 uses, cannot truncate to int32
[0;31m│  [0m[0;34m  57 : 29 02             StaCurrentContextSlot [2]
[m[0;31m│  [0m  [0m44: Int32ToNumber[kCanonicalizeSmi] [n43], 1 uses
[0;31m│  [0m  [0m45: StoreContextSlotWithWriteBarrier(2, mutable) [n2, n44]
[0;31m│  [0m      ↳ lazy @57 (3 live vars)
[0;31m│  [0m[0;34m  61 : 5b 04             Inc FBV[4]
[m[0;31m│  [0m      ↱ eager @61 (3 live vars)
[0;31m│  [0m  [0m46: Int32IncrementWithOverflow [n13], 2 uses, cannot truncate to int32
[0;31m│  [0m[0;34m  64 : 97 30 00 05       JumpLoop [48], [0], FBV[5]
[m[0;31m│  [0m  [0m48: ReduceInterruptBudgetForLoop(38) [n47]
[0;31m│  [0m      ↳ lazy @64 (3 live vars)
[0;31m│  [0m  [0m51: Int32ToNumber[kCanonicalizeSmi] [n46], 1 uses
[0;31m│  [0m  [0m50: Jump b4
[0;31m│  [0m   │  with gap moves:
[0;31m│  [0m   │    - n51 → 52: φᵀ r1
[0;31m│  [0m   ▼
[0;31m│[0;32m╭─►[0mBlock b4 peeled (effects: c1)
[0;31m│[0;32m│ [0m  [0m52: φᵀ r1 (n51, n77), 6 uses
[0;31m│[0;32m│ [0m[0;34m  22 : 79 f8 04          TestLessThan r1, EmbeddedFeedback[4]
[m[0;31m│[0;32m│ [0m      ↱ eager @22 (4 live vars)
[0;31m│[0;32m│ [0m  [0m53: CheckedSmiUntag [n52], 4 uses, cannot truncate to int32
[0;31m│[0;32m│ [0m  [0m54: Int32Compare[LessThan] [n53, n14], 0 uses 🪦
[0;31m│[0;32m│ [0m[0;34m  25 : a8 2b             JumpIfFalse [43]
[m[0;31m│[0;32m│[0;33m╭──[0m55: BranchIfInt32Compare(LessThan) [n53, n14] b5 b7
[0;31m│[0;32m│[0;33m│[0m   ↓
[0;31m│[0;32m│[0;33m│ [0mBlock b5
[0;31m│[0;32m│[0;33m│[0m[0;34m  27 : 18 02             LdaCurrentContextSlot [2]
[m[0;31m│[0;32m│[0;33m│[0m  [0m56: LoadContextSlot(0x10, mutable) [n2], 3 uses
[0;31m│[0;32m│[0;33m│[0m[0;34m  36 : 44 f8 04          Mul r1, EmbeddedFeedback[4]
[m[0;31m│[0;32m│[0;33m│[0m  [0m57: ChangeInt32ToFloat64 [n53], 2 uses
[0;31m│[0;32m│[0;33m│[0m  [0m58: Float64Multiply [n57, n23], 2 uses, cannot truncate to int32 [-∞, +∞]
[0;31m│[0;32m│[0;33m│[0m[0;34m  42 : 44 f8 04          Mul r1, EmbeddedFeedback[4]
[m[0;31m│[0;32m│[0;33m│[0m  [0m59: Float64Multiply [n57, n26], 1 uses, cannot truncate to int32 [-∞, +∞]
[0;31m│[0;32m│[0;33m│[0m[1;34m0x09b80101e2cd <SharedFunctionInfo trunc> (0x09b80101ebd9 <String[23]: "workloads/truncation.js">:5:14)
[m[0;31m│[0;32m│[0;33m│[0m[0;34m   0 : 0b 04             Ldar a1
[m[0;31m│[0;32m│[0;33m│[0m  [0m60: Jump b6
[0;31m│[0;32m│[0;33m│[0m   ↓
[0;31m│[0;32m│[0;33m│ [0mBlock b6
[0;31m│[0;32m│[0;33m│[0m[1;34m0x09b80101e2cd <SharedFunctionInfo trunc> (0x09b80101ebd9 <String[23]: "workloads/truncation.js">:0:0)
[m[0;31m│[0;32m│[0;33m│[0m[0;34m   2 : 44 03 04          Mul a0, EmbeddedFeedback[4]
[m[0;31m│[0;32m│[0;33m│[0m  [0m61: Float64Multiply [n58, n59], 2 uses, cannot truncate to int32 [-∞, +∞]
[0;31m│[0;32m│[0;33m│[0m[0;34m   8 : 42 f9 04          Add r0, EmbeddedFeedback[4]
[m[0;31m│[0;32m│[0;33m│[0m  [0m62: Float64Add [n58, n61], 1 uses, cannot truncate to int32 [-∞, +∞]
[0;31m│[0;32m│[0;33m│[0m[0;34m  12 : 55 00 04          BitwiseOrSmi [0], EmbeddedFeedback[4]
[m[0;31m│[0;32m│[0;33m│[0m  [0m63: TruncateFloat64ToInt32 [n62], 1 uses, cannot truncate to int32
[0;31m│[0;32m│[0;33m│[0m[0;34m  18 : 51 02 04          MulSmi [2], EmbeddedFeedback[4]
[m[0;31m│[0;32m│[0;33m│[0m  [0m64: Float64Multiply [n61, n35], 1 uses, cannot truncate to int32 [-∞, +∞]
[0;31m│[0;32m│[0;33m│[0m[0;34m  21 : 55 00 04          BitwiseOrSmi [0], EmbeddedFeedback[4]
[m[0;31m│[0;32m│[0;33m│[0m  [0m65: TruncateFloat64ToInt32 [n64], 1 uses, cannot truncate to int32
[0;31m│[0;32m│[0;33m│[0m[0;34m  24 : 42 f7 03          Add r2, EmbeddedFeedback[3]
[m[0;31m│[0;32m│[0;33m│[0m  [0m66: ChangeInt32ToFloat64 [n63], 1 uses
[0;31m│[0;32m│[0;33m│[0m  [0m67: ChangeInt32ToFloat64 [n65], 1 uses
[0;31m│[0;32m│[0;33m│[0m  [0m68: Float64Add [n66, n67], 2 uses, cannot truncate to int32 [-4294967296, 4294967294]
[0;31m│[0;32m│[0;33m│[0m[1;34m0x09b80101e265 <SharedFunctionInfo> (0x09b80101ebd9 <String[23]: "workloads/truncation.js">:0:0)
[m[0;31m│[0;32m│[0;33m│[0m[0;34m  51 : 42 f7 03          Add r2, EmbeddedFeedback[3]
[m[0;31m│[0;32m│[0;33m│[0m      ↱ eager @51 (5 live vars)
[0;31m│[0;32m│[0;33m│[0m  [0m69: CheckedNumberToFloat64 [n56], 1 uses, cannot truncate to int32 [-∞, +∞]
[0;31m│[0;32m│[0;33m│[0m  [0m70: Float64Add [n68, n69], 1 uses, cannot truncate to int32 [-∞, +∞]
[0;31m│[0;32m│[0;33m│[0m[0;34m  54 : 55 00 04          BitwiseOrSmi [0], EmbeddedFeedback[4]
[m[0;31m│[0;32m│[0;33m│[0m  [0m71: TruncateFloat64ToInt32 [n70], 1 uses, cannot truncate to int32
[0;31m│[0;32m│[0;33m│[0m[0;34m  57 : 29 02             StaCurrentContextSlot [2]
[m[0;31m│[0;32m│[0;33m│[0m  [0m72: Int32ToNumber[kCanonicalizeSmi] [n71], 1 uses
[0;31m│[0;32m│[0;33m│[0m  [0m73: StoreContextSlotWithWriteBarrier(2, mutable) [n2, n72]
[0;31m│[0;32m│[0;33m│[0m      ↳ lazy @57 (3 live vars)
[0;31m│[0;32m│[0;33m│[0m[0;34m  61 : 5b 04             Inc FBV[4]
[m[0;31m│[0;32m│[0;33m│[0m      ↱ eager @61 (3 live vars)
[0;31m│[0;32m│[0;33m│[0m  [0m74: Int32IncrementWithOverflow [n53], 2 uses, cannot truncate to int32
[0;31m│[0;32m│[0;33m│[0m[0;34m  64 : 97 30 00 05       JumpLoop [48], [0], FBV[5]
[m[0;31m│[0;32m│[0;33m│[0m  [0m75: ReduceInterruptBudgetForLoop(38) [n47]
[0;31m│[0;32m│[0;33m│[0m      ↳ lazy @64 (3 live vars)
[0;31m│[0;32m│[0;33m│[0m  [0m77: Int32ToNumber[kCanonicalizeSmi] [n74], 1 uses
[0;31m│[0;32m│[0;33m│[0m      ↱ eager @61 (3 live vars)
[0;31m│[0;32m╰─◄─[0m76: JumpLoop b4
[0;31m│ [0;33m│[0m      with gap moves:
[0;31m│ [0;33m│[0m        - n77 → 52: φᵀ r1
[0;31m│ [0;33m│[0m
[0;31m│ [0;33m╰►[0mBlock b7
[0;31m│  [0m[0;34m  68 : 23 04 07          LdaGlobal [4:"print"], FBV[7]
[m[0;31m│[0;32m╭───[0m78: Jump b9
[0;31m│[0;32m│ [0m
[0;31m╰──►[0mBlock b8
 [0;32m│ [0m  [0m79: Jump b9
 [0;32m│ [0m   ↓
 [0;32m╰─►[0mBlock b9
   [0m      ↱ eager @68 (2 live vars)
   [0m  [0m80: Deopt(Insufficient type feedback for generic global access)
   [0m

----- Phi untagging -----
Graph

   [0m  [0m47: HeapConstant(0x09b80101e365 <FeedbackCell[one closure]>), 2 uses
   [0m  [0m20: HeapConstant(0x09b80101e389 <JSFunction trunc (sfi = 0x9b80101e2cd)>), 0 uses 🪦
   [0m  [0m29: HeapConstant(0x09b80101e375 <ScriptContext[3]>), 0 uses 🪦
   [0m  [0m21: HeapConstant(0x09b80101e2fd <HeapNumber 1.5>), 0 uses 🪦
   [0m  [0m25: HeapConstant(0x09b80101e309 <HeapNumber 0.25>), 0 uses 🪦
   [0m  [0m30: HeapConstant(0x09b801004999 <JSGlobalProxy>), 0 uses 🪦
   [0m  [0m28: RootConstant(undefined_value), 0 uses 🪦
   [0m  [0m18: RootConstant(true_value), 0 uses 🪦
   [0m  [0m17: RootConstant(false_value), 0 uses 🪦
   [0m  [0m49: RootConstant(optimized_out), 0 uses 🪦
   [0m  [0m12: SmiConstant(100000), 2 uses
   [0m  [0m14: Int32Constant(100000), 4 uses, cannot truncate to int32
   [0m  [0m26: Float64Constant(0.25), 2 uses
   [0m  [0m23: Float64Constant(1.5), 2 uses
   [0m  [0m35: Float64Constant(2), 2 uses
    [0mBlock b0
   [0m[1;34m0x09b80101e265 <SharedFunctionInfo> (0x09b80101ebd9 <String[23]: "workloads/truncation.js">:0:0)
[m   [0m[0;34m  16 : 01 0d a0 86 01 00 LdaSmi.ExtraWide [100000]
[m   [0m   [0m1: InitialValue(<this>), 14 uses
   [0m   [0m2: InitialValue(<context>), 18 uses
   [0m   [0m3: InitialValue(<closure>), 14 uses
   [0m   [0m4: InitialValue(r0), 0 uses 🪦
   [0m   [0m5: InitialValue(r1), 7 uses
   [0m   [0m6: InitialValue(r2), 0 uses 🪦
   [0m   [0m7: InitialValue(r3), 0 uses 🪦
   [0m   [0m8: InitialValue(r4), 0 uses 🪦
   [0m   [0m9: InitialValue(r5), 0 uses 🪦
   [0m  [0m10: FunctionEntryStackCheck
   [0m      ↳ lazy @64 (3 live vars)
   [0m      ↱ eager @64 (3 live vars)
   [0m  [0m11: CheckpointedJump b1
   [0m   ↓
    [0mBlock b1
   [0m[0;34m  22 : 79 f8 04          TestLessThan r1, EmbeddedFeedback[4]
[m   [0m      ↱ eager @22 (4 live vars)
   [0m  [0m13: CheckedSmiUntag [n5], 4 uses, cannot truncate to int32
   [0m  [0m15: Int32Compare[LessThan] [n13, n14], 0 uses 🪦
   [0m[0;34m  25 : a8 2b             JumpIfFalse [43]
[m[0;31m╭────[0m16: BranchIfInt32Compare(LessThan) [n13, n14] b2 b8
[0;31m│  [0m   ↓
[0;31m│   [0mBlock b2
[0;31m│  [0m[0;34m  27 : 18 02             LdaCurrentContextSlot [2]
[m[0;31m│  [0m  [0m19: LoadContextSlot(0x10, mutable) [n2], 3 uses
[0;31m│  [0m[0;34m  36 : 44 f8 04          Mul r1, EmbeddedFeedback[4]
[m[0;31m│  [0m  [0m22: ChangeInt32ToFloat64 [n13], 2 uses
[0;31m│  [0m  [0m24: Float64Multiply [n22, n23], 2 uses, cannot truncate to int32 [-∞, +∞]
[0;31m│  [0m[0;34m  42 : 44 f8 04          Mul r1, EmbeddedFeedback[4]
[m[0;31m│  [0m  [0m27: Float64Multiply [n22, n26], 1 uses, cannot truncate to int32 [-∞, +∞]
[0;31m│  [0m[1;34m0x09b80101e2cd <SharedFunctionInfo trunc> (0x09b80101ebd9 <String[23]: "workloads/truncation.js">:5:14)
[m[0;31m│  [0m[0;34m   0 : 0b 04             Ldar a1
[m[0;31m│  [0m  [0m31: Jump b3
[0;31m│  [0m   ↓
[0;31m│   [0mBlock b3
[0;31m│  [0m[1;34m0x09b80101e2cd <SharedFunctionInfo trunc> (0x09b80101ebd9 <String[23]: "workloads/truncation.js">:0:0)
[m[0;31m│  [0m[0;34m   2 : 44 03 04          Mul a0, EmbeddedFeedback[4]
[m[0;31m│  [0m  [0m32: Float64Multiply [n24, n27], 2 uses, cannot truncate to int32 [-∞, +∞]
[0;31m│  [0m[0;34m   8 : 42 f9 04          Add r0, EmbeddedFeedback[4]
[m[0;31m│  [0m  [0m33: Float64Add [n32, n24], 1 uses, cannot truncate to int32 [-∞, +∞]
[0;31m│  [0m[0;34m  12 : 55 00 04          BitwiseOrSmi [0], EmbeddedFeedback[4]
[m[0;31m│  [0m  [0m34: TruncateFloat64ToInt32 [n33], 1 uses, cannot truncate to int32
[0;31m│  [0m[0;34m  18 : 51 02 04          MulSmi [2], EmbeddedFeedback[4]
[m[0;31m│  [0m  [0m36: Float64Multiply [n32, n35], 1 uses, cannot truncate to int32 [-∞, +∞]
[0;31m│  [0m[0;34m  21 : 55 00 04          BitwiseOrSmi [0], EmbeddedFeedback[4]
[m[0;31m│  [0m  [0m37: TruncateFloat64ToInt32 [n36], 1 uses, cannot truncate to int32
[0;31m│  [0m[0;34m  24 : 42 f7 03          Add r2, EmbeddedFeedback[3]
[m[0;31m│  [0m  [0m38: ChangeInt32ToFloat64 [n34], 1 uses
[0;31m│  [0m  [0m39: ChangeInt32ToFloat64 [n37], 1 uses
[0;31m│  [0m  [0m40: Float64Add [n38, n39], 2 uses, cannot truncate to int32 [-4294967296, 4294967294]
[0;31m│  [0m[1;34m0x09b80101e265 <SharedFunctionInfo> (0x09b80101ebd9 <String[23]: "workloads/truncation.js">:0:0)
[m[0;31m│  [0m[0;34m  51 : 42 f7 03          Add r2, EmbeddedFeedback[3]
[m[0;31m│  [0m      ↱ eager @51 (5 live vars)
[0;31m│  [0m  [0m41: CheckedNumberToFloat64 [n19], 1 uses, cannot truncate to int32 [-∞, +∞]
[0;31m│  [0m  [0m42: Float64Add [n40, n41], 1 uses, cannot truncate to int32 [-∞, +∞]
[0;31m│  [0m[0;34m  54 : 55 00 04          BitwiseOrSmi [0], EmbeddedFeedback[4]
[m[0;31m│  [0m  [0m43: TruncateFloat64ToInt32 [n42], 1 uses, cannot truncate to int32
[0;31m│  [0m[0;34m  57 : 29 02             StaCurrentContextSlot [2]
[m[0;31m│  [0m  [0m44: Int32ToNumber[kCanonicalizeSmi] [n43], 1 uses
[0;31m│  [0m  [0m45: StoreContextSlotWithWriteBarrier(2, mutable) [n2, n44]
[0;31m│  [0m      ↳ lazy @57 (3 live vars)
[0;31m│  [0m[0;34m  61 : 5b 04             Inc FBV[4]
[m[0;31m│  [0m      ↱ eager @61 (3 live vars)
[0;31m│  [0m  [0m46: Int32IncrementWithOverflow [n13], 3 uses, cannot truncate to int32
[0;31m│  [0m[0;34m  64 : 97 30 00 05       JumpLoop [48], [0], FBV[5]
[m[0;31m│  [0m  [0m48: ReduceInterruptBudgetForLoop(38) [n47]
[0;31m│  [0m      ↳ lazy @64 (3 live vars)
[0;31m│  [0m  [0m51: Int32ToNumber[kCanonicalizeSmi] [n46], 0 uses 🪦
[0;31m│  [0m  [0m50: Jump b4
[0;31m│  [0m   │  with gap moves:
[0;31m│  [0m   │    - n46 → 52: φᴵ r1
[0;31m│  [0m   ▼
[0;31m│[0;32m╭─►[0mBlock b4 peeled (effects: c1)
[0;31m│[0;32m│ [0m  [0m52: φᴵ r1 (n46, n74), 6 uses
[0;31m│[0;32m│ [0m[0;34m  22 : 79 f8 04          TestLessThan r1, EmbeddedFeedback[4]
[m[0;31m│[0;32m│ [0m      ↱ eager @22 (4 live vars)
[0;31m│[0;32m│ [0m  [0m53: CheckedSmiSizedInt32 [n52], 4 uses, cannot truncate to int32
[0;31m│[0;32m│ [0m  [0m54: Int32Compare[LessThan] [n53, n14], 0 uses 🪦
[0;31m│[0;32m│ [0m[0;34m  25 : a8 2b             JumpIfFalse [43]
[m[0;31m│[0;32m│[0;33m╭──[0m55: BranchIfInt32Compare(LessThan) [n53, n14] b5 b7
[0;31m│[0;32m│[0;33m│[0m   ↓
[0;31m│[0;32m│[0;33m│ [0mBlock b5
[0;31m│[0;32m│[0;33m│[0m[0;34m  27 : 18 02             LdaCurrentContextSlot [2]
[m[0;31m│[0;32m│[0;33m│[0m  [0m56: LoadContextSlot(0x10, mutable) [n2], 3 uses
[0;31m│[0;32m│[0;33m│[0m[0;34m  36 : 44 f8 04          Mul r1, EmbeddedFeedback[4]
[m[0;31m│[0;32m│[0;33m│[0m  [0m57: ChangeInt32ToFloat64 [n53], 2 uses
[0;31m│[0;32m│[0;33m│[0m  [0m58: Float64Multiply [n57, n23], 2 uses, cannot truncate to int32 [-∞, +∞]
[0;31m│[0;32m│[0;33m│[0m[0;34m  42 : 44 f8 04          Mul r1, EmbeddedFeedback[4]
[m[0;31m│[0;32m│[0;33m│[0m  [0m59: Float64Multiply [n57, n26], 1 uses, cannot truncate to int32 [-∞, +∞]
[0;31m│[0;32m│[0;33m│[0m[1;34m0x09b80101e2cd <SharedFunctionInfo trunc> (0x09b80101ebd9 <String[23]: "workloads/truncation.js">:5:14)
[m[0;31m│[0;32m│[0;33m│[0m[0;34m   0 : 0b 04             Ldar a1
[m[0;31m│[0;32m│[0;33m│[0m  [0m60: Jump b6
[0;31m│[0;32m│[0;33m│[0m   ↓
[0;31m│[0;32m│[0;33m│ [0mBlock b6
[0;31m│[0;32m│[0;33m│[0m[1;34m0x09b80101e2cd <SharedFunctionInfo trunc> (0x09b80101ebd9 <String[23]: "workloads/truncation.js">:0:0)
[m[0;31m│[0;32m│[0;33m│[0m[0;34m   2 : 44 03 04          Mul a0, EmbeddedFeedback[4]
[m[0;31m│[0;32m│[0;33m│[0m  [0m61: Float64Multiply [n58, n59], 2 uses, cannot truncate to int32 [-∞, +∞]
[0;31m│[0;32m│[0;33m│[0m[0;34m   8 : 42 f9 04          Add r0, EmbeddedFeedback[4]
[m[0;31m│[0;32m│[0;33m│[0m  [0m62: Float64Add [n58, n61], 1 uses, cannot truncate to int32 [-∞, +∞]
[0;31m│[0;32m│[0;33m│[0m[0;34m  12 : 55 00 04          BitwiseOrSmi [0], EmbeddedFeedback[4]
[m[0;31m│[0;32m│[0;33m│[0m  [0m63: TruncateFloat64ToInt32 [n62], 1 uses, cannot truncate to int32
[0;31m│[0;32m│[0;33m│[0m[0;34m  18 : 51 02 04          MulSmi [2], EmbeddedFeedback[4]
[m[0;31m│[0;32m│[0;33m│[0m  [0m64: Float64Multiply [n61, n35], 1 uses, cannot truncate to int32 [-∞, +∞]
[0;31m│[0;32m│[0;33m│[0m[0;34m  21 : 55 00 04          BitwiseOrSmi [0], EmbeddedFeedback[4]
[m[0;31m│[0;32m│[0;33m│[0m  [0m65: TruncateFloat64ToInt32 [n64], 1 uses, cannot truncate to int32
[0;31m│[0;32m│[0;33m│[0m[0;34m  24 : 42 f7 03          Add r2, EmbeddedFeedback[3]
[m[0;31m│[0;32m│[0;33m│[0m  [0m66: ChangeInt32ToFloat64 [n63], 1 uses
[0;31m│[0;32m│[0;33m│[0m  [0m67: ChangeInt32ToFloat64 [n65], 1 uses
[0;31m│[0;32m│[0;33m│[0m  [0m68: Float64Add [n66, n67], 2 uses, cannot truncate to int32 [-4294967296, 4294967294]
[0;31m│[0;32m│[0;33m│[0m[1;34m0x09b80101e265 <SharedFunctionInfo> (0x09b80101ebd9 <String[23]: "workloads/truncation.js">:0:0)
[m[0;31m│[0;32m│[0;33m│[0m[0;34m  51 : 42 f7 03          Add r2, EmbeddedFeedback[3]
[m[0;31m│[0;32m│[0;33m│[0m      ↱ eager @51 (5 live vars)
[0;31m│[0;32m│[0;33m│[0m  [0m69: CheckedNumberToFloat64 [n56], 1 uses, cannot truncate to int32 [-∞, +∞]
[0;31m│[0;32m│[0;33m│[0m  [0m70: Float64Add [n68, n69], 1 uses, cannot truncate to int32 [-∞, +∞]
[0;31m│[0;32m│[0;33m│[0m[0;34m  54 : 55 00 04          BitwiseOrSmi [0], EmbeddedFeedback[4]
[m[0;31m│[0;32m│[0;33m│[0m  [0m71: TruncateFloat64ToInt32 [n70], 1 uses, cannot truncate to int32
[0;31m│[0;32m│[0;33m│[0m[0;34m  57 : 29 02             StaCurrentContextSlot [2]
[m[0;31m│[0;32m│[0;33m│[0m  [0m72: Int32ToNumber[kCanonicalizeSmi] [n71], 1 uses
[0;31m│[0;32m│[0;33m│[0m  [0m73: StoreContextSlotWithWriteBarrier(2, mutable) [n2, n72]
[0;31m│[0;32m│[0;33m│[0m      ↳ lazy @57 (3 live vars)
[0;31m│[0;32m│[0;33m│[0m[0;34m  61 : 5b 04             Inc FBV[4]
[m[0;31m│[0;32m│[0;33m│[0m      ↱ eager @61 (3 live vars)
[0;31m│[0;32m│[0;33m│[0m  [0m74: Int32IncrementWithOverflow [n53], 3 uses, cannot truncate to int32
[0;31m│[0;32m│[0;33m│[0m[0;34m  64 : 97 30 00 05       JumpLoop [48], [0], FBV[5]
[m[0;31m│[0;32m│[0;33m│[0m  [0m75: ReduceInterruptBudgetForLoop(38) [n47]
[0;31m│[0;32m│[0;33m│[0m      ↳ lazy @64 (3 live vars)
[0;31m│[0;32m│[0;33m│[0m  [0m77: Int32ToNumber[kCanonicalizeSmi] [n74], 0 uses 🪦
[0;31m│[0;32m│[0;33m│[0m      ↱ eager @61 (3 live vars)
[0;31m│[0;32m╰─◄─[0m76: JumpLoop b4
[0;31m│ [0;33m│[0m      with gap moves:
[0;31m│ [0;33m│[0m        - n74 → 52: φᴵ r1
[0;31m│ [0;33m│[0m
[0;31m│ [0;33m╰►[0mBlock b7
[0;31m│  [0m[0;34m  68 : 23 04 07          LdaGlobal [4:"print"], FBV[7]
[m[0;31m│[0;32m╭───[0m78: Jump b9
[0;31m│[0;32m│ [0m
[0;31m╰──►[0mBlock b8
 [0;32m│ [0m  [0m79: Jump b9
 [0;32m│ [0m   ↓
 [0;32m╰─►[0mBlock b9
   [0m      ↱ eager @68 (2 live vars)
   [0m  [0m80: Deopt(Insufficient type feedback for generic global access)
   [0m

----- AnyUseMarking -----
Graph

   [0m  [0m47: HeapConstant(0x09b80101e365 <FeedbackCell[one closure]>) → (x)
   [0m  [0m12: SmiConstant(100000) → (x)
   [0m  [0m14: Int32Constant(100000) → (x)
   [0m  [0m26: Float64Constant(0.25) → (x)
   [0m  [0m23: Float64Constant(1.5) → (x)
   [0m  [0m35: Float64Constant(2) → (x)
    [0mBlock b0
   [0m[1;34m0x09b80101e265 <SharedFunctionInfo> (0x09b80101ebd9 <String[23]: "workloads/truncation.js">:0:0)
[m   [0m[0;34m  16 : 01 0d a0 86 01 00 LdaSmi.ExtraWide [100000]
[m   [0m   [0m1: InitialValue(<this>) → (x)
   [0m   [0m2: InitialValue(<context>) → (x)
   [0m   [0m3: InitialValue(<closure>) → (x)
   [0m   [0m5: InitialValue(r1) → (x)
   [0m  [0m10: FunctionEntryStackCheck
   [0m      ↳ lazy @64 (3 live vars)
   [0m      ↱ eager @64 (3 live vars)
   [0m  [0m11: CheckpointedJump b1
   [0m   ↓
    [0mBlock b1
   [0m[0;34m  22 : 79 f8 04          TestLessThan r1, EmbeddedFeedback[4]
[m   [0m      ↱ eager @22 (4 live vars)
   [0m  [0m13: CheckedSmiUntag [v0/n5:(x)] → (x)
   [0m[0;34m  25 : a8 2b             JumpIfFalse [43]
[m[0;31m╭────[0m16: BranchIfInt32Compare(LessThan) [v0/n13:(x), v0/n14:(x)] b2 b8
[0;31m│  [0m   ↓
[0;31m│   [0mBlock b2
[0;31m│  [0m[0;34m  27 : 18 02             LdaCurrentContextSlot [2]
[m[0;31m│  [0m  [0m19: LoadContextSlot(0x10, mutable) [v0/n2:(x)] → (x)
[0;31m│  [0m[0;34m  36 : 44 f8 04          Mul r1, EmbeddedFeedback[4]
[m[0;31m│  [0m  [0m22: ChangeInt32ToFloat64 [v0/n13:(x)] → (x)
[0;31m│  [0m  [0m24: Float64Multiply [v0/n22:(x), v0/n23:(x)] → (x)
[0;31m│  [0m[0;34m  42 : 44 f8 04          Mul r1, EmbeddedFeedback[4]
[m[0;31m│  [0m  [0m27: Float64Multiply [v0/n22:(x), v0/n26:(x)] → (x)
[0;31m│  [0m[1;34m0x09b80101e2cd <SharedFunctionInfo trunc> (0x09b80101ebd9 <String[23]: "workloads/truncation.js">:5:14)
[m[0;31m│  [0m[0;34m   0 : 0b 04             Ldar a1
[m[0;31m│  [0m  [0m31: Jump b3
[0;31m│  [0m   ↓
[0;31m│   [0mBlock b3
[0;31m│  [0m[1;34m0x09b80101e2cd <SharedFunctionInfo trunc> (0x09b80101ebd9 <String[23]: "workloads/truncation.js">:0:0)
[m[0;31m│  [0m[0;34m   2 : 44 03 04          Mul a0, EmbeddedFeedback[4]
[m[0;31m│  [0m  [0m32: Float64Multiply [v0/n24:(x), v0/n27:(x)] → (x)
[0;31m│  [0m[0;34m   8 : 42 f9 04          Add r0, EmbeddedFeedback[4]
[m[0;31m│  [0m  [0m33: Float64Add [v0/n32:(x), v0/n24:(x)] → (x)
[0;31m│  [0m[0;34m  12 : 55 00 04          BitwiseOrSmi [0], EmbeddedFeedback[4]
[m[0;31m│  [0m  [0m34: TruncateFloat64ToInt32 [v0/n33:(x)] → (x)
[0;31m│  [0m[0;34m  18 : 51 02 04          MulSmi [2], EmbeddedFeedback[4]
[m[0;31m│  [0m  [0m36: Float64Multiply [v0/n32:(x), v0/n35:(x)] → (x)
[0;31m│  [0m[0;34m  21 : 55 00 04          BitwiseOrSmi [0], EmbeddedFeedback[4]
[m[0;31m│  [0m  [0m37: TruncateFloat64ToInt32 [v0/n36:(x)] → (x)
[0;31m│  [0m[0;34m  24 : 42 f7 03          Add r2, EmbeddedFeedback[3]
[m[0;31m│  [0m  [0m38: ChangeInt32ToFloat64 [v0/n34:(x)] → (x)
[0;31m│  [0m  [0m39: ChangeInt32ToFloat64 [v0/n37:(x)] → (x)
[0;31m│  [0m  [0m40: Float64Add [v0/n38:(x), v0/n39:(x)] → (x)
[0;31m│  [0m[1;34m0x09b80101e265 <SharedFunctionInfo> (0x09b80101ebd9 <String[23]: "workloads/truncation.js">:0:0)
[m[0;31m│  [0m[0;34m  51 : 42 f7 03          Add r2, EmbeddedFeedback[3]
[m[0;31m│  [0m      ↱ eager @51 (5 live vars)
[0;31m│  [0m  [0m41: CheckedNumberToFloat64 [v0/n19:(x)] → (x)
[0;31m│  [0m  [0m42: Float64Add [v0/n40:(x), v0/n41:(x)] → (x)
[0;31m│  [0m[0;34m  54 : 55 00 04          BitwiseOrSmi [0], EmbeddedFeedback[4]
[m[0;31m│  [0m  [0m43: TruncateFloat64ToInt32 [v0/n42:(x)] → (x)
[0;31m│  [0m[0;34m  57 : 29 02             StaCurrentContextSlot [2]
[m[0;31m│  [0m  [0m44: Int32ToNumber[kCanonicalizeSmi] [v0/n43:(x)] → (x)
[0;31m│  [0m  [0m45: StoreContextSlotWithWriteBarrier(2, mutable) [v0/n2:(x), v0/n44:(x)]
[0;31m│  [0m      ↳ lazy @57 (3 live vars)
[0;31m│  [0m[0;34m  61 : 5b 04             Inc FBV[4]
[m[0;31m│  [0m      ↱ eager @61 (3 live vars)
[0;31m│  [0m  [0m46: Int32IncrementWithOverflow [v0/n13:(x)] → (x)
[0;31m│  [0m[0;34m  64 : 97 30 00 05       JumpLoop [48], [0], FBV[5]
[m[0;31m│  [0m  [0m48: ReduceInterruptBudgetForLoop(38) [v0/n47:(x)]
[0;31m│  [0m      ↳ lazy @64 (3 live vars)
[0;31m│  [0m  [0m50: Jump b4
[0;31m│  [0m   │  with gap moves:
[0;31m│  [0m   │    - v0/n46:(x) → 52: φᴵ r1 (x)
[0;31m│  [0m   ▼
[0;31m│[0;32m╭─►[0mBlock b4 peeled (effects: c1)
[0;31m│[0;32m│ [0m  [0m52: φᴵ r1 (n46, n74) → (x)
[0;31m│[0;32m│ [0m[0;34m  22 : 79 f8 04          TestLessThan r1, EmbeddedFeedback[4]
[m[0;31m│[0;32m│ [0m      ↱ eager @22 (4 live vars)
[0;31m│[0;32m│ [0m  [0m53: CheckedSmiSizedInt32 [v0/n52:(x)] → (x)
[0;31m│[0;32m│ [0m[0;34m  25 : a8 2b             JumpIfFalse [43]
[m[0;31m│[0;32m│[0;33m╭──[0m55: BranchIfInt32Compare(LessThan) [v0/n53:(x), v0/n14:(x)] b5 b7
[0;31m│[0;32m│[0;33m│[0m   ↓
[0;31m│[0;32m│[0;33m│ [0mBlock b5
[0;31m│[0;32m│[0;33m│[0m[0;34m  27 : 18 02             LdaCurrentContextSlot [2]
[m[0;31m│[0;32m│[0;33m│[0m  [0m56: LoadContextSlot(0x10, mutable) [v0/n2:(x)] → (x)
[0;31m│[0;32m│[0;33m│[0m[0;34m  36 : 44 f8 04          Mul r1, EmbeddedFeedback[4]
[m[0;31m│[0;32m│[0;33m│[0m  [0m57: ChangeInt32ToFloat64 [v0/n53:(x)] → (x)
[0;31m│[0;32m│[0;33m│[0m  [0m58: Float64Multiply [v0/n57:(x), v0/n23:(x)] → (x)
[0;31m│[0;32m│[0;33m│[0m[0;34m  42 : 44 f8 04          Mul r1, EmbeddedFeedback[4]
[m[0;31m│[0;32m│[0;33m│[0m  [0m59: Float64Multiply [v0/n57:(x), v0/n26:(x)] → (x)
[0;31m│[0;32m│[0;33m│[0m[1;34m0x09b80101e2cd <SharedFunctionInfo trunc> (0x09b80101ebd9 <String[23]: "workloads/truncation.js">:5:14)
[m[0;31m│[0;32m│[0;33m│[0m[0;34m   0 : 0b 04             Ldar a1
[m[0;31m│[0;32m│[0;33m│[0m  [0m60: Jump b6
[0;31m│[0;32m│[0;33m│[0m   ↓
[0;31m│[0;32m│[0;33m│ [0mBlock b6
[0;31m│[0;32m│[0;33m│[0m[1;34m0x09b80101e2cd <SharedFunctionInfo trunc> (0x09b80101ebd9 <String[23]: "workloads/truncation.js">:0:0)
[m[0;31m│[0;32m│[0;33m│[0m[0;34m   2 : 44 03 04          Mul a0, EmbeddedFeedback[4]
[m[0;31m│[0;32m│[0;33m│[0m  [0m61: Float64Multiply [v0/n58:(x), v0/n59:(x)] → (x)
[0;31m│[0;32m│[0;33m│[0m[0;34m   8 : 42 f9 04          Add r0, EmbeddedFeedback[4]
[m[0;31m│[0;32m│[0;33m│[0m  [0m62: Float64Add [v0/n58:(x), v0/n61:(x)] → (x)
[0;31m│[0;32m│[0;33m│[0m[0;34m  12 : 55 00 04          BitwiseOrSmi [0], EmbeddedFeedback[4]
[m[0;31m│[0;32m│[0;33m│[0m  [0m63: TruncateFloat64ToInt32 [v0/n62:(x)] → (x)
[0;31m│[0;32m│[0;33m│[0m[0;34m  18 : 51 02 04          MulSmi [2], EmbeddedFeedback[4]
[m[0;31m│[0;32m│[0;33m│[0m  [0m64: Float64Multiply [v0/n61:(x), v0/n35:(x)] → (x)
[0;31m│[0;32m│[0;33m│[0m[0;34m  21 : 55 00 04          BitwiseOrSmi [0], EmbeddedFeedback[4]
[m[0;31m│[0;32m│[0;33m│[0m  [0m65: TruncateFloat64ToInt32 [v0/n64:(x)] → (x)
[0;31m│[0;32m│[0;33m│[0m[0;34m  24 : 42 f7 03          Add r2, EmbeddedFeedback[3]
[m[0;31m│[0;32m│[0;33m│[0m  [0m66: ChangeInt32ToFloat64 [v0/n63:(x)] → (x)
[0;31m│[0;32m│[0;33m│[0m  [0m67: ChangeInt32ToFloat64 [v0/n65:(x)] → (x)
[0;31m│[0;32m│[0;33m│[0m  [0m68: Float64Add [v0/n66:(x), v0/n67:(x)] → (x)
[0;31m│[0;32m│[0;33m│[0m[1;34m0x09b80101e265 <SharedFunctionInfo> (0x09b80101ebd9 <String[23]: "workloads/truncation.js">:0:0)
[m[0;31m│[0;32m│[0;33m│[0m[0;34m  51 : 42 f7 03          Add r2, EmbeddedFeedback[3]
[m[0;31m│[0;32m│[0;33m│[0m      ↱ eager @51 (5 live vars)
[0;31m│[0;32m│[0;33m│[0m  [0m69: CheckedNumberToFloat64 [v0/n56:(x)] → (x)
[0;31m│[0;32m│[0;33m│[0m  [0m70: Float64Add [v0/n68:(x), v0/n69:(x)] → (x)
[0;31m│[0;32m│[0;33m│[0m[0;34m  54 : 55 00 04          BitwiseOrSmi [0], EmbeddedFeedback[4]
[m[0;31m│[0;32m│[0;33m│[0m  [0m71: TruncateFloat64ToInt32 [v0/n70:(x)] → (x)
[0;31m│[0;32m│[0;33m│[0m[0;34m  57 : 29 02             StaCurrentContextSlot [2]
[m[0;31m│[0;32m│[0;33m│[0m  [0m72: Int32ToNumber[kCanonicalizeSmi] [v0/n71:(x)] → (x)
[0;31m│[0;32m│[0;33m│[0m  [0m73: StoreContextSlotWithWriteBarrier(2, mutable) [v0/n2:(x), v0/n72:(x)]
[0;31m│[0;32m│[0;33m│[0m      ↳ lazy @57 (3 live vars)
[0;31m│[0;32m│[0;33m│[0m[0;34m  61 : 5b 04             Inc FBV[4]
[m[0;31m│[0;32m│[0;33m│[0m      ↱ eager @61 (3 live vars)
[0;31m│[0;32m│[0;33m│[0m  [0m74: Int32IncrementWithOverflow [v0/n53:(x)] → (x)
[0;31m│[0;32m│[0;33m│[0m[0;34m  64 : 97 30 00 05       JumpLoop [48], [0], FBV[5]
[m[0;31m│[0;32m│[0;33m│[0m  [0m75: ReduceInterruptBudgetForLoop(38) [v0/n47:(x)]
[0;31m│[0;32m│[0;33m│[0m      ↳ lazy @64 (3 live vars)
[0;31m│[0;32m│[0;33m│[0m      ↱ eager @61 (3 live vars)
[0;31m│[0;32m╰─◄─[0m76: JumpLoop b4
[0;31m│ [0;33m│[0m      with gap moves:
[0;31m│ [0;33m│[0m        - v0/n74:(x) → 52: φᴵ r1 (x)
[0;31m│ [0;33m│[0m
[0;31m│ [0;33m╰►[0mBlock b7
[0;31m│  [0m[0;34m  68 : 23 04 07          LdaGlobal [4:"print"], FBV[7]
[m[0;31m│[0;32m╭───[0m78: Jump b9
[0;31m│[0;32m│ [0m
[0;31m╰──►[0mBlock b8
 [0;32m│ [0m  [0m79: Jump b9
 [0;32m│ [0m   ↓
 [0;32m╰─►[0mBlock b9
   [0m      ↱ eager @68 (2 live vars)
   [0m  [0m80: Deopt(Insufficient type feedback for generic global access)
   [0m

----- Dead nodes sweeping -----
Graph

   [0m   [0m1/47: HeapConstant(0x09b80101e365 <FeedbackCell[one closure]>) → v-1, live range: [1-59]
   [0m   [0m2/12: SmiConstant(100000) → v-1, live range: [2-59]
   [0m   [0m3/14: Int32Constant(100000) → v-1, live range: [3-59]
   [0m   [0m4/26: Float64Constant(0.25) → v-1, live range: [4-59]
   [0m   [0m5/23: Float64Constant(1.5) → v-1, live range: [5-59]
   [0m   [0m6/35: Float64Constant(2) → v-1, live range: [6-59]
    [0mBlock b0
   [0m[1;34m0x09b80101e265 <SharedFunctionInfo> (0x09b80101ebd9 <String[23]: "workloads/truncation.js">:0:0)
[m   [0m[0;34m  16 : 01 0d a0 86 01 00 LdaSmi.ExtraWide [100000]
[m   [0m    [0m7/1: InitialValue(<this>) → v-1(=-6S), live range: [7-62]
   [0m    [0m8/2: InitialValue(<context>) → v-1(=-3S), live range: [8-62]
   [0m    [0m9/3: InitialValue(<closure>) → v-1(=-2S), live range: [9-62]
   [0m   [0m10/5: InitialValue(r1) → v-1(=4S), live range: [10-33]
   [0m  [0m11/10: FunctionEntryStackCheck
   [0m         ↳ lazy @64 (3 live vars)
   [0m         ↱ eager @64 (3 live vars)
   [0m  [0m12/11: CheckpointedJump b1
   [0m      ↓
    [0mBlock b1
   [0m[0;34m  22 : 79 f8 04          TestLessThan r1, EmbeddedFeedback[4]
[m   [0m         ↱ eager @22 (4 live vars)
   [0m  [0m13/13: CheckedSmiUntag [v10/n5:v-1(R)] → v-1(0), live range: [13-33]
   [0m[0;34m  25 : a8 2b             JumpIfFalse [43]
[m[0;31m╭────[0m14/16: BranchIfInt32Compare(LessThan) [v13/n13:v-1(R), v3/n14:v-1(R)] b2 b8
[0;31m│  [0m      ↓
[0;31m│   [0mBlock b2
[0;31m│  [0m[0;34m  27 : 18 02             LdaCurrentContextSlot [2]
[m[0;31m│  [0m  [0m15/19: LoadContextSlot(0x10, mutable) [v8/n2:v-1(R)] → v-1(R), live range: [15-28]
[0;31m│  [0m[0;34m  36 : 44 f8 04          Mul r1, EmbeddedFeedback[4]
[m[0;31m│  [0m  [0m16/22: ChangeInt32ToFloat64 [v13/n13:v-1(R)] → v-1(R), live range: [16-18]
[0;31m│  [0m  [0m17/24: Float64Multiply [v16/n22:v-1(R), v5/n23:v-1(R)] → v-1(R), live range: [17-21]
[0;31m│  [0m[0;34m  42 : 44 f8 04          Mul r1, EmbeddedFeedback[4]
[m[0;31m│  [0m  [0m18/27: Float64Multiply [v16/n22:v-1(R), v4/n26:v-1(R)] → v-1(R), live range: [18-20]
[0;31m│  [0m[1;34m0x09b80101e2cd <SharedFunctionInfo trunc> (0x09b80101ebd9 <String[23]: "workloads/truncation.js">:5:14)
[m[0;31m│  [0m[0;34m   0 : 0b 04             Ldar a1
[m[0;31m│  [0m  [0m19/31: Jump b3
[0;31m│  [0m      ↓
[0;31m│   [0mBlock b3
[0;31m│  [0m[1;34m0x09b80101e2cd <SharedFunctionInfo trunc> (0x09b80101ebd9 <String[23]: "workloads/truncation.js">:0:0)
[m[0;31m│  [0m[0;34m   2 : 44 03 04          Mul a0, EmbeddedFeedback[4]
[m[0;31m│  [0m  [0m20/32: Float64Multiply [v17/n24:v-1(R), v18/n27:v-1(R)] → v-1(R), live range: [20-23]
[0;31m│  [0m[0;34m   8 : 42 f9 04          Add r0, EmbeddedFeedback[4]
[m[0;31m│  [0m  [0m21/33: Float64Add [v20/n32:v-1(R), v17/n24:v-1(R)] → v-1(R), live range: [21-22]
[0;31m│  [0m[0;34m  12 : 55 00 04          BitwiseOrSmi [0], EmbeddedFeedback[4]
[m[0;31m│  [0m  [0m22/34: TruncateFloat64ToInt32 [v21/n33:v-1(R)] → v-1(R), live range: [22-25]
[0;31m│  [0m[0;34m  18 : 51 02 04          MulSmi [2], EmbeddedFeedback[4]
[m[0;31m│  [0m  [0m23/36: Float64Multiply [v20/n32:v-1(R), v6/n35:v-1(R)] → v-1(R), live range: [23-24]
[0;31m│  [0m[0;34m  21 : 55 00 04          BitwiseOrSmi [0], EmbeddedFeedback[4]
[m[0;31m│  [0m  [0m24/37: TruncateFloat64ToInt32 [v23/n36:v-1(R)] → v-1(R), live range: [24-26]
[0;31m│  [0m[0;34m  24 : 42 f7 03          Add r2, EmbeddedFeedback[3]
[m[0;31m│  [0m  [0m25/38: ChangeInt32ToFloat64 [v22/n34:v-1(R)] → v-1(R), live range: [25-27]
[0;31m│  [0m  [0m26/39: ChangeInt32ToFloat64 [v24/n37:v-1(R)] → v-1(R), live range: [26-27]
[0;31m│  [0m  [0m27/40: Float64Add [v25/n38:v-1(R), v26/n39:v-1(R)] → v-1(R), live range: [27-29]
[0;31m│  [0m[1;34m0x09b80101e265 <SharedFunctionInfo> (0x09b80101ebd9 <String[23]: "workloads/truncation.js">:0:0)
[m[0;31m│  [0m[0;34m  51 : 42 f7 03          Add r2, EmbeddedFeedback[3]
[m[0;31m│  [0m         ↱ eager @51 (5 live vars)
[0;31m│  [0m  [0m28/41: CheckedNumberToFloat64 [v15/n19:v-1(R)] → v-1(R), live range: [28-29]
[0;31m│  [0m  [0m29/42: Float64Add [v27/n40:v-1(R), v28/n41:v-1(R)] → v-1(R), live range: [29-30]
[0;31m│  [0m[0;34m  54 : 55 00 04          BitwiseOrSmi [0], EmbeddedFeedback[4]
[m[0;31m│  [0m  [0m30/43: TruncateFloat64ToInt32 [v29/n42:v-1(R)] → v-1(R), live range: [30-31]
[0;31m│  [0m[0;34m  57 : 29 02             StaCurrentContextSlot [2]
[m[0;31m│  [0m  [0m31/44: Int32ToNumber[kCanonicalizeSmi] [v30/n43:v-1(R)] → v-1(R), live range: [31-32]
[0;31m│  [0m  [0m32/45: StoreContextSlotWithWriteBarrier(2, mutable) [v8/n2:v-1(=x1), v31/n44:v-1(R)]
[0;31m│  [0m         ↳ lazy @57 (3 live vars)
[0;31m│  [0m[0;34m  61 : 5b 04             Inc FBV[4]
[m[0;31m│  [0m         ↱ eager @61 (3 live vars)
[0;31m│  [0m  [0m33/46: Int32IncrementWithOverflow [v13/n13:v-1(R)] → v-1(R), live range: [33-35]
[0;31m│  [0m[0;34m  64 : 97 30 00 05       JumpLoop [48], [0], FBV[5]
[m[0;31m│  [0m  [0m34/48: ReduceInterruptBudgetForLoop(38) [v1/n47:v-1(R)]
[0;31m│  [0m         ↳ lazy @64 (3 live vars)
[0;31m│  [0m  [0m35/50: Jump b4
[0;31m│  [0m      │  with gap moves:
[0;31m│  [0m      │    - v33/n46:v-1(*) → 52: φᴵ r1 v-1(*)
[0;31m│  [0m      ▼
[0;31m│[0;32m╭─►[0mBlock b4 peeled (effects: c1)
[0;31m│[0;32m│ [0m  [0m36/52: φᴵ r1 (n46, n74) → v-1(*), live range: [36-57]
[0;31m│[0;32m│ [0m[0;34m  22 : 79 f8 04          TestLessThan r1, EmbeddedFeedback[4]
[m[0;31m│[0;32m│ [0m         ↱ eager @22 (4 live vars)
[0;31m│[0;32m│ [0m  [0m37/53: CheckedSmiSizedInt32 [v36/n52:v-1(R)] → v-1(0), live range: [37-57]
[0;31m│[0;32m│ [0m[0;34m  25 : a8 2b             JumpIfFalse [43]
[m[0;31m│[0;32m│[0;33m╭──[0m38/55: BranchIfInt32Compare(LessThan) [v37/n53:v-1(R), v3/n14:v-1(R)] b5 b7
[0;31m│[0;32m│[0;33m│[0m      ↓
[0;31m│[0;32m│[0;33m│ [0mBlock b5
[0;31m│[0;32m│[0;33m│[0m[0;34m  27 : 18 02             LdaCurrentContextSlot [2]
[m[0;31m│[0;32m│[0;33m│[0m  [0m39/56: LoadContextSlot(0x10, mutable) [v8/n2:v-1(R)] → v-1(R), live range: [39-52]
[0;31m│[0;32m│[0;33m│[0m[0;34m  36 : 44 f8 04          Mul r1, EmbeddedFeedback[4]
[m[0;31m│[0;32m│[0;33m│[0m  [0m40/57: ChangeInt32ToFloat64 [v37/n53:v-1(R)] → v-1(R), live range: [40-42]
[0;31m│[0;32m│[0;33m│[0m  [0m41/58: Float64Multiply [v40/n57:v-1(R), v5/n23:v-1(R)] → v-1(R), live range: [41-45]
[0;31m│[0;32m│[0;33m│[0m[0;34m  42 : 44 f8 04          Mul r1, EmbeddedFeedback[4]
[m[0;31m│[0;32m│[0;33m│[0m  [0m42/59: Float64Multiply [v40/n57:v-1(R), v4/n26:v-1(R)] → v-1(R), live range: [42-44]
[0;31m│[0;32m│[0;33m│[0m[1;34m0x09b80101e2cd <SharedFunctionInfo trunc> (0x09b80101ebd9 <String[23]: "workloads/truncation.js">:5:14)
[m[0;31m│[0;32m│[0;33m│[0m[0;34m   0 : 0b 04             Ldar a1
[m[0;31m│[0;32m│[0;33m│[0m  [0m43/60: Jump b6
[0;31m│[0;32m│[0;33m│[0m      ↓
[0;31m│[0;32m│[0;33m│ [0mBlock b6
[0;31m│[0;32m│[0;33m│[0m[1;34m0x09b80101e2cd <SharedFunctionInfo trunc> (0x09b80101ebd9 <String[23]: "workloads/truncation.js">:0:0)
[m[0;31m│[0;32m│[0;33m│[0m[0;34m   2 : 44 03 04          Mul a0, EmbeddedFeedback[4]
[m[0;31m│[0;32m│[0;33m│[0m  [0m44/61: Float64Multiply [v41/n58:v-1(R), v42/n59:v-1(R)] → v-1(R), live range: [44-47]
[0;31m│[0;32m│[0;33m│[0m[0;34m   8 : 42 f9 04          Add r0, EmbeddedFeedback[4]
[m[0;31m│[0;32m│[0;33m│[0m  [0m45/62: Float64Add [v41/n58:v-1(R), v44/n61:v-1(R)] → v-1(R), live range: [45-46]
[0;31m│[0;32m│[0;33m│[0m[0;34m  12 : 55 00 04          BitwiseOrSmi [0], EmbeddedFeedback[4]
[m[0;31m│[0;32m│[0;33m│[0m  [0m46/63: TruncateFloat64ToInt32 [v45/n62:v-1(R)] → v-1(R), live range: [46-49]
[0;31m│[0;32m│[0;33m│[0m[0;34m  18 : 51 02 04          MulSmi [2], EmbeddedFeedback[4]
[m[0;31m│[0;32m│[0;33m│[0m  [0m47/64: Float64Multiply [v44/n61:v-1(R), v6/n35:v-1(R)] → v-1(R), live range: [47-48]
[0;31m│[0;32m│[0;33m│[0m[0;34m  21 : 55 00 04          BitwiseOrSmi [0], EmbeddedFeedback[4]
[m[0;31m│[0;32m│[0;33m│[0m  [0m48/65: TruncateFloat64ToInt32 [v47/n64:v-1(R)] → v-1(R), live range: [48-50]
[0;31m│[0;32m│[0;33m│[0m[0;34m  24 : 42 f7 03          Add r2, EmbeddedFeedback[3]
[m[0;31m│[0;32m│[0;33m│[0m  [0m49/66: ChangeInt32ToFloat64 [v46/n63:v-1(R)] → v-1(R), live range: [49-51]
[0;31m│[0;32m│[0;33m│[0m  [0m50/67: ChangeInt32ToFloat64 [v48/n65:v-1(R)] → v-1(R), live range: [50-51]
[0;31m│[0;32m│[0;33m│[0m  [0m51/68: Float64Add [v49/n66:v-1(R), v50/n67:v-1(R)] → v-1(R), live range: [51-53]
[0;31m│[0;32m│[0;33m│[0m[1;34m0x09b80101e265 <SharedFunctionInfo> (0x09b80101ebd9 <String[23]: "workloads/truncation.js">:0:0)
[m[0;31m│[0;32m│[0;33m│[0m[0;34m  51 : 42 f7 03          Add r2, EmbeddedFeedback[3]
[m[0;31m│[0;32m│[0;33m│[0m         ↱ eager @51 (5 live vars)
[0;31m│[0;32m│[0;33m│[0m  [0m52/69: CheckedNumberToFloat64 [v39/n56:v-1(R)] → v-1(R), live range: [52-53]
[0;31m│[0;32m│[0;33m│[0m  [0m53/70: Float64Add [v51/n68:v-1(R), v52/n69:v-1(R)] → v-1(R), live range: [53-54]
[0;31m│[0;32m│[0;33m│[0m[0;34m  54 : 55 00 04          BitwiseOrSmi [0], EmbeddedFeedback[4]
[m[0;31m│[0;32m│[0;33m│[0m  [0m54/71: TruncateFloat64ToInt32 [v53/n70:v-1(R)] → v-1(R), live range: [54-55]
[0;31m│[0;32m│[0;33m│[0m[0;34m  57 : 29 02             StaCurrentContextSlot [2]
[m[0;31m│[0;32m│[0;33m│[0m  [0m55/72: Int32ToNumber[kCanonicalizeSmi] [v54/n71:v-1(R)] → v-1(R), live range: [55-56]
[0;31m│[0;32m│[0;33m│[0m  [0m56/73: StoreContextSlotWithWriteBarrier(2, mutable) [v8/n2:v-1(=x1), v55/n72:v-1(R)]
[0;31m│[0;32m│[0;33m│[0m         ↳ lazy @57 (3 live vars)
[0;31m│[0;32m│[0;33m│[0m[0;34m  61 : 5b 04             Inc FBV[4]
[m[0;31m│[0;32m│[0;33m│[0m         ↱ eager @61 (3 live vars)
[0;31m│[0;32m│[0;33m│[0m  [0m57/74: Int32IncrementWithOverflow [v37/n53:v-1(R)] → v-1(R), live range: [57-59]
[0;31m│[0;32m│[0;33m│[0m[0;34m  64 : 97 30 00 05       JumpLoop [48], [0], FBV[5]
[m[0;31m│[0;32m│[0;33m│[0m  [0m58/75: ReduceInterruptBudgetForLoop(38) [v1/n47:v-1(R)]
[0;31m│[0;32m│[0;33m│[0m         ↳ lazy @64 (3 live vars)
[0;31m│[0;32m│[0;33m│[0m         ↱ eager @61 (3 live vars)
[0;31m│[0;32m╰─◄─[0m59/76: JumpLoop b4
[0;31m│ [0;33m│[0m         with gap moves:
[0;31m│ [0;33m│[0m           - v57/n74:v-1(*) → 52: φᴵ r1 v-1(*)
[0;31m│ [0;33m│[0m
[0;31m│ [0;33m╰►[0mBlock b7
[0;31m│  [0m[0;34m  68 : 23 04 07          LdaGlobal [4:"print"], FBV[7]
[m[0;31m│[0;32m╭───[0m60/78: Jump b9
[0;31m│[0;32m│ [0m
[0;31m╰──►[0mBlock b8
 [0;32m│ [0m  [0m61/79: Jump b9
 [0;32m│ [0m      ↓
 [0;32m╰─►[0mBlock b9
   [0m         ↱ eager @68 (2 live vars)
   [0m  [0m62/80: Deopt(Insufficient type feedback for generic global access)
   [0m

----- Register allocation -----
Graph

   [0m   [0m1/47: HeapConstant(0x09b80101e365 <FeedbackCell[one closure]>) → v-1, live range: [1-59]
   [0m   [0m2/12: SmiConstant(100000) → v-1, live range: [2-59]
   [0m   [0m3/14: Int32Constant(100000) → v-1, live range: [3-59]
   [0m   [0m4/26: Float64Constant(0.25) → v-1, live range: [4-59]
   [0m   [0m5/23: Float64Constant(1.5) → v-1, live range: [5-59]
   [0m   [0m6/35: Float64Constant(2) → v-1, live range: [6-59]
    [0mBlock b0
   [0m[1;34m0x09b80101e265 <SharedFunctionInfo> (0x09b80101ebd9 <String[23]: "workloads/truncation.js">:0:0)
[m   [0m[0;34m  16 : 01 0d a0 86 01 00 LdaSmi.ExtraWide [100000]
[m   [0m    [0m7/1: InitialValue(<this>) → [stack:-6|t], live range: [7-62]
   [0m    [0m8/2: InitialValue(<context>) → [stack:-3|t], live range: [8-62]
   [0m    [0m9/3: InitialValue(<closure>) → [stack:-2|t], live range: [9-62]
   [0m   [0m10/5: InitialValue(r1) → [stack:4|t], live range: [10-33]
   [0m  [0m11/10: FunctionEntryStackCheck
   [0m         ↳ lazy @64 (3 live vars)
   [0m         ↱ eager @64 (3 live vars)
   [0m  [0m12/11: CheckpointedJump b1
   [0m      ↓
    [0mBlock b1
   [0m     [0m81: GapMove([stack:4|t] → [x0|R|t])
   [0m[0;34m  22 : 79 f8 04          TestLessThan r1, EmbeddedFeedback[4]
[m   [0m         ↱ eager @22 (4 live vars)
   [0m  [0m13/13: CheckedSmiUntag [v10/n5:[x0|R|t]] → [x0|R|w32], live range: [13-33]
   [0m     [0m82: ConstantGapMove(n14 → [x1|R|w32])
   [0m[0;34m  25 : a8 2b             JumpIfFalse [43]
[m[0;31m╭────[0m14/16: BranchIfInt32Compare(LessThan) [v13/n13:[x0|R|w32], v3/n14:[x1|R|w32]] b2 b8
[0;31m│  [0m      ↓
[0;31m│   [0mBlock b2
[0;31m│  [0m     [0m83: GapMove([stack:-3|t] → [x2|R|t])
[0;31m│  [0m[0;34m  27 : 18 02             LdaCurrentContextSlot [2]
[m[0;31m│  [0m  [0m15/19: LoadContextSlot(0x10, mutable) [v8/n2:[x2|R|t]] → [x5|R|t], live range: [15-28]
[0;31m│  [0m[0;34m  36 : 44 f8 04          Mul r1, EmbeddedFeedback[4]
[m[0;31m│  [0m  [0m16/22: ChangeInt32ToFloat64 [v13/n13:[x0|R|w32]] → [v0|R|f64], live range: [16-18]
[0;31m│  [0m     [0m84: ConstantGapMove(n23 → [v1|R|f64])
[0;31m│  [0m  [0m17/24: Float64Multiply [v16/n22:[v0|R|f64], v5/n23:[v1|R|f64]] → [v2|R|f64], live range: [17-21]
[0;31m│  [0m     [0m85: ConstantGapMove(n26 → [v3|R|f64])
[0;31m│  [0m[0;34m  42 : 44 f8 04          Mul r1, EmbeddedFeedback[4]
[m[0;31m│  [0m  [0m18/27: Float64Multiply [v16/n22:[v0|R|f64], v4/n26:[v3|R|f64]] → [v4|R|f64], live range: [18-20]
[0;31m│  [0m[1;34m0x09b80101e2cd <SharedFunctionInfo trunc> (0x09b80101ebd9 <String[23]: "workloads/truncation.js">:5:14)
[m[0;31m│  [0m[0;34m   0 : 0b 04             Ldar a1
[m[0;31m│  [0m  [0m19/31: Jump b3
[0;31m│  [0m      ↓
[0;31m│   [0mBlock b3
[0;31m│  [0m[1;34m0x09b80101e2cd <SharedFunctionInfo trunc> (0x09b80101ebd9 <String[23]: "workloads/truncation.js">:0:0)
[m[0;31m│  [0m[0;34m   2 : 44 03 04          Mul a0, EmbeddedFeedback[4]
[m[0;31m│  [0m  [0m20/32: Float64Multiply [v17/n24:[v2|R|f64], v18/n27:[v4|R|f64]] → [v0|R|f64], live range: [20-23]
[0;31m│  [0m[0;34m   8 : 42 f9 04          Add r0, EmbeddedFeedback[4]
[m[0;31m│  [0m  [0m21/33: Float64Add [v20/n32:[v0|R|f64], v17/n24:[v2|R|f64]] → [v4|R|f64], live range: [21-22]
[0;31m│  [0m[0;34m  12 : 55 00 04          BitwiseOrSmi [0], EmbeddedFeedback[4]
[m[0;31m│  [0m  [0m22/34: TruncateFloat64ToInt32 [v21/n33:[v4|R|f64]] → [x3|R|w32], live range: [22-25]
[0;31m│  [0m     [0m86: ConstantGapMove(n35 → [v2|R|f64])
[0;31m│  [0m[0;34m  18 : 51 02 04          MulSmi [2], EmbeddedFeedback[4]
[m[0;31m│  [0m  [0m23/36: Float64Multiply [v20/n32:[v0|R|f64], v6/n35:[v2|R|f64]] → [v4|R|f64], live range: [23-24]
[0;31m│  [0m[0;34m  21 : 55 00 04          BitwiseOrSmi [0], EmbeddedFeedback[4]
[m[0;31m│  [0m  [0m24/37: TruncateFloat64ToInt32 [v23/n36:[v4|R|f64]] → [x4|R|w32], live range: [24-26]
[0;31m│  [0m[0;34m  24 : 42 f7 03          Add r2, EmbeddedFeedback[3]
[m[0;31m│  [0m  [0m25/38: ChangeInt32ToFloat64 [v22/n34:[x3|R|w32]] → [v0|R|f64], live range: [25-27]
[0;31m│  [0m  [0m26/39: ChangeInt32ToFloat64 [v24/n37:[x4|R|w32]] → [v4|R|f64], live range: [26-27]
[0;31m│  [0m  [0m27/40: Float64Add [v25/n38:[v0|R|f64], v26/n39:[v4|R|f64]] → [v5|R|f64], live range: [27-29]
[0;31m│  [0m     [0m87: GapMove([x5|R|t] → [x3|R|t])
[0;31m│  [0m[1;34m0x09b80101e265 <SharedFunctionInfo> (0x09b80101ebd9 <String[23]: "workloads/truncation.js">:0:0)
[m[0;31m│  [0m[0;34m  51 : 42 f7 03          Add r2, EmbeddedFeedback[3]
[m[0;31m│  [0m         ↱ eager @51 (5 live vars)
[0;31m│  [0m  [0m28/41: CheckedNumberToFloat64 [v15/n19:[x5|R|t]] → [v0|R|f64], live range: [28-29]
[0;31m│  [0m  [0m29/42: Float64Add [v27/n40:[v5|R|f64], v28/n41:[v0|R|f64]] → [v4|R|f64], live range: [29-30]
[0;31m│  [0m[0;34m  54 : 55 00 04          BitwiseOrSmi [0], EmbeddedFeedback[4]
[m[0;31m│  [0m  [0m30/43: TruncateFloat64ToInt32 [v29/n42:[v4|R|f64]] → [x3|R|w32], live range: [30-31]
[0;31m│  [0m[0;34m  57 : 29 02             StaCurrentContextSlot [2]
[m[0;31m│  [0m  [0m31/44: Int32ToNumber[kCanonicalizeSmi] [v30/n43:[x3|R|w32]] → [x4|R|t], live range: [31-32]
[0;31m│  [0m     [0m88: GapMove([x2|R|t] → [x1|R|t])
[0;31m│  [0m  [0m32/45: StoreContextSlotWithWriteBarrier(2, mutable) [v8/n2:[x1|R|t], v31/n44:[x4|R|t]]
[0;31m│  [0m         ↳ lazy @57 (3 live vars)
[0;31m│  [0m[0;34m  61 : 5b 04             Inc FBV[4]
[m[0;31m│  [0m         ↱ eager @61 (3 live vars)
[0;31m│  [0m  [0m33/46: Int32IncrementWithOverflow [v13/n13:[x0|R|w32]] → [x3|R|w32] (spilled: [stack:0|w32]), live range: [33-35]
[0;31m│  [0m     [0m89: ConstantGapMove(n47 → [x0|R|t])
[0;31m│  [0m[0;34m  64 : 97 30 00 05       JumpLoop [48], [0], FBV[5]
[m[0;31m│  [0m  [0m34/48: ReduceInterruptBudgetForLoop(38) [v1/n47:[x0|R|t]]
[0;31m│  [0m         ↳ lazy @64 (3 live vars)
[0;31m│  [0m     [0m90: ConstantGapMove(n14 → [x4|R|w32])
[0;31m│  [0m  [0m35/50: Jump b4
[0;31m│  [0m      │  with gap moves:
[0;31m│  [0m      │    - v33/n46:[x3|R|w32] → 52: φᴵ r1 [x3|R|w32]
[0;31m│  [0m      │  with register merges:
[0;31m│  [0m      ▼
[0;31m│[0;32m╭─►[0mBlock b4 peeled (effects: c1)
[0;31m│[0;32m│ [0m  [0m36/52: φᴵ r1 (n46, n74) → [x3|R|w32] (spilled: [stack:1|w32]), live range: [36-57]
[0;31m│[0;32m│ [0m     [0m91: GapMove([x3|R|w32] → [x5|R|w32])
[0;31m│[0;32m│ [0m[0;34m  22 : 79 f8 04          TestLessThan r1, EmbeddedFeedback[4]
[m[0;31m│[0;32m│ [0m         ↱ eager @22 (4 live vars)
[0;31m│[0;32m│ [0m  [0m37/53: CheckedSmiSizedInt32 [v36/n52:[x3|R|w32]] → [x3|R|w32], live range: [37-57]
[0;31m│[0;32m│ [0m[0;34m  25 : a8 2b             JumpIfFalse [43]
[m[0;31m│[0;32m│[0;33m╭──[0m38/55: BranchIfInt32Compare(LessThan) [v37/n53:[x3|R|w32], v3/n14:[x4|R|w32]] b5 b7
[0;31m│[0;32m│[0;33m│[0m      ↓
[0;31m│[0;32m│[0;33m│ [0mBlock b5
[0;31m│[0;32m│[0;33m│[0m[0;34m  27 : 18 02             LdaCurrentContextSlot [2]
[m[0;31m│[0;32m│[0;33m│[0m  [0m39/56: LoadContextSlot(0x10, mutable) [v8/n2:[x1|R|t]] → [x8|R|t], live range: [39-52]
[0;31m│[0;32m│[0;33m│[0m[0;34m  36 : 44 f8 04          Mul r1, EmbeddedFeedback[4]
[m[0;31m│[0;32m│[0;33m│[0m  [0m40/57: ChangeInt32ToFloat64 [v37/n53:[x3|R|w32]] → [v0|R|f64], live range: [40-42]
[0;31m│[0;32m│[0;33m│[0m  [0m41/58: Float64Multiply [v40/n57:[v0|R|f64], v5/n23:[v1|R|f64]] → [v4|R|f64], live range: [41-45]
[0;31m│[0;32m│[0;33m│[0m[0;34m  42 : 44 f8 04          Mul r1, EmbeddedFeedback[4]
[m[0;31m│[0;32m│[0;33m│[0m  [0m42/59: Float64Multiply [v40/n57:[v0|R|f64], v4/n26:[v3|R|f64]] → [v5|R|f64], live range: [42-44]
[0;31m│[0;32m│[0;33m│[0m[1;34m0x09b80101e2cd <SharedFunctionInfo trunc> (0x09b80101ebd9 <String[23]: "workloads/truncation.js">:5:14)
[m[0;31m│[0;32m│[0;33m│[0m[0;34m   0 : 0b 04             Ldar a1
[m[0;31m│[0;32m│[0;33m│[0m  [0m43/60: Jump b6
[0;31m│[0;32m│[0;33m│[0m      ↓
[0;31m│[0;32m│[0;33m│ [0mBlock b6
[0;31m│[0;32m│[0;33m│[0m[1;34m0x09b80101e2cd <SharedFunctionInfo trunc> (0x09b80101ebd9 <String[23]: "workloads/truncation.js">:0:0)
[m[0;31m│[0;32m│[0;33m│[0m[0;34m   2 : 44 03 04          Mul a0, EmbeddedFeedback[4]
[m[0;31m│[0;32m│[0;33m│[0m  [0m44/61: Float64Multiply [v41/n58:[v4|R|f64], v42/n59:[v5|R|f64]] → [v0|R|f64], live range: [44-47]
[0;31m│[0;32m│[0;33m│[0m[0;34m   8 : 42 f9 04          Add r0, EmbeddedFeedback[4]
[m[0;31m│[0;32m│[0;33m│[0m  [0m45/62: Float64Add [v41/n58:[v4|R|f64], v44/n61:[v0|R|f64]] → [v5|R|f64], live range: [45-46]
[0;31m│[0;32m│[0;33m│[0m[0;34m  12 : 55 00 04          BitwiseOrSmi [0], EmbeddedFeedback[4]
[m[0;31m│[0;32m│[0;33m│[0m  [0m46/63: TruncateFloat64ToInt32 [v45/n62:[v5|R|f64]] → [x6|R|w32], live range: [46-49]
[0;31m│[0;32m│[0;33m│[0m[0;34m  18 : 51 02 04          MulSmi [2], EmbeddedFeedback[4]
[m[0;31m│[0;32m│[0;33m│[0m  [0m47/64: Float64Multiply [v44/n61:[v0|R|f64], v6/n35:[v2|R|f64]] → [v4|R|f64], live range: [47-48]
[0;31m│[0;32m│[0;33m│[0m[0;34m  21 : 55 00 04          BitwiseOrSmi [0], EmbeddedFeedback[4]
[m[0;31m│[0;32m│[0;33m│[0m  [0m48/65: TruncateFloat64ToInt32 [v47/n64:[v4|R|f64]] → [x7|R|w32], live range: [48-50]
[0;31m│[0;32m│[0;33m│[0m[0;34m  24 : 42 f7 03          Add r2, EmbeddedFeedback[3]
[m[0;31m│[0;32m│[0;33m│[0m  [0m49/66: ChangeInt32ToFloat64 [v46/n63:[x6|R|w32]] → [v0|R|f64], live range: [49-51]
[0;31m│[0;32m│[0;33m│[0m  [0m50/67: ChangeInt32ToFloat64 [v48/n65:[x7|R|w32]] → [v4|R|f64], live range: [50-51]
[0;31m│[0;32m│[0;33m│[0m  [0m51/68: Float64Add [v49/n66:[v0|R|f64], v50/n67:[v4|R|f64]] → [v5|R|f64], live range: [51-53]
[0;31m│[0;32m│[0;33m│[0m     [0m92: GapMove([x8|R|t] → [x6|R|t])
[0;31m│[0;32m│[0;33m│[0m[1;34m0x09b80101e265 <SharedFunctionInfo> (0x09b80101ebd9 <String[23]: "workloads/truncation.js">:0:0)
[m[0;31m│[0;32m│[0;33m│[0m[0;34m  51 : 42 f7 03          Add r2, EmbeddedFeedback[3]
[m[0;31m│[0;32m│[0;33m│[0m         ↱ eager @51 (5 live vars)
[0;31m│[0;32m│[0;33m│[0m  [0m52/69: CheckedNumberToFloat64 [v39/n56:[x8|R|t]] → [v0|R|f64], live range: [52-53]
[0;31m│[0;32m│[0;33m│[0m  [0m53/70: Float64Add [v51/n68:[v5|R|f64], v52/n69:[v0|R|f64]] → [v4|R|f64], live range: [53-54]
[0;31m│[0;32m│[0;33m│[0m[0;34m  54 : 55 00 04          BitwiseOrSmi [0], EmbeddedFeedback[4]
[m[0;31m│[0;32m│[0;33m│[0m  [0m54/71: TruncateFloat64ToInt32 [v53/n70:[v4|R|f64]] → [x6|R|w32], live range: [54-55]
[0;31m│[0;32m│[0;33m│[0m[0;34m  57 : 29 02             StaCurrentContextSlot [2]
[m[0;31m│[0;32m│[0;33m│[0m  [0m55/72: Int32ToNumber[kCanonicalizeSmi] [v54/n71:[x6|R|w32]] → [x7|R|t], live range: [55-56]
[0;31m│[0;32m│[0;33m│[0m  [0m56/73: StoreContextSlotWithWriteBarrier(2, mutable) [v8/n2:[x1|R|t], v55/n72:[x7|R|t]]
[0;31m│[0;32m│[0;33m│[0m         ↳ lazy @57 (3 live vars)
[0;31m│[0;32m│[0;33m│[0m[0;34m  61 : 5b 04             Inc FBV[4]
[m[0;31m│[0;32m│[0;33m│[0m         ↱ eager @61 (3 live vars)
[0;31m│[0;32m│[0;33m│[0m  [0m57/74: Int32IncrementWithOverflow [v37/n53:[x3|R|w32]] → [x6|R|w32] (spilled: [stack:2|w32]), live range: [57-59]
[0;31m│[0;32m│[0;33m│[0m[0;34m  64 : 97 30 00 05       JumpLoop [48], [0], FBV[5]
[m[0;31m│[0;32m│[0;33m│[0m  [0m58/75: ReduceInterruptBudgetForLoop(38) [v1/n47:[x0|R|t]]
[0;31m│[0;32m│[0;33m│[0m         ↳ lazy @64 (3 live vars)
[0;31m│[0;32m│[0;33m│[0m         ↱ eager @61 (3 live vars)
[0;31m│[0;32m╰─◄─[0m59/76: JumpLoop b4
[0;31m│ [0;33m│[0m         with gap moves:
[0;31m│ [0;33m│[0m           - v57/n74:[x6|R|w32] → 52: φᴵ r1 [x3|R|w32]
[0;31m│ [0;33m│[0m         with register merges:
[0;31m│ [0;33m│[0m
[0;31m│ [0;33m╰►[0mBlock b7
[0;31m│  [0m[0;34m  68 : 23 04 07          LdaGlobal [4:"print"], FBV[7]
[m[0;31m│[0;32m╭───[0m60/78: Jump b9
[0;31m│[0;32m│ [0m
[0;31m╰──►[0mBlock b8
 [0;32m│ [0m  [0m61/79: Jump b9
 [0;32m│ [0m      ↓
 [0;32m╰─►[0mBlock b9
   [0m         ↱ eager @68 (2 live vars)
   [0m  [0m62/80: Deopt(Insufficient type feedback for generic global access)
   [0m
---------------------------------------------------
Finished compiling method  using Maglev
-309698352
