V8 is running with developer-only features enabled. Stability and security will suffer.
---------------------------------------------------
Begin compiling method sum using Maglev
Compiling 0x09b80101e52d <JSFunction sum (sfi = 0x9b80101e3e5)> with Maglev
----- Bytecode array -----
Parameter count 2
Register count 3
Frame size 24
  298 S> 0x31a01000250 @    0 : 0c                LdaZero
         0x31a01000251 @    1 : d5                Star0
  316 S> 0x31a01000252 @    2 : 0c                LdaZero
         0x31a01000253 @    3 : d4                Star1
  327 S> 0x31a01000254 @    4 : 33 03 00 00       GetNamedProperty a0, [0:"length"], FBV[0]
  321 E> 0x31a01000258 @    8 : 79 f8 04          TestLessThan r1, EmbeddedFeedback[4]
         0x31a0100025b @   11 : a8 17             JumpIfFalse [23] (0x31a01000272 @ 34)
  340 S> 0x31a0100025d @   13 : 0b f8             Ldar r1
  348 E> 0x31a0100025f @   15 : 35 03 02          GetKeyedProperty a0, FBV[2]
         0x31a01000262 @   18 : 42 f9 01          Add r0, EmbeddedFeedback[1]
         0x31a01000265 @   21 : 1b f9 f7          Mov r0, r2
         0x31a01000268 @   24 : d5                Star0
  336 S> 0x31a01000269 @   25 : 0b f8             Ldar r1
         0x31a0100026b @   27 : 5b 04             Inc FBV[4]
         0x31a0100026d @   29 : d4                Star1
  303 E> 0x31a0100026e @   30 : 97 1a 00 05       JumpLoop [26], [0], FBV[5] (0x31a01000254 @ 4)
  355 S> 0x31a01000272 @   34 : 0b f9             Ldar r0
  364 S> 0x31a01000274 @   36 : b9                Return
Constant pool (size = 1)
0x31a0100021d: [TrustedFixedArray]
 - map: 0x09b800000605 <Map(TRUSTED_FIXED_ARRAY_TYPE)>
 - length: 1
           0: 0x09b800000e39 <String[6]: #length>
Handler Table (size = 0)
Source Position Table (size = 25)
0x031a01000279 <Other heap object (TRUSTED_BYTE_ARRAY_TYPE)>
0x9b80101e795: [FeedbackVector] in OldSpace
 - map: 0x09b800000895 <Map(FEEDBACK_VECTOR_TYPE)>
 - length: 7
 - shared function info: 0x09b80101e3e5 <SharedFunctionInfo sum>
 - tiering_in_progress: 0
 - osr_tiering_in_progress: 0
 - invocation count: 5
 - closure feedback cell array: 0x9b800002091: [ClosureFeedbackCellArray] in ReadOnlySpace
 - map: 0x09b80000086d <Map(CLOSURE_FEEDBACK_CELL_ARRAY_TYPE)>
 - length: 0
 - elements:

 - slot #0 LoadProperty POLYMORPHIC
   [weak] 0x09b80100cf85 <Map[16](HOLEY_SMI_ELEMENTS)>: LoadHandler(Smi)(kind = kField, is in object = 1, is double = 0, storage offset in words = 3, descriptor index = 2046)
   [weak] 0x09b80100c90d <Map[16](PACKED_SMI_ELEMENTS)>: LoadHandler(Smi)(kind = kField, is in object = 1, is double = 0, storage offset in words = 3, descriptor index = 2046) {
     [0]: 0x09b80104c5d5 <WeakFixedArray[4]>
     [1]: 0x09b800000eb5 <Symbol: (uninitialized_symbol)>
  }
 - slot #2 LoadKeyed POLYMORPHIC
   [weak] 0x09b80100cf85 <Map[16](HOLEY_SMI_ELEMENTS)>: LoadHandler(Smi)(kind = kElement, allow out of bounds = 0, is JSArray = 1, allow reading holes = 0, elements kind = HOLEY_SMI_ELEMENTS)
   [weak] 0x09b80100c90d <Map[16](PACKED_SMI_ELEMENTS)>: LoadHandler(Smi)(kind = kElementWithTransition, allow out of bounds = 0, is JSArray = 1, allow reading holes = 0, elements kind = HOLEY_SMI_ELEMENTS) {
     [2]: 0x09b80104c5ed <WeakFixedArray[4]>
     [3]: 0x09b800000eb5 <Symbol: (uninitialized_symbol)>
  }
 - slot #4 BinaryOp BinaryOp:SignedSmall {
     [4]: 1
  }
 - slot #5 JumpLoop JumpLoop {
     [5]: [cleared]
     [6]: 0
  }

----- Maglev graph building -----
Graph

   [0m  [0m24: HeapConstant(0x09b80101e4d5 <FeedbackCell[one closure]>), 3 uses
   [0m   [0m3: HeapConstant(0x09b80101e52d <JSFunction sum (sfi = 0x9b80101e3e5)>), 5 uses
   [0m   [0m4: HeapConstant(0x09b80101e515 <ScriptContext[4]>), 5 uses
   [0m   [0m5: RootConstant(undefined_value), 0 uses 🪦
   [0m  [0m16: RootConstant(true_value), 0 uses 🪦
   [0m  [0m15: RootConstant(false_value), 0 uses 🪦
   [0m  [0m26: RootConstant(optimized_out), 0 uses 🪦
   [0m   [0m8: SmiConstant(0), 3 uses
   [0m  [0m29: SmiConstant(1), 1 uses
   [0m  [0m11: Int32Constant(0), 4 uses, cannot truncate to int32
   [0m  [0m23: Int32Constant(1), 1 uses, cannot truncate to int32
    [0mBlock b0
   [0m[1;34m0x09b80101e3e5 <SharedFunctionInfo sum> (0x09b80104a3e5 <String[18]: "workloads/mixed.js">:4:12)
[m   [0m[0;34m   0 : 0c                LdaZero
[m   [0m   [0m1: InitialValue(<this>), 5 uses
   [0m   [0m2: InitialValue(a0), 8 uses
   [0m   [0m6: FunctionEntryStackCheck
   [0m      ↳ lazy @-1 (3 live vars)
   [0m   [0m7: Jump b1
   [0m   ↓
    [0mBlock b1
   [0m[1;34m0x09b80101e3e5 <SharedFunctionInfo sum> (0x09b80104a3e5 <String[18]: "workloads/mixed.js">:6:26)
[m   [0m[0;34m   4 : 33 03 00 00       GetNamedProperty a0, [0:"length"], FBV[0]
[m   [0m      ↱ eager @4 (5 live vars)
   [0m   [0m9: CheckMaps(0x09b80100cf85 <Map[16](HOLEY_SMI_ELEMENTS)>, 0x09b80100c90d <Map[16](PACKED_SMI_ELEMENTS)>, check heapobj) [n2]
   [0m  [0m10: LoadTaggedField(0xc: 0x09b800000e39 <String[6]: #length>, compressed, Smi) [n2], 2 uses
   [0m[1;34m0x09b80101e3e5 <SharedFunctionInfo sum> (0x09b80104a3e5 <String[18]: "workloads/mixed.js">:6:20)
[m   [0m[0;34m   8 : 79 f8 04          TestLessThan r1, EmbeddedFeedback[4]
[m   [0m  [0m12: UnsafeSmiUntag [n10], 6 uses, cannot truncate to int32
   [0m  [0m13: Int32Compare[LessThan] [n11, n12], 0 uses 🪦
   [0m[0;34m  11 : a8 17             JumpIfFalse [23]
[m[0;31m╭────[0m14: BranchIfInt32Compare(LessThan) [n11, n12] b2 b6
[0;31m│  [0m   ↓
[0;31m│   [0mBlock b2
[0;31m│  [0m[1;34m0x09b80101e3e5 <SharedFunctionInfo sum> (0x09b80104a3e5 <String[18]: "workloads/mixed.js">:6:47)
[m[0;31m│  [0m[0;34m  15 : 35 03 02          GetKeyedProperty a0, FBV[2]
[m[0;31m│  [0m  [0m17: LoadTaggedField(0x8: Elements, compressed, AnyHeapObject) [n2], 2 uses
[0;31m│  [0m      ↱ eager @4 (5 live vars)
[0;31m│  [0m  [0m18: CheckInt32Condition[UnsignedLessThan, OutOfBounds] [n11, n12]
[0;31m│  [0m  [0m19: LoadTaggedField(0x8, compressed) [n17], 2 uses
[0;31m│  [0m      ↱ eager @4 (5 live vars)
[0;31m│  [0m  [0m20: CheckNotHole [n19]
[0;31m│  [0m[0;34m  18 : 42 f9 01          Add r0, EmbeddedFeedback[1]
[m[0;31m│  [0m  [0m21: UnsafeSmiUntag [n19], 1 uses, cannot truncate to int32
[0;31m│  [0m      ↱ eager @4 (5 live vars)
[0;31m│  [0m  [0m22: Int32AddWithOverflow [n21, n11], 2 uses, can truncate to int32 [-2147483648, 2147483647]
[0;31m│  [0m[1;34m0x09b80101e3e5 <SharedFunctionInfo sum> (0x09b80104a3e5 <String[18]: "workloads/mixed.js">:6:2)
[m[0;31m│  [0m[0;34m  30 : 97 1a 00 05       JumpLoop [26], [0], FBV[5]
[m[0;31m│  [0m  [0m25: ReduceInterruptBudgetForLoop(20) [n24]
[0;31m│  [0m      ↳ lazy @30 (5 live vars)
[0;31m│  [0m  [0m28: Int32ToNumber[kCanonicalizeSmi] [n22], 1 uses
[0;31m│  [0m  [0m27: Jump b3
[0;31m│  [0m   │  with gap moves:
[0;31m│  [0m   │    - n28 → 30: φᵀ r0
[0;31m│  [0m   │    - n29 → 31: φᵀ r1
[0;31m│  [0m   ▼
[0;31m│[0;32m╭─►[0mBlock b3 peeled (effects:)
[0;31m│[0;32m│ [0m  [0m30: φᵀ r0 (n28, n44), 3 uses
[0;31m│[0;32m│ [0m  [0m31: φᵀ r1 (n29, n45), 2 uses
[0;31m│[0;32m│ [0m[0;34m   8 : 79 f8 04          TestLessThan r1, EmbeddedFeedback[4]
[m[0;31m│[0;32m│ [0m      ↱ eager @8 (6 live vars)
[0;31m│[0;32m│ [0m  [0m32: CheckedSmiUntag [n31], 5 uses, cannot truncate to int32
[0;31m│[0;32m│ [0m  [0m33: Int32Compare[LessThan] [n32, n12], 0 uses 🪦
[0;31m│[0;32m│ [0m[0;34m  11 : a8 17             JumpIfFalse [23]
[m[0;31m│[0;32m│[0;33m╭──[0m34: BranchIfInt32Compare(LessThan) [n32, n12] b4 b5
[0;31m│[0;32m│[0;33m│[0m   ↓
[0;31m│[0;32m│[0;33m│ [0mBlock b4
[0;31m│[0;32m│[0;33m│[0m[0;34m  15 : 35 03 02          GetKeyedProperty a0, FBV[2]
[m[0;31m│[0;32m│[0;33m│[0m      ↱ eager @8 (6 live vars)
[0;31m│[0;32m│[0;33m│[0m  [0m35: CheckInt32Condition[UnsignedLessThan, OutOfBounds] [n32, n12]
[0;31m│[0;32m│[0;33m│[0m  [0m36: LoadFixedArrayElement(compressed), Unknown [n17, n32], 2 uses
[0;31m│[0;32m│[0;33m│[0m      ↱ eager @8 (6 live vars)
[0;31m│[0;32m│[0;33m│[0m  [0m37: CheckNotHole [n36]
[0;31m│[0;32m│[0;33m│[0m[0;34m  18 : 42 f9 01          Add r0, EmbeddedFeedback[1]
[m[0;31m│[0;32m│[0;33m│[0m      ↱ eager @8 (6 live vars)
[0;31m│[0;32m│[0;33m│[0m  [0m38: CheckedSmiUntag [n30], 1 uses, cannot truncate to int32
[0;31m│[0;32m│[0;33m│[0m  [0m39: UnsafeSmiUntag [n36], 1 uses, cannot truncate to int32
[0;31m│[0;32m│[0;33m│[0m      ↱ eager @8 (6 live vars)
[0;31m│[0;32m│[0;33m│[0m  [0m40: Int32AddWithOverflow [n38, n39], 2 uses, can truncate to int32 [-2147483648, 2147483647]
[0;31m│[0;32m│[0;33m│[0m[0;34m  27 : 5b 04             Inc FBV[4]
[m[0;31m│[0;32m│[0;33m│[0m      ↱ eager @8 (6 live vars)
[0;31m│[0;32m│[0;33m│[0m  [0m41: Int32IncrementWithOverflow [n32], 2 uses, cannot truncate to int32
[0;31m│[0;32m│[0;33m│[0m[0;34m  30 : 97 1a 00 05       JumpLoop [26], [0], FBV[5]
[m[0;31m│[0;32m│[0;33m│[0m  [0m42: ReduceInterruptBudgetForLoop(20) [n24]
[0;31m│[0;32m│[0;33m│[0m      ↳ lazy @30 (5 live vars)
[0;31m│[0;32m│[0;33m│[0m  [0m44: Int32ToNumber[kCanonicalizeSmi] [n40], 1 uses
[0;31m│[0;32m│[0;33m│[0m  [0m45: Int32ToNumber[kCanonicalizeSmi] [n41], 1 uses
[0;31m│[0;32m│[0;33m│[0m      ↱ eager @8 (6 live vars)
[0;31m│[0;32m╰─◄─[0m43: JumpLoop b3
[0;31m│ [0;33m│[0m      with gap moves:
[0;31m│ [0;33m│[0m        - n44 → 30: φᵀ r0
[0;31m│ [0;33m│[0m        - n45 → 31: φᵀ r1
[0;31m│ [0;33m│[0m
[0;31m│ [0;33m╰►[0mBlock b5
[0;31m│  [0m[1;34m0x09b80101e3e5 <SharedFunctionInfo sum> (0x09b80104a3e5 <String[18]: "workloads/mixed.js">:7:2)
[m[0;31m│  [0m[0;34m  34 : 0b f9             Ldar r0
[m[0;31m│[0;32m╭───[0m46: Jump b7
[0;31m│[0;32m│ [0m      with gap moves:
[0;31m│[0;32m│ [0m        - n30 → 48: φᵀ r0
[0;31m│[0;32m│ [0m
[0;31m╰──►[0mBlock b6
 [0;32m│ [0m  [0m47: Jump b7
 [0;32m│ [0m   │  with gap moves:
 [0;32m│ [0m   │    - n8 → 48: φᵀ r0
 [0;32m│ [0m   ▼
 [0;32m╰─►[0mBlock b7
   [0m  [0m48: φᵀ r0 (n8, n30), 1 uses
   [0m[1;34m0x09b80101e3e5 <SharedFunctionInfo sum> (0x09b80104a3e5 <String[18]: "workloads/mixed.js">:7:11)
[m   [0m[0;34m  36 : b9                Return
[m   [0m  [0m49: ReduceInterruptBudgetForReturn(36) [n24]
   [0m  [0m50: Return [n48]
   [0m

----- Phi untagging -----
Graph

   [0m  [0m24: HeapConstant(0x09b80101e4d5 <FeedbackCell[one closure]>), 3 uses
   [0m   [0m3: HeapConstant(0x09b80101e52d <JSFunction sum (sfi = 0x9b80101e3e5)>), 5 uses
   [0m   [0m4: HeapConstant(0x09b80101e515 <ScriptContext[4]>), 5 uses
   [0m   [0m5: RootConstant(undefined_value), 0 uses 🪦
   [0m  [0m16: RootConstant(true_value), 0 uses 🪦
   [0m  [0m15: RootConstant(false_value), 0 uses 🪦
   [0m  [0m26: RootConstant(optimized_out), 0 uses 🪦
   [0m   [0m8: SmiConstant(0), 3 uses
   [0m  [0m29: SmiConstant(1), 0 uses 🪦
   [0m  [0m11: Int32Constant(0), 4 uses, cannot truncate to int32
   [0m  [0m23: Int32Constant(1), 2 uses, cannot truncate to int32
    [0mBlock b0
   [0m[1;34m0x09b80101e3e5 <SharedFunctionInfo sum> (0x09b80104a3e5 <String[18]: "workloads/mixed.js">:4:12)
[m   [0m[0;34m   0 : 0c                LdaZero
[m   [0m   [0m1: InitialValue(<this>), 5 uses
   [0m   [0m2: InitialValue(a0), 8 uses
   [0m   [0m6: FunctionEntryStackCheck
   [0m      ↳ lazy @-1 (3 live vars)
   [0m   [0m7: Jump b1
   [0m   ↓
    [0mBlock b1
   [0m[1;34m0x09b80101e3e5 <SharedFunctionInfo sum> (0x09b80104a3e5 <String[18]: "workloads/mixed.js">:6:26)
[m   [0m[0;34m   4 : 33 03 00 00       GetNamedProperty a0, [0:"length"], FBV[0]
[m   [0m      ↱ eager @4 (5 live vars)
   [0m   [0m9: CheckMaps(0x09b80100cf85 <Map[16](HOLEY_SMI_ELEMENTS)>, 0x09b80100c90d <Map[16](PACKED_SMI_ELEMENTS)>, check heapobj) [n2]
   [0m  [0m10: LoadTaggedField(0xc: 0x09b800000e39 <String[6]: #length>, compressed, Smi) [n2], 2 uses
   [0m[1;34m0x09b80101e3e5 <SharedFunctionInfo sum> (0x09b80104a3e5 <String[18]: "workloads/mixed.js">:6:20)
[m   [0m[0;34m   8 : 79 f8 04          TestLessThan r1, EmbeddedFeedback[4]
[m   [0m  [0m12: UnsafeSmiUntag [n10], 6 uses, cannot truncate to int32
   [0m  [0m13: Int32Compare[LessThan] [n11, n12], 0 uses 🪦
   [0m[0;34m  11 : a8 17             JumpIfFalse [23]
[m[0;31m╭────[0m14: BranchIfInt32Compare(LessThan) [n11, n12] b2 b6
[0;31m│  [0m   ↓
[0;31m│   [0mBlock b2
[0;31m│  [0m[1;34m0x09b80101e3e5 <SharedFunctionInfo sum> (0x09b80104a3e5 <String[18]: "workloads/mixed.js">:6:47)
[m[0;31m│  [0m[0;34m  15 : 35 03 02          GetKeyedProperty a0, FBV[2]
[m[0;31m│  [0m  [0m17: LoadTaggedField(0x8: Elements, compressed, AnyHeapObject) [n2], 2 uses
[0;31m│  [0m      ↱ eager @4 (5 live vars)
[0;31m│  [0m  [0m18: CheckInt32Condition[UnsignedLessThan, OutOfBounds] [n11, n12]
[0;31m│  [0m  [0m19: LoadTaggedField(0x8, compressed) [n17], 2 uses
[0;31m│  [0m      ↱ eager @4 (5 live vars)
[0;31m│  [0m  [0m20: CheckNotHole [n19]
[0;31m│  [0m[0;34m  18 : 42 f9 01          Add r0, EmbeddedFeedback[1]
[m[0;31m│  [0m  [0m21: UnsafeSmiUntag [n19], 1 uses, cannot truncate to int32
[0;31m│  [0m      ↱ eager @4 (5 live vars)
[0;31m│  [0m  [0m22: Int32AddWithOverflow [n21, n11], 3 uses, can truncate to int32 [-2147483648, 2147483647]
[0;31m│  [0m[1;34m0x09b80101e3e5 <SharedFunctionInfo sum> (0x09b80104a3e5 <String[18]: "workloads/mixed.js">:6:2)
[m[0;31m│  [0m[0;34m  30 : 97 1a 00 05       JumpLoop [26], [0], FBV[5]
[m[0;31m│  [0m  [0m25: ReduceInterruptBudgetForLoop(20) [n24]
[0;31m│  [0m      ↳ lazy @30 (5 live vars)
[0;31m│  [0m  [0m28: Int32ToNumber[kCanonicalizeSmi] [n22], 0 uses 🪦
[0;31m│  [0m  [0m27: Jump b3
[0;31m│  [0m   │  with gap moves:
[0;31m│  [0m   │    - n22 → 30: φᴵ r0
[0;31m│  [0m   │    - n23 → 31: φᴵ r1
[0;31m│  [0m   ▼
[0;31m│[0;32m╭─►[0mBlock b3 peeled (effects:)
[0;31m│[0;32m│ [0m  [0m30: φᴵ r0 (n22, n40), 3 uses
[0;31m│[0;32m│ [0m  [0m31: φᴵ r1 (n23, n41), 2 uses
[0;31m│[0;32m│ [0m[0;34m   8 : 79 f8 04          TestLessThan r1, EmbeddedFeedback[4]
[m[0;31m│[0;32m│ [0m      ↱ eager @8 (6 live vars)
[0;31m│[0;32m│ [0m  [0m32: CheckedSmiSizedInt32 [n31], 5 uses, cannot truncate to int32
[0;31m│[0;32m│ [0m  [0m33: Int32Compare[LessThan] [n32, n12], 0 uses 🪦
[0;31m│[0;32m│ [0m[0;34m  11 : a8 17             JumpIfFalse [23]
[m[0;31m│[0;32m│[0;33m╭──[0m34: BranchIfInt32Compare(LessThan) [n32, n12] b4 b5
[0;31m│[0;32m│[0;33m│[0m   ↓
[0;31m│[0;32m│[0;33m│ [0mBlock b4
[0;31m│[0;32m│[0;33m│[0m[0;34m  15 : 35 03 02          GetKeyedProperty a0, FBV[2]
[m[0;31m│[0;32m│[0;33m│[0m      ↱ eager @8 (6 live vars)
[0;31m│[0;32m│[0;33m│[0m  [0m35: CheckInt32Condition[UnsignedLessThan, OutOfBounds] [n32, n12]
[0;31m│[0;32m│[0;33m│[0m  [0m36: LoadFixedArrayElement(compressed), Unknown [n17, n32], 2 uses
[0;31m│[0;32m│[0;33m│[0m      ↱ eager @8 (6 live vars)
[0;31m│[0;32m│[0;33m│[0m  [0m37: CheckNotHole [n36]
[0;31m│[0;32m│[0;33m│[0m[0;34m  18 : 42 f9 01          Add r0, EmbeddedFeedback[1]
[m[0;31m│[0;32m│[0;33m│[0m      ↱ eager @8 (6 live vars)
[0;31m│[0;32m│[0;33m│[0m  [0m38: CheckedSmiSizedInt32 [n30], 1 uses, cannot truncate to int32
[0;31m│[0;32m│[0;33m│[0m  [0m39: UnsafeSmiUntag [n36], 1 uses, cannot truncate to int32
[0;31m│[0;32m│[0;33m│[0m      ↱ eager @8 (6 live vars)
[0;31m│[0;32m│[0;33m│[0m  [0m40: Int32AddWithOverflow [n38, n39], 3 uses, can truncate to int32 [-2147483648, 2147483647]
[0;31m│[0;32m│[0;33m│[0m[0;34m  27 : 5b 04             Inc FBV[4]
[m[0;31m│[0;32m│[0;33m│[0m      ↱ eager @8 (6 live vars)
[0;31m│[0;32m│[0;33m│[0m  [0m41: Int32IncrementWithOverflow [n32], 3 uses, cannot truncate to int32
[0;31m│[0;32m│[0;33m│[0m[0;34m  30 : 97 1a 00 05       JumpLoop [26], [0], FBV[5]
[m[0;31m│[0;32m│[0;33m│[0m  [0m42: ReduceInterruptBudgetForLoop(20) [n24]
[0;31m│[0;32m│[0;33m│[0m      ↳ lazy @30 (5 live vars)
[0;31m│[0;32m│[0;33m│[0m  [0m44: Int32ToNumber[kCanonicalizeSmi] [n40], 0 uses 🪦
[0;31m│[0;32m│[0;33m│[0m  [0m45: Int32ToNumber[kCanonicalizeSmi] [n41], 0 uses 🪦
[0;31m│[0;32m│[0;33m│[0m      ↱ eager @8 (6 live vars)
[0;31m│[0;32m╰─◄─[0m43: JumpLoop b3
[0;31m│ [0;33m│[0m      with gap moves:
[0;31m│ [0;33m│[0m        - n40 → 30: φᴵ r0
[0;31m│ [0;33m│[0m        - n41 → 31: φᴵ r1
[0;31m│ [0;33m│[0m
[0;31m│ [0;33m╰►[0mBlock b5
[0;31m│  [0m  [0m51: Int32ToNumber[kCanonicalizeSmi] [n30], 1 uses
[0;31m│  [0m[1;34m0x09b80101e3e5 <SharedFunctionInfo sum> (0x09b80104a3e5 <String[18]: "workloads/mixed.js">:7:2)
[m[0;31m│  [0m[0;34m  34 : 0b f9             Ldar r0
[m[0;31m│[0;32m╭───[0m46: Jump b7
[0;31m│[0;32m│ [0m      with gap moves:
[0;31m│[0;32m│ [0m        - n51 → 48: φᵀ r0
[0;31m│[0;32m│ [0m
[0;31m╰──►[0mBlock b6
 [0;32m│ [0m  [0m47: Jump b7
 [0;32m│ [0m   │  with gap moves:
 [0;32m│ [0m   │    - n8 → 48: φᵀ r0
 [0;32m│ [0m   ▼
 [0;32m╰─►[0mBlock b7
   [0m  [0m48: φᵀ r0 (n8, n51), 1 uses
   [0m[1;34m0x09b80101e3e5 <SharedFunctionInfo sum> (0x09b80104a3e5 <String[18]: "workloads/mixed.js">:7:11)
[m   [0m[0;34m  36 : b9                Return
[m   [0m  [0m49: ReduceInterruptBudgetForReturn(36) [n24]
   [0m  [0m50: Return [n48]
   [0m

----- AnyUseMarking -----
Graph

   [0m  [0m24: HeapConstant(0x09b80101e4d5 <FeedbackCell[one closure]>) → (x)
   [0m   [0m3: HeapConstant(0x09b80101e52d <JSFunction sum (sfi = 0x9b80101e3e5)>) → (x)
   [0m   [0m4: HeapConstant(0x09b80101e515 <ScriptContext[4]>) → (x)
   [0m   [0m8: SmiConstant(0) → (x)
   [0m  [0m11: Int32Constant(0) → (x)
   [0m  [0m23: Int32Constant(1) → (x)
    [0mBlock b0
   [0m[1;34m0x09b80101e3e5 <SharedFunctionInfo sum> (0x09b80104a3e5 <String[18]: "workloads/mixed.js">:4:12)
[m   [0m[0;34m   0 : 0c                LdaZero
[m   [0m   [0m1: InitialValue(<this>) → (x)
   [0m   [0m2: InitialValue(a0) → (x)
   [0m   [0m6: FunctionEntryStackCheck
   [0m      ↳ lazy @-1 (3 live vars)
   [0m   [0m7: Jump b1
   [0m   ↓
    [0mBlock b1
   [0m[1;34m0x09b80101e3e5 <SharedFunctionInfo sum> (0x09b80104a3e5 <String[18]: "workloads/mixed.js">:6:26)
[m   [0m[0;34m   4 : 33 03 00 00       GetNamedProperty a0, [0:"length"], FBV[0]
[m   [0m      ↱ eager @4 (5 live vars)
   [0m   [0m9: CheckMaps(0x09b80100cf85 <Map[16](HOLEY_SMI_ELEMENTS)>, 0x09b80100c90d <Map[16](PACKED_SMI_ELEMENTS)>, check heapobj) [v0/n2:(x)]
   [0m  [0m10: LoadTaggedField(0xc: 0x09b800000e39 <String[6]: #length>, compressed, Smi) [v0/n2:(x)] → (x)
   [0m[1;34m0x09b80101e3e5 <SharedFunctionInfo sum> (0x09b80104a3e5 <String[18]: "workloads/mixed.js">:6:20)
[m   [0m[0;34m   8 : 79 f8 04          TestLessThan r1, EmbeddedFeedback[4]
[m   [0m  [0m12: UnsafeSmiUntag [v0/n10:(x)] → (x)
   [0m[0;34m  11 : a8 17             JumpIfFalse [23]
[m[0;31m╭────[0m14: BranchIfInt32Compare(LessThan) [v0/n11:(x), v0/n12:(x)] b2 b6
[0;31m│  [0m   ↓
[0;31m│   [0mBlock b2
[0;31m│  [0m[1;34m0x09b80101e3e5 <SharedFunctionInfo sum> (0x09b80104a3e5 <String[18]: "workloads/mixed.js">:6:47)
[m[0;31m│  [0m[0;34m  15 : 35 03 02          GetKeyedProperty a0, FBV[2]
[m[0;31m│  [0m  [0m17: LoadTaggedField(0x8: Elements, compressed, AnyHeapObject) [v0/n2:(x)] → (x)
[0;31m│  [0m      ↱ eager @4 (5 live vars)
[0;31m│  [0m  [0m18: CheckInt32Condition[UnsignedLessThan, OutOfBounds] [v0/n11:(x), v0/n12:(x)]
[0;31m│  [0m  [0m19: LoadTaggedField(0x8, compressed) [v0/n17:(x)] → (x)
[0;31m│  [0m      ↱ eager @4 (5 live vars)
[0;31m│  [0m  [0m20: CheckNotHole [v0/n19:(x)]
[0;31m│  [0m[0;34m  18 : 42 f9 01          Add r0, EmbeddedFeedback[1]
[m[0;31m│  [0m  [0m21: UnsafeSmiUntag [v0/n19:(x)] → (x)
[0;31m│  [0m      ↱ eager @4 (5 live vars)
[0;31m│  [0m  [0m22: Int32AddWithOverflow [v0/n21:(x), v0/n11:(x)] → (x)
[0;31m│  [0m[1;34m0x09b80101e3e5 <SharedFunctionInfo sum> (0x09b80104a3e5 <String[18]: "workloads/mixed.js">:6:2)
[m[0;31m│  [0m[0;34m  30 : 97 1a 00 05       JumpLoop [26], [0], FBV[5]
[m[0;31m│  [0m  [0m25: ReduceInterruptBudgetForLoop(20) [v0/n24:(x)]
[0;31m│  [0m      ↳ lazy @30 (5 live vars)
[0;31m│  [0m  [0m27: Jump b3
[0;31m│  [0m   │  with gap moves:
[0;31m│  [0m   │    - v0/n22:(x) → 30: φᴵ r0 (x)
[0;31m│  [0m   │    - v0/n23:(x) → 31: φᴵ r1 (x)
[0;31m│  [0m   ▼
[0;31m│[0;32m╭─►[0mBlock b3 peeled (effects:)
[0;31m│[0;32m│ [0m  [0m30: φᴵ r0 (n22, n40) → (x)
[0;31m│[0;32m│ [0m  [0m31: φᴵ r1 (n23, n41) → (x)
[0;31m│[0;32m│ [0m[0;34m   8 : 79 f8 04          TestLessThan r1, EmbeddedFeedback[4]
[m[0;31m│[0;32m│ [0m      ↱ eager @8 (6 live vars)
[0;31m│[0;32m│ [0m  [0m32: CheckedSmiSizedInt32 [v0/n31:(x)] → (x)
[0;31m│[0;32m│ [0m[0;34m  11 : a8 17             JumpIfFalse [23]
[m[0;31m│[0;32m│[0;33m╭──[0m34: BranchIfInt32Compare(LessThan) [v0/n32:(x), v0/n12:(x)] b4 b5
[0;31m│[0;32m│[0;33m│[0m   ↓
[0;31m│[0;32m│[0;33m│ [0mBlock b4
[0;31m│[0;32m│[0;33m│[0m[0;34m  15 : 35 03 02          GetKeyedProperty a0, FBV[2]
[m[0;31m│[0;32m│[0;33m│[0m      ↱ eager @8 (6 live vars)
[0;31m│[0;32m│[0;33m│[0m  [0m35: CheckInt32Condition[UnsignedLessThan, OutOfBounds] [v0/n32:(x), v0/n12:(x)]
[0;31m│[0;32m│[0;33m│[0m  [0m36: LoadFixedArrayElement(compressed), Unknown [v0/n17:(x), v0/n32:(x)] → (x)
[0;31m│[0;32m│[0;33m│[0m      ↱ eager @8 (6 live vars)
[0;31m│[0;32m│[0;33m│[0m  [0m37: CheckNotHole [v0/n36:(x)]
[0;31m│[0;32m│[0;33m│[0m[0;34m  18 : 42 f9 01          Add r0, EmbeddedFeedback[1]
[m[0;31m│[0;32m│[0;33m│[0m      ↱ eager @8 (6 live vars)
[0;31m│[0;32m│[0;33m│[0m  [0m38: CheckedSmiSizedInt32 [v0/n30:(x)] → (x)
[0;31m│[0;32m│[0;33m│[0m  [0m39: UnsafeSmiUntag [v0/n36:(x)] → (x)
[0;31m│[0;32m│[0;33m│[0m      ↱ eager @8 (6 live vars)
[0;31m│[0;32m│[0;33m│[0m  [0m40: Int32AddWithOverflow [v0/n38:(x), v0/n39:(x)] → (x)
[0;31m│[0;32m│[0;33m│[0m[0;34m  27 : 5b 04             Inc FBV[4]
[m[0;31m│[0;32m│[0;33m│[0m      ↱ eager @8 (6 live vars)
[0;31m│[0;32m│[0;33m│[0m  [0m41: Int32IncrementWithOverflow [v0/n32:(x)] → (x)
[0;31m│[0;32m│[0;33m│[0m[0;34m  30 : 97 1a 00 05       JumpLoop [26], [0], FBV[5]
[m[0;31m│[0;32m│[0;33m│[0m  [0m42: ReduceInterruptBudgetForLoop(20) [v0/n24:(x)]
[0;31m│[0;32m│[0;33m│[0m      ↳ lazy @30 (5 live vars)
[0;31m│[0;32m│[0;33m│[0m      ↱ eager @8 (6 live vars)
[0;31m│[0;32m╰─◄─[0m43: JumpLoop b3
[0;31m│ [0;33m│[0m      with gap moves:
[0;31m│ [0;33m│[0m        - v0/n40:(x) → 30: φᴵ r0 (x)
[0;31m│ [0;33m│[0m        - v0/n41:(x) → 31: φᴵ r1 (x)
[0;31m│ [0;33m│[0m
[0;31m│ [0;33m╰►[0mBlock b5
[0;31m│  [0m  [0m51: Int32ToNumber[kCanonicalizeSmi] [v0/n30:(x)] → (x)
[0;31m│  [0m[1;34m0x09b80101e3e5 <SharedFunctionInfo sum> (0x09b80104a3e5 <String[18]: "workloads/mixed.js">:7:2)
[m[0;31m│  [0m[0;34m  34 : 0b f9             Ldar r0
[m[0;31m│[0;32m╭───[0m46: Jump b7
[0;31m│[0;32m│ [0m      with gap moves:
[0;31m│[0;32m│ [0m        - v0/n51:(x) → 48: φᵀ r0 (x)
[0;31m│[0;32m│ [0m
[0;31m╰──►[0mBlock b6
 [0;32m│ [0m  [0m47: Jump b7
 [0;32m│ [0m   │  with gap moves:
 [0;32m│ [0m   │    - v0/n8:(x) → 48: φᵀ r0 (x)
 [0;32m│ [0m   ▼
 [0;32m╰─►[0mBlock b7
   [0m  [0m48: φᵀ r0 (n8, n51) (compressed) → (x)
   [0m[1;34m0x09b80101e3e5 <SharedFunctionInfo sum> (0x09b80104a3e5 <String[18]: "workloads/mixed.js">:7:11)
[m   [0m[0;34m  36 : b9                Return
[m   [0m  [0m49: ReduceInterruptBudgetForReturn(36) [v0/n24:(x)]
   [0m  [0m50: Return [v0/n48:(x)]
   [0m

----- Dead nodes sweeping -----
Graph

   [0m   [0m1/24: HeapConstant(0x09b80101e4d5 <FeedbackCell[one closure]>) → v-1, live range: [1-40]
   [0m    [0m2/3: HeapConstant(0x09b80101e52d <JSFunction sum (sfi = 0x9b80101e3e5)>) → v-1, live range: [2-35]
   [0m    [0m3/4: HeapConstant(0x09b80101e515 <ScriptContext[4]>) → v-1, live range: [3-35]
   [0m    [0m4/8: SmiConstant(0) → v-1, live range: [4-38]
   [0m   [0m5/11: Int32Constant(0) → v-1, live range: [5-20]
   [0m   [0m6/23: Int32Constant(1) → v-1, live range: [6-22]
    [0mBlock b0
   [0m[1;34m0x09b80101e3e5 <SharedFunctionInfo sum> (0x09b80104a3e5 <String[18]: "workloads/mixed.js">:4:12)
[m   [0m[0;34m   0 : 0c                LdaZero
[m   [0m    [0m7/1: InitialValue(<this>) → v-1(=-6S), live range: [7-35]
   [0m    [0m8/2: InitialValue(a0) → v-1(=-7S), live range: [8-35]
   [0m    [0m9/6: FunctionEntryStackCheck
   [0m         ↳ lazy @-1 (3 live vars)
   [0m   [0m10/7: Jump b1
   [0m      ↓
    [0mBlock b1
   [0m[1;34m0x09b80101e3e5 <SharedFunctionInfo sum> (0x09b80104a3e5 <String[18]: "workloads/mixed.js">:6:26)
[m   [0m[0;34m   4 : 33 03 00 00       GetNamedProperty a0, [0:"length"], FBV[0]
[m   [0m         ↱ eager @4 (5 live vars)
   [0m   [0m11/9: CheckMaps(0x09b80100cf85 <Map[16](HOLEY_SMI_ELEMENTS)>, 0x09b80100c90d <Map[16](PACKED_SMI_ELEMENTS)>, check heapobj) [v8/n2:v-1(R)]
   [0m  [0m12/10: LoadTaggedField(0xc: 0x09b800000e39 <String[6]: #length>, compressed, Smi) [v8/n2:v-1(R)] → v-1(R), live range: [12-35]
   [0m[1;34m0x09b80101e3e5 <SharedFunctionInfo sum> (0x09b80104a3e5 <String[18]: "workloads/mixed.js">:6:20)
[m   [0m[0;34m   8 : 79 f8 04          TestLessThan r1, EmbeddedFeedback[4]
[m   [0m  [0m13/12: UnsafeSmiUntag [v12/n10:v-1(R)] → v-1(0), live range: [13-35]
   [0m[0;34m  11 : a8 17             JumpIfFalse [23]
[m[0;31m╭────[0m14/14: BranchIfInt32Compare(LessThan) [v5/n11:v-1(R), v13/n12:v-1(R)] b2 b6
[0;31m│  [0m      ↓
[0;31m│   [0mBlock b2
[0;31m│  [0m[1;34m0x09b80101e3e5 <SharedFunctionInfo sum> (0x09b80104a3e5 <String[18]: "workloads/mixed.js">:6:47)
[m[0;31m│  [0m[0;34m  15 : 35 03 02          GetKeyedProperty a0, FBV[2]
[m[0;31m│  [0m  [0m15/17: LoadTaggedField(0x8: Elements, decompressed, AnyHeapObject) [v8/n2:v-1(R)] → v-1(R), live range: [15-35]
[0;31m│  [0m         ↱ eager @4 (5 live vars)
[0;31m│  [0m  [0m16/18: CheckInt32Condition[UnsignedLessThan, OutOfBounds] [v5/n11:v-1(R), v13/n12:v-1(R)]
[0;31m│  [0m  [0m17/19: LoadTaggedField(0x8, decompressed) [v15/n17:v-1(R)] → v-1(R), live range: [17-19]
[0;31m│  [0m         ↱ eager @4 (5 live vars)
[0;31m│  [0m  [0m18/20: CheckNotHole [v17/n19:v-1(R)]
[0;31m│  [0m[0;34m  18 : 42 f9 01          Add r0, EmbeddedFeedback[1]
[m[0;31m│  [0m  [0m19/21: UnsafeSmiUntag [v17/n19:v-1(R)] → v-1(0), live range: [19-20]
[0;31m│  [0m         ↱ eager @4 (5 live vars)
[0;31m│  [0m  [0m20/22: Int32AddWithOverflow [v19/n21:v-1(R), v5/n11:v-1(*)] → v-1(R), live range: [20-22]
[0;31m│  [0m[1;34m0x09b80101e3e5 <SharedFunctionInfo sum> (0x09b80104a3e5 <String[18]: "workloads/mixed.js">:6:2)
[m[0;31m│  [0m[0;34m  30 : 97 1a 00 05       JumpLoop [26], [0], FBV[5]
[m[0;31m│  [0m  [0m21/25: ReduceInterruptBudgetForLoop(20) [v1/n24:v-1(R)]
[0;31m│  [0m         ↳ lazy @30 (5 live vars)
[0;31m│  [0m  [0m22/27: Jump b3
[0;31m│  [0m      │  with gap moves:
[0;31m│  [0m      │    - v20/n22:v-1(*) → 30: φᴵ r0 v-1(*)
[0;31m│  [0m      │    - v6/n23:v-1(*) → 31: φᴵ r1 v-1(*)
[0;31m│  [0m      ▼
[0;31m│[0;32m╭─►[0mBlock b3 peeled (effects:)
[0;31m│[0;32m│ [0m  [0m23/30: φᴵ r0 (n22, n40) → v-1(*), live range: [23-36]
[0;31m│[0;32m│ [0m  [0m24/31: φᴵ r1 (n23, n41) → v-1(*), live range: [24-33]
[0;31m│[0;32m│ [0m[0;34m   8 : 79 f8 04          TestLessThan r1, EmbeddedFeedback[4]
[m[0;31m│[0;32m│ [0m         ↱ eager @8 (6 live vars)
[0;31m│[0;32m│ [0m  [0m25/32: CheckedSmiSizedInt32 [v24/n31:v-1(R)] → v-1(0), live range: [25-33]
[0;31m│[0;32m│ [0m[0;34m  11 : a8 17             JumpIfFalse [23]
[m[0;31m│[0;32m│[0;33m╭──[0m26/34: BranchIfInt32Compare(LessThan) [v25/n32:v-1(R), v13/n12:v-1(R)] b4 b5
[0;31m│[0;32m│[0;33m│[0m      ↓
[0;31m│[0;32m│[0;33m│ [0mBlock b4
[0;31m│[0;32m│[0;33m│[0m[0;34m  15 : 35 03 02          GetKeyedProperty a0, FBV[2]
[m[0;31m│[0;32m│[0;33m│[0m         ↱ eager @8 (6 live vars)
[0;31m│[0;32m│[0;33m│[0m  [0m27/35: CheckInt32Condition[UnsignedLessThan, OutOfBounds] [v25/n32:v-1(R), v13/n12:v-1(R)]
[0;31m│[0;32m│[0;33m│[0m  [0m28/36: LoadFixedArrayElement(decompressed), Unknown [v15/n17:v-1(R), v25/n32:v-1(R)] → v-1(R), live range: [28-31]
[0;31m│[0;32m│[0;33m│[0m         ↱ eager @8 (6 live vars)
[0;31m│[0;32m│[0;33m│[0m  [0m29/37: CheckNotHole [v28/n36:v-1(R)]
[0;31m│[0;32m│[0;33m│[0m[0;34m  18 : 42 f9 01          Add r0, EmbeddedFeedback[1]
[m[0;31m│[0;32m│[0;33m│[0m         ↱ eager @8 (6 live vars)
[0;31m│[0;32m│[0;33m│[0m  [0m30/38: CheckedSmiSizedInt32 [v23/n30:v-1(R)] → v-1(0), live range: [30-32]
[0;31m│[0;32m│[0;33m│[0m  [0m31/39: UnsafeSmiUntag [v28/n36:v-1(R)] → v-1(0), live range: [31-32]
[0;31m│[0;32m│[0;33m│[0m         ↱ eager @8 (6 live vars)
[0;31m│[0;32m│[0;33m│[0m  [0m32/40: Int32AddWithOverflow [v30/n38:v-1(R), v31/n39:v-1(R)] → v-1(R), live range: [32-35]
[0;31m│[0;32m│[0;33m│[0m[0;34m  27 : 5b 04             Inc FBV[4]
[m[0;31m│[0;32m│[0;33m│[0m         ↱ eager @8 (6 live vars)
[0;31m│[0;32m│[0;33m│[0m  [0m33/41: Int32IncrementWithOverflow [v25/n32:v-1(R)] → v-1(R), live range: [33-35]
[0;31m│[0;32m│[0;33m│[0m[0;34m  30 : 97 1a 00 05       JumpLoop [26], [0], FBV[5]
[m[0;31m│[0;32m│[0;33m│[0m  [0m34/42: ReduceInterruptBudgetForLoop(20) [v1/n24:v-1(R)]
[0;31m│[0;32m│[0;33m│[0m         ↳ lazy @30 (5 live vars)
[0;31m│[0;32m│[0;33m│[0m         ↱ eager @8 (6 live vars)
[0;31m│[0;32m╰─◄─[0m35/43: JumpLoop b3
[0;31m│ [0;33m│[0m         with gap moves:
[0;31m│ [0;33m│[0m           - v32/n40:v-1(*) → 30: φᴵ r0 v-1(*)
[0;31m│ [0;33m│[0m           - v33/n41:v-1(*) → 31: φᴵ r1 v-1(*)
[0;31m│ [0;33m│[0m
[0;31m│ [0;33m╰►[0mBlock b5
[0;31m│  [0m  [0m36/51: Int32ToNumber[kCanonicalizeSmi] [v23/n30:v-1(R)] → v-1(R), live range: [36-37]
[0;31m│  [0m[1;34m0x09b80101e3e5 <SharedFunctionInfo sum> (0x09b80104a3e5 <String[18]: "workloads/mixed.js">:7:2)
[m[0;31m│  [0m[0;34m  34 : 0b f9             Ldar r0
[m[0;31m│[0;32m╭───[0m37/46: Jump b7
[0;31m│[0;32m│ [0m         with gap moves:
[0;31m│[0;32m│ [0m           - v36/n51:v-1(*) → 48: φᵀ r0 v-1(*)
[0;31m│[0;32m│ [0m
[0;31m╰──►[0mBlock b6
 [0;32m│ [0m  [0m38/47: Jump b7
 [0;32m│ [0m      │  with gap moves:
 [0;32m│ [0m      │    - v4/n8:v-1(*) → 48: φᵀ r0 v-1(*)
 [0;32m│ [0m      ▼
 [0;32m╰─►[0mBlock b7
   [0m  [0m39/48: φᵀ r0 (n8, n51) → v-1(*), live range: [39-41]
   [0m[1;34m0x09b80101e3e5 <SharedFunctionInfo sum> (0x09b80104a3e5 <String[18]: "workloads/mixed.js">:7:11)
[m   [0m[0;34m  36 : b9                Return
[m   [0m  [0m40/49: ReduceInterruptBudgetForReturn(36) [v1/n24:v-1(R)]
   [0m  [0m41/50: Return [v39/n48:v-1(=x0)]
   [0m

----- Register allocation -----
Graph

   [0m   [0m1/24: HeapConstant(0x09b80101e4d5 <FeedbackCell[one closure]>) → v-1, live range: [1-40]
   [0m    [0m2/3: HeapConstant(0x09b80101e52d <JSFunction sum (sfi = 0x9b80101e3e5)>) → v-1, live range: [2-35]
   [0m    [0m3/4: HeapConstant(0x09b80101e515 <ScriptContext[4]>) → v-1, live range: [3-35]
   [0m    [0m4/8: SmiConstant(0) → v-1, live range: [4-38]
   [0m   [0m5/11: Int32Constant(0) → v-1, live range: [5-20]
   [0m   [0m6/23: Int32Constant(1) → v-1, live range: [6-22]
    [0mBlock b0
   [0m[1;34m0x09b80101e3e5 <SharedFunctionInfo sum> (0x09b80104a3e5 <String[18]: "workloads/mixed.js">:4:12)
[m   [0m[0;34m   0 : 0c                LdaZero
[m   [0m    [0m7/1: InitialValue(<this>) → [stack:-6|t], live range: [7-35]
   [0m    [0m8/2: InitialValue(a0) → [stack:-7|t], live range: [8-35]
   [0m    [0m9/6: FunctionEntryStackCheck
   [0m         ↳ lazy @-1 (3 live vars)
   [0m   [0m10/7: Jump b1
   [0m      ↓
    [0mBlock b1
   [0m     [0m52: GapMove([stack:-7|t] → [x0|R|t])
   [0m[1;34m0x09b80101e3e5 <SharedFunctionInfo sum> (0x09b80104a3e5 <String[18]: "workloads/mixed.js">:6:26)
[m   [0m[0;34m   4 : 33 03 00 00       GetNamedProperty a0, [0:"length"], FBV[0]
[m   [0m         ↱ eager @4 (5 live vars)
   [0m   [0m11/9: CheckMaps(0x09b80100cf85 <Map[16](HOLEY_SMI_ELEMENTS)>, 0x09b80100c90d <Map[16](PACKED_SMI_ELEMENTS)>, check heapobj) [v8/n2:[x0|R|t]]
   [0m  [0m12/10: LoadTaggedField(0xc: 0x09b800000e39 <String[6]: #length>, compressed, Smi) [v8/n2:[x0|R|t]] → [x1|R|t] (spilled: [stack:0|t]), live range: [12-35]
   [0m     [0m53: GapMove([x1|R|t] → [x2|R|t])
   [0m[1;34m0x09b80101e3e5 <SharedFunctionInfo sum> (0x09b80104a3e5 <String[18]: "workloads/mixed.js">:6:20)
[m   [0m[0;34m   8 : 79 f8 04          TestLessThan r1, EmbeddedFeedback[4]
[m   [0m  [0m13/12: UnsafeSmiUntag [v12/n10:[x1|R|t]] → [x1|R|w32], live range: [13-35]
   [0m     [0m54: ConstantGapMove(n11 → [x3|R|w32])
   [0m[0;34m  11 : a8 17             JumpIfFalse [23]
[m[0;31m╭────[0m14/14: BranchIfInt32Compare(LessThan) [v5/n11:[x3|R|w32], v13/n12:[x1|R|w32]] b2 b6
[0;31m│  [0m      ↓
[0;31m│   [0mBlock b2
[0;31m│  [0m[1;34m0x09b80101e3e5 <SharedFunctionInfo sum> (0x09b80104a3e5 <String[18]: "workloads/mixed.js">:6:47)
[m[0;31m│  [0m[0;34m  15 : 35 03 02          GetKeyedProperty a0, FBV[2]
[m[0;31m│  [0m  [0m15/17: LoadTaggedField(0x8: Elements, decompressed, AnyHeapObject) [v8/n2:[x0|R|t]] → [x4|R|t], live range: [15-35]
[0;31m│  [0m         ↱ eager @4 (5 live vars)
[0;31m│  [0m  [0m16/18: CheckInt32Condition[UnsignedLessThan, OutOfBounds] [v5/n11:[x3|R|w32], v13/n12:[x1|R|w32]]
[0;31m│  [0m  [0m17/19: LoadTaggedField(0x8, decompressed) [v15/n17:[x4|R|t]] → [x5|R|t], live range: [17-19]
[0;31m│  [0m         ↱ eager @4 (5 live vars)
[0;31m│  [0m  [0m18/20: CheckNotHole [v17/n19:[x5|R|t]]
[0;31m│  [0m[0;34m  18 : 42 f9 01          Add r0, EmbeddedFeedback[1]
[m[0;31m│  [0m  [0m19/21: UnsafeSmiUntag [v17/n19:[x5|R|t]] → [x5|R|w32], live range: [19-20]
[0;31m│  [0m         ↱ eager @4 (5 live vars)
[0;31m│  [0m  [0m20/22: Int32AddWithOverflow [v19/n21:[x5|R|w32], v5/n11:[x3|R|w32]] → [x6|R|w32] (spilled: [stack:0|w32]), live range: [20-22]
[0;31m│  [0m     [0m55: ConstantGapMove(n24 → [x3|R|t])
[0;31m│  [0m[1;34m0x09b80101e3e5 <SharedFunctionInfo sum> (0x09b80104a3e5 <String[18]: "workloads/mixed.js">:6:2)
[m[0;31m│  [0m[0;34m  30 : 97 1a 00 05       JumpLoop [26], [0], FBV[5]
[m[0;31m│  [0m  [0m21/25: ReduceInterruptBudgetForLoop(20) [v1/n24:[x3|R|t]]
[0;31m│  [0m         ↳ lazy @30 (5 live vars)
[0;31m│  [0m  [0m22/27: Jump b3
[0;31m│  [0m      │  with gap moves:
[0;31m│  [0m      │    - v20/n22:[x6|R|w32] → 30: φᴵ r0 [x6|R|w32]
[0;31m│  [0m      │    - v6/n23:[constant:v-1] → 31: φᴵ r1 [x0|R|w32]
[0;31m│  [0m      │  with register merges:
[0;31m│  [0m      ▼
[0;31m│[0;32m╭─►[0mBlock b3 peeled (effects:)
[0;31m│[0;32m│ [0m  [0m23/30: φᴵ r0 (n22, n40) → [x6|R|w32], live range: [23-36]
[0;31m│[0;32m│ [0m  [0m24/31: φᴵ r1 (n23, n41) → [x0|R|w32], live range: [24-33]
[0;31m│[0;32m│ [0m     [0m56: GapMove([x0|R|w32] → [x2|R|w32])
[0;31m│[0;32m│ [0m[0;34m   8 : 79 f8 04          TestLessThan r1, EmbeddedFeedback[4]
[m[0;31m│[0;32m│ [0m         ↱ eager @8 (6 live vars)
[0;31m│[0;32m│ [0m  [0m25/32: CheckedSmiSizedInt32 [v24/n31:[x0|R|w32]] → [x0|R|w32], live range: [25-33]
[0;31m│[0;32m│ [0m[0;34m  11 : a8 17             JumpIfFalse [23]
[m[0;31m│[0;32m│[0;33m╭──[0m26/34: BranchIfInt32Compare(LessThan) [v25/n32:[x0|R|w32], v13/n12:[x1|R|w32]] b4 b5
[0;31m│[0;32m│[0;33m│[0m      ↓
[0;31m│[0;32m│[0;33m│ [0mBlock b4
[0;31m│[0;32m│[0;33m│[0m[0;34m  15 : 35 03 02          GetKeyedProperty a0, FBV[2]
[m[0;31m│[0;32m│[0;33m│[0m         ↱ eager @8 (6 live vars)
[0;31m│[0;32m│[0;33m│[0m  [0m27/35: CheckInt32Condition[UnsignedLessThan, OutOfBounds] [v25/n32:[x0|R|w32], v13/n12:[x1|R|w32]]
[0;31m│[0;32m│[0;33m│[0m  [0m28/36: LoadFixedArrayElement(decompressed), Unknown [v15/n17:[x4|R|t], v25/n32:[x0|R|w32]] → [x5|R|t], live range: [28-31]
[0;31m│[0;32m│[0;33m│[0m         ↱ eager @8 (6 live vars)
[0;31m│[0;32m│[0;33m│[0m  [0m29/37: CheckNotHole [v28/n36:[x5|R|t]]
[0;31m│[0;32m│[0;33m│[0m     [0m57: GapMove([x6|R|w32] → [x7|R|w32])
[0;31m│[0;32m│[0;33m│[0m[0;34m  18 : 42 f9 01          Add r0, EmbeddedFeedback[1]
[m[0;31m│[0;32m│[0;33m│[0m         ↱ eager @8 (6 live vars)
[0;31m│[0;32m│[0;33m│[0m  [0m30/38: CheckedSmiSizedInt32 [v23/n30:[x6|R|w32]] → [x6|R|w32], live range: [30-32]
[0;31m│[0;32m│[0;33m│[0m  [0m31/39: UnsafeSmiUntag [v28/n36:[x5|R|t]] → [x5|R|w32], live range: [31-32]
[0;31m│[0;32m│[0;33m│[0m         ↱ eager @8 (6 live vars)
[0;31m│[0;32m│[0;33m│[0m  [0m32/40: Int32AddWithOverflow [v30/n38:[x6|R|w32], v31/n39:[x5|R|w32]] → [x8|R|w32] (spilled: [stack:1|w32]), live range: [32-35]
[0;31m│[0;32m│[0;33m│[0m[0;34m  27 : 5b 04             Inc FBV[4]
[m[0;31m│[0;32m│[0;33m│[0m         ↱ eager @8 (6 live vars)
[0;31m│[0;32m│[0;33m│[0m  [0m33/41: Int32IncrementWithOverflow [v25/n32:[x0|R|w32]] → [x5|R|w32] (spilled: [stack:2|w32]), live range: [33-35]
[0;31m│[0;32m│[0;33m│[0m[0;34m  30 : 97 1a 00 05       JumpLoop [26], [0], FBV[5]
[m[0;31m│[0;32m│[0;33m│[0m  [0m34/42: ReduceInterruptBudgetForLoop(20) [v1/n24:[x3|R|t]]
[0;31m│[0;32m│[0;33m│[0m         ↳ lazy @30 (5 live vars)
[0;31m│[0;32m│[0;33m│[0m         ↱ eager @8 (6 live vars)
[0;31m│[0;32m╰─◄─[0m35/43: JumpLoop b3
[0;31m│ [0;33m│[0m         with gap moves:
[0;31m│ [0;33m│[0m           - v32/n40:[x8|R|w32] → 30: φᴵ r0 [x6|R|w32]
[0;31m│ [0;33m│[0m           - v33/n41:[x5|R|w32] → 31: φᴵ r1 [x0|R|w32]
[0;31m│ [0;33m│[0m         with register merges:
[0;31m│ [0;33m│[0m
[0;31m│ [0;33m╰►[0mBlock b5
[0;31m│  [0m  [0m36/51: Int32ToNumber[kCanonicalizeSmi] [v23/n30:[x6|R|w32]] → [x0|R|t], live range: [36-37]
[0;31m│  [0m[1;34m0x09b80101e3e5 <SharedFunctionInfo sum> (0x09b80104a3e5 <String[18]: "workloads/mixed.js">:7:2)
[m[0;31m│  [0m[0;34m  34 : 0b f9             Ldar r0
[m[0;31m│[0;32m╭───[0m37/46: Jump b7
[0;31m│[0;32m│ [0m         with gap moves:
[0;31m│[0;32m│ [0m           - v36/n51:[x0|R|t] → 48: φᵀ r0 [x0|R|t]
[0;31m│[0;32m│ [0m         with register merges:
[0;31m│[0;32m│ [0m           - [x3|R|t] → x3
[0;31m│[0;32m│ [0m
[0;31m╰──►[0mBlock b6
 [0;32m│ [0m  [0m38/47: Jump b7
 [0;32m│ [0m      │  with gap moves:
 [0;32m│ [0m      │    - v4/n8:[constant:v-1] → 48: φᵀ r0 [x0|R|t]
 [0;32m│ [0m      │  with register merges:
 [0;32m│ [0m      │    - [constant:v-1] → x3
 [0;32m│ [0m      ▼
 [0;32m╰─►[0mBlock b7
   [0m  [0m39/48: φᵀ r0 (n8, n51) (decompressed) → [x0|R|t], live range: [39-41]
   [0m[1;34m0x09b80101e3e5 <SharedFunctionInfo sum> (0x09b80104a3e5 <String[18]: "workloads/mixed.js">:7:11)
[m   [0m[0;34m  36 : b9                Return
[m   [0m  [0m40/49: ReduceInterruptBudgetForReturn(36) [v1/n24:[x3|R|t]]
   [0m  [0m41/50: Return [v39/n48:[x0|R|t]]
   [0m
---------------------------------------------------
Finished compiling method sum using Maglev
---------------------------------------------------
Begin compiling method flipflop using Maglev
Compiling 0x09b80101e595 <JSFunction flipflop (sfi = 0x9b80101e445)> with Maglev
----- Bytecode array -----
Parameter count 2
Register count 0
Frame size 0
  581 S> 0x31a01000360 @    0 : 0b 03             Ldar a0
  590 E> 0x31a01000362 @    2 : 51 02 01          MulSmi [2], EmbeddedFeedback[1]
  594 E> 0x31a01000365 @    5 : 4f 01 01          AddSmi [1], EmbeddedFeedback[1]
  598 S> 0x31a01000368 @    8 : b9                Return
Constant pool (size = 0)
Handler Table (size = 0)
Source Position Table (size = 11)
0x031a0100036d <Other heap object (TRUSTED_BYTE_ARRAY_TYPE)>
0x9b80101e8a9: [FeedbackVector] in OldSpace
 - map: 0x09b800000895 <Map(FEEDBACK_VECTOR_TYPE)>
 - length: 0 (empty)

----- Maglev graph building -----
Graph

[0m  [0m12: HeapConstant(0x09b80101e4f5 <FeedbackCell[one closure]>), 1 uses
[0m   [0m3: HeapConstant(0x09b80101e595 <JSFunction flipflop (sfi = 0x9b80101e445)>), 2 uses
[0m   [0m4: HeapConstant(0x09b80101e515 <ScriptContext[4]>), 2 uses
[0m   [0m5: RootConstant(undefined_value), 0 uses 🪦
[0m   [0m8: Int32Constant(2), 1 uses, cannot truncate to int32
 [0mBlock b0
[0m[1;34m0x09b80101e445 <SharedFunctionInfo flipflop> (0x09b80104a3e5 <String[18]: "workloads/mixed.js">:17:17)
[m[0m[0;34m   0 : 0b 03             Ldar a0
[m[0m   [0m1: InitialValue(<this>), 2 uses
[0m   [0m2: InitialValue(a0), 4 uses
[0m   [0m6: FunctionEntryStackCheck
[0m      ↳ lazy @-1 (3 live vars)
[0m   [0m7: Jump b1
[0m   ↓
 [0mBlock b1
[0m[1;34m0x09b80101e445 <SharedFunctionInfo flipflop> (0x09b80104a3e5 <String[18]: "workloads/mixed.js">:18:11)
[m[0m[0;34m   2 : 51 02 01          MulSmi [2], EmbeddedFeedback[1]
[m[0m      ↱ eager @2 (4 live vars)
[0m   [0m9: CheckedSmiUntag [n2], 1 uses, cannot truncate to int32
[0m      ↱ eager @2 (4 live vars)
[0m  [0m10: Int32MultiplyWithOverflow [n9, n8], 1 uses, can truncate to int32 [-2147483648, 2147483647]
[0m[1;34m0x09b80101e445 <SharedFunctionInfo flipflop> (0x09b80104a3e5 <String[18]: "workloads/mixed.js">:18:15)
[m[0m[0;34m   5 : 4f 01 01          AddSmi [1], EmbeddedFeedback[1]
[m[0m      ↱ eager @2 (4 live vars)
[0m  [0m11: Int32IncrementWithOverflow [n10], 1 uses, cannot truncate to int32
[0m[1;34m0x09b80101e445 <SharedFunctionInfo flipflop> (0x09b80104a3e5 <String[18]: "workloads/mixed.js">:18:19)
[m[0m[0;34m   8 : b9                Return
[m[0m  [0m13: ReduceInterruptBudgetForReturn(8) [n12]
[0m  [0m14: Int32ToNumber[kCanonicalizeSmi] [n11], 1 uses
[0m  [0m15: Return [n14]
[0m

----- Phi untagging -----
Graph

[0m  [0m12: HeapConstant(0x09b80101e4f5 <FeedbackCell[one closure]>), 1 uses
[0m   [0m3: HeapConstant(0x09b80101e595 <JSFunction flipflop (sfi = 0x9b80101e445)>), 2 uses
[0m   [0m4: HeapConstant(0x09b80101e515 <ScriptContext[4]>), 2 uses
[0m   [0m5: RootConstant(undefined_value), 0 uses 🪦
[0m   [0m8: Int32Constant(2), 1 uses, cannot truncate to int32
 [0mBlock b0
[0m[1;34m0x09b80101e445 <SharedFunctionInfo flipflop> (0x09b80104a3e5 <String[18]: "workloads/mixed.js">:17:17)
[m[0m[0;34m   0 : 0b 03             Ldar a0
[m[0m   [0m1: InitialValue(<this>), 2 uses
[0m   [0m2: InitialValue(a0), 4 uses
[0m   [0m6: FunctionEntryStackCheck
[0m      ↳ lazy @-1 (3 live vars)
[0m   [0m7: Jump b1
[0m   ↓
 [0mBlock b1
[0m[1;34m0x09b80101e445 <SharedFunctionInfo flipflop> (0x09b80104a3e5 <String[18]: "workloads/mixed.js">:18:11)
[m[0m[0;34m   2 : 51 02 01          MulSmi [2], EmbeddedFeedback[1]
[m[0m      ↱ eager @2 (4 live vars)
[0m   [0m9: CheckedSmiUntag [n2], 1 uses, cannot truncate to int32
[0m      ↱ eager @2 (4 live vars)
[0m  [0m10: Int32MultiplyWithOverflow [n9, n8], 1 uses, can truncate to int32 [-2147483648, 2147483647]
[0m[1;34m0x09b80101e445 <SharedFunctionInfo flipflop> (0x09b80104a3e5 <String[18]: "workloads/mixed.js">:18:15)
[m[0m[0;34m   5 : 4f 01 01          AddSmi [1], EmbeddedFeedback[1]
[m[0m      ↱ eager @2 (4 live vars)
[0m  [0m11: Int32IncrementWithOverflow [n10], 1 uses, cannot truncate to int32
[0m[1;34m0x09b80101e445 <SharedFunctionInfo flipflop> (0x09b80104a3e5 <String[18]: "workloads/mixed.js">:18:19)
[m[0m[0;34m   8 : b9                Return
[m[0m  [0m13: ReduceInterruptBudgetForReturn(8) [n12]
[0m  [0m14: Int32ToNumber[kCanonicalizeSmi] [n11], 1 uses
[0m  [0m15: Return [n14]
[0m

----- AnyUseMarking -----
Graph

[0m  [0m12: HeapConstant(0x09b80101e4f5 <FeedbackCell[one closure]>) → (x)
[0m   [0m3: HeapConstant(0x09b80101e595 <JSFunction flipflop (sfi = 0x9b80101e445)>) → (x)
[0m   [0m4: HeapConstant(0x09b80101e515 <ScriptContext[4]>) → (x)
[0m   [0m8: Int32Constant(2) → (x)
 [0mBlock b0
[0m[1;34m0x09b80101e445 <SharedFunctionInfo flipflop> (0x09b80104a3e5 <String[18]: "workloads/mixed.js">:17:17)
[m[0m[0;34m   0 : 0b 03             Ldar a0
[m[0m   [0m1: InitialValue(<this>) → (x)
[0m   [0m2: InitialValue(a0) → (x)
[0m   [0m6: FunctionEntryStackCheck
[0m      ↳ lazy @-1 (3 live vars)
[0m   [0m7: Jump b1
[0m   ↓
 [0mBlock b1
[0m[1;34m0x09b80101e445 <SharedFunctionInfo flipflop> (0x09b80104a3e5 <String[18]: "workloads/mixed.js">:18:11)
[m[0m[0;34m   2 : 51 02 01          MulSmi [2], EmbeddedFeedback[1]
[m[0m      ↱ eager @2 (4 live vars)
[0m   [0m9: CheckedSmiUntag [v0/n2:(x)] → (x)
[0m      ↱ eager @2 (4 live vars)
[0m  [0m10: Int32MultiplyWithOverflow [v0/n9:(x), v0/n8:(x)] → (x)
[0m[1;34m0x09b80101e445 <SharedFunctionInfo flipflop> (0x09b80104a3e5 <String[18]: "workloads/mixed.js">:18:15)
[m[0m[0;34m   5 : 4f 01 01          AddSmi [1], EmbeddedFeedback[1]
[m[0m      ↱ eager @2 (4 live vars)
[0m  [0m11: Int32IncrementWithOverflow [v0/n10:(x)] → (x)
[0m[1;34m0x09b80101e445 <SharedFunctionInfo flipflop> (0x09b80104a3e5 <String[18]: "workloads/mixed.js">:18:19)
[m[0m[0;34m   8 : b9                Return
[m[0m  [0m13: ReduceInterruptBudgetForReturn(8) [v0/n12:(x)]
[0m  [0m14: Int32ToNumber[kCanonicalizeSmi] [v0/n11:(x)] → (x)
[0m  [0m15: Return [v0/n14:(x)]
[0m

----- Dead nodes sweeping -----
Graph

[0m   [0m1/12: HeapConstant(0x09b80101e4f5 <FeedbackCell[one closure]>) → v-1, live range: [1-12]
[0m    [0m2/3: HeapConstant(0x09b80101e595 <JSFunction flipflop (sfi = 0x9b80101e445)>) → v-1, live range: [2-11]
[0m    [0m3/4: HeapConstant(0x09b80101e515 <ScriptContext[4]>) → v-1, live range: [3-11]
[0m    [0m4/8: Int32Constant(2) → v-1, live range: [4-10]
 [0mBlock b0
[0m[1;34m0x09b80101e445 <SharedFunctionInfo flipflop> (0x09b80104a3e5 <String[18]: "workloads/mixed.js">:17:17)
[m[0m[0;34m   0 : 0b 03             Ldar a0
[m[0m    [0m5/1: InitialValue(<this>) → v-1(=-6S), live range: [5-11]
[0m    [0m6/2: InitialValue(a0) → v-1(=-7S), live range: [6-11]
[0m    [0m7/6: FunctionEntryStackCheck
[0m         ↳ lazy @-1 (3 live vars)
[0m    [0m8/7: Jump b1
[0m      ↓
 [0mBlock b1
[0m[1;34m0x09b80101e445 <SharedFunctionInfo flipflop> (0x09b80104a3e5 <String[18]: "workloads/mixed.js">:18:11)
[m[0m[0;34m   2 : 51 02 01          MulSmi [2], EmbeddedFeedback[1]
[m[0m         ↱ eager @2 (4 live vars)
[0m    [0m9/9: CheckedSmiUntag [v6/n2:v-1(R)] → v-1(0), live range: [9-10]
[0m         ↱ eager @2 (4 live vars)
[0m  [0m10/10: Int32MultiplyWithOverflow [v9/n9:v-1(R), v4/n8:v-1(R)] → v-1(R), live range: [10-11]
[0m[1;34m0x09b80101e445 <SharedFunctionInfo flipflop> (0x09b80104a3e5 <String[18]: "workloads/mixed.js">:18:15)
[m[0m[0;34m   5 : 4f 01 01          AddSmi [1], EmbeddedFeedback[1]
[m[0m         ↱ eager @2 (4 live vars)
[0m  [0m11/11: Int32IncrementWithOverflow [v10/n10:v-1(R)] → v-1(R), live range: [11-13]
[0m[1;34m0x09b80101e445 <SharedFunctionInfo flipflop> (0x09b80104a3e5 <String[18]: "workloads/mixed.js">:18:19)
[m[0m[0;34m   8 : b9                Return
[m[0m  [0m12/13: ReduceInterruptBudgetForReturn(8) [v1/n12:v-1(R)]
[0m  [0m13/14: Int32ToNumber[kCanonicalizeSmi] [v11/n11:v-1(R)] → v-1(R), live range: [13-14]
[0m  [0m14/15: Return [v13/n14:v-1(=x0)]
[0m

----- Register allocation -----
Graph

[0m   [0m1/12: HeapConstant(0x09b80101e4f5 <FeedbackCell[one closure]>) → v-1, live range: [1-12]
[0m    [0m2/3: HeapConstant(0x09b80101e595 <JSFunction flipflop (sfi = 0x9b80101e445)>) → v-1, live range: [2-11]
[0m    [0m3/4: HeapConstant(0x09b80101e515 <ScriptContext[4]>) → v-1, live range: [3-11]
[0m    [0m4/8: Int32Constant(2) → v-1, live range: [4-10]
 [0mBlock b0
[0m[1;34m0x09b80101e445 <SharedFunctionInfo flipflop> (0x09b80104a3e5 <String[18]: "workloads/mixed.js">:17:17)
[m[0m[0;34m   0 : 0b 03             Ldar a0
[m[0m    [0m5/1: InitialValue(<this>) → [stack:-6|t], live range: [5-11]
[0m    [0m6/2: InitialValue(a0) → [stack:-7|t], live range: [6-11]
[0m    [0m7/6: FunctionEntryStackCheck
[0m         ↳ lazy @-1 (3 live vars)
[0m    [0m8/7: Jump b1
[0m      ↓
 [0mBlock b1
[0m     [0m16: GapMove([stack:-7|t] → [x0|R|t])
[0m[1;34m0x09b80101e445 <SharedFunctionInfo flipflop> (0x09b80104a3e5 <String[18]: "workloads/mixed.js">:18:11)
[m[0m[0;34m   2 : 51 02 01          MulSmi [2], EmbeddedFeedback[1]
[m[0m         ↱ eager @2 (4 live vars)
[0m    [0m9/9: CheckedSmiUntag [v6/n2:[x0|R|t]] → [x0|R|w32], live range: [9-10]
[0m     [0m17: ConstantGapMove(n8 → [x1|R|w32])
[0m         ↱ eager @2 (4 live vars)
[0m  [0m10/10: Int32MultiplyWithOverflow [v9/n9:[x0|R|w32], v4/n8:[x1|R|w32]] → [x2|R|w32], live range: [10-11]
[0m[1;34m0x09b80101e445 <SharedFunctionInfo flipflop> (0x09b80104a3e5 <String[18]: "workloads/mixed.js">:18:15)
[m[0m[0;34m   5 : 4f 01 01          AddSmi [1], EmbeddedFeedback[1]
[m[0m         ↱ eager @2 (4 live vars)
[0m  [0m11/11: Int32IncrementWithOverflow [v10/n10:[x2|R|w32]] → [x0|R|w32], live range: [11-13]
[0m     [0m18: ConstantGapMove(n12 → [x1|R|t])
[0m[1;34m0x09b80101e445 <SharedFunctionInfo flipflop> (0x09b80104a3e5 <String[18]: "workloads/mixed.js">:18:19)
[m[0m[0;34m   8 : b9                Return
[m[0m  [0m12/13: ReduceInterruptBudgetForReturn(8) [v1/n12:[x1|R|t]]
[0m  [0m13/14: Int32ToNumber[kCanonicalizeSmi] [v11/n11:[x0|R|w32]] → [x1|R|t], live range: [13-14]
[0m     [0m19: GapMove([x1|R|t] → [x0|R|t])
[0m  [0m14/15: Return [v13/n14:[x0|R|t]]
[0m
---------------------------------------------------
Finished compiling method flipflop using Maglev
---------------------------------------------------
Begin compiling method scale using Maglev
Compiling 0x09b80101e561 <JSFunction scale (sfi = 0x9b80101e415)> with Maglev
----- Bytecode array -----
Parameter count 3
Register count 5
Frame size 40
  407 S> 0x31a010002d4 @    0 : 23 00 00          LdaGlobal [0:"Array"], FBV[0]
         0x31a010002d7 @    3 : d3                Star2
  421 E> 0x31a010002d8 @    4 : 33 03 01 02       GetNamedProperty a0, [1:"length"], FBV[2]
         0x31a010002dc @    8 : d2                Star3
         0x31a010002dd @    9 : 0b f7             Ldar r2
  407 E> 0x31a010002df @   11 : 74 f7 f6 01 04    Construct r2, r3-r3, FBV[4]
         0x31a010002e4 @   16 : d5                Star0
  445 S> 0x31a010002e5 @   17 : 0c                LdaZero
         0x31a010002e6 @   18 : d4                Star1
  456 S> 0x31a010002e7 @   19 : 33 03 01 02       GetNamedProperty a0, [1:"length"], FBV[2]
  450 E> 0x31a010002eb @   23 : 79 f8 04          TestLessThan r1, EmbeddedFeedback[4]
         0x31a010002ee @   26 : a8 1a             JumpIfFalse [26] (0x31a01000308 @ 52)
  469 S> 0x31a010002f0 @   28 : 0b f8             Ldar r1
  481 E> 0x31a010002f2 @   30 : 35 03 06          GetKeyedProperty a0, FBV[6]
         0x31a010002f5 @   33 : d1                Star4
         0x31a010002f6 @   34 : 0b 04             Ldar a1
  485 E> 0x31a010002f8 @   36 : 44 f5 01          Mul r4, EmbeddedFeedback[1]
  476 E> 0x31a010002fb @   39 : 3c f9 f8 08       SetKeyedProperty r0, r1, FBV[8]
  465 S> 0x31a010002ff @   43 : 0b f8             Ldar r1
         0x31a01000301 @   45 : 5b 0a             Inc FBV[10]
         0x31a01000303 @   47 : d4                Star1
  432 E> 0x31a01000304 @   48 : 97 1d 00 0b       JumpLoop [29], [0], FBV[11] (0x31a010002e7 @ 19)
  492 S> 0x31a01000308 @   52 : 0b f9             Ldar r0
  503 S> 0x31a0100030a @   54 : b9                Return
Constant pool (size = 2)
0x31a0100029d: [TrustedFixedArray]
 - map: 0x09b800000605 <Map(TRUSTED_FIXED_ARRAY_TYPE)>
 - length: 2
           0: 0x09b800003e45 <String[5]: #Array>
           1: 0x09b800000e39 <String[6]: #length>
Handler Table (size = 0)
Source Position Table (size = 34)
0x031a0100030d <Other heap object (TRUSTED_BYTE_ARRAY_TYPE)>
0x9b80101e819: [FeedbackVector] in OldSpace
 - map: 0x09b800000895 <Map(FEEDBACK_VECTOR_TYPE)>
 - length: 13
 - shared function info: 0x09b80101e415 <SharedFunctionInfo scale>
 - tiering_in_progress: 0
 - osr_tiering_in_progress: 0
 - invocation count: 5
 - closure feedback cell array: 0x9b800002091: [ClosureFeedbackCellArray] in ReadOnlySpace
 - map: 0x09b80000086d <Map(CLOSURE_FEEDBACK_CELL_ARRAY_TYPE)>
 - length: 0
 - elements:

 - slot #0 LoadGlobalNotInsideTypeof MONOMORPHIC
   [weak] 0x09b8010173e1 <PropertyCell name=0x09b800003e45 <String[5]: #Array> value=0x09b80100c85d <JSFunction Array (sfi = 0x9b8001db2bd)>> {
     [0]: [weak] 0x09b8010173e1 <PropertyCell name=0x09b800003e45 <String[5]: #Array> value=0x09b80100c85d <JSFunction Array (sfi = 0x9b8001db2bd)>>
     [1]: 0x09b800000eb5 <Symbol: (uninitialized_symbol)>
  }
 - slot #2 LoadProperty MONOMORPHIC
   [weak] 0x09b80100cf85 <Map[16](HOLEY_SMI_ELEMENTS)>: LoadHandler(Smi)(kind = kField, is in object = 1, is double = 0, storage offset in words = 3, descriptor index = 2046) {
     [2]: [weak] 0x09b80100cf85 <Map[16](HOLEY_SMI_ELEMENTS)>
     [3]: 1072824517
  }
 - slot #4 Call MONOMORPHIC {
     [4]: 0x09b80101e8c5 <AllocationSite>
     [5]: 32
  }
 - slot #6 LoadKeyed MONOMORPHIC
   [weak] 0x09b80100cf85 <Map[16](HOLEY_SMI_ELEMENTS)>: LoadHandler(Smi)(kind = kElement, allow out of bounds = 0, is JSArray = 1, allow reading holes = 0, elements kind = HOLEY_SMI_ELEMENTS) {
     [6]: [weak] 0x09b80100cf85 <Map[16](HOLEY_SMI_ELEMENTS)>
     [7]: 640
  }
 - slot #8 StoreKeyedSloppy MONOMORPHIC
   0x09b80100cf85 <Map[16](HOLEY_SMI_ELEMENTS)>: StoreHandler(builtin = 0x09b8001aa571 <Code BUILTIN StoreFastElementIC_InBounds>, validity cell = 0x09b801005b65 <Cell value= [weak] 0x09b8010049f9 <NativeContext[310]>>)
 {
     [8]: [weak] 0x09b80100cf85 <Map[16](HOLEY_SMI_ELEMENTS)>
     [9]: 0x09b80101e869 <Other heap object (STORE_HANDLER_TYPE)>
  }
 - slot #10 BinaryOp BinaryOp:SignedSmall {
     [10]: 1
  }
 - slot #11 JumpLoop JumpLoop {
     [11]: [cleared]
     [12]: 0
  }

----- Maglev graph building -----
Graph

   [0m  [0m47: HeapConstant(0x09b80101e4e5 <FeedbackCell[one closure]>), 3 uses
   [0m   [0m4: HeapConstant(0x09b80101e561 <JSFunction scale (sfi = 0x9b80101e415)>), 8 uses
   [0m   [0m5: HeapConstant(0x09b80101e515 <ScriptContext[4]>), 8 uses
   [0m   [0m9: HeapConstant(0x09b80100c85d <JSFunction Array (sfi = 0x9b8001db2bd)>), 1 uses
   [0m  [0m16: HeapConstant(0x09b80100cf85 <Map[16](HOLEY_SMI_ELEMENTS)>), 0 uses 🪦
   [0m   [0m6: RootConstant(undefined_value), 0 uses 🪦
   [0m  [0m31: RootConstant(true_value), 0 uses 🪦
   [0m  [0m30: RootConstant(false_value), 0 uses 🪦
   [0m  [0m17: RootConstant(empty_fixed_array), 1 uses
   [0m  [0m49: RootConstant(optimized_out), 0 uses 🪦
   [0m  [0m27: SmiConstant(0), 2 uses
   [0m  [0m51: SmiConstant(1), 1 uses
   [0m  [0m25: SmiConstant(247), 1 uses
   [0m  [0m12: Int32Constant(0), 6 uses, cannot truncate to int32
   [0m  [0m46: Int32Constant(1), 1 uses, cannot truncate to int32
    [0mBlock b0
   [0m[1;34m0x09b80101e415 <SharedFunctionInfo scale> (0x09b80104a3e5 <String[18]: "workloads/mixed.js">:10:14)
[m   [0m[0;34m   0 : 23 00 00          LdaGlobal [0:"Array"], FBV[0]
[m   [0m   [0m1: InitialValue(<this>), 8 uses
   [0m   [0m2: InitialValue(a0), 11 uses
   [0m   [0m3: InitialValue(a1), 9 uses
   [0m   [0m7: FunctionEntryStackCheck
   [0m      ↳ lazy @-1 (4 live vars)
   [0m   [0m8: Jump b1
   [0m   ↓
    [0mBlock b1
   [0m[1;34m0x09b80101e415 <SharedFunctionInfo scale> (0x09b80104a3e5 <String[18]: "workloads/mixed.js">:11:28)
[m   [0m[0;34m   4 : 33 03 01 02       GetNamedProperty a0, [1:"length"], FBV[2]
[m   [0m      ↱ eager @4 (5 live vars)
   [0m  [0m10: CheckMaps(0x09b80100cf85 <Map[16](HOLEY_SMI_ELEMENTS)>, check heapobj) [n2]
   [0m  [0m11: LoadTaggedField(0xc: 0x09b800000e39 <String[6]: #length>, compressed, Smi) [n2], 8 uses
   [0m[1;34m0x09b80101e415 <SharedFunctionInfo scale> (0x09b80104a3e5 <String[18]: "workloads/mixed.js">:11:14)
[m   [0m[0;34m  11 : 74 f7 f6 01 04    Construct r2, r3-r3, FBV[4]
[m   [0m  [0m13: UnsafeSmiUntag [n11], 8 uses, cannot truncate to int32
[0;31m╭────[0m14: BranchIfInt32Compare(GreaterThanOrEqual) [n13, n12] b2 b3
[0;31m│  [0m   ↓
[0;31m│   [0mBlock b2
[0;31m│  [0m      ↱ eager @4 (5 live vars)
[0;31m│  [0m  [0m15: AllocateElementsArray(HOLEY_SMI_ELEMENTS, Young) [n13], 6 uses
[0;31m│  [0m  [0m18: AllocationBlock(Young), 1 uses
[0;31m│  [0m  [0m19: InlinedAllocation(object 0x09b80100cf85 <Map[16](HOLEY_SMI_ELEMENTS)>) [n18], 12 uses (9 non escaping uses)
[0;31m│  [0m  [0m20: StoreMap(0x09b80100cf85 <Map[16](HOLEY_SMI_ELEMENTS)>, InlinedAllocation) [n19]
[0;31m│  [0m  [0m21: StoreTaggedFieldNoWriteBarrier(0x4, mutable) [n19, n17]
[0;31m│  [0m  [0m22: StoreTaggedFieldWithWriteBarrier(0x8, mutable, maybe_smi:1) [n19, n15]
[0;31m│  [0m  [0m23: StoreTaggedFieldNoWriteBarrier(0xc, mutable) [n19, n11]
[0;31m│[0;32m╭───[0m24: Jump b4
[0;31m│[0;32m│ [0m
[0;31m╰──►[0mBlock b3
 [0;32m│ [0m  [0m26: Throw(ThrowRangeError, has_input=1) [n25]
 [0;32m│ [0m      ↳ lazy @11 (4 live vars)
 [0;32m│ [0m
 [0;32m╰─►[0mBlock b4
   [0m[1;34m0x09b80101e415 <SharedFunctionInfo scale> (0x09b80104a3e5 <String[18]: "workloads/mixed.js">:12:20)
[m   [0m[0;34m  23 : 79 f8 04          TestLessThan r1, EmbeddedFeedback[4]
[m   [0m  [0m28: Int32Compare[LessThan] [n12, n13], 0 uses 🪦
   [0m[0;34m  26 : a8 1a             JumpIfFalse [26]
[m[0;31m╭────[0m29: BranchIfInt32Compare(LessThan) [n12, n13] b5 b9
[0;31m│  [0m   ↓
[0;31m│   [0mBlock b5
[0;31m│  [0m[1;34m0x09b80101e415 <SharedFunctionInfo scale> (0x09b80104a3e5 <String[18]: "workloads/mixed.js">:12:51)
[m[0;31m│  [0m[0;34m  30 : 35 03 06          GetKeyedProperty a0, FBV[6]
[m[0;31m│  [0m  [0m32: LoadTaggedField(0x8: Elements, compressed, AnyHeapObject) [n2], 2 uses
[0;31m│  [0m      ↱ eager @30 (7 live vars)
[0;31m│  [0m  [0m33: CheckInt32Condition[UnsignedLessThan, OutOfBounds] [n12, n13]
[0;31m│  [0m  [0m34: LoadTaggedField(0x8, compressed) [n32], 2 uses
[0;31m│  [0m      ↱ eager @30 (7 live vars)
[0;31m│  [0m  [0m35: CheckNotHole [n34]
[0;31m│  [0m[1;34m0x09b80101e415 <SharedFunctionInfo scale> (0x09b80104a3e5 <String[18]: "workloads/mixed.js">:12:55)
[m[0;31m│  [0m[0;34m  36 : 44 f5 01          Mul r4, EmbeddedFeedback[1]
[m[0;31m│  [0m  [0m36: UnsafeSmiUntag [n34], 1 uses, cannot truncate to int32
[0;31m│  [0m      ↱ eager @30 (7 live vars)
[0;31m│  [0m  [0m37: CheckedSmiUntag [n3], 2 uses, cannot truncate to int32
[0;31m│  [0m      ↱ eager @30 (7 live vars)
[0;31m│  [0m  [0m38: Int32MultiplyWithOverflow [n36, n37], 1 uses, can truncate to int32 [-2147483648, 2147483647]
[0;31m│  [0m[1;34m0x09b80101e415 <SharedFunctionInfo scale> (0x09b80104a3e5 <String[18]: "workloads/mixed.js">:12:46)
[m[0;31m│  [0m[0;34m  39 : 3c f9 f8 08       SetKeyedProperty r0, r1, FBV[8]
[m[0;31m│  [0m  [0m39: LoadTaggedField(0x8: Elements, compressed, AnyHeapObject) [n19], 3 uses
[0;31m│  [0m      ↱ eager @30 (7 live vars)
[0;31m│  [0m  [0m40: CheckedSmiTagInt32 [n38], 1 uses
[0;31m│  [0m  [0m41: LoadTaggedField(0xc: 0x09b800000e39 <String[6]: #length>, compressed, Smi) [n19], 1 uses
[0;31m│  [0m  [0m42: UnsafeSmiUntag [n41], 2 uses, cannot truncate to int32
[0;31m│  [0m      ↱ eager @30 (7 live vars)
[0;31m│  [0m  [0m43: CheckInt32Condition[UnsignedLessThan, OutOfBounds] [n12, n42]
[0;31m│  [0m      ↱ eager @30 (7 live vars)
[0;31m│  [0m  [0m44: CheckMaps(0x09b8000005dd <Map(FIXED_ARRAY_TYPE)>, no heapobj check) [n39]
[0;31m│  [0m  [0m45: StoreFixedArrayElementNoWriteBarrier [n39, n12, n40]
[0;31m│  [0m[1;34m0x09b80101e415 <SharedFunctionInfo scale> (0x09b80104a3e5 <String[18]: "workloads/mixed.js">:12:2)
[m[0;31m│  [0m[0;34m  48 : 97 1d 00 0b       JumpLoop [29], [0], FBV[11]
[m[0;31m│  [0m  [0m48: ReduceInterruptBudgetForLoop(23) [n47]
[0;31m│  [0m      ↳ lazy @48 (6 live vars)
[0;31m│  [0m  [0m50: Jump b6
[0;31m│  [0m   │  with gap moves:
[0;31m│  [0m   │    - n51 → 52: φᵀ r1
[0;31m│  [0m   ▼
[0;31m│[0;32m╭─►[0mBlock b6 peeled (effects:)
[0;31m│[0;32m│ [0m  [0m52: φᵀ r1 (n51, n67), 3 uses
[0;31m│[0;32m│ [0m[0;34m  23 : 79 f8 04          TestLessThan r1, EmbeddedFeedback[4]
[m[0;31m│[0;32m│ [0m      ↱ eager @23 (7 live vars)
[0;31m│[0;32m│ [0m  [0m53: CheckedSmiUntag [n52], 7 uses, cannot truncate to int32
[0;31m│[0;32m│ [0m  [0m54: Int32Compare[LessThan] [n53, n13], 0 uses 🪦
[0;31m│[0;32m│ [0m[0;34m  26 : a8 1a             JumpIfFalse [26]
[m[0;31m│[0;32m│[0;33m╭──[0m55: BranchIfInt32Compare(LessThan) [n53, n13] b7 b8
[0;31m│[0;32m│[0;33m│[0m   ↓
[0;31m│[0;32m│[0;33m│ [0mBlock b7
[0;31m│[0;32m│[0;33m│[0m[0;34m  30 : 35 03 06          GetKeyedProperty a0, FBV[6]
[m[0;31m│[0;32m│[0;33m│[0m      ↱ eager @23 (7 live vars)
[0;31m│[0;32m│[0;33m│[0m  [0m56: CheckInt32Condition[UnsignedLessThan, OutOfBounds] [n53, n13]
[0;31m│[0;32m│[0;33m│[0m  [0m57: LoadFixedArrayElement(compressed), Unknown [n32, n53], 2 uses
[0;31m│[0;32m│[0;33m│[0m      ↱ eager @23 (7 live vars)
[0;31m│[0;32m│[0;33m│[0m  [0m58: CheckNotHole [n57]
[0;31m│[0;32m│[0;33m│[0m[0;34m  36 : 44 f5 01          Mul r4, EmbeddedFeedback[1]
[m[0;31m│[0;32m│[0;33m│[0m  [0m59: UnsafeSmiUntag [n57], 1 uses, cannot truncate to int32
[0;31m│[0;32m│[0;33m│[0m      ↱ eager @23 (7 live vars)
[0;31m│[0;32m│[0;33m│[0m  [0m60: Int32MultiplyWithOverflow [n59, n37], 1 uses, can truncate to int32 [-2147483648, 2147483647]
[0;31m│[0;32m│[0;33m│[0m[0;34m  39 : 3c f9 f8 08       SetKeyedProperty r0, r1, FBV[8]
[m[0;31m│[0;32m│[0;33m│[0m      ↱ eager @23 (7 live vars)
[0;31m│[0;32m│[0;33m│[0m  [0m61: CheckedSmiTagInt32 [n60], 1 uses
[0;31m│[0;32m│[0;33m│[0m      ↱ eager @23 (7 live vars)
[0;31m│[0;32m│[0;33m│[0m  [0m62: CheckInt32Condition[UnsignedLessThan, OutOfBounds] [n53, n42]
[0;31m│[0;32m│[0;33m│[0m  [0m63: StoreFixedArrayElementNoWriteBarrier [n39, n53, n61]
[0;31m│[0;32m│[0;33m│[0m[0;34m  45 : 5b 0a             Inc FBV[10]
[m[0;31m│[0;32m│[0;33m│[0m      ↱ eager @45 (6 live vars)
[0;31m│[0;32m│[0;33m│[0m  [0m64: Int32IncrementWithOverflow [n53], 2 uses, cannot truncate to int32
[0;31m│[0;32m│[0;33m│[0m[0;34m  48 : 97 1d 00 0b       JumpLoop [29], [0], FBV[11]
[m[0;31m│[0;32m│[0;33m│[0m  [0m65: ReduceInterruptBudgetForLoop(23) [n47]
[0;31m│[0;32m│[0;33m│[0m      ↳ lazy @48 (6 live vars)
[0;31m│[0;32m│[0;33m│[0m  [0m67: Int32ToNumber[kCanonicalizeSmi] [n64], 1 uses
[0;31m│[0;32m│[0;33m│[0m      ↱ eager @45 (6 live vars)
[0;31m│[0;32m╰─◄─[0m66: JumpLoop b6
[0;31m│ [0;33m│[0m      with gap moves:
[0;31m│ [0;33m│[0m        - n67 → 52: φᵀ r1
[0;31m│ [0;33m│[0m
[0;31m│ [0;33m╰►[0mBlock b8
[0;31m│  [0m[1;34m0x09b80101e415 <SharedFunctionInfo scale> (0x09b80104a3e5 <String[18]: "workloads/mixed.js">:13:2)
[m[0;31m│  [0m[0;34m  52 : 0b f9             Ldar r0
[m[0;31m│[0;32m╭───[0m68: Jump b10
[0;31m│[0;32m│ [0m
[0;31m╰──►[0mBlock b9
 [0;32m│ [0m  [0m69: Jump b10
 [0;32m│ [0m   ↓
 [0;32m╰─►[0mBlock b10
   [0m[1;34m0x09b80101e415 <SharedFunctionInfo scale> (0x09b80104a3e5 <String[18]: "workloads/mixed.js">:13:13)
[m   [0m[0;34m  54 : b9                Return
[m   [0m  [0m70: ReduceInterruptBudgetForReturn(54) [n47]
   [0m  [0m71: Return [n19]
   [0m

----- Phi untagging -----
Graph

   [0m  [0m47: HeapConstant(0x09b80101e4e5 <FeedbackCell[one closure]>), 3 uses
   [0m   [0m4: HeapConstant(0x09b80101e561 <JSFunction scale (sfi = 0x9b80101e415)>), 8 uses
   [0m   [0m5: HeapConstant(0x09b80101e515 <ScriptContext[4]>), 8 uses
   [0m   [0m9: HeapConstant(0x09b80100c85d <JSFunction Array (sfi = 0x9b8001db2bd)>), 1 uses
   [0m  [0m16: HeapConstant(0x09b80100cf85 <Map[16](HOLEY_SMI_ELEMENTS)>), 0 uses 🪦
   [0m   [0m6: RootConstant(undefined_value), 0 uses 🪦
   [0m  [0m31: RootConstant(true_value), 0 uses 🪦
   [0m  [0m30: RootConstant(false_value), 0 uses 🪦
   [0m  [0m17: RootConstant(empty_fixed_array), 1 uses
   [0m  [0m49: RootConstant(optimized_out), 0 uses 🪦
   [0m  [0m27: SmiConstant(0), 2 uses
   [0m  [0m51: SmiConstant(1), 0 uses 🪦
   [0m  [0m25: SmiConstant(247), 1 uses
   [0m  [0m12: Int32Constant(0), 6 uses, cannot truncate to int32
   [0m  [0m46: Int32Constant(1), 2 uses, cannot truncate to int32
    [0mBlock b0
   [0m[1;34m0x09b80101e415 <SharedFunctionInfo scale> (0x09b80104a3e5 <String[18]: "workloads/mixed.js">:10:14)
[m   [0m[0;34m   0 : 23 00 00          LdaGlobal [0:"Array"], FBV[0]
[m   [0m   [0m1: InitialValue(<this>), 8 uses
   [0m   [0m2: InitialValue(a0), 11 uses
   [0m   [0m3: InitialValue(a1), 9 uses
   [0m   [0m7: FunctionEntryStackCheck
   [0m      ↳ lazy @-1 (4 live vars)
   [0m   [0m8: Jump b1
   [0m   ↓
    [0mBlock b1
   [0m[1;34m0x09b80101e415 <SharedFunctionInfo scale> (0x09b80104a3e5 <String[18]: "workloads/mixed.js">:11:28)
[m   [0m[0;34m   4 : 33 03 01 02       GetNamedProperty a0, [1:"length"], FBV[2]
[m   [0m      ↱ eager @4 (5 live vars)
   [0m  [0m10: CheckMaps(0x09b80100cf85 <Map[16](HOLEY_SMI_ELEMENTS)>, check heapobj) [n2]
   [0m  [0m11: LoadTaggedField(0xc: 0x09b800000e39 <String[6]: #length>, compressed, Smi) [n2], 8 uses
   [0m[1;34m0x09b80101e415 <SharedFunctionInfo scale> (0x09b80104a3e5 <String[18]: "workloads/mixed.js">:11:14)
[m   [0m[0;34m  11 : 74 f7 f6 01 04    Construct r2, r3-r3, FBV[4]
[m   [0m  [0m13: UnsafeSmiUntag [n11], 8 uses, cannot truncate to int32
[0;31m╭────[0m14: BranchIfInt32Compare(GreaterThanOrEqual) [n13, n12] b2 b3
[0;31m│  [0m   ↓
[0;31m│   [0mBlock b2
[0;31m│  [0m      ↱ eager @4 (5 live vars)
[0;31m│  [0m  [0m15: AllocateElementsArray(HOLEY_SMI_ELEMENTS, Young) [n13], 6 uses
[0;31m│  [0m  [0m18: AllocationBlock(Young), 1 uses
[0;31m│  [0m  [0m19: InlinedAllocation(object 0x09b80100cf85 <Map[16](HOLEY_SMI_ELEMENTS)>) [n18], 12 uses (9 non escaping uses)
[0;31m│  [0m  [0m20: StoreMap(0x09b80100cf85 <Map[16](HOLEY_SMI_ELEMENTS)>, InlinedAllocation) [n19]
[0;31m│  [0m  [0m21: StoreTaggedFieldNoWriteBarrier(0x4, mutable) [n19, n17]
[0;31m│  [0m  [0m22: StoreTaggedFieldWithWriteBarrier(0x8, mutable, maybe_smi:1) [n19, n15]
[0;31m│  [0m  [0m23: StoreTaggedFieldNoWriteBarrier(0xc, mutable) [n19, n11]
[0;31m│[0;32m╭───[0m24: Jump b4
[0;31m│[0;32m│ [0m
[0;31m╰──►[0mBlock b3
 [0;32m│ [0m  [0m26: Throw(ThrowRangeError, has_input=1) [n25]
 [0;32m│ [0m      ↳ lazy @11 (4 live vars)
 [0;32m│ [0m
 [0;32m╰─►[0mBlock b4
   [0m[1;34m0x09b80101e415 <SharedFunctionInfo scale> (0x09b80104a3e5 <String[18]: "workloads/mixed.js">:12:20)
[m   [0m[0;34m  23 : 79 f8 04          TestLessThan r1, EmbeddedFeedback[4]
[m   [0m  [0m28: Int32Compare[LessThan] [n12, n13], 0 uses 🪦
   [0m[0;34m  26 : a8 1a             JumpIfFalse [26]
[m[0;31m╭────[0m29: BranchIfInt32Compare(LessThan) [n12, n13] b5 b9
[0;31m│  [0m   ↓
[0;31m│   [0mBlock b5
[0;31m│  [0m[1;34m0x09b80101e415 <SharedFunctionInfo scale> (0x09b80104a3e5 <String[18]: "workloads/mixed.js">:12:51)
[m[0;31m│  [0m[0;34m  30 : 35 03 06          GetKeyedProperty a0, FBV[6]
[m[0;31m│  [0m  [0m32: LoadTaggedField(0x8: Elements, compressed, AnyHeapObject) [n2], 2 uses
[0;31m│  [0m      ↱ eager @30 (7 live vars)
[0;31m│  [0m  [0m33: CheckInt32Condition[UnsignedLessThan, OutOfBounds] [n12, n13]
[0;31m│  [0m  [0m34: LoadTaggedField(0x8, compressed) [n32], 2 uses
[0;31m│  [0m      ↱ eager @30 (7 live vars)
[0;31m│  [0m  [0m35: CheckNotHole [n34]
[0;31m│  [0m[1;34m0x09b80101e415 <SharedFunctionInfo scale> (0x09b80104a3e5 <String[18]: "workloads/mixed.js">:12:55)
[m[0;31m│  [0m[0;34m  36 : 44 f5 01          Mul r4, EmbeddedFeedback[1]
[m[0;31m│  [0m  [0m36: UnsafeSmiUntag [n34], 1 uses, cannot truncate to int32
[0;31m│  [0m      ↱ eager @30 (7 live vars)
[0;31m│  [0m  [0m37: CheckedSmiUntag [n3], 2 uses, cannot truncate to int32
[0;31m│  [0m      ↱ eager @30 (7 live vars)
[0;31m│  [0m  [0m38: Int32MultiplyWithOverflow [n36, n37], 1 uses, can truncate to int32 [-2147483648, 2147483647]
[0;31m│  [0m[1;34m0x09b80101e415 <SharedFunctionInfo scale> (0x09b80104a3e5 <String[18]: "workloads/mixed.js">:12:46)
[m[0;31m│  [0m[0;34m  39 : 3c f9 f8 08       SetKeyedProperty r0, r1, FBV[8]
[m[0;31m│  [0m  [0m39: LoadTaggedField(0x8: Elements, compressed, AnyHeapObject) [n19], 3 uses
[0;31m│  [0m      ↱ eager @30 (7 live vars)
[0;31m│  [0m  [0m40: CheckedSmiTagInt32 [n38], 1 uses
[0;31m│  [0m  [0m41: LoadTaggedField(0xc: 0x09b800000e39 <String[6]: #length>, compressed, Smi) [n19], 1 uses
[0;31m│  [0m  [0m42: UnsafeSmiUntag [n41], 2 uses, cannot truncate to int32
[0;31m│  [0m      ↱ eager @30 (7 live vars)
[0;31m│  [0m  [0m43: CheckInt32Condition[UnsignedLessThan, OutOfBounds] [n12, n42]
[0;31m│  [0m      ↱ eager @30 (7 live vars)
[0;31m│  [0m  [0m44: CheckMaps(0x09b8000005dd <Map(FIXED_ARRAY_TYPE)>, no heapobj check) [n39]
[0;31m│  [0m  [0m45: StoreFixedArrayElementNoWriteBarrier [n39, n12, n40]
[0;31m│  [0m[1;34m0x09b80101e415 <SharedFunctionInfo scale> (0x09b80104a3e5 <String[18]: "workloads/mixed.js">:12:2)
[m[0;31m│  [0m[0;34m  48 : 97 1d 00 0b       JumpLoop [29], [0], FBV[11]
[m[0;31m│  [0m  [0m48: ReduceInterruptBudgetForLoop(23) [n47]
[0;31m│  [0m      ↳ lazy @48 (6 live vars)
[0;31m│  [0m  [0m50: Jump b6
[0;31m│  [0m   │  with gap moves:
[0;31m│  [0m   │    - n46 → 52: φᴵ r1
[0;31m│  [0m   ▼
[0;31m│[0;32m╭─►[0mBlock b6 peeled (effects:)
[0;31m│[0;32m│ [0m  [0m52: φᴵ r1 (n46, n64), 3 uses
[0;31m│[0;32m│ [0m[0;34m  23 : 79 f8 04          TestLessThan r1, EmbeddedFeedback[4]
[m[0;31m│[0;32m│ [0m      ↱ eager @23 (7 live vars)
[0;31m│[0;32m│ [0m  [0m53: CheckedSmiSizedInt32 [n52], 7 uses, cannot truncate to int32
[0;31m│[0;32m│ [0m  [0m54: Int32Compare[LessThan] [n53, n13], 0 uses 🪦
[0;31m│[0;32m│ [0m[0;34m  26 : a8 1a             JumpIfFalse [26]
[m[0;31m│[0;32m│[0;33m╭──[0m55: BranchIfInt32Compare(LessThan) [n53, n13] b7 b8
[0;31m│[0;32m│[0;33m│[0m   ↓
[0;31m│[0;32m│[0;33m│ [0mBlock b7
[0;31m│[0;32m│[0;33m│[0m[0;34m  30 : 35 03 06          GetKeyedProperty a0, FBV[6]
[m[0;31m│[0;32m│[0;33m│[0m      ↱ eager @23 (7 live vars)
[0;31m│[0;32m│[0;33m│[0m  [0m56: CheckInt32Condition[UnsignedLessThan, OutOfBounds] [n53, n13]
[0;31m│[0;32m│[0;33m│[0m  [0m57: LoadFixedArrayElement(compressed), Unknown [n32, n53], 2 uses
[0;31m│[0;32m│[0;33m│[0m      ↱ eager @23 (7 live vars)
[0;31m│[0;32m│[0;33m│[0m  [0m58: CheckNotHole [n57]
[0;31m│[0;32m│[0;33m│[0m[0;34m  36 : 44 f5 01          Mul r4, EmbeddedFeedback[1]
[m[0;31m│[0;32m│[0;33m│[0m  [0m59: UnsafeSmiUntag [n57], 1 uses, cannot truncate to int32
[0;31m│[0;32m│[0;33m│[0m      ↱ eager @23 (7 live vars)
[0;31m│[0;32m│[0;33m│[0m  [0m60: Int32MultiplyWithOverflow [n59, n37], 1 uses, can truncate to int32 [-2147483648, 2147483647]
[0;31m│[0;32m│[0;33m│[0m[0;34m  39 : 3c f9 f8 08       SetKeyedProperty r0, r1, FBV[8]
[m[0;31m│[0;32m│[0;33m│[0m      ↱ eager @23 (7 live vars)
[0;31m│[0;32m│[0;33m│[0m  [0m61: CheckedSmiTagInt32 [n60], 1 uses
[0;31m│[0;32m│[0;33m│[0m      ↱ eager @23 (7 live vars)
[0;31m│[0;32m│[0;33m│[0m  [0m62: CheckInt32Condition[UnsignedLessThan, OutOfBounds] [n53, n42]
[0;31m│[0;32m│[0;33m│[0m  [0m63: StoreFixedArrayElementNoWriteBarrier [n39, n53, n61]
[0;31m│[0;32m│[0;33m│[0m[0;34m  45 : 5b 0a             Inc FBV[10]
[m[0;31m│[0;32m│[0;33m│[0m      ↱ eager @45 (6 live vars)
[0;31m│[0;32m│[0;33m│[0m  [0m64: Int32IncrementWithOverflow [n53], 3 uses, cannot truncate to int32
[0;31m│[0;32m│[0;33m│[0m[0;34m  48 : 97 1d 00 0b       JumpLoop [29], [0], FBV[11]
[m[0;31m│[0;32m│[0;33m│[0m  [0m65: ReduceInterruptBudgetForLoop(23) [n47]
[0;31m│[0;32m│[0;33m│[0m      ↳ lazy @48 (6 live vars)
[0;31m│[0;32m│[0;33m│[0m  [0m67: Int32ToNumber[kCanonicalizeSmi] [n64], 0 uses 🪦
[0;31m│[0;32m│[0;33m│[0m      ↱ eager @45 (6 live vars)
[0;31m│[0;32m╰─◄─[0m66: JumpLoop b6
[0;31m│ [0;33m│[0m      with gap moves:
[0;31m│ [0;33m│[0m        - n64 → 52: φᴵ r1
[0;31m│ [0;33m│[0m
[0;31m│ [0;33m╰►[0mBlock b8
[0;31m│  [0m[1;34m0x09b80101e415 <SharedFunctionInfo scale> (0x09b80104a3e5 <String[18]: "workloads/mixed.js">:13:2)
[m[0;31m│  [0m[0;34m  52 : 0b f9             Ldar r0
[m[0;31m│[0;32m╭───[0m68: Jump b10
[0;31m│[0;32m│ [0m
[0;31m╰──►[0mBlock b9
 [0;32m│ [0m  [0m69: Jump b10
 [0;32m│ [0m   ↓
 [0;32m╰─►[0mBlock b10
   [0m[1;34m0x09b80101e415 <SharedFunctionInfo scale> (0x09b80104a3e5 <String[18]: "workloads/mixed.js">:13:13)
[m   [0m[0;34m  54 : b9                Return
[m   [0m  [0m70: ReduceInterruptBudgetForReturn(54) [n47]
   [0m  [0m71: Return [n19]
   [0m

----- AnyUseMarking -----
Graph

   [0m  [0m47: HeapConstant(0x09b80101e4e5 <FeedbackCell[one closure]>) → (x)
   [0m   [0m4: HeapConstant(0x09b80101e561 <JSFunction scale (sfi = 0x9b80101e415)>) → (x)
   [0m   [0m5: HeapConstant(0x09b80101e515 <ScriptContext[4]>) → (x)
   [0m   [0m9: HeapConstant(0x09b80100c85d <JSFunction Array (sfi = 0x9b8001db2bd)>) → (x)
   [0m  [0m17: RootConstant(empty_fixed_array) → (x)
   [0m  [0m27: SmiConstant(0) → (x)
   [0m  [0m25: SmiConstant(247) → (x)
   [0m  [0m12: Int32Constant(0) → (x)
   [0m  [0m46: Int32Constant(1) → (x)
    [0mBlock b0
   [0m[1;34m0x09b80101e415 <SharedFunctionInfo scale> (0x09b80104a3e5 <String[18]: "workloads/mixed.js">:10:14)
[m   [0m[0;34m   0 : 23 00 00          LdaGlobal [0:"Array"], FBV[0]
[m   [0m   [0m1: InitialValue(<this>) → (x)
   [0m   [0m2: InitialValue(a0) → (x)
   [0m   [0m3: InitialValue(a1) → (x)
   [0m   [0m7: FunctionEntryStackCheck
   [0m      ↳ lazy @-1 (4 live vars)
   [0m   [0m8: Jump b1
   [0m   ↓
    [0mBlock b1
   [0m[1;34m0x09b80101e415 <SharedFunctionInfo scale> (0x09b80104a3e5 <String[18]: "workloads/mixed.js">:11:28)
[m   [0m[0;34m   4 : 33 03 01 02       GetNamedProperty a0, [1:"length"], FBV[2]
[m   [0m      ↱ eager @4 (5 live vars)
   [0m  [0m10: CheckMaps(0x09b80100cf85 <Map[16](HOLEY_SMI_ELEMENTS)>, check heapobj) [v0/n2:(x)]
   [0m  [0m11: LoadTaggedField(0xc: 0x09b800000e39 <String[6]: #length>, compressed, Smi) [v0/n2:(x)] → (x)
   [0m[1;34m0x09b80101e415 <SharedFunctionInfo scale> (0x09b80104a3e5 <String[18]: "workloads/mixed.js">:11:14)
[m   [0m[0;34m  11 : 74 f7 f6 01 04    Construct r2, r3-r3, FBV[4]
[m   [0m  [0m13: UnsafeSmiUntag [v0/n11:(x)] → (x)
[0;31m╭────[0m14: BranchIfInt32Compare(GreaterThanOrEqual) [v0/n13:(x), v0/n12:(x)] b2 b3
[0;31m│  [0m   ↓
[0;31m│   [0mBlock b2
[0;31m│  [0m      ↱ eager @4 (5 live vars)
[0;31m│  [0m  [0m15: AllocateElementsArray(HOLEY_SMI_ELEMENTS, Young) [v0/n13:(x)] → (x)
[0;31m│  [0m  [0m18: AllocationBlock(Young) → (x)
[0;31m│  [0m  [0m19: InlinedAllocation(object 0x09b80100cf85 <Map[16](HOLEY_SMI_ELEMENTS)>) [v0/n18:(x)] → (x)
[0;31m│  [0m  [0m20: StoreMap(0x09b80100cf85 <Map[16](HOLEY_SMI_ELEMENTS)>, InlinedAllocation) [v0/n19:(x)]
[0;31m│  [0m  [0m21: StoreTaggedFieldNoWriteBarrier(0x4, mutable) [v0/n19:(x), v0/n17:(x)]
[0;31m│  [0m  [0m22: StoreTaggedFieldWithWriteBarrier(0x8, mutable, maybe_smi:1) [v0/n19:(x), v0/n15:(x)]
[0;31m│  [0m  [0m23: StoreTaggedFieldNoWriteBarrier(0xc, mutable) [v0/n19:(x), v0/n11:(x)]
[0;31m│[0;32m╭───[0m24: Jump b4
[0;31m│[0;32m│ [0m
[0;31m╰──►[0mBlock b3
 [0;32m│ [0m  [0m26: Throw(ThrowRangeError, has_input=1) [v0/n25:(x)]
 [0;32m│ [0m      ↳ lazy @11 (4 live vars)
 [0;32m│ [0m
 [0;32m╰─►[0mBlock b4
   [0m[1;34m0x09b80101e415 <SharedFunctionInfo scale> (0x09b80104a3e5 <String[18]: "workloads/mixed.js">:12:20)
[m   [0m[0;34m  26 : a8 1a             JumpIfFalse [26]
[m[0;31m╭────[0m29: BranchIfInt32Compare(LessThan) [v0/n12:(x), v0/n13:(x)] b5 b9
[0;31m│  [0m   ↓
[0;31m│   [0mBlock b5
[0;31m│  [0m[1;34m0x09b80101e415 <SharedFunctionInfo scale> (0x09b80104a3e5 <String[18]: "workloads/mixed.js">:12:51)
[m[0;31m│  [0m[0;34m  30 : 35 03 06          GetKeyedProperty a0, FBV[6]
[m[0;31m│  [0m  [0m32: LoadTaggedField(0x8: Elements, compressed, AnyHeapObject) [v0/n2:(x)] → (x)
[0;31m│  [0m      ↱ eager @30 (7 live vars)
[0;31m│  [0m  [0m33: CheckInt32Condition[UnsignedLessThan, OutOfBounds] [v0/n12:(x), v0/n13:(x)]
[0;31m│  [0m  [0m34: LoadTaggedField(0x8, compressed) [v0/n32:(x)] → (x)
[0;31m│  [0m      ↱ eager @30 (7 live vars)
[0;31m│  [0m  [0m35: CheckNotHole [v0/n34:(x)]
[0;31m│  [0m[1;34m0x09b80101e415 <SharedFunctionInfo scale> (0x09b80104a3e5 <String[18]: "workloads/mixed.js">:12:55)
[m[0;31m│  [0m[0;34m  36 : 44 f5 01          Mul r4, EmbeddedFeedback[1]
[m[0;31m│  [0m  [0m36: UnsafeSmiUntag [v0/n34:(x)] → (x)
[0;31m│  [0m      ↱ eager @30 (7 live vars)
[0;31m│  [0m  [0m37: CheckedSmiUntag [v0/n3:(x)] → (x)
[0;31m│  [0m      ↱ eager @30 (7 live vars)
[0;31m│  [0m  [0m38: Int32MultiplyWithOverflow [v0/n36:(x), v0/n37:(x)] → (x)
[0;31m│  [0m[1;34m0x09b80101e415 <SharedFunctionInfo scale> (0x09b80104a3e5 <String[18]: "workloads/mixed.js">:12:46)
[m[0;31m│  [0m[0;34m  39 : 3c f9 f8 08       SetKeyedProperty r0, r1, FBV[8]
[m[0;31m│  [0m  [0m39: LoadTaggedField(0x8: Elements, compressed, AnyHeapObject) [v0/n19:(x)] → (x)
[0;31m│  [0m      ↱ eager @30 (7 live vars)
[0;31m│  [0m  [0m40: CheckedSmiTagInt32 [v0/n38:(x)] → (x)
[0;31m│  [0m  [0m41: LoadTaggedField(0xc: 0x09b800000e39 <String[6]: #length>, compressed, Smi) [v0/n19:(x)] → (x)
[0;31m│  [0m  [0m42: UnsafeSmiUntag [v0/n41:(x)] → (x)
[0;31m│  [0m      ↱ eager @30 (7 live vars)
[0;31m│  [0m  [0m43: CheckInt32Condition[UnsignedLessThan, OutOfBounds] [v0/n12:(x), v0/n42:(x)]
[0;31m│  [0m      ↱ eager @30 (7 live vars)
[0;31m│  [0m  [0m44: CheckMaps(0x09b8000005dd <Map(FIXED_ARRAY_TYPE)>, no heapobj check) [v0/n39:(x)]
[0;31m│  [0m  [0m45: StoreFixedArrayElementNoWriteBarrier [v0/n39:(x), v0/n12:(x), v0/n40:(x)]
[0;31m│  [0m[1;34m0x09b80101e415 <SharedFunctionInfo scale> (0x09b80104a3e5 <String[18]: "workloads/mixed.js">:12:2)
[m[0;31m│  [0m[0;34m  48 : 97 1d 00 0b       JumpLoop [29], [0], FBV[11]
[m[0;31m│  [0m  [0m48: ReduceInterruptBudgetForLoop(23) [v0/n47:(x)]
[0;31m│  [0m      ↳ lazy @48 (6 live vars)
[0;31m│  [0m  [0m50: Jump b6
[0;31m│  [0m   │  with gap moves:
[0;31m│  [0m   │    - v0/n46:(x) → 52: φᴵ r1 (x)
[0;31m│  [0m   ▼
[0;31m│[0;32m╭─►[0mBlock b6 peeled (effects:)
[0;31m│[0;32m│ [0m  [0m52: φᴵ r1 (n46, n64) → (x)
[0;31m│[0;32m│ [0m[0;34m  23 : 79 f8 04          TestLessThan r1, EmbeddedFeedback[4]
[m[0;31m│[0;32m│ [0m      ↱ eager @23 (7 live vars)
[0;31m│[0;32m│ [0m  [0m53: CheckedSmiSizedInt32 [v0/n52:(x)] → (x)
[0;31m│[0;32m│ [0m[0;34m  26 : a8 1a             JumpIfFalse [26]
[m[0;31m│[0;32m│[0;33m╭──[0m55: BranchIfInt32Compare(LessThan) [v0/n53:(x), v0/n13:(x)] b7 b8
[0;31m│[0;32m│[0;33m│[0m   ↓
[0;31m│[0;32m│[0;33m│ [0mBlock b7
[0;31m│[0;32m│[0;33m│[0m[0;34m  30 : 35 03 06          GetKeyedProperty a0, FBV[6]
[m[0;31m│[0;32m│[0;33m│[0m      ↱ eager @23 (7 live vars)
[0;31m│[0;32m│[0;33m│[0m  [0m56: CheckInt32Condition[UnsignedLessThan, OutOfBounds] [v0/n53:(x), v0/n13:(x)]
[0;31m│[0;32m│[0;33m│[0m  [0m57: LoadFixedArrayElement(compressed), Unknown [v0/n32:(x), v0/n53:(x)] → (x)
[0;31m│[0;32m│[0;33m│[0m      ↱ eager @23 (7 live vars)
[0;31m│[0;32m│[0;33m│[0m  [0m58: CheckNotHole [v0/n57:(x)]
[0;31m│[0;32m│[0;33m│[0m[0;34m  36 : 44 f5 01          Mul r4, EmbeddedFeedback[1]
[m[0;31m│[0;32m│[0;33m│[0m  [0m59: UnsafeSmiUntag [v0/n57:(x)] → (x)
[0;31m│[0;32m│[0;33m│[0m      ↱ eager @23 (7 live vars)
[0;31m│[0;32m│[0;33m│[0m  [0m60: Int32MultiplyWithOverflow [v0/n59:(x), v0/n37:(x)] → (x)
[0;31m│[0;32m│[0;33m│[0m[0;34m  39 : 3c f9 f8 08       SetKeyedProperty r0, r1, FBV[8]
[m[0;31m│[0;32m│[0;33m│[0m      ↱ eager @23 (7 live vars)
[0;31m│[0;32m│[0;33m│[0m  [0m61: CheckedSmiTagInt32 [v0/n60:(x)] → (x)
[0;31m│[0;32m│[0;33m│[0m      ↱ eager @23 (7 live vars)
[0;31m│[0;32m│[0;33m│[0m  [0m62: CheckInt32Condition[UnsignedLessThan, OutOfBounds] [v0/n53:(x), v0/n42:(x)]
[0;31m│[0;32m│[0;33m│[0m  [0m63: StoreFixedArrayElementNoWriteBarrier [v0/n39:(x), v0/n53:(x), v0/n61:(x)]
[0;31m│[0;32m│[0;33m│[0m[0;34m  45 : 5b 0a             Inc FBV[10]
[m[0;31m│[0;32m│[0;33m│[0m      ↱ eager @45 (6 live vars)
[0;31m│[0;32m│[0;33m│[0m  [0m64: Int32IncrementWithOverflow [v0/n53:(x)] → (x)
[0;31m│[0;32m│[0;33m│[0m[0;34m  48 : 97 1d 00 0b       JumpLoop [29], [0], FBV[11]
[m[0;31m│[0;32m│[0;33m│[0m  [0m65: ReduceInterruptBudgetForLoop(23) [v0/n47:(x)]
[0;31m│[0;32m│[0;33m│[0m      ↳ lazy @48 (6 live vars)
[0;31m│[0;32m│[0;33m│[0m      ↱ eager @45 (6 live vars)
[0;31m│[0;32m╰─◄─[0m66: JumpLoop b6
[0;31m│ [0;33m│[0m      with gap moves:
[0;31m│ [0;33m│[0m        - v0/n64:(x) → 52: φᴵ r1 (x)
[0;31m│ [0;33m│[0m
[0;31m│ [0;33m╰►[0mBlock b8
[0;31m│  [0m[1;34m0x09b80101e415 <SharedFunctionInfo scale> (0x09b80104a3e5 <String[18]: "workloads/mixed.js">:13:2)
[m[0;31m│  [0m[0;34m  52 : 0b f9             Ldar r0
[m[0;31m│[0;32m╭───[0m68: Jump b10
[0;31m│[0;32m│ [0m
[0;31m╰──►[0mBlock b9
 [0;32m│ [0m  [0m69: Jump b10
 [0;32m│ [0m   ↓
 [0;32m╰─►[0mBlock b10
   [0m[1;34m0x09b80101e415 <SharedFunctionInfo scale> (0x09b80104a3e5 <String[18]: "workloads/mixed.js">:13:13)
[m   [0m[0;34m  54 : b9                Return
[m   [0m  [0m70: ReduceInterruptBudgetForReturn(54) [v0/n47:(x)]
   [0m  [0m71: Return [v0/n19:(x)]
   [0m

----- Dead nodes sweeping -----
Graph

   [0m   [0m1/47: HeapConstant(0x09b80101e4e5 <FeedbackCell[one closure]>) → v-1, live range: [1-61]
   [0m    [0m2/4: HeapConstant(0x09b80101e561 <JSFunction scale (sfi = 0x9b80101e415)>) → v-1, live range: [2-58]
   [0m    [0m3/5: HeapConstant(0x09b80101e515 <ScriptContext[4]>) → v-1, live range: [3-58]
   [0m    [0m4/9: HeapConstant(0x09b80100c85d <JSFunction Array (sfi = 0x9b8001db2bd)>) → v-1, live range: [4-19]
   [0m   [0m5/17: RootConstant(empty_fixed_array) → v-1, live range: [5-23]
   [0m   [0m6/27: SmiConstant(0) → v-1, live range: [6-41]
   [0m   [0m7/25: SmiConstant(247) → v-1, live range: [7-27]
   [0m   [0m8/12: Int32Constant(0) → v-1, live range: [8-42]
   [0m   [0m9/46: Int32Constant(1) → v-1, live range: [9-44]
    [0mBlock b0
   [0m[1;34m0x09b80101e415 <SharedFunctionInfo scale> (0x09b80104a3e5 <String[18]: "workloads/mixed.js">:10:14)
[m   [0m[0;34m   0 : 23 00 00          LdaGlobal [0:"Array"], FBV[0]
[m   [0m   [0m10/1: InitialValue(<this>) → v-1(=-6S), live range: [10-58]
   [0m   [0m11/2: InitialValue(a0) → v-1(=-7S), live range: [11-58]
   [0m   [0m12/3: InitialValue(a1) → v-1(=-8S), live range: [12-58]
   [0m   [0m13/7: FunctionEntryStackCheck
   [0m         ↳ lazy @-1 (4 live vars)
   [0m   [0m14/8: Jump b1
   [0m      ↓
    [0mBlock b1
   [0m[1;34m0x09b80101e415 <SharedFunctionInfo scale> (0x09b80104a3e5 <String[18]: "workloads/mixed.js">:11:28)
[m   [0m[0;34m   4 : 33 03 01 02       GetNamedProperty a0, [1:"length"], FBV[2]
[m   [0m         ↱ eager @4 (5 live vars)
   [0m  [0m15/10: CheckMaps(0x09b80100cf85 <Map[16](HOLEY_SMI_ELEMENTS)>, check heapobj) [v11/n2:v-1(R)]
   [0m  [0m16/11: LoadTaggedField(0xc: 0x09b800000e39 <String[6]: #length>, compressed, Smi) [v11/n2:v-1(R)] → v-1(R), live range: [16-58]
   [0m[1;34m0x09b80101e415 <SharedFunctionInfo scale> (0x09b80104a3e5 <String[18]: "workloads/mixed.js">:11:14)
[m   [0m[0;34m  11 : 74 f7 f6 01 04    Construct r2, r3-r3, FBV[4]
[m   [0m  [0m17/13: UnsafeSmiUntag [v16/n11:v-1(R)] → v-1(0), live range: [17-58]
[0;31m╭────[0m18/14: BranchIfInt32Compare(GreaterThanOrEqual) [v17/n13:v-1(R), v8/n12:v-1(R)] b2 b3
[0;31m│  [0m      ↓
[0;31m│   [0mBlock b2
[0;31m│  [0m         ↱ eager @4 (5 live vars)
[0;31m│  [0m  [0m19/15: AllocateElementsArray(HOLEY_SMI_ELEMENTS, Young) [v17/n13:v-1(R)] → v-1(R), live range: [19-24]
[0;31m│  [0m  [0m20/18: AllocationBlock(Young) → v-1(R), live range: [20-21]
[0;31m│  [0m  [0m21/19: InlinedAllocation(object 0x09b80100cf85 <Map[16](HOLEY_SMI_ELEMENTS)>) [v20/n18:v-1(R)] → v-1(0), live range: [21-62]
[0;31m│  [0m  [0m22/20: StoreMap(0x09b80100cf85 <Map[16](HOLEY_SMI_ELEMENTS)>, InlinedAllocation) [v21/n19:v-1(=x1)]
[0;31m│  [0m  [0m23/21: StoreTaggedFieldNoWriteBarrier(0x4, mutable) [v21/n19:v-1(R), v5/n17:v-1(R)]
[0;31m│  [0m  [0m24/22: StoreTaggedFieldWithWriteBarrier(0x8, mutable, maybe_smi:1) [v21/n19:v-1(=x1), v19/n15:v-1(R)]
[0;31m│  [0m  [0m25/23: StoreTaggedFieldNoWriteBarrier(0xc, mutable) [v21/n19:v-1(R), v16/n11:v-1(R)]
[0;31m│[0;32m╭───[0m26/24: Jump b4
[0;31m│[0;32m│ [0m
[0;31m╰──►[0mBlock b3
 [0;32m│ [0m  [0m27/26: Throw(ThrowRangeError, has_input=1) [v7/n25:v-1(*)]
 [0;32m│ [0m         ↳ lazy @11 (4 live vars)
 [0;32m│ [0m
 [0;32m╰─►[0mBlock b4
   [0m[1;34m0x09b80101e415 <SharedFunctionInfo scale> (0x09b80104a3e5 <String[18]: "workloads/mixed.js">:12:20)
[m   [0m[0;34m  26 : a8 1a             JumpIfFalse [26]
[m[0;31m╭────[0m28/29: BranchIfInt32Compare(LessThan) [v8/n12:v-1(R), v17/n13:v-1(R)] b5 b9
[0;31m│  [0m      ↓
[0;31m│   [0mBlock b5
[0;31m│  [0m[1;34m0x09b80101e415 <SharedFunctionInfo scale> (0x09b80104a3e5 <String[18]: "workloads/mixed.js">:12:51)
[m[0;31m│  [0m[0;34m  30 : 35 03 06          GetKeyedProperty a0, FBV[6]
[m[0;31m│  [0m  [0m29/32: LoadTaggedField(0x8: Elements, decompressed, AnyHeapObject) [v11/n2:v-1(R)] → v-1(R), live range: [29-58]
[0;31m│  [0m         ↱ eager @30 (7 live vars)
[0;31m│  [0m  [0m30/33: CheckInt32Condition[UnsignedLessThan, OutOfBounds] [v8/n12:v-1(R), v17/n13:v-1(R)]
[0;31m│  [0m  [0m31/34: LoadTaggedField(0x8, decompressed) [v29/n32:v-1(R)] → v-1(R), live range: [31-33]
[0;31m│  [0m         ↱ eager @30 (7 live vars)
[0;31m│  [0m  [0m32/35: CheckNotHole [v31/n34:v-1(R)]
[0;31m│  [0m[1;34m0x09b80101e415 <SharedFunctionInfo scale> (0x09b80104a3e5 <String[18]: "workloads/mixed.js">:12:55)
[m[0;31m│  [0m[0;34m  36 : 44 f5 01          Mul r4, EmbeddedFeedback[1]
[m[0;31m│  [0m  [0m33/36: UnsafeSmiUntag [v31/n34:v-1(R)] → v-1(0), live range: [33-35]
[0;31m│  [0m         ↱ eager @30 (7 live vars)
[0;31m│  [0m  [0m34/37: CheckedSmiUntag [v12/n3:v-1(R)] → v-1(0), live range: [34-58]
[0;31m│  [0m         ↱ eager @30 (7 live vars)
[0;31m│  [0m  [0m35/38: Int32MultiplyWithOverflow [v33/n36:v-1(R), v34/n37:v-1(R)] → v-1(R), live range: [35-37]
[0;31m│  [0m[1;34m0x09b80101e415 <SharedFunctionInfo scale> (0x09b80104a3e5 <String[18]: "workloads/mixed.js">:12:46)
[m[0;31m│  [0m[0;34m  39 : 3c f9 f8 08       SetKeyedProperty r0, r1, FBV[8]
[m[0;31m│  [0m  [0m36/39: LoadTaggedField(0x8: Elements, decompressed, AnyHeapObject) [v21/n19:v-1(R)] → v-1(R), live range: [36-58]
[0;31m│  [0m         ↱ eager @30 (7 live vars)
[0;31m│  [0m  [0m37/40: CheckedSmiTagInt32 [v35/n38:v-1(R)] → v-1(0), live range: [37-42]
[0;31m│  [0m  [0m38/41: LoadTaggedField(0xc: 0x09b800000e39 <String[6]: #length>, compressed, Smi) [v21/n19:v-1(R)] → v-1(R), live range: [38-39]
[0;31m│  [0m  [0m39/42: UnsafeSmiUntag [v38/n41:v-1(R)] → v-1(0), live range: [39-58]
[0;31m│  [0m         ↱ eager @30 (7 live vars)
[0;31m│  [0m  [0m40/43: CheckInt32Condition[UnsignedLessThan, OutOfBounds] [v8/n12:v-1(R), v39/n42:v-1(R)]
[0;31m│  [0m         ↱ eager @30 (7 live vars)
[0;31m│  [0m  [0m41/44: CheckMaps(0x09b8000005dd <Map(FIXED_ARRAY_TYPE)>, no heapobj check) [v36/n39:v-1(R)]
[0;31m│  [0m  [0m42/45: StoreFixedArrayElementNoWriteBarrier [v36/n39:v-1(R), v8/n12:v-1(R), v37/n40:v-1(R)]
[0;31m│  [0m[1;34m0x09b80101e415 <SharedFunctionInfo scale> (0x09b80104a3e5 <String[18]: "workloads/mixed.js">:12:2)
[m[0;31m│  [0m[0;34m  48 : 97 1d 00 0b       JumpLoop [29], [0], FBV[11]
[m[0;31m│  [0m  [0m43/48: ReduceInterruptBudgetForLoop(23) [v1/n47:v-1(R)]
[0;31m│  [0m         ↳ lazy @48 (6 live vars)
[0;31m│  [0m  [0m44/50: Jump b6
[0;31m│  [0m      │  with gap moves:
[0;31m│  [0m      │    - v9/n46:v-1(*) → 52: φᴵ r1 v-1(*)
[0;31m│  [0m      ▼
[0;31m│[0;32m╭─►[0mBlock b6 peeled (effects:)
[0;31m│[0;32m│ [0m  [0m45/52: φᴵ r1 (n46, n64) → v-1(*), live range: [45-56]
[0;31m│[0;32m│ [0m[0;34m  23 : 79 f8 04          TestLessThan r1, EmbeddedFeedback[4]
[m[0;31m│[0;32m│ [0m         ↱ eager @23 (7 live vars)
[0;31m│[0;32m│ [0m  [0m46/53: CheckedSmiSizedInt32 [v45/n52:v-1(R)] → v-1(0), live range: [46-56]
[0;31m│[0;32m│ [0m[0;34m  26 : a8 1a             JumpIfFalse [26]
[m[0;31m│[0;32m│[0;33m╭──[0m47/55: BranchIfInt32Compare(LessThan) [v46/n53:v-1(R), v17/n13:v-1(R)] b7 b8
[0;31m│[0;32m│[0;33m│[0m      ↓
[0;31m│[0;32m│[0;33m│ [0mBlock b7
[0;31m│[0;32m│[0;33m│[0m[0;34m  30 : 35 03 06          GetKeyedProperty a0, FBV[6]
[m[0;31m│[0;32m│[0;33m│[0m         ↱ eager @23 (7 live vars)
[0;31m│[0;32m│[0;33m│[0m  [0m48/56: CheckInt32Condition[UnsignedLessThan, OutOfBounds] [v46/n53:v-1(R), v17/n13:v-1(R)]
[0;31m│[0;32m│[0;33m│[0m  [0m49/57: LoadFixedArrayElement(decompressed), Unknown [v29/n32:v-1(R), v46/n53:v-1(R)] → v-1(R), live range: [49-51]
[0;31m│[0;32m│[0;33m│[0m         ↱ eager @23 (7 live vars)
[0;31m│[0;32m│[0;33m│[0m  [0m50/58: CheckNotHole [v49/n57:v-1(R)]
[0;31m│[0;32m│[0;33m│[0m[0;34m  36 : 44 f5 01          Mul r4, EmbeddedFeedback[1]
[m[0;31m│[0;32m│[0;33m│[0m  [0m51/59: UnsafeSmiUntag [v49/n57:v-1(R)] → v-1(0), live range: [51-52]
[0;31m│[0;32m│[0;33m│[0m         ↱ eager @23 (7 live vars)
[0;31m│[0;32m│[0;33m│[0m  [0m52/60: Int32MultiplyWithOverflow [v51/n59:v-1(R), v34/n37:v-1(R)] → v-1(R), live range: [52-53]
[0;31m│[0;32m│[0;33m│[0m[0;34m  39 : 3c f9 f8 08       SetKeyedProperty r0, r1, FBV[8]
[m[0;31m│[0;32m│[0;33m│[0m         ↱ eager @23 (7 live vars)
[0;31m│[0;32m│[0;33m│[0m  [0m53/61: CheckedSmiTagInt32 [v52/n60:v-1(R)] → v-1(0), live range: [53-55]
[0;31m│[0;32m│[0;33m│[0m         ↱ eager @23 (7 live vars)
[0;31m│[0;32m│[0;33m│[0m  [0m54/62: CheckInt32Condition[UnsignedLessThan, OutOfBounds] [v46/n53:v-1(R), v39/n42:v-1(R)]
[0;31m│[0;32m│[0;33m│[0m  [0m55/63: StoreFixedArrayElementNoWriteBarrier [v36/n39:v-1(R), v46/n53:v-1(R), v53/n61:v-1(R)]
[0;31m│[0;32m│[0;33m│[0m[0;34m  45 : 5b 0a             Inc FBV[10]
[m[0;31m│[0;32m│[0;33m│[0m         ↱ eager @45 (6 live vars)
[0;31m│[0;32m│[0;33m│[0m  [0m56/64: Int32IncrementWithOverflow [v46/n53:v-1(R)] → v-1(R), live range: [56-58]
[0;31m│[0;32m│[0;33m│[0m[0;34m  48 : 97 1d 00 0b       JumpLoop [29], [0], FBV[11]
[m[0;31m│[0;32m│[0;33m│[0m  [0m57/65: ReduceInterruptBudgetForLoop(23) [v1/n47:v-1(R)]
[0;31m│[0;32m│[0;33m│[0m         ↳ lazy @48 (6 live vars)
[0;31m│[0;32m│[0;33m│[0m         ↱ eager @45 (6 live vars)
[0;31m│[0;32m╰─◄─[0m58/66: JumpLoop b6
[0;31m│ [0;33m│[0m         with gap moves:
[0;31m│ [0;33m│[0m           - v56/n64:v-1(*) → 52: φᴵ r1 v-1(*)
[0;31m│ [0;33m│[0m
[0;31m│ [0;33m╰►[0mBlock b8
[0;31m│  [0m[1;34m0x09b80101e415 <SharedFunctionInfo scale> (0x09b80104a3e5 <String[18]: "workloads/mixed.js">:13:2)
[m[0;31m│  [0m[0;34m  52 : 0b f9             Ldar r0
[m[0;31m│[0;32m╭───[0m59/68: Jump b10
[0;31m│[0;32m│ [0m
[0;31m╰──►[0mBlock b9
 [0;32m│ [0m  [0m60/69: Jump b10
 [0;32m│ [0m      ↓
 [0;32m╰─►[0mBlock b10
   [0m[1;34m0x09b80101e415 <SharedFunctionInfo scale> (0x09b80104a3e5 <String[18]: "workloads/mixed.js">:13:13)
[m   [0m[0;34m  54 : b9                Return
[m   [0m  [0m61/70: ReduceInterruptBudgetForReturn(54) [v1/n47:v-1(R)]
   [0m  [0m62/71: Return [v21/n19:v-1(=x0)]
   [0m

----- Register allocation -----
Graph

   [0m   [0m1/47: HeapConstant(0x09b80101e4e5 <FeedbackCell[one closure]>) → v-1, live range: [1-61]
   [0m    [0m2/4: HeapConstant(0x09b80101e561 <JSFunction scale (sfi = 0x9b80101e415)>) → v-1, live range: [2-58]
   [0m    [0m3/5: HeapConstant(0x09b80101e515 <ScriptContext[4]>) → v-1, live range: [3-58]
   [0m    [0m4/9: HeapConstant(0x09b80100c85d <JSFunction Array (sfi = 0x9b8001db2bd)>) → v-1, live range: [4-19]
   [0m   [0m5/17: RootConstant(empty_fixed_array) → v-1, live range: [5-23]
   [0m   [0m6/27: SmiConstant(0) → v-1, live range: [6-41]
   [0m   [0m7/25: SmiConstant(247) → v-1, live range: [7-27]
   [0m   [0m8/12: Int32Constant(0) → v-1, live range: [8-42]
   [0m   [0m9/46: Int32Constant(1) → v-1, live range: [9-44]
    [0mBlock b0
   [0m[1;34m0x09b80101e415 <SharedFunctionInfo scale> (0x09b80104a3e5 <String[18]: "workloads/mixed.js">:10:14)
[m   [0m[0;34m   0 : 23 00 00          LdaGlobal [0:"Array"], FBV[0]
[m   [0m   [0m10/1: InitialValue(<this>) → [stack:-6|t], live range: [10-58]
   [0m   [0m11/2: InitialValue(a0) → [stack:-7|t], live range: [11-58]
   [0m   [0m12/3: InitialValue(a1) → [stack:-8|t], live range: [12-58]
   [0m   [0m13/7: FunctionEntryStackCheck
   [0m         ↳ lazy @-1 (4 live vars)
   [0m   [0m14/8: Jump b1
   [0m      ↓
    [0mBlock b1
   [0m     [0m72: GapMove([stack:-7|t] → [x0|R|t])
   [0m[1;34m0x09b80101e415 <SharedFunctionInfo scale> (0x09b80104a3e5 <String[18]: "workloads/mixed.js">:11:28)
[m   [0m[0;34m   4 : 33 03 01 02       GetNamedProperty a0, [1:"length"], FBV[2]
[m   [0m         ↱ eager @4 (5 live vars)
   [0m  [0m15/10: CheckMaps(0x09b80100cf85 <Map[16](HOLEY_SMI_ELEMENTS)>, check heapobj) [v11/n2:[x0|R|t]]
   [0m  [0m16/11: LoadTaggedField(0xc: 0x09b800000e39 <String[6]: #length>, compressed, Smi) [v11/n2:[x0|R|t]] → [x1|R|t] (spilled: [stack:0|t]), live range: [16-58]
   [0m     [0m73: GapMove([x1|R|t] → [x2|R|t])
   [0m[1;34m0x09b80101e415 <SharedFunctionInfo scale> (0x09b80104a3e5 <String[18]: "workloads/mixed.js">:11:14)
[m   [0m[0;34m  11 : 74 f7 f6 01 04    Construct r2, r3-r3, FBV[4]
[m   [0m  [0m17/13: UnsafeSmiUntag [v16/n11:[x1|R|t]] → [x1|R|w32] (spilled: [stack:0|w32]), live range: [17-58]
   [0m     [0m74: ConstantGapMove(n12 → [x3|R|w32])
[0;31m╭────[0m18/14: BranchIfInt32Compare(GreaterThanOrEqual) [v17/n13:[x1|R|w32], v8/n12:[x3|R|w32]] b2 b3
[0;31m│  [0m      ↓
[0;31m│   [0mBlock b2
[0;31m│  [0m     [0m75: GapMove([x1|R|w32] → [x4|R|w32])
[0;31m│  [0m         ↱ eager @4 (5 live vars)
[0;31m│  [0m  [0m19/15: AllocateElementsArray(HOLEY_SMI_ELEMENTS, Young) [v17/n13:[x1|R|w32]] → [x6|R|t], live range: [19-24]
[0;31m│  [0m  [0m20/18: AllocationBlock(Young) → [x1|R|t], live range: [20-21]
[0;31m│  [0m  [0m21/19: InlinedAllocation(object 0x09b80100cf85 <Map[16](HOLEY_SMI_ELEMENTS)>) [v20/n18:[x1|R|t]] → [x1|R|t] (spilled: [stack:1|t]), live range: [21-62]
[0;31m│  [0m  [0m22/20: StoreMap(0x09b80100cf85 <Map[16](HOLEY_SMI_ELEMENTS)>, InlinedAllocation) [v21/n19:[x1|R|t]]
[0;31m│  [0m     [0m76: ConstantGapMove(n17 → [x5|R|t])
[0;31m│  [0m  [0m23/21: StoreTaggedFieldNoWriteBarrier(0x4, mutable) [v21/n19:[x1|R|t], v5/n17:[x5|R|t]]
[0;31m│  [0m  [0m24/22: StoreTaggedFieldWithWriteBarrier(0x8, mutable, maybe_smi:1) [v21/n19:[x1|R|t], v19/n15:[x6|R|t]]
[0;31m│  [0m  [0m25/23: StoreTaggedFieldNoWriteBarrier(0xc, mutable) [v21/n19:[x1|R|t], v16/n11:[x2|R|t]]
[0;31m│[0;32m╭───[0m26/24: Jump b4
[0;31m│[0;32m│ [0m
[0;31m╰──►[0mBlock b3
 [0;32m│ [0m  [0m27/26: Throw(ThrowRangeError, has_input=1) [v7/n25:[constant:v-1]]
 [0;32m│ [0m         ↳ lazy @11 (4 live vars)
 [0;32m│ [0m
 [0;32m╰─►[0mBlock b4
   [0m[1;34m0x09b80101e415 <SharedFunctionInfo scale> (0x09b80104a3e5 <String[18]: "workloads/mixed.js">:12:20)
[m   [0m[0;34m  26 : a8 1a             JumpIfFalse [26]
[m[0;31m╭────[0m28/29: BranchIfInt32Compare(LessThan) [v8/n12:[x3|R|w32], v17/n13:[x4|R|w32]] b5 b9
[0;31m│  [0m      ↓
[0;31m│   [0mBlock b5
[0;31m│  [0m[1;34m0x09b80101e415 <SharedFunctionInfo scale> (0x09b80104a3e5 <String[18]: "workloads/mixed.js">:12:51)
[m[0;31m│  [0m[0;34m  30 : 35 03 06          GetKeyedProperty a0, FBV[6]
[m[0;31m│  [0m  [0m29/32: LoadTaggedField(0x8: Elements, decompressed, AnyHeapObject) [v11/n2:[x0|R|t]] → [x5|R|t], live range: [29-58]
[0;31m│  [0m         ↱ eager @30 (7 live vars)
[0;31m│  [0m  [0m30/33: CheckInt32Condition[UnsignedLessThan, OutOfBounds] [v8/n12:[x3|R|w32], v17/n13:[x4|R|w32]]
[0;31m│  [0m  [0m31/34: LoadTaggedField(0x8, decompressed) [v29/n32:[x5|R|t]] → [x6|R|t], live range: [31-33]
[0;31m│  [0m         ↱ eager @30 (7 live vars)
[0;31m│  [0m  [0m32/35: CheckNotHole [v31/n34:[x6|R|t]]
[0;31m│  [0m[1;34m0x09b80101e415 <SharedFunctionInfo scale> (0x09b80104a3e5 <String[18]: "workloads/mixed.js">:12:55)
[m[0;31m│  [0m[0;34m  36 : 44 f5 01          Mul r4, EmbeddedFeedback[1]
[m[0;31m│  [0m  [0m33/36: UnsafeSmiUntag [v31/n34:[x6|R|t]] → [x6|R|w32], live range: [33-35]
[0;31m│  [0m     [0m77: GapMove([stack:-8|t] → [x7|R|t])
[0;31m│  [0m         ↱ eager @30 (7 live vars)
[0;31m│  [0m  [0m34/37: CheckedSmiUntag [v12/n3:[x7|R|t]] → [x7|R|w32], live range: [34-58]
[0;31m│  [0m         ↱ eager @30 (7 live vars)
[0;31m│  [0m  [0m35/38: Int32MultiplyWithOverflow [v33/n36:[x6|R|w32], v34/n37:[x7|R|w32]] → [x8|R|w32], live range: [35-37]
[0;31m│  [0m[1;34m0x09b80101e415 <SharedFunctionInfo scale> (0x09b80104a3e5 <String[18]: "workloads/mixed.js">:12:46)
[m[0;31m│  [0m[0;34m  39 : 3c f9 f8 08       SetKeyedProperty r0, r1, FBV[8]
[m[0;31m│  [0m  [0m36/39: LoadTaggedField(0x8: Elements, decompressed, AnyHeapObject) [v21/n19:[x1|R|t]] → [x6|R|t], live range: [36-58]
[0;31m│  [0m         ↱ eager @30 (7 live vars)
[0;31m│  [0m  [0m37/40: CheckedSmiTagInt32 [v35/n38:[x8|R|w32]] → [x8|R|t], live range: [37-42]
[0;31m│  [0m  [0m38/41: LoadTaggedField(0xc: 0x09b800000e39 <String[6]: #length>, compressed, Smi) [v21/n19:[x1|R|t]] → [x9|R|t], live range: [38-39]
[0;31m│  [0m  [0m39/42: UnsafeSmiUntag [v38/n41:[x9|R|t]] → [x9|R|w32], live range: [39-58]
[0;31m│  [0m         ↱ eager @30 (7 live vars)
[0;31m│  [0m  [0m40/43: CheckInt32Condition[UnsignedLessThan, OutOfBounds] [v8/n12:[x3|R|w32], v39/n42:[x9|R|w32]]
[0;31m│  [0m         ↱ eager @30 (7 live vars)
[0;31m│  [0m  [0m41/44: CheckMaps(0x09b8000005dd <Map(FIXED_ARRAY_TYPE)>, no heapobj check) [v36/n39:[x6|R|t]]
[0;31m│  [0m  [0m42/45: StoreFixedArrayElementNoWriteBarrier [v36/n39:[x6|R|t], v8/n12:[x3|R|w32], v37/n40:[x8|R|t]]
[0;31m│  [0m     [0m78: ConstantGapMove(n47 → [x3|R|t])
[0;31m│  [0m[1;34m0x09b80101e415 <SharedFunctionInfo scale> (0x09b80104a3e5 <String[18]: "workloads/mixed.js">:12:2)
[m[0;31m│  [0m[0;34m  48 : 97 1d 00 0b       JumpLoop [29], [0], FBV[11]
[m[0;31m│  [0m  [0m43/48: ReduceInterruptBudgetForLoop(23) [v1/n47:[x3|R|t]]
[0;31m│  [0m         ↳ lazy @48 (6 live vars)
[0;31m│  [0m  [0m44/50: Jump b6
[0;31m│  [0m      │  with gap moves:
[0;31m│  [0m      │    - v9/n46:[constant:v-1] → 52: φᴵ r1 [x0|R|w32]
[0;31m│  [0m      │  with register merges:
[0;31m│  [0m      ▼
[0;31m│[0;32m╭─►[0mBlock b6 peeled (effects:)
[0;31m│[0;32m│ [0m  [0m45/52: φᴵ r1 (n46, n64) → [x0|R|w32], live range: [45-56]
[0;31m│[0;32m│ [0m     [0m79: GapMove([x0|R|w32] → [x1|R|w32])
[0;31m│[0;32m│ [0m[0;34m  23 : 79 f8 04          TestLessThan r1, EmbeddedFeedback[4]
[m[0;31m│[0;32m│ [0m         ↱ eager @23 (7 live vars)
[0;31m│[0;32m│ [0m  [0m46/53: CheckedSmiSizedInt32 [v45/n52:[x0|R|w32]] → [x0|R|w32], live range: [46-56]
[0;31m│[0;32m│ [0m[0;34m  26 : a8 1a             JumpIfFalse [26]
[m[0;31m│[0;32m│[0;33m╭──[0m47/55: BranchIfInt32Compare(LessThan) [v46/n53:[x0|R|w32], v17/n13:[x4|R|w32]] b7 b8
[0;31m│[0;32m│[0;33m│[0m      ↓
[0;31m│[0;32m│[0;33m│ [0mBlock b7
[0;31m│[0;32m│[0;33m│[0m[0;34m  30 : 35 03 06          GetKeyedProperty a0, FBV[6]
[m[0;31m│[0;32m│[0;33m│[0m         ↱ eager @23 (7 live vars)
[0;31m│[0;32m│[0;33m│[0m  [0m48/56: CheckInt32Condition[UnsignedLessThan, OutOfBounds] [v46/n53:[x0|R|w32], v17/n13:[x4|R|w32]]
[0;31m│[0;32m│[0;33m│[0m  [0m49/57: LoadFixedArrayElement(decompressed), Unknown [v29/n32:[x5|R|t], v46/n53:[x0|R|w32]] → [x2|R|t], live range: [49-51]
[0;31m│[0;32m│[0;33m│[0m         ↱ eager @23 (7 live vars)
[0;31m│[0;32m│[0;33m│[0m  [0m50/58: CheckNotHole [v49/n57:[x2|R|t]]
[0;31m│[0;32m│[0;33m│[0m[0;34m  36 : 44 f5 01          Mul r4, EmbeddedFeedback[1]
[m[0;31m│[0;32m│[0;33m│[0m  [0m51/59: UnsafeSmiUntag [v49/n57:[x2|R|t]] → [x2|R|w32], live range: [51-52]
[0;31m│[0;32m│[0;33m│[0m         ↱ eager @23 (7 live vars)
[0;31m│[0;32m│[0;33m│[0m  [0m52/60: Int32MultiplyWithOverflow [v51/n59:[x2|R|w32], v34/n37:[x7|R|w32]] → [x8|R|w32], live range: [52-53]
[0;31m│[0;32m│[0;33m│[0m[0;34m  39 : 3c f9 f8 08       SetKeyedProperty r0, r1, FBV[8]
[m[0;31m│[0;32m│[0;33m│[0m         ↱ eager @23 (7 live vars)
[0;31m│[0;32m│[0;33m│[0m  [0m53/61: CheckedSmiTagInt32 [v52/n60:[x8|R|w32]] → [x8|R|t], live range: [53-55]
[0;31m│[0;32m│[0;33m│[0m         ↱ eager @23 (7 live vars)
[0;31m│[0;32m│[0;33m│[0m  [0m54/62: CheckInt32Condition[UnsignedLessThan, OutOfBounds] [v46/n53:[x0|R|w32], v39/n42:[x9|R|w32]]
[0;31m│[0;32m│[0;33m│[0m  [0m55/63: StoreFixedArrayElementNoWriteBarrier [v36/n39:[x6|R|t], v46/n53:[x0|R|w32], v53/n61:[x8|R|t]]
[0;31m│[0;32m│[0;33m│[0m[0;34m  45 : 5b 0a             Inc FBV[10]
[m[0;31m│[0;32m│[0;33m│[0m         ↱ eager @45 (6 live vars)
[0;31m│[0;32m│[0;33m│[0m  [0m56/64: Int32IncrementWithOverflow [v46/n53:[x0|R|w32]] → [x2|R|w32] (spilled: [stack:1|w32]), live range: [56-58]
[0;31m│[0;32m│[0;33m│[0m[0;34m  48 : 97 1d 00 0b       JumpLoop [29], [0], FBV[11]
[m[0;31m│[0;32m│[0;33m│[0m  [0m57/65: ReduceInterruptBudgetForLoop(23) [v1/n47:[x3|R|t]]
[0;31m│[0;32m│[0;33m│[0m         ↳ lazy @48 (6 live vars)
[0;31m│[0;32m│[0;33m│[0m         ↱ eager @45 (6 live vars)
[0;31m│[0;32m╰─◄─[0m58/66: JumpLoop b6
[0;31m│ [0;33m│[0m         with gap moves:
[0;31m│ [0;33m│[0m           - v56/n64:[x2|R|w32] → 52: φᴵ r1 [x0|R|w32]
[0;31m│ [0;33m│[0m         with register merges:
[0;31m│ [0;33m│[0m
[0;31m│ [0;33m╰►[0mBlock b8
[0;31m│  [0m[1;34m0x09b80101e415 <SharedFunctionInfo scale> (0x09b80104a3e5 <String[18]: "workloads/mixed.js">:13:2)
[m[0;31m│  [0m[0;34m  52 : 0b f9             Ldar r0
[m[0;31m│[0;32m╭───[0m59/68: Jump b10
[0;31m│[0;32m│ [0m
[0;31m╰──►[0mBlock b9
 [0;32m│ [0m  [0m60/69: Jump b10
 [0;32m│ [0m      ↓
 [0;32m╰─►[0mBlock b10
   [0m[1;34m0x09b80101e415 <SharedFunctionInfo scale> (0x09b80104a3e5 <String[18]: "workloads/mixed.js">:13:13)
[m   [0m[0;34m  54 : b9                Return
[m   [0m  [0m61/70: ReduceInterruptBudgetForReturn(54) [v1/n47:[x3|R|t]]
   [0m     [0m80: GapMove([x1|R|t] → [x0|R|t])
   [0m  [0m62/71: Return [v21/n19:[x0|R|t]]
   [0m
---------------------------------------------------
Finished compiling method scale using Maglev
[bailout (kind: deopt-eager, reason: not a Smi): begin. deoptimizing 0x09b80101e595 <JSFunction flipflop (sfi = 0x9b80101e445)>, 0x031a01000865 <Code MAGLEV>, opt id 1, bytecode offset 2, deopt exit 0, FP to SP delta 32, caller SP 0x00016bdc1770, pc 0x000170000554]
---------------------------------------------------
Begin compiling method flipflop using Maglev
Compiling 0x09b80101e595 <JSFunction flipflop (sfi = 0x9b80101e445)> with Maglev
----- Bytecode array -----
Parameter count 2
Register count 0
Frame size 0
  581 S> 0x31a01000360 @    0 : 0b 03             Ldar a0
  590 E> 0x31a01000362 @    2 : 51 02 04          MulSmi [2], EmbeddedFeedback[4]
  594 E> 0x31a01000365 @    5 : 4f 01 03          AddSmi [1], EmbeddedFeedback[3]
  598 S> 0x31a01000368 @    8 : b9                Return
Constant pool (size = 0)
Handler Table (size = 0)
Source Position Table (size = 11)
0x031a0100036d <Other heap object (TRUSTED_BYTE_ARRAY_TYPE)>
0x9b80101e8a9: [FeedbackVector] in OldSpace
 - map: 0x09b800000895 <Map(FEEDBACK_VECTOR_TYPE)>
 - length: 0 (empty)

----- Maglev graph building -----
Graph

[0m  [0m13: HeapConstant(0x09b80101e4f5 <FeedbackCell[one closure]>), 1 uses
[0m   [0m3: HeapConstant(0x09b80101e595 <JSFunction flipflop (sfi = 0x9b80101e445)>), 2 uses
[0m   [0m4: HeapConstant(0x09b80101e515 <ScriptContext[4]>), 2 uses
[0m   [0m5: RootConstant(undefined_value), 0 uses 🪦
[0m  [0m11: Float64Constant(1), 1 uses
[0m   [0m9: Float64Constant(2), 1 uses
 [0mBlock b0
[0m[1;34m0x09b80101e445 <SharedFunctionInfo flipflop> (0x09b80104a3e5 <String[18]: "workloads/mixed.js">:17:17)
[m[0m[0;34m   0 : 0b 03             Ldar a0
[m[0m   [0m1: InitialValue(<this>), 2 uses
[0m   [0m2: InitialValue(a0), 4 uses
[0m   [0m6: FunctionEntryStackCheck
[0m      ↳ lazy @-1 (3 live vars)
[0m   [0m7: Jump b1
[0m   ↓
 [0mBlock b1
[0m[1;34m0x09b80101e445 <SharedFunctionInfo flipflop> (0x09b80104a3e5 <String[18]: "workloads/mixed.js">:18:11)
[m[0m[0;34m   2 : 51 02 04          MulSmi [2], EmbeddedFeedback[4]
[m[0m      ↱ eager @2 (4 live vars)
[0m   [0m8: CheckedNumberToFloat64 [n2], 1 uses, cannot truncate to int32 [-∞, +∞]
[0m  [0m10: Float64Multiply [n8, n9], 1 uses, cannot truncate to int32 [-∞, +∞]
[0m[1;34m0x09b80101e445 <SharedFunctionInfo flipflop> (0x09b80104a3e5 <String[18]: "workloads/mixed.js">:18:15)
[m[0m[0;34m   5 : 4f 01 03          AddSmi [1], EmbeddedFeedback[3]
[m[0m  [0m12: Float64Add [n10, n11], 1 uses, cannot truncate to int32 [-∞, +∞]
[0m[1;34m0x09b80101e445 <SharedFunctionInfo flipflop> (0x09b80104a3e5 <String[18]: "workloads/mixed.js">:18:19)
[m[0m[0;34m   8 : b9                Return
[m[0m  [0m14: ReduceInterruptBudgetForReturn(8) [n13]
[0m  [0m15: Float64ToTagged[kCanonicalizeSmi] [n12], 1 uses
[0m  [0m16: Return [n15]
[0m

----- Phi untagging -----
Graph

[0m  [0m13: HeapConstant(0x09b80101e4f5 <FeedbackCell[one closure]>), 1 uses
[0m   [0m3: HeapConstant(0x09b80101e595 <JSFunction flipflop (sfi = 0x9b80101e445)>), 2 uses
[0m   [0m4: HeapConstant(0x09b80101e515 <ScriptContext[4]>), 2 uses
[0m   [0m5: RootConstant(undefined_value), 0 uses 🪦
[0m  [0m11: Float64Constant(1), 1 uses
[0m   [0m9: Float64Constant(2), 1 uses
 [0mBlock b0
[0m[1;34m0x09b80101e445 <SharedFunctionInfo flipflop> (0x09b80104a3e5 <String[18]: "workloads/mixed.js">:17:17)
[m[0m[0;34m   0 : 0b 03             Ldar a0
[m[0m   [0m1: InitialValue(<this>), 2 uses
[0m   [0m2: InitialValue(a0), 4 uses
[0m   [0m6: FunctionEntryStackCheck
[0m      ↳ lazy @-1 (3 live vars)
[0m   [0m7: Jump b1
[0m   ↓
 [0mBlock b1
[0m[1;34m0x09b80101e445 <SharedFunctionInfo flipflop> (0x09b80104a3e5 <String[18]: "workloads/mixed.js">:18:11)
[m[0m[0;34m   2 : 51 02 04          MulSmi [2], EmbeddedFeedback[4]
[m[0m      ↱ eager @2 (4 live vars)
[0m   [0m8: CheckedNumberToFloat64 [n2], 1 uses, cannot truncate to int32 [-∞, +∞]
[0m  [0m10: Float64Multiply [n8, n9], 1 uses, cannot truncate to int32 [-∞, +∞]
[0m[1;34m0x09b80101e445 <SharedFunctionInfo flipflop> (0x09b80104a3e5 <String[18]: "workloads/mixed.js">:18:15)
[m[0m[0;34m   5 : 4f 01 03          AddSmi [1], EmbeddedFeedback[3]
[m[0m  [0m12: Float64Add [n10, n11], 1 uses, cannot truncate to int32 [-∞, +∞]
[0m[1;34m0x09b80101e445 <SharedFunctionInfo flipflop> (0x09b80104a3e5 <String[18]: "workloads/mixed.js">:18:19)
[m[0m[0;34m   8 : b9                Return
[m[0m  [0m14: ReduceInterruptBudgetForReturn(8) [n13]
[0m  [0m15: Float64ToTagged[kCanonicalizeSmi] [n12], 1 uses
[0m  [0m16: Return [n15]
[0m

----- AnyUseMarking -----
Graph

[0m  [0m13: HeapConstant(0x09b80101e4f5 <FeedbackCell[one closure]>) → (x)
[0m   [0m3: HeapConstant(0x09b80101e595 <JSFunction flipflop (sfi = 0x9b80101e445)>) → (x)
[0m   [0m4: HeapConstant(0x09b80101e515 <ScriptContext[4]>) → (x)
[0m  [0m11: Float64Constant(1) → (x)
[0m   [0m9: Float64Constant(2) → (x)
 [0mBlock b0
[0m[1;34m0x09b80101e445 <SharedFunctionInfo flipflop> (0x09b80104a3e5 <String[18]: "workloads/mixed.js">:17:17)
[m[0m[0;34m   0 : 0b 03             Ldar a0
[m[0m   [0m1: InitialValue(<this>) → (x)
[0m   [0m2: InitialValue(a0) → (x)
[0m   [0m6: FunctionEntryStackCheck
[0m      ↳ lazy @-1 (3 live vars)
[0m   [0m7: Jump b1
[0m   ↓
 [0mBlock b1
[0m[1;34m0x09b80101e445 <SharedFunctionInfo flipflop> (0x09b80104a3e5 <String[18]: "workloads/mixed.js">:18:11)
[m[0m[0;34m   2 : 51 02 04          MulSmi [2], EmbeddedFeedback[4]
[m[0m      ↱ eager @2 (4 live vars)
[0m   [0m8: CheckedNumberToFloat64 [v0/n2:(x)] → (x)
[0m  [0m10: Float64Multiply [v0/n8:(x), v0/n9:(x)] → (x)
[0m[1;34m0x09b80101e445 <SharedFunctionInfo flipflop> (0x09b80104a3e5 <String[18]: "workloads/mixed.js">:18:15)
[m[0m[0;34m   5 : 4f 01 03          AddSmi [1], EmbeddedFeedback[3]
[m[0m  [0m12: Float64Add [v0/n10:(x), v0/n11:(x)] → (x)
[0m[1;34m0x09b80101e445 <SharedFunctionInfo flipflop> (0x09b80104a3e5 <String[18]: "workloads/mixed.js">:18:19)
[m[0m[0;34m   8 : b9                Return
[m[0m  [0m14: ReduceInterruptBudgetForReturn(8) [v0/n13:(x)]
[0m  [0m15: Float64ToTagged[kCanonicalizeSmi] [v0/n12:(x)] → (x)
[0m  [0m16: Return [v0/n15:(x)]
[0m

----- Dead nodes sweeping -----
Graph

[0m   [0m1/13: HeapConstant(0x09b80101e4f5 <FeedbackCell[one closure]>) → v-1, live range: [1-13]
[0m    [0m2/3: HeapConstant(0x09b80101e595 <JSFunction flipflop (sfi = 0x9b80101e445)>) → v-1, live range: [2-10]
[0m    [0m3/4: HeapConstant(0x09b80101e515 <ScriptContext[4]>) → v-1, live range: [3-10]
[0m   [0m4/11: Float64Constant(1) → v-1, live range: [4-12]
[0m    [0m5/9: Float64Constant(2) → v-1, live range: [5-11]
 [0mBlock b0
[0m[1;34m0x09b80101e445 <SharedFunctionInfo flipflop> (0x09b80104a3e5 <String[18]: "workloads/mixed.js">:17:17)
[m[0m[0;34m   0 : 0b 03             Ldar a0
[m[0m    [0m6/1: InitialValue(<this>) → v-1(=-6S), live range: [6-10]
[0m    [0m7/2: InitialValue(a0) → v-1(=-7S), live range: [7-10]
[0m    [0m8/6: FunctionEntryStackCheck
[0m         ↳ lazy @-1 (3 live vars)
[0m    [0m9/7: Jump b1
[0m      ↓
 [0mBlock b1
[0m[1;34m0x09b80101e445 <SharedFunctionInfo flipflop> (0x09b80104a3e5 <String[18]: "workloads/mixed.js">:18:11)
[m[0m[0;34m   2 : 51 02 04          MulSmi [2], EmbeddedFeedback[4]
[m[0m         ↱ eager @2 (4 live vars)
[0m   [0m10/8: CheckedNumberToFloat64 [v7/n2:v-1(R)] → v-1(R), live range: [10-11]
[0m  [0m11/10: Float64Multiply [v10/n8:v-1(R), v5/n9:v-1(R)] → v-1(R), live range: [11-12]
[0m[1;34m0x09b80101e445 <SharedFunctionInfo flipflop> (0x09b80104a3e5 <String[18]: "workloads/mixed.js">:18:15)
[m[0m[0;34m   5 : 4f 01 03          AddSmi [1], EmbeddedFeedback[3]
[m[0m  [0m12/12: Float64Add [v11/n10:v-1(R), v4/n11:v-1(R)] → v-1(R), live range: [12-14]
[0m[1;34m0x09b80101e445 <SharedFunctionInfo flipflop> (0x09b80104a3e5 <String[18]: "workloads/mixed.js">:18:19)
[m[0m[0;34m   8 : b9                Return
[m[0m  [0m13/14: ReduceInterruptBudgetForReturn(8) [v1/n13:v-1(R)]
[0m  [0m14/15: Float64ToTagged[kCanonicalizeSmi] [v12/n12:v-1(R)] → v-1(R), live range: [14-15]
[0m  [0m15/16: Return [v14/n15:v-1(=x0)]
[0m

----- Register allocation -----
Graph

[0m   [0m1/13: HeapConstant(0x09b80101e4f5 <FeedbackCell[one closure]>) → v-1, live range: [1-13]
[0m    [0m2/3: HeapConstant(0x09b80101e595 <JSFunction flipflop (sfi = 0x9b80101e445)>) → v-1, live range: [2-10]
[0m    [0m3/4: HeapConstant(0x09b80101e515 <ScriptContext[4]>) → v-1, live range: [3-10]
[0m   [0m4/11: Float64Constant(1) → v-1, live range: [4-12]
[0m    [0m5/9: Float64Constant(2) → v-1, live range: [5-11]
 [0mBlock b0
[0m[1;34m0x09b80101e445 <SharedFunctionInfo flipflop> (0x09b80104a3e5 <String[18]: "workloads/mixed.js">:17:17)
[m[0m[0;34m   0 : 0b 03             Ldar a0
[m[0m    [0m6/1: InitialValue(<this>) → [stack:-6|t], live range: [6-10]
[0m    [0m7/2: InitialValue(a0) → [stack:-7|t], live range: [7-10]
[0m    [0m8/6: FunctionEntryStackCheck
[0m         ↳ lazy @-1 (3 live vars)
[0m    [0m9/7: Jump b1
[0m      ↓
 [0mBlock b1
[0m     [0m17: GapMove([stack:-7|t] → [x0|R|t])
[0m[1;34m0x09b80101e445 <SharedFunctionInfo flipflop> (0x09b80104a3e5 <String[18]: "workloads/mixed.js">:18:11)
[m[0m[0;34m   2 : 51 02 04          MulSmi [2], EmbeddedFeedback[4]
[m[0m         ↱ eager @2 (4 live vars)
[0m   [0m10/8: CheckedNumberToFloat64 [v7/n2:[x0|R|t]] → [v0|R|f64], live range: [10-11]
[0m     [0m18: ConstantGapMove(n9 → [v1|R|f64])
[0m  [0m11/10: Float64Multiply [v10/n8:[v0|R|f64], v5/n9:[v1|R|f64]] → [v2|R|f64], live range: [11-12]
[0m     [0m19: ConstantGapMove(n11 → [v0|R|f64])
[0m[1;34m0x09b80101e445 <SharedFunctionInfo flipflop> (0x09b80104a3e5 <String[18]: "workloads/mixed.js">:18:15)
[m[0m[0;34m   5 : 4f 01 03          AddSmi [1], EmbeddedFeedback[3]
[m[0m  [0m12/12: Float64Add [v11/n10:[v2|R|f64], v4/n11:[v0|R|f64]] → [v1|R|f64], live range: [12-14]
[0m     [0m20: ConstantGapMove(n13 → [x0|R|t])
[0m[1;34m0x09b80101e445 <SharedFunctionInfo flipflop> (0x09b80104a3e5 <String[18]: "workloads/mixed.js">:18:19)
[m[0m[0;34m   8 : b9                Return
[m[0m  [0m13/14: ReduceInterruptBudgetForReturn(8) [v1/n13:[x0|R|t]]
[0m  [0m14/15: Float64ToTagged[kCanonicalizeSmi] [v12/n12:[v1|R|f64]] → [x0|R|t], live range: [14-15]
[0m  [0m15/16: Return [v14/n15:[x0|R|t]]
[0m
---------------------------------------------------
Finished compiling method flipflop using Maglev
---------------------------------------------------
Begin compiling method  using Maglev
Compiling 0x09b80101e4b5 <JSFunction (sfi = 0x9b80101e365)> with Maglev
----- Bytecode array -----
Parameter count 1
Register count 9
Frame size 72
         0x31a010000f8 @    0 : 13 00             LdaConstant [0:0x09b80101e3c5 <FixedArray[6]>]
         0x31a010000fa @    2 : d1                Star4
         0x31a010000fb @    3 : 1b fe f4          Mov <closure>, r5
    0 E> 0x31a010000fe @    6 : 70 77 01 f5 02    CallRuntime [DeclareGlobals], r4-r5
  615 S> 0x31a01000103 @   11 : 88 00             CreateEmptyArrayLiteral FBV[0]
  615 E> 0x31a01000105 @   13 : 27 02             StaCurrentContextSlotNoCell [2]
  632 S> 0x31a01000107 @   15 : 0c                LdaZero
         0x31a01000108 @   16 : d2                Star3
  637 S> 0x31a01000109 @   17 : 00 0d 00 01       LdaSmi.Wide [256]
  637 E> 0x31a0100010d @   21 : 79 f6 04          TestLessThan r3, EmbeddedFeedback[4]
         0x31a01000110 @   24 : a8 18             JumpIfFalse [24] (0x31a01000128 @ 48)
  649 S> 0x31a01000112 @   26 : 19 02             LdaImmutableCurrentContextSlot [2]
         0x31a01000114 @   28 : d0                Star5
  654 E> 0x31a01000115 @   29 : 33 f4 01 01       GetNamedProperty r5, [1:"push"], FBV[1]
         0x31a01000119 @   33 : d1                Star4
  654 E> 0x31a0100011a @   34 : 69 f5 f4 f6 03    CallProperty1 r4, r5, r3, FBV[3]
  645 S> 0x31a0100011f @   39 : 0b f6             Ldar r3
         0x31a01000121 @   41 : 5b 05             Inc FBV[5]
         0x31a01000123 @   43 : d2                Star3
  619 E> 0x31a01000124 @   44 : 97 1b 00 06       JumpLoop [27], [0], FBV[6] (0x31a01000109 @ 17)
  674 S> 0x31a01000128 @   48 : 0c                LdaZero
  674 E> 0x31a01000129 @   49 : 29 03             StaCurrentContextSlot [3]
  694 S> 0x31a0100012b @   51 : 0c                LdaZero
         0x31a0100012c @   52 : d4                Star1
  703 S> 0x31a0100012d @   53 : 00 0d 90 01       LdaSmi.Wide [400]
  703 E> 0x31a01000131 @   57 : 79 f8 04          TestLessThan r1, EmbeddedFeedback[4]
         0x31a01000134 @   60 : a8 79             JumpIfFalse [121] (0x31a010001ad @ 181)
  723 S> 0x31a01000136 @   62 : 18 03             LdaCurrentContextSlot [3]
         0x31a01000138 @   64 : d1                Star4
         0x31a01000139 @   65 : 23 02 08          LdaGlobal [2:"sum"], FBV[8]
         0x31a0100013c @   68 : d0                Star5
         0x31a0100013d @   69 : 19 02             LdaImmutableCurrentContextSlot [2]
         0x31a0100013f @   71 : cf                Star6
  730 E> 0x31a01000140 @   72 : 6d f4 f3 0a       CallUndefinedReceiver1 r5, r6, FBV[10]
         0x31a01000144 @   76 : 42 f5 01          Add r4, EmbeddedFeedback[1]
  727 E> 0x31a01000147 @   79 : 29 03             StaCurrentContextSlot [3]
  743 S> 0x31a01000149 @   81 : 18 03             LdaCurrentContextSlot [3]
         0x31a0100014b @   83 : d1                Star4
         0x31a0100014c @   84 : 23 02 08          LdaGlobal [2:"sum"], FBV[8]
         0x31a0100014f @   87 : d0                Star5
         0x31a01000150 @   88 : 23 03 0c          LdaGlobal [3:"scale"], FBV[12]
         0x31a01000153 @   91 : cf                Star6
         0x31a01000154 @   92 : 19 02             LdaImmutableCurrentContextSlot [2]
         0x31a01000156 @   94 : ce                Star7
         0x31a01000157 @   95 : 0d 03             LdaSmi [3]
         0x31a01000159 @   97 : cd                Star8
  754 E> 0x31a0100015a @   98 : 6e f3 f2 f1 0e    CallUndefinedReceiver2 r6, r7, r8, FBV[14]
         0x31a0100015f @  103 : cf                Star6
  750 E> 0x31a01000160 @  104 : 6d f4 f3 10       CallUndefinedReceiver1 r5, r6, FBV[16]
         0x31a01000164 @  108 : 42 f5 01          Add r4, EmbeddedFeedback[1]
  747 E> 0x31a01000167 @  111 : 29 03             StaCurrentContextSlot [3]
  786 S> 0x31a01000169 @  113 : 0c                LdaZero
         0x31a0100016a @  114 : d3                Star2
  791 S> 0x31a0100016b @  115 : 00 0d c8 00       LdaSmi.Wide [200]
  791 E> 0x31a0100016f @  119 : 79 f7 04          TestLessThan r2, EmbeddedFeedback[4]
         0x31a01000172 @  122 : a8 32             JumpIfFalse [50] (0x31a010001a4 @ 172)
  809 S> 0x31a01000174 @  124 : 18 03             LdaCurrentContextSlot [3]
         0x31a01000176 @  126 : d1                Star4
         0x31a01000177 @  127 : 23 04 12          LdaGlobal [4:"flipflop"], FBV[18]
         0x31a0100017a @  130 : d0                Star5
         0x31a0100017b @  131 : 0b f8             Ldar r1
  831 E> 0x31a0100017d @  133 : 53 07 01          ModSmi [7], EmbeddedFeedback[1]
         0x31a01000180 @  136 : cf                Star6
         0x31a01000181 @  137 : 0d 06             LdaSmi [6]
  835 E> 0x31a01000183 @  139 : 78 f3 04          TestEqualStrict r6, EmbeddedFeedback[4]
         0x31a01000186 @  142 : a8 09             JumpIfFalse [9] (0x31a0100018f @ 151)
         0x31a01000188 @  144 : 13 05             LdaConstant [5:0x09b80101e475 <HeapNumber 0.5>]
  845 E> 0x31a0100018a @  146 : 42 f7 04          Add r2, EmbeddedFeedback[4]
         0x31a0100018d @  149 : 98 04             Jump [4] (0x31a01000191 @ 153)
         0x31a0100018f @  151 : 0b f7             Ldar r2
         0x31a01000191 @  153 : cf                Star6
  816 E> 0x31a01000192 @  154 : 6d f4 f3 14       CallUndefinedReceiver1 r5, r6, FBV[20]
         0x31a01000196 @  158 : 42 f5 03          Add r4, EmbeddedFeedback[3]
  813 E> 0x31a01000199 @  161 : 29 03             StaCurrentContextSlot [3]
  799 S> 0x31a0100019b @  163 : 0b f7             Ldar r2
         0x31a0100019d @  165 : 5b 16             Inc FBV[22]
         0x31a0100019f @  167 : d3                Star2
  773 E> 0x31a010001a0 @  168 : 97 35 01 17       JumpLoop [53], [1], FBV[23] (0x31a0100016b @ 115)
  715 S> 0x31a010001a4 @  172 : 0b f8             Ldar r1
         0x31a010001a6 @  174 : 5b 19             Inc FBV[25]
         0x31a010001a8 @  176 : d4                Star1
  677 E> 0x31a010001a9 @  177 : 97 7c 00 1a       JumpLoop [124], [0], FBV[26] (0x31a0100012d @ 53)
  863 S> 0x31a010001ad @  181 : 23 06 1c          LdaGlobal [6:"print"], FBV[28]
         0x31a010001b0 @  184 : d1                Star4
         0x31a010001b1 @  185 : 18 03             LdaCurrentContextSlot [3]
         0x31a010001b3 @  187 : d0                Star5
  863 E> 0x31a010001b4 @  188 : 6d f5 f4 1e       CallUndefinedReceiver1 r4, r5, FBV[30]
         0x31a010001b8 @  192 : d5                Star0
  875 S> 0x31a010001b9 @  193 : b9                Return
Constant pool (size = 7)
0x31a010000ad: [TrustedFixedArray]
 - map: 0x09b800000605 <Map(TRUSTED_FIXED_ARRAY_TYPE)>
 - length: 7
           0: 0x09b80101e3c5 <FixedArray[6]>
           1: 0x09b8001a3a19 <String[4]: #push>
           2: 0x09b80101e2d5 <String[3]: #sum>
           3: 0x09b80101e2f5 <String[5]: #scale>
           4: 0x09b80101e319 <String[8]: #flipflop>
           5: 0x09b80101e475 <HeapNumber 0.5>
           6: 0x09b801002e31 <String[5]: #print>
Handler Table (size = 0)
Source Position Table (size = 87)
0x031a010001bd <Other heap object (TRUSTED_BYTE_ARRAY_TYPE)>
0x9b80101e5c9: [FeedbackVector] in OldSpace
 - map: 0x09b800000895 <Map(FEEDBACK_VECTOR_TYPE)>
 - length: 32
 - shared function info: 0x09b80101e365 <SharedFunctionInfo>
 - tiering_in_progress: 0
 - osr_tiering_in_progress: 0
 - invocation count: 1
 - closure feedback cell array: 0x9b80104b3c5: [ClosureFeedbackCellArray]
 - map: 0x09b80000086d <Map(CLOSURE_FEEDBACK_CELL_ARRAY_TYPE)>
 - length: 3
 - elements:
           0: 0x09b80101e4d5 <FeedbackCell[one closure]>
           1: 0x09b80101e4e5 <FeedbackCell[one closure]>
           2: 0x09b80101e4f5 <FeedbackCell[one closure]>

 - slot #0 Literal  {
     [0]: 0
  }
 - slot #1 LoadProperty MONOMORPHIC
   [weak] 0x09b80100c90d <Map[16](PACKED_SMI_ELEMENTS)>: LoadHandler(do access check on lookup start object = 0, lookup on lookup start object = 0, kind = kConstantFromPrototype, data1 = [weak] 0x09b80100cb0d <JSFunction push (sfi = 0x9b8001db5bd)>, validity cell = 0x09b801005b65 <Cell value= [weak] 0x09b8010049f9 <NativeContext[310]>>) {
     [1]: [weak] 0x09b80100c90d <Map[16](PACKED_SMI_ELEMENTS)>
     [2]: 0x09b80101e6ed <Other heap object (LOAD_HANDLER_TYPE)>
  }
 - slot #3 Call MONOMORPHIC {
     [3]: [weak] 0x09b80100cb0d <JSFunction push (sfi = 0x9b8001db5bd)>
     [4]: 1688
  }
 - slot #5 BinaryOp BinaryOp:SignedSmall {
     [5]: 1
  }
 - slot #6 JumpLoop JumpLoop {
     [6]: [cleared]
     [7]: 0
  }
 - slot #8 LoadGlobalNotInsideTypeof MONOMORPHIC
   [weak] 0x09b80101e54d <PropertyCell name=0x09b80101e2d5 <String[3]: #sum> value=0x09b80101e52d <JSFunction sum (sfi = 0x9b80101e3e5)>> {
     [8]: [weak] 0x09b80101e54d <PropertyCell name=0x09b80101e2d5 <String[3]: #sum> value=0x09b80101e52d <JSFunction sum (sfi = 0x9b80101e3e5)>>
     [9]: 0x09b800000eb5 <Symbol: (uninitialized_symbol)>
  }
 - slot #10 Call MONOMORPHIC {
     [10]: [weak] 0x09b80101e52d <JSFunction sum (sfi = 0x9b80101e3e5)>
     [11]: 2224
  }
 - slot #12 LoadGlobalNotInsideTypeof MONOMORPHIC
   [weak] 0x09b80101e581 <PropertyCell name=0x09b80101e2f5 <String[5]: #scale> value=0x09b80101e561 <JSFunction scale (sfi = 0x9b80101e415)>> {
     [12]: [weak] 0x09b80101e581 <PropertyCell name=0x09b80101e2f5 <String[5]: #scale> value=0x09b80101e561 <JSFunction scale (sfi = 0x9b80101e415)>>
     [13]: 0x09b800000eb5 <Symbol: (uninitialized_symbol)>
  }
 - slot #14 Call MONOMORPHIC {
     [14]: [weak] 0x09b80101e561 <JSFunction scale (sfi = 0x9b80101e415)>
     [15]: 2224
  }
 - slot #16 Call MONOMORPHIC {
     [16]: [weak] 0x09b80101e52d <JSFunction sum (sfi = 0x9b80101e3e5)>
     [17]: 2224
  }
 - slot #18 LoadGlobalNotInsideTypeof MONOMORPHIC
   [weak] 0x09b80101e5b5 <PropertyCell name=0x09b80101e319 <String[8]: #flipflop> value=0x09b80101e595 <JSFunction flipflop (sfi = 0x9b80101e445)>> {
     [18]: [weak] 0x09b80101e5b5 <PropertyCell name=0x09b80101e319 <String[8]: #flipflop> value=0x09b80101e595 <JSFunction flipflop (sfi = 0x9b80101e445)>>
     [19]: 0x09b800000eb5 <Symbol: (uninitialized_symbol)>
  }
 - slot #20 Call MONOMORPHIC {
     [20]: [weak] 0x09b80101e595 <JSFunction flipflop (sfi = 0x9b80101e445)>
     [21]: 444800
  }
 - slot #22 BinaryOp BinaryOp:SignedSmall {
     [22]: 1
  }
 - slot #23 JumpLoop JumpLoop {
     [23]: [cleared]
     [24]: 0
  }
 - slot #25 BinaryOp BinaryOp:SignedSmall {
     [25]: 1
  }
 - slot #26 JumpLoop JumpLoop {
     [26]: [cleared]
     [27]: 0
  }
 - slot #28 LoadGlobalNotInsideTypeof UNINITIALIZED {
     [28]: [cleared]
     [29]: 0x09b800000eb5 <Symbol: (uninitialized_symbol)>
  }
 - slot #30 Call UNINITIALIZED {
     [30]: 0x09b800000eb5 <Symbol: (uninitialized_symbol)>
     [31]: 0
  }

----- Inlining 0x09b80101e3e5 <SharedFunctionInfo sum> with bytecode -----
Parameter count 2
Register count 3
Frame size 24
  298 S> 0x31a01000250 @    0 : 0c                LdaZero
         0x31a01000251 @    1 : d5                Star0
  316 S> 0x31a01000252 @    2 : 0c                LdaZero
         0x31a01000253 @    3 : d4                Star1
  327 S> 0x31a01000254 @    4 : 33 03 00 00       GetNamedProperty a0, [0:"length"], FBV[0]
  321 E> 0x31a01000258 @    8 : 79 f8 04          TestLessThan r1, EmbeddedFeedback[4]
         0x31a0100025b @   11 : a8 17             JumpIfFalse [23] (0x31a01000272 @ 34)
  340 S> 0x31a0100025d @   13 : 0b f8             Ldar r1
  348 E> 0x31a0100025f @   15 : 35 03 02          GetKeyedProperty a0, FBV[2]
         0x31a01000262 @   18 : 42 f9 01          Add r0, EmbeddedFeedback[1]
         0x31a01000265 @   21 : 1b f9 f7          Mov r0, r2
         0x31a01000268 @   24 : d5                Star0
  336 S> 0x31a01000269 @   25 : 0b f8             Ldar r1
         0x31a0100026b @   27 : 5b 04             Inc FBV[4]
         0x31a0100026d @   29 : d4                Star1
  303 E> 0x31a0100026e @   30 : 97 1a 00 05       JumpLoop [26], [0], FBV[5] (0x31a01000254 @ 4)
  355 S> 0x31a01000272 @   34 : 0b f9             Ldar r0
  364 S> 0x31a01000274 @   36 : b9                Return
Constant pool (size = 1)
0x31a0100021d: [TrustedFixedArray]
 - map: 0x09b800000605 <Map(TRUSTED_FIXED_ARRAY_TYPE)>
 - length: 1
           0: 0x09b800000e39 <String[6]: #length>
Handler Table (size = 0)
Source Position Table (size = 25)
0x031a01000279 <Other heap object (TRUSTED_BYTE_ARRAY_TYPE)>
0x9b80101e795: [FeedbackVector] in OldSpace
 - map: 0x09b800000895 <Map(FEEDBACK_VECTOR_TYPE)>
 - length: 7
 - shared function info: 0x09b80101e3e5 <SharedFunctionInfo sum>
 - tiering_in_progress: 0
 - osr_tiering_in_progress: 0
 - invocation count: 5
 - closure feedback cell array: 0x9b800002091: [ClosureFeedbackCellArray] in ReadOnlySpace
 - map: 0x09b80000086d <Map(CLOSURE_FEEDBACK_CELL_ARRAY_TYPE)>
 - length: 0
 - elements:

 - slot #0 LoadProperty POLYMORPHIC
   [weak] 0x09b80100cf85 <Map[16](HOLEY_SMI_ELEMENTS)>: LoadHandler(Smi)(kind = kField, is in object = 1, is double = 0, storage offset in words = 3, descriptor index = 2046)
   [weak] 0x09b80100c90d <Map[16](PACKED_SMI_ELEMENTS)>: LoadHandler(Smi)(kind = kField, is in object = 1, is double = 0, storage offset in words = 3, descriptor index = 2046) {
     [0]: 0x09b80104c5d5 <WeakFixedArray[4]>
     [1]: 0x09b800000eb5 <Symbol: (uninitialized_symbol)>
  }
 - slot #2 LoadKeyed POLYMORPHIC
   [weak] 0x09b80100cf85 <Map[16](HOLEY_SMI_ELEMENTS)>: LoadHandler(Smi)(kind = kElement, allow out of bounds = 0, is JSArray = 1, allow reading holes = 0, elements kind = HOLEY_SMI_ELEMENTS)
   [weak] 0x09b80100c90d <Map[16](PACKED_SMI_ELEMENTS)>: LoadHandler(Smi)(kind = kElementWithTransition, allow out of bounds = 0, is JSArray = 1, allow reading holes = 0, elements kind = HOLEY_SMI_ELEMENTS) {
     [2]: 0x09b80104c5ed <WeakFixedArray[4]>
     [3]: 0x09b800000eb5 <Symbol: (uninitialized_symbol)>
  }
 - slot #4 BinaryOp BinaryOp:SignedSmall {
     [4]: 1
  }
 - slot #5 JumpLoop JumpLoop {
     [5]: [cleared]
     [6]: 0
  }

----- Inlining 0x09b80101e415 <SharedFunctionInfo scale> with bytecode -----
Parameter count 3
Register count 5
Frame size 40
  407 S> 0x31a010002d4 @    0 : 23 00 00          LdaGlobal [0:"Array"], FBV[0]
         0x31a010002d7 @    3 : d3                Star2
  421 E> 0x31a010002d8 @    4 : 33 03 01 02       GetNamedProperty a0, [1:"length"], FBV[2]
         0x31a010002dc @    8 : d2                Star3
         0x31a010002dd @    9 : 0b f7             Ldar r2
  407 E> 0x31a010002df @   11 : 74 f7 f6 01 04    Construct r2, r3-r3, FBV[4]
         0x31a010002e4 @   16 : d5                Star0
  445 S> 0x31a010002e5 @   17 : 0c                LdaZero
         0x31a010002e6 @   18 : d4                Star1
  456 S> 0x31a010002e7 @   19 : 33 03 01 02       GetNamedProperty a0, [1:"length"], FBV[2]
  450 E> 0x31a010002eb @   23 : 79 f8 04          TestLessThan r1, EmbeddedFeedback[4]
         0x31a010002ee @   26 : a8 1a             JumpIfFalse [26] (0x31a01000308 @ 52)
  469 S> 0x31a010002f0 @   28 : 0b f8             Ldar r1
  481 E> 0x31a010002f2 @   30 : 35 03 06          GetKeyedProperty a0, FBV[6]
         0x31a010002f5 @   33 : d1                Star4
         0x31a010002f6 @   34 : 0b 04             Ldar a1
  485 E> 0x31a010002f8 @   36 : 44 f5 01          Mul r4, EmbeddedFeedback[1]
  476 E> 0x31a010002fb @   39 : 3c f9 f8 08       SetKeyedProperty r0, r1, FBV[8]
  465 S> 0x31a010002ff @   43 : 0b f8             Ldar r1
         0x31a01000301 @   45 : 5b 0a             Inc FBV[10]
         0x31a01000303 @   47 : d4                Star1
  432 E> 0x31a01000304 @   48 : 97 1d 00 0b       JumpLoop [29], [0], FBV[11] (0x31a010002e7 @ 19)
  492 S> 0x31a01000308 @   52 : 0b f9             Ldar r0
  503 S> 0x31a0100030a @   54 : b9                Return
Constant pool (size = 2)
0x31a0100029d: [TrustedFixedArray]
 - map: 0x09b800000605 <Map(TRUSTED_FIXED_ARRAY_TYPE)>
 - length: 2
           0: 0x09b800003e45 <String[5]: #Array>
           1: 0x09b800000e39 <String[6]: #length>
Handler Table (size = 0)
Source Position Table (size = 34)
0x031a0100030d <Other heap object (TRUSTED_BYTE_ARRAY_TYPE)>
0x9b80101e819: [FeedbackVector] in OldSpace
 - map: 0x09b800000895 <Map(FEEDBACK_VECTOR_TYPE)>
 - length: 13
 - shared function info: 0x09b80101e415 <SharedFunctionInfo scale>
 - tiering_in_progress: 0
 - osr_tiering_in_progress: 0
 - invocation count: 5
 - closure feedback cell array: 0x9b800002091: [ClosureFeedbackCellArray] in ReadOnlySpace
 - map: 0x09b80000086d <Map(CLOSURE_FEEDBACK_CELL_ARRAY_TYPE)>
 - length: 0
 - elements:

 - slot #0 LoadGlobalNotInsideTypeof MONOMORPHIC
   [weak] 0x09b8010173e1 <PropertyCell name=0x09b800003e45 <String[5]: #Array> value=0x09b80100c85d <JSFunction Array (sfi = 0x9b8001db2bd)>> {
     [0]: [weak] 0x09b8010173e1 <PropertyCell name=0x09b800003e45 <String[5]: #Array> value=0x09b80100c85d <JSFunction Array (sfi = 0x9b8001db2bd)>>
     [1]: 0x09b800000eb5 <Symbol: (uninitialized_symbol)>
  }
 - slot #2 LoadProperty MONOMORPHIC
   [weak] 0x09b80100cf85 <Map[16](HOLEY_SMI_ELEMENTS)>: LoadHandler(Smi)(kind = kField, is in object = 1, is double = 0, storage offset in words = 3, descriptor index = 2046) {
     [2]: [weak] 0x09b80100cf85 <Map[16](HOLEY_SMI_ELEMENTS)>
     [3]: 1072824517
  }
 - slot #4 Call MONOMORPHIC {
     [4]: 0x09b80101e8c5 <AllocationSite>
     [5]: 32
  }
 - slot #6 LoadKeyed MONOMORPHIC
   [weak] 0x09b80100cf85 <Map[16](HOLEY_SMI_ELEMENTS)>: LoadHandler(Smi)(kind = kElement, allow out of bounds = 0, is JSArray = 1, allow reading holes = 0, elements kind = HOLEY_SMI_ELEMENTS) {
     [6]: [weak] 0x09b80100cf85 <Map[16](HOLEY_SMI_ELEMENTS)>
     [7]: 640
  }
 - slot #8 StoreKeyedSloppy MONOMORPHIC
   0x09b80100cf85 <Map[16](HOLEY_SMI_ELEMENTS)>: StoreHandler(builtin = 0x09b8001aa571 <Code BUILTIN StoreFastElementIC_InBounds>, validity cell = 0x09b801005b65 <Cell value= [weak] 0x09b8010049f9 <NativeContext[310]>>)
 {
     [8]: [weak] 0x09b80100cf85 <Map[16](HOLEY_SMI_ELEMENTS)>
     [9]: 0x09b80101e869 <Other heap object (STORE_HANDLER_TYPE)>
  }
 - slot #10 BinaryOp BinaryOp:SignedSmall {
     [10]: 1
  }
 - slot #11 JumpLoop JumpLoop {
     [11]: [cleared]
     [12]: 0
  }

----- Inlining 0x09b80101e3e5 <SharedFunctionInfo sum> with bytecode -----
Parameter count 2
Register count 3
Frame size 24
  298 S> 0x31a01000250 @    0 : 0c                LdaZero
         0x31a01000251 @    1 : d5                Star0
  316 S> 0x31a01000252 @    2 : 0c                LdaZero
         0x31a01000253 @    3 : d4                Star1
  327 S> 0x31a01000254 @    4 : 33 03 00 00       GetNamedProperty a0, [0:"length"], FBV[0]
  321 E> 0x31a01000258 @    8 : 79 f8 04          TestLessThan r1, EmbeddedFeedback[4]
         0x31a0100025b @   11 : a8 17             JumpIfFalse [23] (0x31a01000272 @ 34)
  340 S> 0x31a0100025d @   13 : 0b f8             Ldar r1
  348 E> 0x31a0100025f @   15 : 35 03 02          GetKeyedProperty a0, FBV[2]
         0x31a01000262 @   18 : 42 f9 01          Add r0, EmbeddedFeedback[1]
         0x31a01000265 @   21 : 1b f9 f7          Mov r0, r2
         0x31a01000268 @   24 : d5                Star0
  336 S> 0x31a01000269 @   25 : 0b f8             Ldar r1
         0x31a0100026b @   27 : 5b 04             Inc FBV[4]
         0x31a0100026d @   29 : d4                Star1
  303 E> 0x31a0100026e @   30 : 97 1a 00 05       JumpLoop [26], [0], FBV[5] (0x31a01000254 @ 4)
  355 S> 0x31a01000272 @   34 : 0b f9             Ldar r0
  364 S> 0x31a01000274 @   36 : b9                Return
Constant pool (size = 1)
0x31a0100021d: [TrustedFixedArray]
 - map: 0x09b800000605 <Map(TRUSTED_FIXED_ARRAY_TYPE)>
 - length: 1
           0: 0x09b800000e39 <String[6]: #length>
Handler Table (size = 0)
Source Position Table (size = 25)
0x031a01000279 <Other heap object (TRUSTED_BYTE_ARRAY_TYPE)>
0x9b80101e795: [FeedbackVector] in OldSpace
 - map: 0x09b800000895 <Map(FEEDBACK_VECTOR_TYPE)>
 - length: 7
 - shared function info: 0x09b80101e3e5 <SharedFunctionInfo sum>
 - tiering_in_progress: 0
 - osr_tiering_in_progress: 0
 - invocation count: 5
 - closure feedback cell array: 0x9b800002091: [ClosureFeedbackCellArray] in ReadOnlySpace
 - map: 0x09b80000086d <Map(CLOSURE_FEEDBACK_CELL_ARRAY_TYPE)>
 - length: 0
 - elements:

 - slot #0 LoadProperty POLYMORPHIC
   [weak] 0x09b80100cf85 <Map[16](HOLEY_SMI_ELEMENTS)>: LoadHandler(Smi)(kind = kField, is in object = 1, is double = 0, storage offset in words = 3, descriptor index = 2046)
   [weak] 0x09b80100c90d <Map[16](PACKED_SMI_ELEMENTS)>: LoadHandler(Smi)(kind = kField, is in object = 1, is double = 0, storage offset in words = 3, descriptor index = 2046) {
     [0]: 0x09b80104c5d5 <WeakFixedArray[4]>
     [1]: 0x09b800000eb5 <Symbol: (uninitialized_symbol)>
  }
 - slot #2 LoadKeyed POLYMORPHIC
   [weak] 0x09b80100cf85 <Map[16](HOLEY_SMI_ELEMENTS)>: LoadHandler(Smi)(kind = kElement, allow out of bounds = 0, is JSArray = 1, allow reading holes = 0, elements kind = HOLEY_SMI_ELEMENTS)
   [weak] 0x09b80100c90d <Map[16](PACKED_SMI_ELEMENTS)>: LoadHandler(Smi)(kind = kElementWithTransition, allow out of bounds = 0, is JSArray = 1, allow reading holes = 0, elements kind = HOLEY_SMI_ELEMENTS) {
     [2]: 0x09b80104c5ed <WeakFixedArray[4]>
     [3]: 0x09b800000eb5 <Symbol: (uninitialized_symbol)>
  }
 - slot #4 BinaryOp BinaryOp:SignedSmall {
     [4]: 1
  }
 - slot #5 JumpLoop JumpLoop {
     [5]: [cleared]
     [6]: 0
  }

----- Inlining 0x09b80101e445 <SharedFunctionInfo flipflop> with bytecode -----
Parameter count 2
Register count 0
Frame size 0
  581 S> 0x31a01000360 @    0 : 0b 03             Ldar a0
  590 E> 0x31a01000362 @    2 : 51 02 04          MulSmi [2], EmbeddedFeedback[4]
  594 E> 0x31a01000365 @    5 : 4f 01 03          AddSmi [1], EmbeddedFeedback[3]
  598 S> 0x31a01000368 @    8 : b9                Return
Constant pool (size = 0)
Handler Table (size = 0)
Source Position Table (size = 11)
0x031a0100036d <Other heap object (TRUSTED_BYTE_ARRAY_TYPE)>
0x9b80101e8a9: [FeedbackVector] in OldSpace
 - map: 0x09b800000895 <Map(FEEDBACK_VECTOR_TYPE)>
 - length: 0 (empty)

----- Inlining 0x09b80101e445 <SharedFunctionInfo flipflop> with bytecode -----
Parameter count 2
Register count 0
Frame size 0
  581 S> 0x31a01000360 @    0 : 0b 03             Ldar a0
  590 E> 0x31a01000362 @    2 : 51 02 04          MulSmi [2], EmbeddedFeedback[4]
  594 E> 0x31a01000365 @    5 : 4f 01 03          AddSmi [1], EmbeddedFeedback[3]
  598 S> 0x31a01000368 @    8 : b9                Return
Constant pool (size = 0)
Handler Table (size = 0)
Source Position Table (size = 11)
0x031a0100036d <Other heap object (TRUSTED_BYTE_ARRAY_TYPE)>
0x9b80101e8a9: [FeedbackVector] in OldSpace
 - map: 0x09b800000895 <Map(FEEDBACK_VECTOR_TYPE)>
 - length: 0 (empty)

----- Maglev graph building -----
Graph

      [0m  [0m189: HeapConstant(0x09b80101e505 <FeedbackCell[one closure]>), 3 uses
      [0m   [0m79: HeapConstant(0x09b80100cf85 <Map[16](HOLEY_SMI_ELEMENTS)>), 0 uses 🪦
      [0m   [0m73: HeapConstant(0x09b80101e561 <JSFunction scale (sfi = 0x9b80101e415)>), 7 uses
      [0m   [0m76: HeapConstant(0x09b80100c85d <JSFunction Array (sfi = 0x9b8001db2bd)>), 2 uses
      [0m   [0m24: HeapConstant(0x09b80101e52d <JSFunction sum (sfi = 0x9b80101e3e5)>), 9 uses
      [0m   [0m27: HeapConstant(0x09b80101e515 <ScriptContext[4]>), 15 uses
      [0m   [0m28: HeapConstant(0x09b801004999 <JSGlobalProxy>), 15 uses
      [0m  [0m165: HeapConstant(0x09b80101e595 <JSFunction flipflop (sfi = 0x9b80101e445)>), 1 uses
      [0m  [0m172: HeapConstant(0x09b80101e475 <HeapNumber 0.5>), 0 uses 🪦
      [0m   [0m26: RootConstant(undefined_value), 0 uses 🪦
      [0m   [0m22: RootConstant(true_value), 0 uses 🪦
      [0m   [0m21: RootConstant(false_value), 0 uses 🪦
      [0m   [0m80: RootConstant(empty_fixed_array), 1 uses
      [0m   [0m45: RootConstant(optimized_out), 0 uses 🪦
      [0m   [0m30: SmiConstant(0), 13 uses
      [0m   [0m48: SmiConstant(1), 4 uses
      [0m   [0m74: SmiConstant(3), 7 uses
      [0m  [0m168: SmiConstant(6), 0 uses 🪦
      [0m  [0m163: SmiConstant(200), 1 uses
      [0m   [0m88: SmiConstant(247), 1 uses
      [0m   [0m16: SmiConstant(400), 1 uses
      [0m   [0m33: Int32Constant(0), 13 uses, cannot truncate to int32
      [0m   [0m43: Int32Constant(1), 4 uses, cannot truncate to int32
      [0m   [0m97: Int32Constant(3), 2 uses, cannot truncate to int32
      [0m  [0m169: Int32Constant(6), 3 uses, cannot truncate to int32
      [0m  [0m166: Int32Constant(7), 1 uses, cannot truncate to int32
      [0m  [0m164: Int32Constant(200), 2 uses, cannot truncate to int32
      [0m   [0m18: Int32Constant(400), 2 uses, cannot truncate to int32
      [0m  [0m173: Float64Constant(0), 0 uses 🪦
      [0m  [0m174: Float64Constant(0.5), 2 uses
      [0m  [0m183: Float64Constant(1), 2 uses
      [0m  [0m181: Float64Constant(2), 2 uses
       [0mBlock b0
      [0m[1;34m0x09b80101e365 <SharedFunctionInfo> (0x09b80104a3e5 <String[18]: "workloads/mixed.js">:0:0)
[m      [0m[0;34m  53 : 00 0d 90 01       LdaSmi.Wide [400]
[m      [0m    [0m1: InitialValue(<this>), 22 uses
      [0m    [0m2: InitialValue(<context>), 29 uses
      [0m    [0m3: InitialValue(<closure>), 22 uses
      [0m    [0m4: InitialValue(r0), 0 uses 🪦
      [0m    [0m5: InitialValue(r1), 2 uses
      [0m    [0m6: InitialValue(r2), 0 uses 🪦
      [0m    [0m7: InitialValue(r3), 0 uses 🪦
      [0m    [0m8: InitialValue(r4), 0 uses 🪦
      [0m    [0m9: InitialValue(r5), 0 uses 🪦
      [0m   [0m10: InitialValue(r6), 0 uses 🪦
      [0m   [0m11: InitialValue(r7), 0 uses 🪦
      [0m   [0m12: InitialValue(r8), 0 uses 🪦
      [0m   [0m13: FunctionEntryStackCheck
      [0m       ↳ lazy @177 (3 live vars)
      [0m       ↱ eager @177 (3 live vars)
      [0m   [0m14: CheckpointedJump b1
      [0m    │  with gap moves:
      [0m    │    - n5 → 15: φᵀ r1
      [0m    ▼
[0;31m╭─────►[0mBlock b1 (effects: c1)
[0;31m│     [0m   [0m15: φᵀ r1 (n5, n219), 21 uses
[0;31m│     [0m[1;34m0x09b80101e365 <SharedFunctionInfo> (0x09b80104a3e5 <String[18]: "workloads/mixed.js">:25:26)
[m[0;31m│     [0m[0;34m  57 : 79 f8 04          TestLessThan r1, EmbeddedFeedback[4]
[m[0;31m│     [0m       ↱ eager @57 (4 live vars)
[0;31m│     [0m   [0m17: CheckedSmiUntag [n15], 4 uses, cannot truncate to int32
[0;31m│     [0m   [0m19: Int32Compare[LessThan] [n17, n18], 0 uses 🪦
[0;31m│     [0m[0;34m  60 : a8 79             JumpIfFalse [121]
[m[0;31m│[0;32m╭───────[0m20: BranchIfInt32Compare(LessThan) [n17, n18] b2 b38
[0;31m│[0;32m│    [0m    ↓
[0;31m│[0;32m│     [0mBlock b2
[0;31m│[0;32m│    [0m[1;34m0x09b80101e365 <SharedFunctionInfo> (0x09b80104a3e5 <String[18]: "workloads/mixed.js">:26:2)
[m[0;31m│[0;32m│    [0m[0;34m  62 : 18 03             LdaCurrentContextSlot [3]
[m[0;31m│[0;32m│    [0m   [0m23: LoadContextSlot(0x14, mutable) [n2], 3 uses
[0;31m│[0;32m│    [0m[0;34m  69 : 19 02             LdaImmutableCurrentContextSlot [2]
[m[0;31m│[0;32m│    [0m   [0m25: LoadContextSlotNoCells(0x10, constant) [n2], 16 uses
[0;31m│[0;32m│    [0m[1;34m0x09b80101e3e5 <SharedFunctionInfo sum> (0x09b80104a3e5 <String[18]: "workloads/mixed.js">:4:12)
[m[0;31m│[0;32m│    [0m[0;34m   0 : 0c                LdaZero
[m[0;31m│[0;32m│    [0m   [0m29: Jump b3
[0;31m│[0;32m│    [0m    ↓
[0;31m│[0;32m│     [0mBlock b3
[0;31m│[0;32m│    [0m[1;34m0x09b80101e3e5 <SharedFunctionInfo sum> (0x09b80104a3e5 <String[18]: "workloads/mixed.js">:6:26)
[m[0;31m│[0;32m│    [0m[0;34m   4 : 33 03 00 00       GetNamedProperty a0, [0:"length"], FBV[0]
[m[0;31m│[0;32m│    [0m       ↱ eager @72 (4 live vars)
[0;31m│[0;32m│    [0m       │       @4 (5 live vars)
[0;31m│[0;32m│    [0m   [0m31: CheckMaps(0x09b80100cf85 <Map[16](HOLEY_SMI_ELEMENTS)>, 0x09b80100c90d <Map[16](PACKED_SMI_ELEMENTS)>, check heapobj) [n25]
[0;31m│[0;32m│    [0m   [0m32: LoadTaggedField(0xc: 0x09b800000e39 <String[6]: #length>, compressed, Smi) [n25], 14 uses
[0;31m│[0;32m│    [0m[1;34m0x09b80101e3e5 <SharedFunctionInfo sum> (0x09b80104a3e5 <String[18]: "workloads/mixed.js">:6:20)
[m[0;31m│[0;32m│    [0m[0;34m   8 : 79 f8 04          TestLessThan r1, EmbeddedFeedback[4]
[m[0;31m│[0;32m│    [0m   [0m34: UnsafeSmiUntag [n32], 13 uses, cannot truncate to int32
[0;31m│[0;32m│    [0m   [0m35: Int32Compare[LessThan] [n33, n34], 0 uses 🪦
[0;31m│[0;32m│    [0m[0;34m  11 : a8 17             JumpIfFalse [23]
[m[0;31m│[0;32m│[0;33m╭──────[0m36: BranchIfInt32Compare(LessThan) [n33, n34] b4 b8
[0;31m│[0;32m│[0;33m│   [0m    ↓
[0;31m│[0;32m│[0;33m│    [0mBlock b4
[0;31m│[0;32m│[0;33m│   [0m[1;34m0x09b80101e3e5 <SharedFunctionInfo sum> (0x09b80104a3e5 <String[18]: "workloads/mixed.js">:6:47)
[m[0;31m│[0;32m│[0;33m│   [0m[0;34m  15 : 35 03 02          GetKeyedProperty a0, FBV[2]
[m[0;31m│[0;32m│[0;33m│   [0m   [0m37: LoadTaggedField(0x8: Elements, compressed, AnyHeapObject) [n25], 2 uses
[0;31m│[0;32m│[0;33m│   [0m       ↱ eager @72 (4 live vars)
[0;31m│[0;32m│[0;33m│   [0m       │       @4 (5 live vars)
[0;31m│[0;32m│[0;33m│   [0m   [0m38: CheckInt32Condition[UnsignedLessThan, OutOfBounds] [n33, n34]
[0;31m│[0;32m│[0;33m│   [0m   [0m39: LoadTaggedField(0x8, compressed) [n37], 2 uses
[0;31m│[0;32m│[0;33m│   [0m       ↱ eager @72 (4 live vars)
[0;31m│[0;32m│[0;33m│   [0m       │       @4 (5 live vars)
[0;31m│[0;32m│[0;33m│   [0m   [0m40: CheckNotHole [n39]
[0;31m│[0;32m│[0;33m│   [0m[0;34m  18 : 42 f9 01          Add r0, EmbeddedFeedback[1]
[m[0;31m│[0;32m│[0;33m│   [0m   [0m41: UnsafeSmiUntag [n39], 1 uses, cannot truncate to int32
[0;31m│[0;32m│[0;33m│   [0m       ↱ eager @72 (4 live vars)
[0;31m│[0;32m│[0;33m│   [0m       │       @4 (5 live vars)
[0;31m│[0;32m│[0;33m│   [0m   [0m42: Int32AddWithOverflow [n41, n33], 2 uses, can truncate to int32 [-2147483648, 2147483647]
[0;31m│[0;32m│[0;33m│   [0m[1;34m0x09b80101e3e5 <SharedFunctionInfo sum> (0x09b80104a3e5 <String[18]: "workloads/mixed.js">:6:2)
[m[0;31m│[0;32m│[0;33m│   [0m[0;34m  30 : 97 1a 00 05       JumpLoop [26], [0], FBV[5]
[m[0;31m│[0;32m│[0;33m│   [0m   [0m44: HandleNoHeapWritesInterrupt
[0;31m│[0;32m│[0;33m│   [0m       │      @72 (4 live vars)
[0;31m│[0;32m│[0;33m│   [0m       ↳ lazy @30 (5 live vars)
[0;31m│[0;32m│[0;33m│   [0m   [0m47: Int32ToNumber[kCanonicalizeSmi] [n42], 1 uses
[0;31m│[0;32m│[0;33m│   [0m   [0m46: Jump b5
[0;31m│[0;32m│[0;33m│   [0m    │  with gap moves:
[0;31m│[0;32m│[0;33m│   [0m    │    - n47 → 49: φᵀ r0
[0;31m│[0;32m│[0;33m│   [0m    │    - n48 → 50: φᵀ r1
[0;31m│[0;32m│[0;33m│   [0m    ▼
[0;31m│[0;32m│[0;33m│[0;34m╭──►[0mBlock b5 peeled (effects:)
[0;31m│[0;32m│[0;33m│[0;34m│  [0m   [0m49: φᵀ r0 (n47, n63), 3 uses
[0;31m│[0;32m│[0;33m│[0;34m│  [0m   [0m50: φᵀ r1 (n48, n64), 2 uses
[0;31m│[0;32m│[0;33m│[0;34m│  [0m[0;34m   8 : 79 f8 04          TestLessThan r1, EmbeddedFeedback[4]
[m[0;31m│[0;32m│[0;33m│[0;34m│  [0m       ↱ eager @72 (4 live vars)
[0;31m│[0;32m│[0;33m│[0;34m│  [0m       │       @8 (6 live vars)
[0;31m│[0;32m│[0;33m│[0;34m│  [0m   [0m51: CheckedSmiUntag [n50], 5 uses, cannot truncate to int32
[0;31m│[0;32m│[0;33m│[0;34m│  [0m   [0m52: Int32Compare[LessThan] [n51, n34], 0 uses 🪦
[0;31m│[0;32m│[0;33m│[0;34m│  [0m[0;34m  11 : a8 17             JumpIfFalse [23]
[m[0;31m│[0;32m│[0;33m│[0;34m│[0;35m╭────[0m53: BranchIfInt32Compare(LessThan) [n51, n34] b6 b7
[0;31m│[0;32m│[0;33m│[0;34m│[0;35m│ [0m    ↓
[0;31m│[0;32m│[0;33m│[0;34m│[0;35m│  [0mBlock b6
[0;31m│[0;32m│[0;33m│[0;34m│[0;35m│ [0m[0;34m  15 : 35 03 02          GetKeyedProperty a0, FBV[2]
[m[0;31m│[0;32m│[0;33m│[0;34m│[0;35m│ [0m       ↱ eager @72 (4 live vars)
[0;31m│[0;32m│[0;33m│[0;34m│[0;35m│ [0m       │       @8 (6 live vars)
[0;31m│[0;32m│[0;33m│[0;34m│[0;35m│ [0m   [0m54: CheckInt32Condition[UnsignedLessThan, OutOfBounds] [n51, n34]
[0;31m│[0;32m│[0;33m│[0;34m│[0;35m│ [0m   [0m55: LoadFixedArrayElement(compressed), Unknown [n37, n51], 2 uses
[0;31m│[0;32m│[0;33m│[0;34m│[0;35m│ [0m       ↱ eager @72 (4 live vars)
[0;31m│[0;32m│[0;33m│[0;34m│[0;35m│ [0m       │       @8 (6 live vars)
[0;31m│[0;32m│[0;33m│[0;34m│[0;35m│ [0m   [0m56: CheckNotHole [n55]
[0;31m│[0;32m│[0;33m│[0;34m│[0;35m│ [0m[0;34m  18 : 42 f9 01          Add r0, EmbeddedFeedback[1]
[m[0;31m│[0;32m│[0;33m│[0;34m│[0;35m│ [0m       ↱ eager @72 (4 live vars)
[0;31m│[0;32m│[0;33m│[0;34m│[0;35m│ [0m       │       @8 (6 live vars)
[0;31m│[0;32m│[0;33m│[0;34m│[0;35m│ [0m   [0m57: CheckedSmiUntag [n49], 1 uses, cannot truncate to int32
[0;31m│[0;32m│[0;33m│[0;34m│[0;35m│ [0m   [0m58: UnsafeSmiUntag [n55], 1 uses, cannot truncate to int32
[0;31m│[0;32m│[0;33m│[0;34m│[0;35m│ [0m       ↱ eager @72 (4 live vars)
[0;31m│[0;32m│[0;33m│[0;34m│[0;35m│ [0m       │       @8 (6 live vars)
[0;31m│[0;32m│[0;33m│[0;34m│[0;35m│ [0m   [0m59: Int32AddWithOverflow [n57, n58], 2 uses, can truncate to int32 [-2147483648, 2147483647]
[0;31m│[0;32m│[0;33m│[0;34m│[0;35m│ [0m[0;34m  27 : 5b 04             Inc FBV[4]
[m[0;31m│[0;32m│[0;33m│[0;34m│[0;35m│ [0m       ↱ eager @72 (4 live vars)
[0;31m│[0;32m│[0;33m│[0;34m│[0;35m│ [0m       │       @8 (6 live vars)
[0;31m│[0;32m│[0;33m│[0;34m│[0;35m│ [0m   [0m60: Int32IncrementWithOverflow [n51], 2 uses, cannot truncate to int32
[0;31m│[0;32m│[0;33m│[0;34m│[0;35m│ [0m[0;34m  30 : 97 1a 00 05       JumpLoop [26], [0], FBV[5]
[m[0;31m│[0;32m│[0;33m│[0;34m│[0;35m│ [0m   [0m61: HandleNoHeapWritesInterrupt
[0;31m│[0;32m│[0;33m│[0;34m│[0;35m│ [0m       │      @72 (4 live vars)
[0;31m│[0;32m│[0;33m│[0;34m│[0;35m│ [0m       ↳ lazy @30 (5 live vars)
[0;31m│[0;32m│[0;33m│[0;34m│[0;35m│ [0m   [0m63: Int32ToNumber[kCanonicalizeSmi] [n59], 1 uses
[0;31m│[0;32m│[0;33m│[0;34m│[0;35m│ [0m   [0m64: Int32ToNumber[kCanonicalizeSmi] [n60], 1 uses
[0;31m│[0;32m│[0;33m│[0;34m│[0;35m│ [0m       ↱ eager @72 (4 live vars)
[0;31m│[0;32m│[0;33m│[0;34m│[0;35m│ [0m       │       @8 (6 live vars)
[0;31m│[0;32m│[0;33m│[0;34m╰──◄──[0m62: JumpLoop b5
[0;31m│[0;32m│[0;33m│ [0;35m│ [0m       with gap moves:
[0;31m│[0;32m│[0;33m│ [0;35m│ [0m         - n63 → 49: φᵀ r0
[0;31m│[0;32m│[0;33m│ [0;35m│ [0m         - n64 → 50: φᵀ r1
[0;31m│[0;32m│[0;33m│ [0;35m│ [0m
[0;31m│[0;32m│[0;33m│ [0;35m╰─►[0mBlock b7
[0;31m│[0;32m│[0;33m│   [0m[1;34m0x09b80101e3e5 <SharedFunctionInfo sum> (0x09b80104a3e5 <String[18]: "workloads/mixed.js">:7:2)
[m[0;31m│[0;32m│[0;33m│   [0m[0;34m  34 : 0b f9             Ldar r0
[m[0;31m│[0;32m│[0;33m│[0;34m╭─────[0m65: Jump b9
[0;31m│[0;32m│[0;33m│[0;34m│  [0m       with gap moves:
[0;31m│[0;32m│[0;33m│[0;34m│  [0m         - n49 → 67: φᵀ r0
[0;31m│[0;32m│[0;33m│[0;34m│  [0m
[0;31m│[0;32m│[0;33m╰───►[0mBlock b8
[0;31m│[0;32m│ [0;34m│  [0m   [0m66: Jump b9
[0;31m│[0;32m│ [0;34m│  [0m    │  with gap moves:
[0;31m│[0;32m│ [0;34m│  [0m    │    - n30 → 67: φᵀ r0
[0;31m│[0;32m│ [0;34m│  [0m    ▼
[0;31m│[0;32m│ [0;34m╰──►[0mBlock b9
[0;31m│[0;32m│    [0m   [0m67: φᵀ r0 (n30, n49), 2 uses
[0;31m│[0;32m│    [0m[1;34m0x09b80101e365 <SharedFunctionInfo> (0x09b80104a3e5 <String[18]: "workloads/mixed.js">:26:9)
[m[0;31m│[0;32m│    [0m[0;34m  76 : 42 f5 01          Add r4, EmbeddedFeedback[1]
[m[0;31m│[0;32m│    [0m       ↱ eager @76 (5 live vars)
[0;31m│[0;32m│    [0m   [0m68: CheckedSmiUntag [n23], 1 uses, cannot truncate to int32
[0;31m│[0;32m│    [0m       ↱ eager @76 (5 live vars)
[0;31m│[0;32m│    [0m   [0m69: CheckedSmiUntag [n67], 1 uses, cannot truncate to int32
[0;31m│[0;32m│    [0m       ↱ eager @76 (5 live vars)
[0;31m│[0;32m│    [0m   [0m70: Int32AddWithOverflow [n68, n69], 5 uses, can truncate to int32 [-2147483648, 2147483647]
[0;31m│[0;32m│    [0m[1;34m0x09b80101e365 <SharedFunctionInfo> (0x09b80104a3e5 <String[18]: "workloads/mixed.js">:26:6)
[m[0;31m│[0;32m│    [0m[0;34m  79 : 29 03             StaCurrentContextSlot [3]
[m[0;31m│[0;32m│    [0m   [0m71: Int32ToNumber[kCanonicalizeSmi] [n70], 1 uses
[0;31m│[0;32m│    [0m   [0m72: StoreContextSlotWithWriteBarrier(3, mutable) [n2, n71]
[0;31m│[0;32m│    [0m       ↳ lazy @79 (3 live vars)
[0;31m│[0;32m│    [0m[1;34m0x09b80101e415 <SharedFunctionInfo scale> (0x09b80104a3e5 <String[18]: "workloads/mixed.js">:10:14)
[m[0;31m│[0;32m│    [0m[0;34m   0 : 23 00 00          LdaGlobal [0:"Array"], FBV[0]
[m[0;31m│[0;32m│    [0m   [0m75: Jump b10
[0;31m│[0;32m│    [0m    ↓
[0;31m│[0;32m│     [0mBlock b10
[0;31m│[0;32m│    [0m[1;34m0x09b80101e415 <SharedFunctionInfo scale> (0x09b80104a3e5 <String[18]: "workloads/mixed.js">:11:14)
[m[0;31m│[0;32m│    [0m[0;34m  11 : 74 f7 f6 01 04    Construct r2, r3-r3, FBV[4]
[m[0;31m│[0;32m│[0;33m╭──────[0m77: BranchIfInt32Compare(GreaterThanOrEqual) [n34, n33] b11 b12
[0;31m│[0;32m│[0;33m│   [0m    ↓
[0;31m│[0;32m│[0;33m│    [0mBlock b11
[0;31m│[0;32m│[0;33m│   [0m       ↱ eager @98 (5 live vars)
[0;31m│[0;32m│[0;33m│   [0m       │       @11 (7 live vars)
[0;31m│[0;32m│[0;33m│   [0m   [0m78: AllocateElementsArray(HOLEY_SMI_ELEMENTS, Young) [n34], 10 uses
[0;31m│[0;32m│[0;33m│   [0m   [0m81: AllocationBlock(Young), 1 uses
[0;31m│[0;32m│[0;33m│   [0m   [0m82: InlinedAllocation(object 0x09b80100cf85 <Map[16](HOLEY_SMI_ELEMENTS)>) [n81], 17 uses (13 non escaping uses)
[0;31m│[0;32m│[0;33m│   [0m   [0m83: StoreMap(0x09b80100cf85 <Map[16](HOLEY_SMI_ELEMENTS)>, InlinedAllocation) [n82]
[0;31m│[0;32m│[0;33m│   [0m   [0m84: StoreTaggedFieldNoWriteBarrier(0x4, mutable) [n82, n80]
[0;31m│[0;32m│[0;33m│   [0m   [0m85: StoreTaggedFieldWithWriteBarrier(0x8, mutable, maybe_smi:1) [n82, n78]
[0;31m│[0;32m│[0;33m│   [0m   [0m86: StoreTaggedFieldNoWriteBarrier(0xc, mutable) [n82, n32]
[0;31m│[0;32m│[0;33m│[0;34m╭─────[0m87: Jump b13
[0;31m│[0;32m│[0;33m│[0;34m│  [0m
[0;31m│[0;32m│[0;33m╰───►[0mBlock b12
[0;31m│[0;32m│ [0;34m│  [0m   [0m89: Throw(ThrowRangeError, has_input=1) [n88]
[0;31m│[0;32m│ [0;34m│  [0m       │      @98 (5 live vars)
[0;31m│[0;32m│ [0;34m│  [0m       ↳ lazy @11 (4 live vars)
[0;31m│[0;32m│ [0;34m│  [0m
[0;31m│[0;32m│ [0;34m╰──►[0mBlock b13
[0;31m│[0;32m│    [0m[1;34m0x09b80101e415 <SharedFunctionInfo scale> (0x09b80104a3e5 <String[18]: "workloads/mixed.js">:12:20)
[m[0;31m│[0;32m│    [0m[0;34m  26 : a8 1a             JumpIfFalse [26]
[m[0;31m│[0;32m│[0;33m╭──────[0m90: BranchIfInt32Compare(LessThan) [n33, n34] b14 b18
[0;31m│[0;32m│[0;33m│   [0m    ↓
[0;31m│[0;32m│[0;33m│    [0mBlock b14
[0;31m│[0;32m│[0;33m│   [0m[1;34m0x09b80101e415 <SharedFunctionInfo scale> (0x09b80104a3e5 <String[18]: "workloads/mixed.js">:12:51)
[m[0;31m│[0;32m│[0;33m│   [0m[0;34m  30 : 35 03 06          GetKeyedProperty a0, FBV[6]
[m[0;31m│[0;32m│[0;33m│   [0m       ↱ eager @98 (5 live vars)
[0;31m│[0;32m│[0;33m│   [0m       │       @30 (7 live vars)
[0;31m│[0;32m│[0;33m│   [0m   [0m91: CheckMaps(0x09b80100cf85 <Map[16](HOLEY_SMI_ELEMENTS)>, no heapobj check) [n25]
[0;31m│[0;32m│[0;33m│   [0m   [0m92: LoadTaggedField(0x8: Elements, compressed, AnyHeapObject) [n25], 2 uses
[0;31m│[0;32m│[0;33m│   [0m       ↱ eager @98 (5 live vars)
[0;31m│[0;32m│[0;33m│   [0m       │       @30 (7 live vars)
[0;31m│[0;32m│[0;33m│   [0m   [0m93: CheckInt32Condition[UnsignedLessThan, OutOfBounds] [n33, n34]
[0;31m│[0;32m│[0;33m│   [0m   [0m94: LoadTaggedField(0x8, compressed) [n92], 2 uses
[0;31m│[0;32m│[0;33m│   [0m       ↱ eager @98 (5 live vars)
[0;31m│[0;32m│[0;33m│   [0m       │       @30 (7 live vars)
[0;31m│[0;32m│[0;33m│   [0m   [0m95: CheckNotHole [n94]
[0;31m│[0;32m│[0;33m│   [0m[1;34m0x09b80101e415 <SharedFunctionInfo scale> (0x09b80104a3e5 <String[18]: "workloads/mixed.js">:12:55)
[m[0;31m│[0;32m│[0;33m│   [0m[0;34m  36 : 44 f5 01          Mul r4, EmbeddedFeedback[1]
[m[0;31m│[0;32m│[0;33m│   [0m   [0m96: UnsafeSmiUntag [n94], 1 uses, cannot truncate to int32
[0;31m│[0;32m│[0;33m│   [0m       ↱ eager @98 (5 live vars)
[0;31m│[0;32m│[0;33m│   [0m       │       @30 (7 live vars)
[0;31m│[0;32m│[0;33m│   [0m   [0m98: Int32MultiplyWithOverflow [n96, n97], 1 uses, can truncate to int32 [-2147483648, 2147483647]
[0;31m│[0;32m│[0;33m│   [0m[1;34m0x09b80101e415 <SharedFunctionInfo scale> (0x09b80104a3e5 <String[18]: "workloads/mixed.js">:12:46)
[m[0;31m│[0;32m│[0;33m│   [0m[0;34m  39 : 3c f9 f8 08       SetKeyedProperty r0, r1, FBV[8]
[m[0;31m│[0;32m│[0;33m│   [0m   [0m99: LoadTaggedField(0x8: Elements, compressed, AnyHeapObject) [n82], 3 uses
[0;31m│[0;32m│[0;33m│   [0m       ↱ eager @98 (5 live vars)
[0;31m│[0;32m│[0;33m│   [0m       │       @30 (7 live vars)
[0;31m│[0;32m│[0;33m│   [0m  [0m100: CheckedSmiTagInt32 [n98], 1 uses
[0;31m│[0;32m│[0;33m│   [0m  [0m101: LoadTaggedField(0xc: 0x09b800000e39 <String[6]: #length>, compressed, Smi) [n82], 1 uses
[0;31m│[0;32m│[0;33m│   [0m  [0m102: UnsafeSmiUntag [n101], 2 uses, cannot truncate to int32
[0;31m│[0;32m│[0;33m│   [0m       ↱ eager @98 (5 live vars)
[0;31m│[0;32m│[0;33m│   [0m       │       @30 (7 live vars)
[0;31m│[0;32m│[0;33m│   [0m  [0m103: CheckInt32Condition[UnsignedLessThan, OutOfBounds] [n33, n102]
[0;31m│[0;32m│[0;33m│   [0m       ↱ eager @98 (5 live vars)
[0;31m│[0;32m│[0;33m│   [0m       │       @30 (7 live vars)
[0;31m│[0;32m│[0;33m│   [0m  [0m104: CheckMaps(0x09b8000005dd <Map(FIXED_ARRAY_TYPE)>, no heapobj check) [n99]
[0;31m│[0;32m│[0;33m│   [0m  [0m105: StoreFixedArrayElementNoWriteBarrier [n99, n33, n100]
[0;31m│[0;32m│[0;33m│   [0m[1;34m0x09b80101e415 <SharedFunctionInfo scale> (0x09b80104a3e5 <String[18]: "workloads/mixed.js">:12:2)
[m[0;31m│[0;32m│[0;33m│   [0m[0;34m  48 : 97 1d 00 0b       JumpLoop [29], [0], FBV[11]
[m[0;31m│[0;32m│[0;33m│   [0m  [0m106: HandleNoHeapWritesInterrupt
[0;31m│[0;32m│[0;33m│   [0m       │      @98 (5 live vars)
[0;31m│[0;32m│[0;33m│   [0m       ↳ lazy @48 (6 live vars)
[0;31m│[0;32m│[0;33m│   [0m  [0m107: Jump b15
[0;31m│[0;32m│[0;33m│   [0m    │  with gap moves:
[0;31m│[0;32m│[0;33m│   [0m    │    - n48 → 108: φᵀ r1
[0;31m│[0;32m│[0;33m│   [0m    ▼
[0;31m│[0;32m│[0;33m│[0;34m╭──►[0mBlock b15 peeled (effects:)
[0;31m│[0;32m│[0;33m│[0;34m│  [0m  [0m108: φᵀ r1 (n48, n123), 3 uses
[0;31m│[0;32m│[0;33m│[0;34m│  [0m[0;34m  23 : 79 f8 04          TestLessThan r1, EmbeddedFeedback[4]
[m[0;31m│[0;32m│[0;33m│[0;34m│  [0m       ↱ eager @98 (5 live vars)
[0;31m│[0;32m│[0;33m│[0;34m│  [0m       │       @23 (7 live vars)
[0;31m│[0;32m│[0;33m│[0;34m│  [0m  [0m109: CheckedSmiUntag [n108], 7 uses, cannot truncate to int32
[0;31m│[0;32m│[0;33m│[0;34m│  [0m  [0m110: Int32Compare[LessThan] [n109, n34], 0 uses 🪦
[0;31m│[0;32m│[0;33m│[0;34m│  [0m[0;34m  26 : a8 1a             JumpIfFalse [26]
[m[0;31m│[0;32m│[0;33m│[0;34m│[0;35m╭───[0m111: BranchIfInt32Compare(LessThan) [n109, n34] b16 b17
[0;31m│[0;32m│[0;33m│[0;34m│[0;35m│ [0m    ↓
[0;31m│[0;32m│[0;33m│[0;34m│[0;35m│  [0mBlock b16
[0;31m│[0;32m│[0;33m│[0;34m│[0;35m│ [0m[0;34m  30 : 35 03 06          GetKeyedProperty a0, FBV[6]
[m[0;31m│[0;32m│[0;33m│[0;34m│[0;35m│ [0m       ↱ eager @98 (5 live vars)
[0;31m│[0;32m│[0;33m│[0;34m│[0;35m│ [0m       │       @23 (7 live vars)
[0;31m│[0;32m│[0;33m│[0;34m│[0;35m│ [0m  [0m112: CheckInt32Condition[UnsignedLessThan, OutOfBounds] [n109, n34]
[0;31m│[0;32m│[0;33m│[0;34m│[0;35m│ [0m  [0m113: LoadFixedArrayElement(compressed), Unknown [n92, n109], 2 uses
[0;31m│[0;32m│[0;33m│[0;34m│[0;35m│ [0m       ↱ eager @98 (5 live vars)
[0;31m│[0;32m│[0;33m│[0;34m│[0;35m│ [0m       │       @23 (7 live vars)
[0;31m│[0;32m│[0;33m│[0;34m│[0;35m│ [0m  [0m114: CheckNotHole [n113]
[0;31m│[0;32m│[0;33m│[0;34m│[0;35m│ [0m[0;34m  36 : 44 f5 01          Mul r4, EmbeddedFeedback[1]
[m[0;31m│[0;32m│[0;33m│[0;34m│[0;35m│ [0m  [0m115: UnsafeSmiUntag [n113], 1 uses, cannot truncate to int32
[0;31m│[0;32m│[0;33m│[0;34m│[0;35m│ [0m       ↱ eager @98 (5 live vars)
[0;31m│[0;32m│[0;33m│[0;34m│[0;35m│ [0m       │       @23 (7 live vars)
[0;31m│[0;32m│[0;33m│[0;34m│[0;35m│ [0m  [0m116: Int32MultiplyWithOverflow [n115, n97], 1 uses, can truncate to int32 [-2147483648, 2147483647]
[0;31m│[0;32m│[0;33m│[0;34m│[0;35m│ [0m[0;34m  39 : 3c f9 f8 08       SetKeyedProperty r0, r1, FBV[8]
[m[0;31m│[0;32m│[0;33m│[0;34m│[0;35m│ [0m       ↱ eager @98 (5 live vars)
[0;31m│[0;32m│[0;33m│[0;34m│[0;35m│ [0m       │       @23 (7 live vars)
[0;31m│[0;32m│[0;33m│[0;34m│[0;35m│ [0m  [0m117: CheckedSmiTagInt32 [n116], 1 uses
[0;31m│[0;32m│[0;33m│[0;34m│[0;35m│ [0m       ↱ eager @98 (5 live vars)
[0;31m│[0;32m│[0;33m│[0;34m│[0;35m│ [0m       │       @23 (7 live vars)
[0;31m│[0;32m│[0;33m│[0;34m│[0;35m│ [0m  [0m118: CheckInt32Condition[UnsignedLessThan, OutOfBounds] [n109, n102]
[0;31m│[0;32m│[0;33m│[0;34m│[0;35m│ [0m  [0m119: StoreFixedArrayElementNoWriteBarrier [n99, n109, n117]
[0;31m│[0;32m│[0;33m│[0;34m│[0;35m│ [0m[0;34m  45 : 5b 0a             Inc FBV[10]
[m[0;31m│[0;32m│[0;33m│[0;34m│[0;35m│ [0m       ↱ eager @98 (5 live vars)
[0;31m│[0;32m│[0;33m│[0;34m│[0;35m│ [0m       │       @45 (6 live vars)
[0;31m│[0;32m│[0;33m│[0;34m│[0;35m│ [0m  [0m120: Int32IncrementWithOverflow [n109], 2 uses, cannot truncate to int32
[0;31m│[0;32m│[0;33m│[0;34m│[0;35m│ [0m[0;34m  48 : 97 1d 00 0b       JumpLoop [29], [0], FBV[11]
[m[0;31m│[0;32m│[0;33m│[0;34m│[0;35m│ [0m  [0m121: HandleNoHeapWritesInterrupt
[0;31m│[0;32m│[0;33m│[0;34m│[0;35m│ [0m       │      @98 (5 live vars)
[0;31m│[0;32m│[0;33m│[0;34m│[0;35m│ [0m       ↳ lazy @48 (6 live vars)
[0;31m│[0;32m│[0;33m│[0;34m│[0;35m│ [0m  [0m123: Int32ToNumber[kCanonicalizeSmi] [n120], 1 uses
[0;31m│[0;32m│[0;33m│[0;34m│[0;35m│ [0m       ↱ eager @98 (5 live vars)
[0;31m│[0;32m│[0;33m│[0;34m│[0;35m│ [0m       │       @45 (6 live vars)
[0;31m│[0;32m│[0;33m│[0;34m╰──◄─[0m122: JumpLoop b15
[0;31m│[0;32m│[0;33m│ [0;35m│ [0m       with gap moves:
[0;31m│[0;32m│[0;33m│ [0;35m│ [0m         - n123 → 108: φᵀ r1
[0;31m│[0;32m│[0;33m│ [0;35m│ [0m
[0;31m│[0;32m│[0;33m│ [0;35m╰─►[0mBlock b17
[0;31m│[0;32m│[0;33m│   [0m[1;34m0x09b80101e415 <SharedFunctionInfo scale> (0x09b80104a3e5 <String[18]: "workloads/mixed.js">:13:2)
[m[0;31m│[0;32m│[0;33m│   [0m[0;34m  52 : 0b f9             Ldar r0
[m[0;31m│[0;32m│[0;33m│[0;34m╭────[0m124: Jump b19
[0;31m│[0;32m│[0;33m│[0;34m│  [0m
[0;31m│[0;32m│[0;33m╰───►[0mBlock b18
[0;31m│[0;32m│ [0;34m│  [0m  [0m125: Jump b19
[0;31m│[0;32m│ [0;34m│  [0m    ↓
[0;31m│[0;32m│ [0;34m╰──►[0mBlock b19
[0;31m│[0;32m│    [0m[1;34m0x09b80101e3e5 <SharedFunctionInfo sum> (0x09b80104a3e5 <String[18]: "workloads/mixed.js">:4:12)
[m[0;31m│[0;32m│    [0m[0;34m   0 : 0c                LdaZero
[m[0;31m│[0;32m│    [0m  [0m126: Jump b20
[0;31m│[0;32m│    [0m    ↓
[0;31m│[0;32m│     [0mBlock b20
[0;31m│[0;32m│    [0m[1;34m0x09b80101e3e5 <SharedFunctionInfo sum> (0x09b80104a3e5 <String[18]: "workloads/mixed.js">:6:26)
[m[0;31m│[0;32m│    [0m[0;34m   4 : 33 03 00 00       GetNamedProperty a0, [0:"length"], FBV[0]
[m[0;31m│[0;32m│    [0m  [0m127: LoadTaggedField(0xc: 0x09b800000e39 <String[6]: #length>, compressed, Smi) [n82], 2 uses
[0;31m│[0;32m│    [0m[1;34m0x09b80101e3e5 <SharedFunctionInfo sum> (0x09b80104a3e5 <String[18]: "workloads/mixed.js">:6:20)
[m[0;31m│[0;32m│    [0m[0;34m   8 : 79 f8 04          TestLessThan r1, EmbeddedFeedback[4]
[m[0;31m│[0;32m│    [0m  [0m128: UnsafeSmiUntag [n127], 6 uses, cannot truncate to int32
[0;31m│[0;32m│    [0m  [0m129: Int32Compare[LessThan] [n33, n128], 0 uses 🪦
[0;31m│[0;32m│    [0m[0;34m  11 : a8 17             JumpIfFalse [23]
[m[0;31m│[0;32m│[0;33m╭─────[0m130: BranchIfInt32Compare(LessThan) [n33, n128] b21 b25
[0;31m│[0;32m│[0;33m│   [0m    ↓
[0;31m│[0;32m│[0;33m│    [0mBlock b21
[0;31m│[0;32m│[0;33m│   [0m[1;34m0x09b80101e3e5 <SharedFunctionInfo sum> (0x09b80104a3e5 <String[18]: "workloads/mixed.js">:6:47)
[m[0;31m│[0;32m│[0;33m│   [0m[0;34m  15 : 35 03 02          GetKeyedProperty a0, FBV[2]
[m[0;31m│[0;32m│[0;33m│   [0m  [0m131: LoadTaggedField(0x8: Elements, compressed, AnyHeapObject) [n82], 2 uses
[0;31m│[0;32m│[0;33m│   [0m       ↱ eager @104 (4 live vars)
[0;31m│[0;32m│[0;33m│   [0m       │       @15 (6 live vars)
[0;31m│[0;32m│[0;33m│   [0m  [0m132: CheckInt32Condition[UnsignedLessThan, OutOfBounds] [n33, n128]
[0;31m│[0;32m│[0;33m│   [0m  [0m133: LoadTaggedField(0x8, compressed) [n131], 2 uses
[0;31m│[0;32m│[0;33m│   [0m       ↱ eager @104 (4 live vars)
[0;31m│[0;32m│[0;33m│   [0m       │       @15 (6 live vars)
[0;31m│[0;32m│[0;33m│   [0m  [0m134: CheckNotHole [n133]
[0;31m│[0;32m│[0;33m│   [0m[0;34m  18 : 42 f9 01          Add r0, EmbeddedFeedback[1]
[m[0;31m│[0;32m│[0;33m│   [0m  [0m135: UnsafeSmiUntag [n133], 1 uses, cannot truncate to int32
[0;31m│[0;32m│[0;33m│   [0m       ↱ eager @104 (4 live vars)
[0;31m│[0;32m│[0;33m│   [0m       │       @15 (6 live vars)
[0;31m│[0;32m│[0;33m│   [0m  [0m136: Int32AddWithOverflow [n135, n33], 2 uses, can truncate to int32 [-2147483648, 2147483647]
[0;31m│[0;32m│[0;33m│   [0m[1;34m0x09b80101e3e5 <SharedFunctionInfo sum> (0x09b80104a3e5 <String[18]: "workloads/mixed.js">:6:2)
[m[0;31m│[0;32m│[0;33m│   [0m[0;34m  30 : 97 1a 00 05       JumpLoop [26], [0], FBV[5]
[m[0;31m│[0;32m│[0;33m│   [0m  [0m137: HandleNoHeapWritesInterrupt
[0;31m│[0;32m│[0;33m│   [0m       │      @104 (4 live vars)
[0;31m│[0;32m│[0;33m│   [0m       ↳ lazy @30 (5 live vars)
[0;31m│[0;32m│[0;33m│   [0m  [0m139: Int32ToNumber[kCanonicalizeSmi] [n136], 1 uses
[0;31m│[0;32m│[0;33m│   [0m  [0m138: Jump b22
[0;31m│[0;32m│[0;33m│   [0m    │  with gap moves:
[0;31m│[0;32m│[0;33m│   [0m    │    - n139 → 140: φᵀ r0
[0;31m│[0;32m│[0;33m│   [0m    │    - n48 → 141: φᵀ r1
[0;31m│[0;32m│[0;33m│   [0m    ▼
[0;31m│[0;32m│[0;33m│[0;34m╭──►[0mBlock b22 peeled (effects:)
[0;31m│[0;32m│[0;33m│[0;34m│  [0m  [0m140: φᵀ r0 (n139, n154), 3 uses
[0;31m│[0;32m│[0;33m│[0;34m│  [0m  [0m141: φᵀ r1 (n48, n155), 2 uses
[0;31m│[0;32m│[0;33m│[0;34m│  [0m[0;34m   8 : 79 f8 04          TestLessThan r1, EmbeddedFeedback[4]
[m[0;31m│[0;32m│[0;33m│[0;34m│  [0m       ↱ eager @104 (4 live vars)
[0;31m│[0;32m│[0;33m│[0;34m│  [0m       │       @8 (6 live vars)
[0;31m│[0;32m│[0;33m│[0;34m│  [0m  [0m142: CheckedSmiUntag [n141], 5 uses, cannot truncate to int32
[0;31m│[0;32m│[0;33m│[0;34m│  [0m  [0m143: Int32Compare[LessThan] [n142, n128], 0 uses 🪦
[0;31m│[0;32m│[0;33m│[0;34m│  [0m[0;34m  11 : a8 17             JumpIfFalse [23]
[m[0;31m│[0;32m│[0;33m│[0;34m│[0;35m╭───[0m144: BranchIfInt32Compare(LessThan) [n142, n128] b23 b24
[0;31m│[0;32m│[0;33m│[0;34m│[0;35m│ [0m    ↓
[0;31m│[0;32m│[0;33m│[0;34m│[0;35m│  [0mBlock b23
[0;31m│[0;32m│[0;33m│[0;34m│[0;35m│ [0m[0;34m  15 : 35 03 02          GetKeyedProperty a0, FBV[2]
[m[0;31m│[0;32m│[0;33m│[0;34m│[0;35m│ [0m       ↱ eager @104 (4 live vars)
[0;31m│[0;32m│[0;33m│[0;34m│[0;35m│ [0m       │       @8 (6 live vars)
[0;31m│[0;32m│[0;33m│[0;34m│[0;35m│ [0m  [0m145: CheckInt32Condition[UnsignedLessThan, OutOfBounds] [n142, n128]
[0;31m│[0;32m│[0;33m│[0;34m│[0;35m│ [0m  [0m146: LoadFixedArrayElement(compressed), Unknown [n131, n142], 2 uses
[0;31m│[0;32m│[0;33m│[0;34m│[0;35m│ [0m       ↱ eager @104 (4 live vars)
[0;31m│[0;32m│[0;33m│[0;34m│[0;35m│ [0m       │       @8 (6 live vars)
[0;31m│[0;32m│[0;33m│[0;34m│[0;35m│ [0m  [0m147: CheckNotHole [n146]
[0;31m│[0;32m│[0;33m│[0;34m│[0;35m│ [0m[0;34m  18 : 42 f9 01          Add r0, EmbeddedFeedback[1]
[m[0;31m│[0;32m│[0;33m│[0;34m│[0;35m│ [0m       ↱ eager @104 (4 live vars)
[0;31m│[0;32m│[0;33m│[0;34m│[0;35m│ [0m       │       @8 (6 live vars)
[0;31m│[0;32m│[0;33m│[0;34m│[0;35m│ [0m  [0m148: CheckedSmiUntag [n140], 1 uses, cannot truncate to int32
[0;31m│[0;32m│[0;33m│[0;34m│[0;35m│ [0m  [0m149: UnsafeSmiUntag [n146], 1 uses, cannot truncate to int32
[0;31m│[0;32m│[0;33m│[0;34m│[0;35m│ [0m       ↱ eager @104 (4 live vars)
[0;31m│[0;32m│[0;33m│[0;34m│[0;35m│ [0m       │       @8 (6 live vars)
[0;31m│[0;32m│[0;33m│[0;34m│[0;35m│ [0m  [0m150: Int32AddWithOverflow [n148, n149], 2 uses, can truncate to int32 [-2147483648, 2147483647]
[0;31m│[0;32m│[0;33m│[0;34m│[0;35m│ [0m[0;34m  27 : 5b 04             Inc FBV[4]
[m[0;31m│[0;32m│[0;33m│[0;34m│[0;35m│ [0m       ↱ eager @104 (4 live vars)
[0;31m│[0;32m│[0;33m│[0;34m│[0;35m│ [0m       │       @8 (6 live vars)
[0;31m│[0;32m│[0;33m│[0;34m│[0;35m│ [0m  [0m151: Int32IncrementWithOverflow [n142], 2 uses, cannot truncate to int32
[0;31m│[0;32m│[0;33m│[0;34m│[0;35m│ [0m[0;34m  30 : 97 1a 00 05       JumpLoop [26], [0], FBV[5]
[m[0;31m│[0;32m│[0;33m│[0;34m│[0;35m│ [0m  [0m152: HandleNoHeapWritesInterrupt
[0;31m│[0;32m│[0;33m│[0;34m│[0;35m│ [0m       │      @104 (4 live vars)
[0;31m│[0;32m│[0;33m│[0;34m│[0;35m│ [0m       ↳ lazy @30 (5 live vars)
[0;31m│[0;32m│[0;33m│[0;34m│[0;35m│ [0m  [0m154: Int32ToNumber[kCanonicalizeSmi] [n150], 1 uses
[0;31m│[0;32m│[0;33m│[0;34m│[0;35m│ [0m  [0m155: Int32ToNumber[kCanonicalizeSmi] [n151], 1 uses
[0;31m│[0;32m│[0;33m│[0;34m│[0;35m│ [0m       ↱ eager @104 (4 live vars)
[0;31m│[0;32m│[0;33m│[0;34m│[0;35m│ [0m       │       @8 (6 live vars)
[0;31m│[0;32m│[0;33m│[0;34m╰──◄─[0m153: JumpLoop b22
[0;31m│[0;32m│[0;33m│ [0;35m│ [0m       with gap moves:
[0;31m│[0;32m│[0;33m│ [0;35m│ [0m         - n154 → 140: φᵀ r0
[0;31m│[0;32m│[0;33m│ [0;35m│ [0m         - n155 → 141: φᵀ r1
[0;31m│[0;32m│[0;33m│ [0;35m│ [0m
[0;31m│[0;32m│[0;33m│ [0;35m╰─►[0mBlock b24
[0;31m│[0;32m│[0;33m│   [0m[1;34m0x09b80101e3e5 <SharedFunctionInfo sum> (0x09b80104a3e5 <String[18]: "workloads/mixed.js">:7:2)
[m[0;31m│[0;32m│[0;33m│   [0m[0;34m  34 : 0b f9             Ldar r0
[m[0;31m│[0;32m│[0;33m│[0;34m╭────[0m156: Jump b26
[0;31m│[0;32m│[0;33m│[0;34m│  [0m       with gap moves:
[0;31m│[0;32m│[0;33m│[0;34m│  [0m         - n140 → 158: φᵀ r0
[0;31m│[0;32m│[0;33m│[0;34m│  [0m
[0;31m│[0;32m│[0;33m╰───►[0mBlock b25
[0;31m│[0;32m│ [0;34m│  [0m  [0m157: Jump b26
[0;31m│[0;32m│ [0;34m│  [0m    │  with gap moves:
[0;31m│[0;32m│ [0;34m│  [0m    │    - n30 → 158: φᵀ r0
[0;31m│[0;32m│ [0;34m│  [0m    ▼
[0;31m│[0;32m│ [0;34m╰──►[0mBlock b26
[0;31m│[0;32m│    [0m  [0m158: φᵀ r0 (n30, n140), 2 uses
[0;31m│[0;32m│    [0m[1;34m0x09b80101e365 <SharedFunctionInfo> (0x09b80104a3e5 <String[18]: "workloads/mixed.js">:27:9)
[m[0;31m│[0;32m│    [0m[0;34m 108 : 42 f5 01          Add r4, EmbeddedFeedback[1]
[m[0;31m│[0;32m│    [0m       ↱ eager @108 (5 live vars)
[0;31m│[0;32m│    [0m  [0m159: CheckedSmiUntag [n158], 1 uses, cannot truncate to int32
[0;31m│[0;32m│    [0m       ↱ eager @108 (5 live vars)
[0;31m│[0;32m│    [0m  [0m160: Int32AddWithOverflow [n70, n159], 4 uses, can truncate to int32 [-2147483648, 2147483647]
[0;31m│[0;32m│    [0m[1;34m0x09b80101e365 <SharedFunctionInfo> (0x09b80104a3e5 <String[18]: "workloads/mixed.js">:27:6)
[m[0;31m│[0;32m│    [0m[0;34m 111 : 29 03             StaCurrentContextSlot [3]
[m[0;31m│[0;32m│    [0m  [0m161: Int32ToNumber[kCanonicalizeSmi] [n160], 1 uses
[0;31m│[0;32m│    [0m  [0m162: StoreContextSlotWithWriteBarrier(3, mutable) [n2, n161]
[0;31m│[0;32m│    [0m       ↳ lazy @111 (3 live vars)
[0;31m│[0;32m│    [0m[1;34m0x09b80101e365 <SharedFunctionInfo> (0x09b80104a3e5 <String[18]: "workloads/mixed.js">:29:26)
[m[0;31m│[0;32m│    [0m[0;34m 133 : 53 07 01          ModSmi [7], EmbeddedFeedback[1]
[m[0;31m│[0;32m│    [0m       ↱ eager @133 (7 live vars)
[0;31m│[0;32m│    [0m  [0m167: Int32ModulusWithOverflow [n17, n166], 3 uses, cannot truncate to int32
[0;31m│[0;32m│    [0m[1;34m0x09b80101e365 <SharedFunctionInfo> (0x09b80104a3e5 <String[18]: "workloads/mixed.js">:29:30)
[m[0;31m│[0;32m│    [0m[0;34m 139 : 78 f3 04          TestEqualStrict r6, EmbeddedFeedback[4]
[m[0;31m│[0;32m│    [0m  [0m170: Int32Compare[StrictEqual] [n167, n169], 0 uses 🪦
[0;31m│[0;32m│    [0m[0;34m 142 : a8 09             JumpIfFalse [9]
[m[0;31m│[0;32m│[0;33m╭─────[0m171: BranchIfInt32Compare(StrictEqual) [n167, n169] b27 b28
[0;31m│[0;32m│[0;33m│   [0m    ↓
[0;31m│[0;32m│[0;33m│    [0mBlock b27
[0;31m│[0;32m│[0;33m│   [0m  [0m177: Float64ToTagged[kCanonicalizeSmi] [n174], 1 uses
[0;31m│[0;32m│[0;33m│   [0m[1;34m0x09b80101e365 <SharedFunctionInfo> (0x09b80104a3e5 <String[18]: "workloads/mixed.js">:29:40)
[m[0;31m│[0;32m│[0;33m│   [0m[0;34m 149 : 98 04             Jump [4]
[m[0;31m│[0;32m│[0;33m│[0;34m╭────[0m175: Jump b29
[0;31m│[0;32m│[0;33m│[0;34m│  [0m       with gap moves:
[0;31m│[0;32m│[0;33m│[0;34m│  [0m         - n177 → 178: φᵀ <accumulator>
[0;31m│[0;32m│[0;33m│[0;34m│  [0m
[0;31m│[0;32m│[0;33m╰───►[0mBlock b28
[0;31m│[0;32m│ [0;34m│  [0m[0;34m 153 : cf                Star6
[m[0;31m│[0;32m│ [0;34m│  [0m  [0m176: Jump b29
[0;31m│[0;32m│ [0;34m│  [0m    │  with gap moves:
[0;31m│[0;32m│ [0;34m│  [0m    │    - n30 → 178: φᵀ <accumulator>
[0;31m│[0;32m│ [0;34m│  [0m    ▼
[0;31m│[0;32m│ [0;34m╰──►[0mBlock b29
[0;31m│[0;32m│    [0m  [0m178: φᵀ <accumulator> (n177, n30), 1 uses
[0;31m│[0;32m│    [0m[1;34m0x09b80101e445 <SharedFunctionInfo flipflop> (0x09b80104a3e5 <String[18]: "workloads/mixed.js">:17:17)
[m[0;31m│[0;32m│    [0m[0;34m   0 : 0b 03             Ldar a0
[m[0;31m│[0;32m│    [0m  [0m179: Jump b30
[0;31m│[0;32m│    [0m    ↓
[0;31m│[0;32m│     [0mBlock b30
[0;31m│[0;32m│    [0m[1;34m0x09b80101e445 <SharedFunctionInfo flipflop> (0x09b80104a3e5 <String[18]: "workloads/mixed.js">:18:11)
[m[0;31m│[0;32m│    [0m[0;34m   2 : 51 02 04          MulSmi [2], EmbeddedFeedback[4]
[m[0;31m│[0;32m│    [0m  [0m180: UnsafeNumberToFloat64 [n178], 1 uses, cannot truncate to int32 [-∞, +∞]
[0;31m│[0;32m│    [0m  [0m182: Float64Multiply [n180, n181], 1 uses, cannot truncate to int32 [-∞, +∞]
[0;31m│[0;32m│    [0m[1;34m0x09b80101e445 <SharedFunctionInfo flipflop> (0x09b80104a3e5 <String[18]: "workloads/mixed.js">:18:15)
[m[0;31m│[0;32m│    [0m[0;34m   5 : 4f 01 03          AddSmi [1], EmbeddedFeedback[3]
[m[0;31m│[0;32m│    [0m  [0m184: Float64Add [n182, n183], 1 uses, cannot truncate to int32 [-∞, +∞]
[0;31m│[0;32m│    [0m[1;34m0x09b80101e365 <SharedFunctionInfo> (0x09b80104a3e5 <String[18]: "workloads/mixed.js">:29:11)
[m[0;31m│[0;32m│    [0m[0;34m 158 : 42 f5 03          Add r4, EmbeddedFeedback[3]
[m[0;31m│[0;32m│    [0m  [0m185: ChangeInt32ToFloat64 [n160], 1 uses
[0;31m│[0;32m│    [0m  [0m186: Float64Add [n184, n185], 1 uses, cannot truncate to int32 [-∞, +∞]
[0;31m│[0;32m│    [0m[1;34m0x09b80101e365 <SharedFunctionInfo> (0x09b80104a3e5 <String[18]: "workloads/mixed.js">:29:8)
[m[0;31m│[0;32m│    [0m[0;34m 161 : 29 03             StaCurrentContextSlot [3]
[m[0;31m│[0;32m│    [0m  [0m187: Float64ToTagged[kCanonicalizeSmi] [n186], 1 uses
[0;31m│[0;32m│    [0m  [0m188: StoreContextSlotWithWriteBarrier(3, mutable) [n2, n187]
[0;31m│[0;32m│    [0m       ↳ lazy @161 (4 live vars)
[0;31m│[0;32m│    [0m[1;34m0x09b80101e365 <SharedFunctionInfo> (0x09b80104a3e5 <String[18]: "workloads/mixed.js">:28:2)
[m[0;31m│[0;32m│    [0m[0;34m 168 : 97 35 01 17       JumpLoop [53], [1], FBV[23]
[m[0;31m│[0;32m│    [0m  [0m190: ReduceInterruptBudgetForLoop(42) [n189]
[0;31m│[0;32m│    [0m       ↳ lazy @168 (4 live vars)
[0;31m│[0;32m│    [0m  [0m191: Jump b31
[0;31m│[0;32m│    [0m    │  with gap moves:
[0;31m│[0;32m│    [0m    │    - n48 → 192: φᵀ r2
[0;31m│[0;32m│    [0m    ▼
[0;31m│[0;32m│[0;33m╭───►[0mBlock b31 peeled (effects: c1)
[0;31m│[0;32m│[0;33m│   [0m  [0m192: φᵀ r2 (n48, n215), 7 uses
[0;31m│[0;32m│[0;33m│   [0m[0;34m 119 : 79 f7 04          TestLessThan r2, EmbeddedFeedback[4]
[m[0;31m│[0;32m│[0;33m│   [0m       ↱ eager @119 (5 live vars)
[0;31m│[0;32m│[0;33m│   [0m  [0m193: CheckedSmiUntag [n192], 4 uses, cannot truncate to int32
[0;31m│[0;32m│[0;33m│   [0m  [0m194: Int32Compare[LessThan] [n193, n164], 0 uses 🪦
[0;31m│[0;32m│[0;33m│   [0m[0;34m 122 : a8 32             JumpIfFalse [50]
[m[0;31m│[0;32m│[0;33m│[0;34m╭────[0m195: BranchIfInt32Compare(LessThan) [n193, n164] b32 b37
[0;31m│[0;32m│[0;33m│[0;34m│  [0m    ↓
[0;31m│[0;32m│[0;33m│[0;34m│   [0mBlock b32
[0;31m│[0;32m│[0;33m│[0;34m│  [0m[0;34m 124 : 18 03             LdaCurrentContextSlot [3]
[m[0;31m│[0;32m│[0;33m│[0;34m│  [0m  [0m196: LoadContextSlot(0x14, mutable) [n2], 3 uses
[0;31m│[0;32m│[0;33m│[0;34m│  [0m[0;34m 142 : a8 09             JumpIfFalse [9]
[m[0;31m│[0;32m│[0;33m│[0;34m│[0;35m╭───[0m197: BranchIfInt32Compare(StrictEqual) [n167, n169] b33 b34
[0;31m│[0;32m│[0;33m│[0;34m│[0;35m│ [0m    ↓
[0;31m│[0;32m│[0;33m│[0;34m│[0;35m│  [0mBlock b33
[0;31m│[0;32m│[0;33m│[0;34m│[0;35m│ [0m[0;34m 146 : 42 f7 04          Add r2, EmbeddedFeedback[4]
[m[0;31m│[0;32m│[0;33m│[0;34m│[0;35m│ [0m  [0m198: ChangeInt32ToFloat64 [n193], 1 uses
[0;31m│[0;32m│[0;33m│[0;34m│[0;35m│ [0m  [0m199: Float64Add [n198, n174], 1 uses, cannot truncate to int32 [-∞, +∞]
[0;31m│[0;32m│[0;33m│[0;34m│[0;35m│ [0m  [0m202: Float64ToTagged[kCanonicalizeSmi] [n199], 1 uses
[0;31m│[0;32m│[0;33m│[0;34m│[0;35m│ [0m[0;34m 149 : 98 04             Jump [4]
[m[0;31m│[0;32m│[0;33m│[0;34m│[0;35m│[0;36m╭──[0m200: Jump b35
[0;31m│[0;32m│[0;33m│[0;34m│[0;35m│[0;36m│[0m       with gap moves:
[0;31m│[0;32m│[0;33m│[0;34m│[0;35m│[0;36m│[0m         - n202 → 203: φᵀ <accumulator>
[0;31m│[0;32m│[0;33m│[0;34m│[0;35m│[0;36m│[0m
[0;31m│[0;32m│[0;33m│[0;34m│[0;35m╰─►[0mBlock b34
[0;31m│[0;32m│[0;33m│[0;34m│ [0;36m│[0m[0;34m 153 : cf                Star6
[m[0;31m│[0;32m│[0;33m│[0;34m│ [0;36m│[0m  [0m201: Jump b35
[0;31m│[0;32m│[0;33m│[0;34m│ [0;36m│[0m    │  with gap moves:
[0;31m│[0;32m│[0;33m│[0;34m│ [0;36m│[0m    │    - n192 → 203: φᵀ <accumulator>
[0;31m│[0;32m│[0;33m│[0;34m│ [0;36m│[0m    ▼
[0;31m│[0;32m│[0;33m│[0;34m│ [0;36m╰►[0mBlock b35
[0;31m│[0;32m│[0;33m│[0;34m│  [0m  [0m203: φᵀ <accumulator> (n202, n192), 1 uses
[0;31m│[0;32m│[0;33m│[0;34m│  [0m[1;34m0x09b80101e445 <SharedFunctionInfo flipflop> (0x09b80104a3e5 <String[18]: "workloads/mixed.js">:17:17)
[m[0;31m│[0;32m│[0;33m│[0;34m│  [0m[0;34m   0 : 0b 03             Ldar a0
[m[0;31m│[0;32m│[0;33m│[0;34m│  [0m  [0m204: Jump b36
[0;31m│[0;32m│[0;33m│[0;34m│  [0m    ↓
[0;31m│[0;32m│[0;33m│[0;34m│   [0mBlock b36
[0;31m│[0;32m│[0;33m│[0;34m│  [0m[1;34m0x09b80101e445 <SharedFunctionInfo flipflop> (0x09b80104a3e5 <String[18]: "workloads/mixed.js">:18:11)
[m[0;31m│[0;32m│[0;33m│[0;34m│  [0m[0;34m   2 : 51 02 04          MulSmi [2], EmbeddedFeedback[4]
[m[0;31m│[0;32m│[0;33m│[0;34m│  [0m  [0m205: UnsafeNumberToFloat64 [n203], 1 uses, cannot truncate to int32 [-∞, +∞]
[0;31m│[0;32m│[0;33m│[0;34m│  [0m  [0m206: Float64Multiply [n205, n181], 1 uses, cannot truncate to int32 [-∞, +∞]
[0;31m│[0;32m│[0;33m│[0;34m│  [0m[1;34m0x09b80101e445 <SharedFunctionInfo flipflop> (0x09b80104a3e5 <String[18]: "workloads/mixed.js">:18:15)
[m[0;31m│[0;32m│[0;33m│[0;34m│  [0m[0;34m   5 : 4f 01 03          AddSmi [1], EmbeddedFeedback[3]
[m[0;31m│[0;32m│[0;33m│[0;34m│  [0m  [0m207: Float64Add [n206, n183], 2 uses, cannot truncate to int32 [-∞, +∞]
[0;31m│[0;32m│[0;33m│[0;34m│  [0m[1;34m0x09b80101e365 <SharedFunctionInfo> (0x09b80104a3e5 <String[18]: "workloads/mixed.js">:28:2)
[m[0;31m│[0;32m│[0;33m│[0;34m│  [0m[0;34m 158 : 42 f5 03          Add r4, EmbeddedFeedback[3]
[m[0;31m│[0;32m│[0;33m│[0;34m│  [0m       ↱ eager @158 (6 live vars)
[0;31m│[0;32m│[0;33m│[0;34m│  [0m  [0m208: CheckedNumberToFloat64 [n196], 1 uses, cannot truncate to int32 [-∞, +∞]
[0;31m│[0;32m│[0;33m│[0;34m│  [0m  [0m209: Float64Add [n207, n208], 1 uses, cannot truncate to int32 [-∞, +∞]
[0;31m│[0;32m│[0;33m│[0;34m│  [0m[0;34m 161 : 29 03             StaCurrentContextSlot [3]
[m[0;31m│[0;32m│[0;33m│[0;34m│  [0m  [0m210: Float64ToTagged[kCanonicalizeSmi] [n209], 1 uses
[0;31m│[0;32m│[0;33m│[0;34m│  [0m  [0m211: StoreContextSlotWithWriteBarrier(3, mutable) [n2, n210]
[0;31m│[0;32m│[0;33m│[0;34m│  [0m       ↳ lazy @161 (4 live vars)
[0;31m│[0;32m│[0;33m│[0;34m│  [0m[0;34m 165 : 5b 16             Inc FBV[22]
[m[0;31m│[0;32m│[0;33m│[0;34m│  [0m       ↱ eager @165 (4 live vars)
[0;31m│[0;32m│[0;33m│[0;34m│  [0m  [0m212: Int32IncrementWithOverflow [n193], 2 uses, cannot truncate to int32
[0;31m│[0;32m│[0;33m│[0;34m│  [0m[0;34m 168 : 97 35 01 17       JumpLoop [53], [1], FBV[23]
[m[0;31m│[0;32m│[0;33m│[0;34m│  [0m  [0m213: ReduceInterruptBudgetForLoop(42) [n189]
[0;31m│[0;32m│[0;33m│[0;34m│  [0m       ↳ lazy @168 (4 live vars)
[0;31m│[0;32m│[0;33m│[0;34m│  [0m  [0m215: Int32ToNumber[kCanonicalizeSmi] [n212], 1 uses
[0;31m│[0;32m│[0;33m│[0;34m│  [0m       ↱ eager @165 (4 live vars)
[0;31m│[0;32m│[0;33m╰───◄─[0m214: JumpLoop b31
[0;31m│[0;32m│ [0;34m│  [0m       with gap moves:
[0;31m│[0;32m│ [0;34m│  [0m         - n215 → 192: φᵀ r2
[0;31m│[0;32m│ [0;34m│  [0m
[0;31m│[0;32m│ [0;34m╰──►[0mBlock b37
[0;31m│[0;32m│    [0m[1;34m0x09b80101e365 <SharedFunctionInfo> (0x09b80104a3e5 <String[18]: "workloads/mixed.js">:25:38)
[m[0;31m│[0;32m│    [0m[0;34m 174 : 5b 19             Inc FBV[25]
[m[0;31m│[0;32m│    [0m       ↱ eager @174 (3 live vars)
[0;31m│[0;32m│    [0m  [0m216: Int32IncrementWithOverflow [n17], 2 uses, cannot truncate to int32
[0;31m│[0;32m│    [0m[1;34m0x09b80101e365 <SharedFunctionInfo> (0x09b80104a3e5 <String[18]: "workloads/mixed.js">:25:0)
[m[0;31m│[0;32m│    [0m[0;34m 177 : 97 7c 00 1a       JumpLoop [124], [0], FBV[26]
[m[0;31m│[0;32m│    [0m  [0m217: ReduceInterruptBudgetForLoop(99) [n189]
[0;31m│[0;32m│    [0m       ↳ lazy @177 (3 live vars)
[0;31m│[0;32m│    [0m  [0m219: Int32ToNumber[kCanonicalizeSmi] [n216], 1 uses
[0;31m│[0;32m│    [0m       ↱ eager @174 (3 live vars)
[0;31m╰─────◄─[0m218: JumpLoop b1
 [0;32m│    [0m       with gap moves:
 [0;32m│    [0m         - n219 → 15: φᵀ r1
 [0;32m│    [0m
 [0;32m╰────►[0mBlock b38
      [0m[1;34m0x09b80101e365 <SharedFunctionInfo> (0x09b80104a3e5 <String[18]: "workloads/mixed.js">:32:0)
[m      [0m[0;34m 181 : 23 06 1c          LdaGlobal [6:"print"], FBV[28]
[m      [0m       ↱ eager @181 (2 live vars)
      [0m  [0m220: Deopt(Insufficient type feedback for generic global access)
      [0m

----- Phi untagging -----
Graph

      [0m  [0m189: HeapConstant(0x09b80101e505 <FeedbackCell[one closure]>), 3 uses
      [0m   [0m79: HeapConstant(0x09b80100cf85 <Map[16](HOLEY_SMI_ELEMENTS)>), 0 uses 🪦
      [0m   [0m73: HeapConstant(0x09b80101e561 <JSFunction scale (sfi = 0x9b80101e415)>), 7 uses
      [0m   [0m76: HeapConstant(0x09b80100c85d <JSFunction Array (sfi = 0x9b8001db2bd)>), 2 uses
      [0m   [0m24: HeapConstant(0x09b80101e52d <JSFunction sum (sfi = 0x9b80101e3e5)>), 9 uses
      [0m   [0m27: HeapConstant(0x09b80101e515 <ScriptContext[4]>), 15 uses
      [0m   [0m28: HeapConstant(0x09b801004999 <JSGlobalProxy>), 15 uses
      [0m  [0m165: HeapConstant(0x09b80101e595 <JSFunction flipflop (sfi = 0x9b80101e445)>), 1 uses
      [0m  [0m172: HeapConstant(0x09b80101e475 <HeapNumber 0.5>), 0 uses 🪦
      [0m   [0m26: RootConstant(undefined_value), 0 uses 🪦
      [0m   [0m22: RootConstant(true_value), 0 uses 🪦
      [0m   [0m21: RootConstant(false_value), 0 uses 🪦
      [0m   [0m80: RootConstant(empty_fixed_array), 1 uses
      [0m   [0m45: RootConstant(optimized_out), 0 uses 🪦
      [0m   [0m30: SmiConstant(0), 10 uses
      [0m   [0m48: SmiConstant(1), 0 uses 🪦
      [0m   [0m74: SmiConstant(3), 7 uses
      [0m  [0m168: SmiConstant(6), 0 uses 🪦
      [0m  [0m163: SmiConstant(200), 1 uses
      [0m   [0m88: SmiConstant(247), 1 uses
      [0m   [0m16: SmiConstant(400), 1 uses
      [0m   [0m33: Int32Constant(0), 15 uses, cannot truncate to int32
      [0m   [0m43: Int32Constant(1), 8 uses, cannot truncate to int32
      [0m   [0m97: Int32Constant(3), 2 uses, cannot truncate to int32
      [0m  [0m169: Int32Constant(6), 3 uses, cannot truncate to int32
      [0m  [0m166: Int32Constant(7), 1 uses, cannot truncate to int32
      [0m  [0m164: Int32Constant(200), 2 uses, cannot truncate to int32
      [0m   [0m18: Int32Constant(400), 2 uses, cannot truncate to int32
      [0m  [0m173: Float64Constant(0), 1 uses
      [0m  [0m174: Float64Constant(0.5), 3 uses
      [0m  [0m183: Float64Constant(1), 2 uses
      [0m  [0m181: Float64Constant(2), 2 uses
       [0mBlock b0
      [0m[1;34m0x09b80101e365 <SharedFunctionInfo> (0x09b80104a3e5 <String[18]: "workloads/mixed.js">:0:0)
[m      [0m[0;34m  53 : 00 0d 90 01       LdaSmi.Wide [400]
[m      [0m    [0m1: InitialValue(<this>), 22 uses
      [0m    [0m2: InitialValue(<context>), 29 uses
      [0m    [0m3: InitialValue(<closure>), 22 uses
      [0m    [0m4: InitialValue(r0), 0 uses 🪦
      [0m    [0m5: InitialValue(r1), 2 uses
      [0m    [0m6: InitialValue(r2), 0 uses 🪦
      [0m    [0m7: InitialValue(r3), 0 uses 🪦
      [0m    [0m8: InitialValue(r4), 0 uses 🪦
      [0m    [0m9: InitialValue(r5), 0 uses 🪦
      [0m   [0m10: InitialValue(r6), 0 uses 🪦
      [0m   [0m11: InitialValue(r7), 0 uses 🪦
      [0m   [0m12: InitialValue(r8), 0 uses 🪦
      [0m   [0m13: FunctionEntryStackCheck
      [0m       ↳ lazy @177 (3 live vars)
      [0m       ↱ eager @177 (3 live vars)
      [0m  [0m221: CheckedNumberToFloat64 [n5], 1 uses, cannot truncate to int32 [-∞, +∞]
      [0m       ↱ eager @177 (3 live vars)
      [0m  [0m222: CheckedFloat64ToInt32 [n221], 1 uses, cannot truncate to int32
      [0m       ↱ eager @177 (3 live vars)
      [0m   [0m14: CheckpointedJump b1
      [0m    │  with gap moves:
      [0m    │    - n222 → 15: φᴵ r1
      [0m    ▼
[0;31m╭─────►[0mBlock b1 (effects: c1)
[0;31m│     [0m   [0m15: φᴵ r1 (n222, n216), 21 uses
[0;31m│     [0m[1;34m0x09b80101e365 <SharedFunctionInfo> (0x09b80104a3e5 <String[18]: "workloads/mixed.js">:25:26)
[m[0;31m│     [0m[0;34m  57 : 79 f8 04          TestLessThan r1, EmbeddedFeedback[4]
[m[0;31m│     [0m       ↱ eager @57 (4 live vars)
[0;31m│     [0m   [0m17: CheckedSmiSizedInt32 [n15], 4 uses, cannot truncate to int32
[0;31m│     [0m   [0m19: Int32Compare[LessThan] [n17, n18], 0 uses 🪦
[0;31m│     [0m[0;34m  60 : a8 79             JumpIfFalse [121]
[m[0;31m│[0;32m╭───────[0m20: BranchIfInt32Compare(LessThan) [n17, n18] b2 b38
[0;31m│[0;32m│    [0m    ↓
[0;31m│[0;32m│     [0mBlock b2
[0;31m│[0;32m│    [0m[1;34m0x09b80101e365 <SharedFunctionInfo> (0x09b80104a3e5 <String[18]: "workloads/mixed.js">:26:2)
[m[0;31m│[0;32m│    [0m[0;34m  62 : 18 03             LdaCurrentContextSlot [3]
[m[0;31m│[0;32m│    [0m   [0m23: LoadContextSlot(0x14, mutable) [n2], 3 uses
[0;31m│[0;32m│    [0m[0;34m  69 : 19 02             LdaImmutableCurrentContextSlot [2]
[m[0;31m│[0;32m│    [0m   [0m25: LoadContextSlotNoCells(0x10, constant) [n2], 16 uses
[0;31m│[0;32m│    [0m[1;34m0x09b80101e3e5 <SharedFunctionInfo sum> (0x09b80104a3e5 <String[18]: "workloads/mixed.js">:4:12)
[m[0;31m│[0;32m│    [0m[0;34m   0 : 0c                LdaZero
[m[0;31m│[0;32m│    [0m   [0m29: Jump b3
[0;31m│[0;32m│    [0m    ↓
[0;31m│[0;32m│     [0mBlock b3
[0;31m│[0;32m│    [0m[1;34m0x09b80101e3e5 <SharedFunctionInfo sum> (0x09b80104a3e5 <String[18]: "workloads/mixed.js">:6:26)
[m[0;31m│[0;32m│    [0m[0;34m   4 : 33 03 00 00       GetNamedProperty a0, [0:"length"], FBV[0]
[m[0;31m│[0;32m│    [0m       ↱ eager @72 (4 live vars)
[0;31m│[0;32m│    [0m       │       @4 (5 live vars)
[0;31m│[0;32m│    [0m   [0m31: CheckMaps(0x09b80100cf85 <Map[16](HOLEY_SMI_ELEMENTS)>, 0x09b80100c90d <Map[16](PACKED_SMI_ELEMENTS)>, check heapobj) [n25]
[0;31m│[0;32m│    [0m   [0m32: LoadTaggedField(0xc: 0x09b800000e39 <String[6]: #length>, compressed, Smi) [n25], 14 uses
[0;31m│[0;32m│    [0m[1;34m0x09b80101e3e5 <SharedFunctionInfo sum> (0x09b80104a3e5 <String[18]: "workloads/mixed.js">:6:20)
[m[0;31m│[0;32m│    [0m[0;34m   8 : 79 f8 04          TestLessThan r1, EmbeddedFeedback[4]
[m[0;31m│[0;32m│    [0m   [0m34: UnsafeSmiUntag [n32], 13 uses, cannot truncate to int32
[0;31m│[0;32m│    [0m   [0m35: Int32Compare[LessThan] [n33, n34], 0 uses 🪦
[0;31m│[0;32m│    [0m[0;34m  11 : a8 17             JumpIfFalse [23]
[m[0;31m│[0;32m│[0;33m╭──────[0m36: BranchIfInt32Compare(LessThan) [n33, n34] b4 b8
[0;31m│[0;32m│[0;33m│   [0m    ↓
[0;31m│[0;32m│[0;33m│    [0mBlock b4
[0;31m│[0;32m│[0;33m│   [0m[1;34m0x09b80101e3e5 <SharedFunctionInfo sum> (0x09b80104a3e5 <String[18]: "workloads/mixed.js">:6:47)
[m[0;31m│[0;32m│[0;33m│   [0m[0;34m  15 : 35 03 02          GetKeyedProperty a0, FBV[2]
[m[0;31m│[0;32m│[0;33m│   [0m   [0m37: LoadTaggedField(0x8: Elements, compressed, AnyHeapObject) [n25], 2 uses
[0;31m│[0;32m│[0;33m│   [0m       ↱ eager @72 (4 live vars)
[0;31m│[0;32m│[0;33m│   [0m       │       @4 (5 live vars)
[0;31m│[0;32m│[0;33m│   [0m   [0m38: CheckInt32Condition[UnsignedLessThan, OutOfBounds] [n33, n34]
[0;31m│[0;32m│[0;33m│   [0m   [0m39: LoadTaggedField(0x8, compressed) [n37], 2 uses
[0;31m│[0;32m│[0;33m│   [0m       ↱ eager @72 (4 live vars)
[0;31m│[0;32m│[0;33m│   [0m       │       @4 (5 live vars)
[0;31m│[0;32m│[0;33m│   [0m   [0m40: CheckNotHole [n39]
[0;31m│[0;32m│[0;33m│   [0m[0;34m  18 : 42 f9 01          Add r0, EmbeddedFeedback[1]
[m[0;31m│[0;32m│[0;33m│   [0m   [0m41: UnsafeSmiUntag [n39], 1 uses, cannot truncate to int32
[0;31m│[0;32m│[0;33m│   [0m       ↱ eager @72 (4 live vars)
[0;31m│[0;32m│[0;33m│   [0m       │       @4 (5 live vars)
[0;31m│[0;32m│[0;33m│   [0m   [0m42: Int32AddWithOverflow [n41, n33], 3 uses, can truncate to int32 [-2147483648, 2147483647]
[0;31m│[0;32m│[0;33m│   [0m[1;34m0x09b80101e3e5 <SharedFunctionInfo sum> (0x09b80104a3e5 <String[18]: "workloads/mixed.js">:6:2)
[m[0;31m│[0;32m│[0;33m│   [0m[0;34m  30 : 97 1a 00 05       JumpLoop [26], [0], FBV[5]
[m[0;31m│[0;32m│[0;33m│   [0m   [0m44: HandleNoHeapWritesInterrupt
[0;31m│[0;32m│[0;33m│   [0m       │      @72 (4 live vars)
[0;31m│[0;32m│[0;33m│   [0m       ↳ lazy @30 (5 live vars)
[0;31m│[0;32m│[0;33m│   [0m   [0m47: Int32ToNumber[kCanonicalizeSmi] [n42], 0 uses 🪦
[0;31m│[0;32m│[0;33m│   [0m   [0m46: Jump b5
[0;31m│[0;32m│[0;33m│   [0m    │  with gap moves:
[0;31m│[0;32m│[0;33m│   [0m    │    - n42 → 49: φᴵ r0
[0;31m│[0;32m│[0;33m│   [0m    │    - n43 → 50: φᴵ r1
[0;31m│[0;32m│[0;33m│   [0m    ▼
[0;31m│[0;32m│[0;33m│[0;34m╭──►[0mBlock b5 peeled (effects:)
[0;31m│[0;32m│[0;33m│[0;34m│  [0m   [0m49: φᴵ r0 (n42, n59), 3 uses
[0;31m│[0;32m│[0;33m│[0;34m│  [0m   [0m50: φᴵ r1 (n43, n60), 2 uses
[0;31m│[0;32m│[0;33m│[0;34m│  [0m[0;34m   8 : 79 f8 04          TestLessThan r1, EmbeddedFeedback[4]
[m[0;31m│[0;32m│[0;33m│[0;34m│  [0m       ↱ eager @72 (4 live vars)
[0;31m│[0;32m│[0;33m│[0;34m│  [0m       │       @8 (6 live vars)
[0;31m│[0;32m│[0;33m│[0;34m│  [0m   [0m51: CheckedSmiSizedInt32 [n50], 5 uses, cannot truncate to int32
[0;31m│[0;32m│[0;33m│[0;34m│  [0m   [0m52: Int32Compare[LessThan] [n51, n34], 0 uses 🪦
[0;31m│[0;32m│[0;33m│[0;34m│  [0m[0;34m  11 : a8 17             JumpIfFalse [23]
[m[0;31m│[0;32m│[0;33m│[0;34m│[0;35m╭────[0m53: BranchIfInt32Compare(LessThan) [n51, n34] b6 b7
[0;31m│[0;32m│[0;33m│[0;34m│[0;35m│ [0m    ↓
[0;31m│[0;32m│[0;33m│[0;34m│[0;35m│  [0mBlock b6
[0;31m│[0;32m│[0;33m│[0;34m│[0;35m│ [0m[0;34m  15 : 35 03 02          GetKeyedProperty a0, FBV[2]
[m[0;31m│[0;32m│[0;33m│[0;34m│[0;35m│ [0m       ↱ eager @72 (4 live vars)
[0;31m│[0;32m│[0;33m│[0;34m│[0;35m│ [0m       │       @8 (6 live vars)
[0;31m│[0;32m│[0;33m│[0;34m│[0;35m│ [0m   [0m54: CheckInt32Condition[UnsignedLessThan, OutOfBounds] [n51, n34]
[0;31m│[0;32m│[0;33m│[0;34m│[0;35m│ [0m   [0m55: LoadFixedArrayElement(compressed), Unknown [n37, n51], 2 uses
[0;31m│[0;32m│[0;33m│[0;34m│[0;35m│ [0m       ↱ eager @72 (4 live vars)
[0;31m│[0;32m│[0;33m│[0;34m│[0;35m│ [0m       │       @8 (6 live vars)
[0;31m│[0;32m│[0;33m│[0;34m│[0;35m│ [0m   [0m56: CheckNotHole [n55]
[0;31m│[0;32m│[0;33m│[0;34m│[0;35m│ [0m[0;34m  18 : 42 f9 01          Add r0, EmbeddedFeedback[1]
[m[0;31m│[0;32m│[0;33m│[0;34m│[0;35m│ [0m       ↱ eager @72 (4 live vars)
[0;31m│[0;32m│[0;33m│[0;34m│[0;35m│ [0m       │       @8 (6 live vars)
[0;31m│[0;32m│[0;33m│[0;34m│[0;35m│ [0m   [0m57: CheckedSmiSizedInt32 [n49], 1 uses, cannot truncate to int32
[0;31m│[0;32m│[0;33m│[0;34m│[0;35m│ [0m   [0m58: UnsafeSmiUntag [n55], 1 uses, cannot truncate to int32
[0;31m│[0;32m│[0;33m│[0;34m│[0;35m│ [0m       ↱ eager @72 (4 live vars)
[0;31m│[0;32m│[0;33m│[0;34m│[0;35m│ [0m       │       @8 (6 live vars)
[0;31m│[0;32m│[0;33m│[0;34m│[0;35m│ [0m   [0m59: Int32AddWithOverflow [n57, n58], 3 uses, can truncate to int32 [-2147483648, 2147483647]
[0;31m│[0;32m│[0;33m│[0;34m│[0;35m│ [0m[0;34m  27 : 5b 04             Inc FBV[4]
[m[0;31m│[0;32m│[0;33m│[0;34m│[0;35m│ [0m       ↱ eager @72 (4 live vars)
[0;31m│[0;32m│[0;33m│[0;34m│[0;35m│ [0m       │       @8 (6 live vars)
[0;31m│[0;32m│[0;33m│[0;34m│[0;35m│ [0m   [0m60: Int32IncrementWithOverflow [n51], 3 uses, cannot truncate to int32
[0;31m│[0;32m│[0;33m│[0;34m│[0;35m│ [0m[0;34m  30 : 97 1a 00 05       JumpLoop [26], [0], FBV[5]
[m[0;31m│[0;32m│[0;33m│[0;34m│[0;35m│ [0m   [0m61: HandleNoHeapWritesInterrupt
[0;31m│[0;32m│[0;33m│[0;34m│[0;35m│ [0m       │      @72 (4 live vars)
[0;31m│[0;32m│[0;33m│[0;34m│[0;35m│ [0m       ↳ lazy @30 (5 live vars)
[0;31m│[0;32m│[0;33m│[0;34m│[0;35m│ [0m   [0m63: Int32ToNumber[kCanonicalizeSmi] [n59], 0 uses 🪦
[0;31m│[0;32m│[0;33m│[0;34m│[0;35m│ [0m   [0m64: Int32ToNumber[kCanonicalizeSmi] [n60], 0 uses 🪦
[0;31m│[0;32m│[0;33m│[0;34m│[0;35m│ [0m       ↱ eager @72 (4 live vars)
[0;31m│[0;32m│[0;33m│[0;34m│[0;35m│ [0m       │       @8 (6 live vars)
[0;31m│[0;32m│[0;33m│[0;34m╰──◄──[0m62: JumpLoop b5
[0;31m│[0;32m│[0;33m│ [0;35m│ [0m       with gap moves:
[0;31m│[0;32m│[0;33m│ [0;35m│ [0m         - n59 → 49: φᴵ r0
[0;31m│[0;32m│[0;33m│ [0;35m│ [0m         - n60 → 50: φᴵ r1
[0;31m│[0;32m│[0;33m│ [0;35m│ [0m
[0;31m│[0;32m│[0;33m│ [0;35m╰─►[0mBlock b7
[0;31m│[0;32m│[0;33m│   [0m[1;34m0x09b80101e3e5 <SharedFunctionInfo sum> (0x09b80104a3e5 <String[18]: "workloads/mixed.js">:7:2)
[m[0;31m│[0;32m│[0;33m│   [0m[0;34m  34 : 0b f9             Ldar r0
[m[0;31m│[0;32m│[0;33m│[0;34m╭─────[0m65: Jump b9
[0;31m│[0;32m│[0;33m│[0;34m│  [0m       with gap moves:
[0;31m│[0;32m│[0;33m│[0;34m│  [0m         - n49 → 67: φᴵ r0
[0;31m│[0;32m│[0;33m│[0;34m│  [0m
[0;31m│[0;32m│[0;33m╰───►[0mBlock b8
[0;31m│[0;32m│ [0;34m│  [0m   [0m66: Jump b9
[0;31m│[0;32m│ [0;34m│  [0m    │  with gap moves:
[0;31m│[0;32m│ [0;34m│  [0m    │    - n33 → 67: φᴵ r0
[0;31m│[0;32m│ [0;34m│  [0m    ▼
[0;31m│[0;32m│ [0;34m╰──►[0mBlock b9
[0;31m│[0;32m│    [0m   [0m67: φᴵ r0 (n33, n49), 2 uses
[0;31m│[0;32m│    [0m[1;34m0x09b80101e365 <SharedFunctionInfo> (0x09b80104a3e5 <String[18]: "workloads/mixed.js">:26:9)
[m[0;31m│[0;32m│    [0m[0;34m  76 : 42 f5 01          Add r4, EmbeddedFeedback[1]
[m[0;31m│[0;32m│    [0m       ↱ eager @76 (5 live vars)
[0;31m│[0;32m│    [0m   [0m68: CheckedSmiUntag [n23], 1 uses, cannot truncate to int32
[0;31m│[0;32m│    [0m       ↱ eager @76 (5 live vars)
[0;31m│[0;32m│    [0m   [0m69: CheckedSmiSizedInt32 [n67], 1 uses, cannot truncate to int32
[0;31m│[0;32m│    [0m       ↱ eager @76 (5 live vars)
[0;31m│[0;32m│    [0m   [0m70: Int32AddWithOverflow [n68, n69], 5 uses, can truncate to int32 [-2147483648, 2147483647]
[0;31m│[0;32m│    [0m[1;34m0x09b80101e365 <SharedFunctionInfo> (0x09b80104a3e5 <String[18]: "workloads/mixed.js">:26:6)
[m[0;31m│[0;32m│    [0m[0;34m  79 : 29 03             StaCurrentContextSlot [3]
[m[0;31m│[0;32m│    [0m   [0m71: Int32ToNumber[kCanonicalizeSmi] [n70], 1 uses
[0;31m│[0;32m│    [0m   [0m72: StoreContextSlotWithWriteBarrier(3, mutable) [n2, n71]
[0;31m│[0;32m│    [0m       ↳ lazy @79 (3 live vars)
[0;31m│[0;32m│    [0m[1;34m0x09b80101e415 <SharedFunctionInfo scale> (0x09b80104a3e5 <String[18]: "workloads/mixed.js">:10:14)
[m[0;31m│[0;32m│    [0m[0;34m   0 : 23 00 00          LdaGlobal [0:"Array"], FBV[0]
[m[0;31m│[0;32m│    [0m   [0m75: Jump b10
[0;31m│[0;32m│    [0m    ↓
[0;31m│[0;32m│     [0mBlock b10
[0;31m│[0;32m│    [0m[1;34m0x09b80101e415 <SharedFunctionInfo scale> (0x09b80104a3e5 <String[18]: "workloads/mixed.js">:11:14)
[m[0;31m│[0;32m│    [0m[0;34m  11 : 74 f7 f6 01 04    Construct r2, r3-r3, FBV[4]
[m[0;31m│[0;32m│[0;33m╭──────[0m77: BranchIfInt32Compare(GreaterThanOrEqual) [n34, n33] b11 b12
[0;31m│[0;32m│[0;33m│   [0m    ↓
[0;31m│[0;32m│[0;33m│    [0mBlock b11
[0;31m│[0;32m│[0;33m│   [0m       ↱ eager @98 (5 live vars)
[0;31m│[0;32m│[0;33m│   [0m       │       @11 (7 live vars)
[0;31m│[0;32m│[0;33m│   [0m   [0m78: AllocateElementsArray(HOLEY_SMI_ELEMENTS, Young) [n34], 10 uses
[0;31m│[0;32m│[0;33m│   [0m   [0m81: AllocationBlock(Young), 1 uses
[0;31m│[0;32m│[0;33m│   [0m   [0m82: InlinedAllocation(object 0x09b80100cf85 <Map[16](HOLEY_SMI_ELEMENTS)>) [n81], 17 uses (13 non escaping uses)
[0;31m│[0;32m│[0;33m│   [0m   [0m83: StoreMap(0x09b80100cf85 <Map[16](HOLEY_SMI_ELEMENTS)>, InlinedAllocation) [n82]
[0;31m│[0;32m│[0;33m│   [0m   [0m84: StoreTaggedFieldNoWriteBarrier(0x4, mutable) [n82, n80]
[0;31m│[0;32m│[0;33m│   [0m   [0m85: StoreTaggedFieldWithWriteBarrier(0x8, mutable, maybe_smi:1) [n82, n78]
[0;31m│[0;32m│[0;33m│   [0m   [0m86: StoreTaggedFieldNoWriteBarrier(0xc, mutable) [n82, n32]
[0;31m│[0;32m│[0;33m│[0;34m╭─────[0m87: Jump b13
[0;31m│[0;32m│[0;33m│[0;34m│  [0m
[0;31m│[0;32m│[0;33m╰───►[0mBlock b12
[0;31m│[0;32m│ [0;34m│  [0m   [0m89: Throw(ThrowRangeError, has_input=1) [n88]
[0;31m│[0;32m│ [0;34m│  [0m       │      @98 (5 live vars)
[0;31m│[0;32m│ [0;34m│  [0m       ↳ lazy @11 (4 live vars)
[0;31m│[0;32m│ [0;34m│  [0m
[0;31m│[0;32m│ [0;34m╰──►[0mBlock b13
[0;31m│[0;32m│    [0m[1;34m0x09b80101e415 <SharedFunctionInfo scale> (0x09b80104a3e5 <String[18]: "workloads/mixed.js">:12:20)
[m[0;31m│[0;32m│    [0m[0;34m  26 : a8 1a             JumpIfFalse [26]
[m[0;31m│[0;32m│[0;33m╭──────[0m90: BranchIfInt32Compare(LessThan) [n33, n34] b14 b18
[0;31m│[0;32m│[0;33m│   [0m    ↓
[0;31m│[0;32m│[0;33m│    [0mBlock b14
[0;31m│[0;32m│[0;33m│   [0m[1;34m0x09b80101e415 <SharedFunctionInfo scale> (0x09b80104a3e5 <String[18]: "workloads/mixed.js">:12:51)
[m[0;31m│[0;32m│[0;33m│   [0m[0;34m  30 : 35 03 06          GetKeyedProperty a0, FBV[6]
[m[0;31m│[0;32m│[0;33m│   [0m       ↱ eager @98 (5 live vars)
[0;31m│[0;32m│[0;33m│   [0m       │       @30 (7 live vars)
[0;31m│[0;32m│[0;33m│   [0m   [0m91: CheckMaps(0x09b80100cf85 <Map[16](HOLEY_SMI_ELEMENTS)>, no heapobj check) [n25]
[0;31m│[0;32m│[0;33m│   [0m   [0m92: LoadTaggedField(0x8: Elements, compressed, AnyHeapObject) [n25], 2 uses
[0;31m│[0;32m│[0;33m│   [0m       ↱ eager @98 (5 live vars)
[0;31m│[0;32m│[0;33m│   [0m       │       @30 (7 live vars)
[0;31m│[0;32m│[0;33m│   [0m   [0m93: CheckInt32Condition[UnsignedLessThan, OutOfBounds] [n33, n34]
[0;31m│[0;32m│[0;33m│   [0m   [0m94: LoadTaggedField(0x8, compressed) [n92], 2 uses
[0;31m│[0;32m│[0;33m│   [0m       ↱ eager @98 (5 live vars)
[0;31m│[0;32m│[0;33m│   [0m       │       @30 (7 live vars)
[0;31m│[0;32m│[0;33m│   [0m   [0m95: CheckNotHole [n94]
[0;31m│[0;32m│[0;33m│   [0m[1;34m0x09b80101e415 <SharedFunctionInfo scale> (0x09b80104a3e5 <String[18]: "workloads/mixed.js">:12:55)
[m[0;31m│[0;32m│[0;33m│   [0m[0;34m  36 : 44 f5 01          Mul r4, EmbeddedFeedback[1]
[m[0;31m│[0;32m│[0;33m│   [0m   [0m96: UnsafeSmiUntag [n94], 1 uses, cannot truncate to int32
[0;31m│[0;32m│[0;33m│   [0m       ↱ eager @98 (5 live vars)
[0;31m│[0;32m│[0;33m│   [0m       │       @30 (7 live vars)
[0;31m│[0;32m│[0;33m│   [0m   [0m98: Int32MultiplyWithOverflow [n96, n97], 1 uses, can truncate to int32 [-2147483648, 2147483647]
[0;31m│[0;32m│[0;33m│   [0m[1;34m0x09b80101e415 <SharedFunctionInfo scale> (0x09b80104a3e5 <String[18]: "workloads/mixed.js">:12:46)
[m[0;31m│[0;32m│[0;33m│   [0m[0;34m  39 : 3c f9 f8 08       SetKeyedProperty r0, r1, FBV[8]
[m[0;31m│[0;32m│[0;33m│   [0m   [0m99: LoadTaggedField(0x8: Elements, compressed, AnyHeapObject) [n82], 3 uses
[0;31m│[0;32m│[0;33m│   [0m       ↱ eager @98 (5 live vars)
[0;31m│[0;32m│[0;33m│   [0m       │       @30 (7 live vars)
[0;31m│[0;32m│[0;33m│   [0m  [0m100: CheckedSmiTagInt32 [n98], 1 uses
[0;31m│[0;32m│[0;33m│   [0m  [0m101: LoadTaggedField(0xc: 0x09b800000e39 <String[6]: #length>, compressed, Smi) [n82], 1 uses
[0;31m│[0;32m│[0;33m│   [0m  [0m102: UnsafeSmiUntag [n101], 2 uses, cannot truncate to int32
[0;31m│[0;32m│[0;33m│   [0m       ↱ eager @98 (5 live vars)
[0;31m│[0;32m│[0;33m│   [0m       │       @30 (7 live vars)
[0;31m│[0;32m│[0;33m│   [0m  [0m103: CheckInt32Condition[UnsignedLessThan, OutOfBounds] [n33, n102]
[0;31m│[0;32m│[0;33m│   [0m       ↱ eager @98 (5 live vars)
[0;31m│[0;32m│[0;33m│   [0m       │       @30 (7 live vars)
[0;31m│[0;32m│[0;33m│   [0m  [0m104: CheckMaps(0x09b8000005dd <Map(FIXED_ARRAY_TYPE)>, no heapobj check) [n99]
[0;31m│[0;32m│[0;33m│   [0m  [0m105: StoreFixedArrayElementNoWriteBarrier [n99, n33, n100]
[0;31m│[0;32m│[0;33m│   [0m[1;34m0x09b80101e415 <SharedFunctionInfo scale> (0x09b80104a3e5 <String[18]: "workloads/mixed.js">:12:2)
[m[0;31m│[0;32m│[0;33m│   [0m[0;34m  48 : 97 1d 00 0b       JumpLoop [29], [0], FBV[11]
[m[0;31m│[0;32m│[0;33m│   [0m  [0m106: HandleNoHeapWritesInterrupt
[0;31m│[0;32m│[0;33m│   [0m       │      @98 (5 live vars)
[0;31m│[0;32m│[0;33m│   [0m       ↳ lazy @48 (6 live vars)
[0;31m│[0;32m│[0;33m│   [0m  [0m107: Jump b15
[0;31m│[0;32m│[0;33m│   [0m    │  with gap moves:
[0;31m│[0;32m│[0;33m│   [0m    │    - n43 → 108: φᴵ r1
[0;31m│[0;32m│[0;33m│   [0m    ▼
[0;31m│[0;32m│[0;33m│[0;34m╭──►[0mBlock b15 peeled (effects:)
[0;31m│[0;32m│[0;33m│[0;34m│  [0m  [0m108: φᴵ r1 (n43, n120), 3 uses
[0;31m│[0;32m│[0;33m│[0;34m│  [0m[0;34m  23 : 79 f8 04          TestLessThan r1, EmbeddedFeedback[4]
[m[0;31m│[0;32m│[0;33m│[0;34m│  [0m       ↱ eager @98 (5 live vars)
[0;31m│[0;32m│[0;33m│[0;34m│  [0m       │       @23 (7 live vars)
[0;31m│[0;32m│[0;33m│[0;34m│  [0m  [0m109: CheckedSmiSizedInt32 [n108], 7 uses, cannot truncate to int32
[0;31m│[0;32m│[0;33m│[0;34m│  [0m  [0m110: Int32Compare[LessThan] [n109, n34], 0 uses 🪦
[0;31m│[0;32m│[0;33m│[0;34m│  [0m[0;34m  26 : a8 1a             JumpIfFalse [26]
[m[0;31m│[0;32m│[0;33m│[0;34m│[0;35m╭───[0m111: BranchIfInt32Compare(LessThan) [n109, n34] b16 b17
[0;31m│[0;32m│[0;33m│[0;34m│[0;35m│ [0m    ↓
[0;31m│[0;32m│[0;33m│[0;34m│[0;35m│  [0mBlock b16
[0;31m│[0;32m│[0;33m│[0;34m│[0;35m│ [0m[0;34m  30 : 35 03 06          GetKeyedProperty a0, FBV[6]
[m[0;31m│[0;32m│[0;33m│[0;34m│[0;35m│ [0m       ↱ eager @98 (5 live vars)
[0;31m│[0;32m│[0;33m│[0;34m│[0;35m│ [0m       │       @23 (7 live vars)
[0;31m│[0;32m│[0;33m│[0;34m│[0;35m│ [0m  [0m112: CheckInt32Condition[UnsignedLessThan, OutOfBounds] [n109, n34]
[0;31m│[0;32m│[0;33m│[0;34m│[0;35m│ [0m  [0m113: LoadFixedArrayElement(compressed), Unknown [n92, n109], 2 uses
[0;31m│[0;32m│[0;33m│[0;34m│[0;35m│ [0m       ↱ eager @98 (5 live vars)
[0;31m│[0;32m│[0;33m│[0;34m│[0;35m│ [0m       │       @23 (7 live vars)
[0;31m│[0;32m│[0;33m│[0;34m│[0;35m│ [0m  [0m114: CheckNotHole [n113]
[0;31m│[0;32m│[0;33m│[0;34m│[0;35m│ [0m[0;34m  36 : 44 f5 01          Mul r4, EmbeddedFeedback[1]
[m[0;31m│[0;32m│[0;33m│[0;34m│[0;35m│ [0m  [0m115: UnsafeSmiUntag [n113], 1 uses, cannot truncate to int32
[0;31m│[0;32m│[0;33m│[0;34m│[0;35m│ [0m       ↱ eager @98 (5 live vars)
[0;31m│[0;32m│[0;33m│[0;34m│[0;35m│ [0m       │       @23 (7 live vars)
[0;31m│[0;32m│[0;33m│[0;34m│[0;35m│ [0m  [0m116: Int32MultiplyWithOverflow [n115, n97], 1 uses, can truncate to int32 [-2147483648, 2147483647]
[0;31m│[0;32m│[0;33m│[0;34m│[0;35m│ [0m[0;34m  39 : 3c f9 f8 08       SetKeyedProperty r0, r1, FBV[8]
[m[0;31m│[0;32m│[0;33m│[0;34m│[0;35m│ [0m       ↱ eager @98 (5 live vars)
[0;31m│[0;32m│[0;33m│[0;34m│[0;35m│ [0m       │       @23 (7 live vars)
[0;31m│[0;32m│[0;33m│[0;34m│[0;35m│ [0m  [0m117: CheckedSmiTagInt32 [n116], 1 uses
[0;31m│[0;32m│[0;33m│[0;34m│[0;35m│ [0m       ↱ eager @98 (5 live vars)
[0;31m│[0;32m│[0;33m│[0;34m│[0;35m│ [0m       │       @23 (7 live vars)
[0;31m│[0;32m│[0;33m│[0;34m│[0;35m│ [0m  [0m118: CheckInt32Condition[UnsignedLessThan, OutOfBounds] [n109, n102]
[0;31m│[0;32m│[0;33m│[0;34m│[0;35m│ [0m  [0m119: StoreFixedArrayElementNoWriteBarrier [n99, n109, n117]
[0;31m│[0;32m│[0;33m│[0;34m│[0;35m│ [0m[0;34m  45 : 5b 0a             Inc FBV[10]
[m[0;31m│[0;32m│[0;33m│[0;34m│[0;35m│ [0m       ↱ eager @98 (5 live vars)
[0;31m│[0;32m│[0;33m│[0;34m│[0;35m│ [0m       │       @45 (6 live vars)
[0;31m│[0;32m│[0;33m│[0;34m│[0;35m│ [0m  [0m120: Int32IncrementWithOverflow [n109], 3 uses, cannot truncate to int32
[0;31m│[0;32m│[0;33m│[0;34m│[0;35m│ [0m[0;34m  48 : 97 1d 00 0b       JumpLoop [29], [0], FBV[11]
[m[0;31m│[0;32m│[0;33m│[0;34m│[0;35m│ [0m  [0m121: HandleNoHeapWritesInterrupt
[0;31m│[0;32m│[0;33m│[0;34m│[0;35m│ [0m       │      @98 (5 live vars)
[0;31m│[0;32m│[0;33m│[0;34m│[0;35m│ [0m       ↳ lazy @48 (6 live vars)
[0;31m│[0;32m│[0;33m│[0;34m│[0;35m│ [0m  [0m123: Int32ToNumber[kCanonicalizeSmi] [n120], 0 uses 🪦
[0;31m│[0;32m│[0;33m│[0;34m│[0;35m│ [0m       ↱ eager @98 (5 live vars)
[0;31m│[0;32m│[0;33m│[0;34m│[0;35m│ [0m       │       @45 (6 live vars)
[0;31m│[0;32m│[0;33m│[0;34m╰──◄─[0m122: JumpLoop b15
[0;31m│[0;32m│[0;33m│ [0;35m│ [0m       with gap moves:
[0;31m│[0;32m│[0;33m│ [0;35m│ [0m         - n120 → 108: φᴵ r1
[0;31m│[0;32m│[0;33m│ [0;35m│ [0m
[0;31m│[0;32m│[0;33m│ [0;35m╰─►[0mBlock b17
[0;31m│[0;32m│[0;33m│   [0m[1;34m0x09b80101e415 <SharedFunctionInfo scale> (0x09b80104a3e5 <String[18]: "workloads/mixed.js">:13:2)
[m[0;31m│[0;32m│[0;33m│   [0m[0;34m  52 : 0b f9             Ldar r0
[m[0;31m│[0;32m│[0;33m│[0;34m╭────[0m124: Jump b19
[0;31m│[0;32m│[0;33m│[0;34m│  [0m
[0;31m│[0;32m│[0;33m╰───►[0mBlock b18
[0;31m│[0;32m│ [0;34m│  [0m  [0m125: Jump b19
[0;31m│[0;32m│ [0;34m│  [0m    ↓
[0;31m│[0;32m│ [0;34m╰──►[0mBlock b19
[0;31m│[0;32m│    [0m[1;34m0x09b80101e3e5 <SharedFunctionInfo sum> (0x09b80104a3e5 <String[18]: "workloads/mixed.js">:4:12)
[m[0;31m│[0;32m│    [0m[0;34m   0 : 0c                LdaZero
[m[0;31m│[0;32m│    [0m  [0m126: Jump b20
[0;31m│[0;32m│    [0m    ↓
[0;31m│[0;32m│     [0mBlock b20
[0;31m│[0;32m│    [0m[1;34m0x09b80101e3e5 <SharedFunctionInfo sum> (0x09b80104a3e5 <String[18]: "workloads/mixed.js">:6:26)
[m[0;31m│[0;32m│    [0m[0;34m   4 : 33 03 00 00       GetNamedProperty a0, [0:"length"], FBV[0]
[m[0;31m│[0;32m│    [0m  [0m127: LoadTaggedField(0xc: 0x09b800000e39 <String[6]: #length>, compressed, Smi) [n82], 2 uses
[0;31m│[0;32m│    [0m[1;34m0x09b80101e3e5 <SharedFunctionInfo sum> (0x09b80104a3e5 <String[18]: "workloads/mixed.js">:6:20)
[m[0;31m│[0;32m│    [0m[0;34m   8 : 79 f8 04          TestLessThan r1, EmbeddedFeedback[4]
[m[0;31m│[0;32m│    [0m  [0m128: UnsafeSmiUntag [n127], 6 uses, cannot truncate to int32
[0;31m│[0;32m│    [0m  [0m129: Int32Compare[LessThan] [n33, n128], 0 uses 🪦
[0;31m│[0;32m│    [0m[0;34m  11 : a8 17             JumpIfFalse [23]
[m[0;31m│[0;32m│[0;33m╭─────[0m130: BranchIfInt32Compare(LessThan) [n33, n128] b21 b25
[0;31m│[0;32m│[0;33m│   [0m    ↓
[0;31m│[0;32m│[0;33m│    [0mBlock b21
[0;31m│[0;32m│[0;33m│   [0m[1;34m0x09b80101e3e5 <SharedFunctionInfo sum> (0x09b80104a3e5 <String[18]: "workloads/mixed.js">:6:47)
[m[0;31m│[0;32m│[0;33m│   [0m[0;34m  15 : 35 03 02          GetKeyedProperty a0, FBV[2]
[m[0;31m│[0;32m│[0;33m│   [0m  [0m131: LoadTaggedField(0x8: Elements, compressed, AnyHeapObject) [n82], 2 uses
[0;31m│[0;32m│[0;33m│   [0m       ↱ eager @104 (4 live vars)
[0;31m│[0;32m│[0;33m│   [0m       │       @15 (6 live vars)
[0;31m│[0;32m│[0;33m│   [0m  [0m132: CheckInt32Condition[UnsignedLessThan, OutOfBounds] [n33, n128]
[0;31m│[0;32m│[0;33m│   [0m  [0m133: LoadTaggedField(0x8, compressed) [n131], 2 uses
[0;31m│[0;32m│[0;33m│   [0m       ↱ eager @104 (4 live vars)
[0;31m│[0;32m│[0;33m│   [0m       │       @15 (6 live vars)
[0;31m│[0;32m│[0;33m│   [0m  [0m134: CheckNotHole [n133]
[0;31m│[0;32m│[0;33m│   [0m[0;34m  18 : 42 f9 01          Add r0, EmbeddedFeedback[1]
[m[0;31m│[0;32m│[0;33m│   [0m  [0m135: UnsafeSmiUntag [n133], 1 uses, cannot truncate to int32
[0;31m│[0;32m│[0;33m│   [0m       ↱ eager @104 (4 live vars)
[0;31m│[0;32m│[0;33m│   [0m       │       @15 (6 live vars)
[0;31m│[0;32m│[0;33m│   [0m  [0m136: Int32AddWithOverflow [n135, n33], 3 uses, can truncate to int32 [-2147483648, 2147483647]
[0;31m│[0;32m│[0;33m│   [0m[1;34m0x09b80101e3e5 <SharedFunctionInfo sum> (0x09b80104a3e5 <String[18]: "workloads/mixed.js">:6:2)
[m[0;31m│[0;32m│[0;33m│   [0m[0;34m  30 : 97 1a 00 05       JumpLoop [26], [0], FBV[5]
[m[0;31m│[0;32m│[0;33m│   [0m  [0m137: HandleNoHeapWritesInterrupt
[0;31m│[0;32m│[0;33m│   [0m       │      @104 (4 live vars)
[0;31m│[0;32m│[0;33m│   [0m       ↳ lazy @30 (5 live vars)
[0;31m│[0;32m│[0;33m│   [0m  [0m139: Int32ToNumber[kCanonicalizeSmi] [n136], 0 uses 🪦
[0;31m│[0;32m│[0;33m│   [0m  [0m138: Jump b22
[0;31m│[0;32m│[0;33m│   [0m    │  with gap moves:
[0;31m│[0;32m│[0;33m│   [0m    │    - n136 → 140: φᴵ r0
[0;31m│[0;32m│[0;33m│   [0m    │    - n43 → 141: φᴵ r1
[0;31m│[0;32m│[0;33m│   [0m    ▼
[0;31m│[0;32m│[0;33m│[0;34m╭──►[0mBlock b22 peeled (effects:)
[0;31m│[0;32m│[0;33m│[0;34m│  [0m  [0m140: φᴵ r0 (n136, n150), 3 uses
[0;31m│[0;32m│[0;33m│[0;34m│  [0m  [0m141: φᴵ r1 (n43, n151), 2 uses
[0;31m│[0;32m│[0;33m│[0;34m│  [0m[0;34m   8 : 79 f8 04          TestLessThan r1, EmbeddedFeedback[4]
[m[0;31m│[0;32m│[0;33m│[0;34m│  [0m       ↱ eager @104 (4 live vars)
[0;31m│[0;32m│[0;33m│[0;34m│  [0m       │       @8 (6 live vars)
[0;31m│[0;32m│[0;33m│[0;34m│  [0m  [0m142: CheckedSmiSizedInt32 [n141], 5 uses, cannot truncate to int32
[0;31m│[0;32m│[0;33m│[0;34m│  [0m  [0m143: Int32Compare[LessThan] [n142, n128], 0 uses 🪦
[0;31m│[0;32m│[0;33m│[0;34m│  [0m[0;34m  11 : a8 17             JumpIfFalse [23]
[m[0;31m│[0;32m│[0;33m│[0;34m│[0;35m╭───[0m144: BranchIfInt32Compare(LessThan) [n142, n128] b23 b24
[0;31m│[0;32m│[0;33m│[0;34m│[0;35m│ [0m    ↓
[0;31m│[0;32m│[0;33m│[0;34m│[0;35m│  [0mBlock b23
[0;31m│[0;32m│[0;33m│[0;34m│[0;35m│ [0m[0;34m  15 : 35 03 02          GetKeyedProperty a0, FBV[2]
[m[0;31m│[0;32m│[0;33m│[0;34m│[0;35m│ [0m       ↱ eager @104 (4 live vars)
[0;31m│[0;32m│[0;33m│[0;34m│[0;35m│ [0m       │       @8 (6 live vars)
[0;31m│[0;32m│[0;33m│[0;34m│[0;35m│ [0m  [0m145: CheckInt32Condition[UnsignedLessThan, OutOfBounds] [n142, n128]
[0;31m│[0;32m│[0;33m│[0;34m│[0;35m│ [0m  [0m146: LoadFixedArrayElement(compressed), Unknown [n131, n142], 2 uses
[0;31m│[0;32m│[0;33m│[0;34m│[0;35m│ [0m       ↱ eager @104 (4 live vars)
[0;31m│[0;32m│[0;33m│[0;34m│[0;35m│ [0m       │       @8 (6 live vars)
[0;31m│[0;32m│[0;33m│[0;34m│[0;35m│ [0m  [0m147: CheckNotHole [n146]
[0;31m│[0;32m│[0;33m│[0;34m│[0;35m│ [0m[0;34m  18 : 42 f9 01          Add r0, EmbeddedFeedback[1]
[m[0;31m│[0;32m│[0;33m│[0;34m│[0;35m│ [0m       ↱ eager @104 (4 live vars)
[0;31m│[0;32m│[0;33m│[0;34m│[0;35m│ [0m       │       @8 (6 live vars)
[0;31m│[0;32m│[0;33m│[0;34m│[0;35m│ [0m  [0m148: CheckedSmiSizedInt32 [n140], 1 uses, cannot truncate to int32
[0;31m│[0;32m│[0;33m│[0;34m│[0;35m│ [0m  [0m149: UnsafeSmiUntag [n146], 1 uses, cannot truncate to int32
[0;31m│[0;32m│[0;33m│[0;34m│[0;35m│ [0m       ↱ eager @104 (4 live vars)
[0;31m│[0;32m│[0;33m│[0;34m│[0;35m│ [0m       │       @8 (6 live vars)
[0;31m│[0;32m│[0;33m│[0;34m│[0;35m│ [0m  [0m150: Int32AddWithOverflow [n148, n149], 3 uses, can truncate to int32 [-2147483648, 2147483647]
[0;31m│[0;32m│[0;33m│[0;34m│[0;35m│ [0m[0;34m  27 : 5b 04             Inc FBV[4]
[m[0;31m│[0;32m│[0;33m│[0;34m│[0;35m│ [0m       ↱ eager @104 (4 live vars)
[0;31m│[0;32m│[0;33m│[0;34m│[0;35m│ [0m       │       @8 (6 live vars)
[0;31m│[0;32m│[0;33m│[0;34m│[0;35m│ [0m  [0m151: Int32IncrementWithOverflow [n142], 3 uses, cannot truncate to int32
[0;31m│[0;32m│[0;33m│[0;34m│[0;35m│ [0m[0;34m  30 : 97 1a 00 05       JumpLoop [26], [0], FBV[5]
[m[0;31m│[0;32m│[0;33m│[0;34m│[0;35m│ [0m  [0m152: HandleNoHeapWritesInterrupt
[0;31m│[0;32m│[0;33m│[0;34m│[0;35m│ [0m       │      @104 (4 live vars)
[0;31m│[0;32m│[0;33m│[0;34m│[0;35m│ [0m       ↳ lazy @30 (5 live vars)
[0;31m│[0;32m│[0;33m│[0;34m│[0;35m│ [0m  [0m154: Int32ToNumber[kCanonicalizeSmi] [n150], 0 uses 🪦
[0;31m│[0;32m│[0;33m│[0;34m│[0;35m│ [0m  [0m155: Int32ToNumber[kCanonicalizeSmi] [n151], 0 uses 🪦
[0;31m│[0;32m│[0;33m│[0;34m│[0;35m│ [0m       ↱ eager @104 (4 live vars)
[0;31m│[0;32m│[0;33m│[0;34m│[0;35m│ [0m       │       @8 (6 live vars)
[0;31m│[0;32m│[0;33m│[0;34m╰──◄─[0m153: JumpLoop b22
[0;31m│[0;32m│[0;33m│ [0;35m│ [0m       with gap moves:
[0;31m│[0;32m│[0;33m│ [0;35m│ [0m         - n150 → 140: φᴵ r0
[0;31m│[0;32m│[0;33m│ [0;35m│ [0m         - n151 → 141: φᴵ r1
[0;31m│[0;32m│[0;33m│ [0;35m│ [0m
[0;31m│[0;32m│[0;33m│ [0;35m╰─►[0mBlock b24
[0;31m│[0;32m│[0;33m│   [0m[1;34m0x09b80101e3e5 <SharedFunctionInfo sum> (0x09b80104a3e5 <String[18]: "workloads/mixed.js">:7:2)
[m[0;31m│[0;32m│[0;33m│   [0m[0;34m  34 : 0b f9             Ldar r0
[m[0;31m│[0;32m│[0;33m│[0;34m╭────[0m156: Jump b26
[0;31m│[0;32m│[0;33m│[0;34m│  [0m       with gap moves:
[0;31m│[0;32m│[0;33m│[0;34m│  [0m         - n140 → 158: φᴵ r0
[0;31m│[0;32m│[0;33m│[0;34m│  [0m
[0;31m│[0;32m│[0;33m╰───►[0mBlock b25
[0;31m│[0;32m│ [0;34m│  [0m  [0m157: Jump b26
[0;31m│[0;32m│ [0;34m│  [0m    │  with gap moves:
[0;31m│[0;32m│ [0;34m│  [0m    │    - n33 → 158: φᴵ r0
[0;31m│[0;32m│ [0;34m│  [0m    ▼
[0;31m│[0;32m│ [0;34m╰──►[0mBlock b26
[0;31m│[0;32m│    [0m  [0m158: φᴵ r0 (n33, n140), 2 uses
[0;31m│[0;32m│    [0m[1;34m0x09b80101e365 <SharedFunctionInfo> (0x09b80104a3e5 <String[18]: "workloads/mixed.js">:27:9)
[m[0;31m│[0;32m│    [0m[0;34m 108 : 42 f5 01          Add r4, EmbeddedFeedback[1]
[m[0;31m│[0;32m│    [0m       ↱ eager @108 (5 live vars)
[0;31m│[0;32m│    [0m  [0m159: CheckedSmiSizedInt32 [n158], 1 uses, cannot truncate to int32
[0;31m│[0;32m│    [0m       ↱ eager @108 (5 live vars)
[0;31m│[0;32m│    [0m  [0m160: Int32AddWithOverflow [n70, n159], 4 uses, can truncate to int32 [-2147483648, 2147483647]
[0;31m│[0;32m│    [0m[1;34m0x09b80101e365 <SharedFunctionInfo> (0x09b80104a3e5 <String[18]: "workloads/mixed.js">:27:6)
[m[0;31m│[0;32m│    [0m[0;34m 111 : 29 03             StaCurrentContextSlot [3]
[m[0;31m│[0;32m│    [0m  [0m161: Int32ToNumber[kCanonicalizeSmi] [n160], 1 uses
[0;31m│[0;32m│    [0m  [0m162: StoreContextSlotWithWriteBarrier(3, mutable) [n2, n161]
[0;31m│[0;32m│    [0m       ↳ lazy @111 (3 live vars)
[0;31m│[0;32m│    [0m[1;34m0x09b80101e365 <SharedFunctionInfo> (0x09b80104a3e5 <String[18]: "workloads/mixed.js">:29:26)
[m[0;31m│[0;32m│    [0m[0;34m 133 : 53 07 01          ModSmi [7], EmbeddedFeedback[1]
[m[0;31m│[0;32m│    [0m       ↱ eager @133 (7 live vars)
[0;31m│[0;32m│    [0m  [0m167: Int32ModulusWithOverflow [n17, n166], 3 uses, cannot truncate to int32
[0;31m│[0;32m│    [0m[1;34m0x09b80101e365 <SharedFunctionInfo> (0x09b80104a3e5 <String[18]: "workloads/mixed.js">:29:30)
[m[0;31m│[0;32m│    [0m[0;34m 139 : 78 f3 04          TestEqualStrict r6, EmbeddedFeedback[4]
[m[0;31m│[0;32m│    [0m  [0m170: Int32Compare[StrictEqual] [n167, n169], 0 uses 🪦
[0;31m│[0;32m│    [0m[0;34m 142 : a8 09             JumpIfFalse [9]
[m[0;31m│[0;32m│[0;33m╭─────[0m171: BranchIfInt32Compare(StrictEqual) [n167, n169] b27 b28
[0;31m│[0;32m│[0;33m│   [0m    ↓
[0;31m│[0;32m│[0;33m│    [0mBlock b27
[0;31m│[0;32m│[0;33m│   [0m  [0m177: Float64ToTagged[kCanonicalizeSmi] [n174], 0 uses 🪦
[0;31m│[0;32m│[0;33m│   [0m[1;34m0x09b80101e365 <SharedFunctionInfo> (0x09b80104a3e5 <String[18]: "workloads/mixed.js">:29:40)
[m[0;31m│[0;32m│[0;33m│   [0m[0;34m 149 : 98 04             Jump [4]
[m[0;31m│[0;32m│[0;33m│[0;34m╭────[0m175: Jump b29
[0;31m│[0;32m│[0;33m│[0;34m│  [0m       with gap moves:
[0;31m│[0;32m│[0;33m│[0;34m│  [0m         - n174 → 178: φᶠ <accumulator>
[0;31m│[0;32m│[0;33m│[0;34m│  [0m
[0;31m│[0;32m│[0;33m╰───►[0mBlock b28
[0;31m│[0;32m│ [0;34m│  [0m[0;34m 153 : cf                Star6
[m[0;31m│[0;32m│ [0;34m│  [0m  [0m176: Jump b29
[0;31m│[0;32m│ [0;34m│  [0m    │  with gap moves:
[0;31m│[0;32m│ [0;34m│  [0m    │    - n173 → 178: φᶠ <accumulator>
[0;31m│[0;32m│ [0;34m│  [0m    ▼
[0;31m│[0;32m│ [0;34m╰──►[0mBlock b29
[0;31m│[0;32m│    [0m  [0m178: φᶠ <accumulator> (n174, n173), 2 uses
[0;31m│[0;32m│    [0m[1;34m0x09b80101e445 <SharedFunctionInfo flipflop> (0x09b80104a3e5 <String[18]: "workloads/mixed.js">:17:17)
[m[0;31m│[0;32m│    [0m[0;34m   0 : 0b 03             Ldar a0
[m[0;31m│[0;32m│    [0m  [0m179: Jump b30
[0;31m│[0;32m│    [0m    ↓
[0;31m│[0;32m│     [0mBlock b30
[0;31m│[0;32m│    [0m[1;34m0x09b80101e445 <SharedFunctionInfo flipflop> (0x09b80104a3e5 <String[18]: "workloads/mixed.js">:18:11)
[m[0;31m│[0;32m│    [0m[0;34m   2 : 51 02 04          MulSmi [2], EmbeddedFeedback[4]
[m[0;31m│[0;32m│    [0m  [0m182: Float64Multiply [n178, n181], 1 uses, cannot truncate to int32 [-∞, +∞]
[0;31m│[0;32m│    [0m[1;34m0x09b80101e445 <SharedFunctionInfo flipflop> (0x09b80104a3e5 <String[18]: "workloads/mixed.js">:18:15)
[m[0;31m│[0;32m│    [0m[0;34m   5 : 4f 01 03          AddSmi [1], EmbeddedFeedback[3]
[m[0;31m│[0;32m│    [0m  [0m184: Float64Add [n182, n183], 1 uses, cannot truncate to int32 [-∞, +∞]
[0;31m│[0;32m│    [0m[1;34m0x09b80101e365 <SharedFunctionInfo> (0x09b80104a3e5 <String[18]: "workloads/mixed.js">:29:11)
[m[0;31m│[0;32m│    [0m[0;34m 158 : 42 f5 03          Add r4, EmbeddedFeedback[3]
[m[0;31m│[0;32m│    [0m  [0m185: ChangeInt32ToFloat64 [n160], 1 uses
[0;31m│[0;32m│    [0m  [0m186: Float64Add [n184, n185], 1 uses, cannot truncate to int32 [-∞, +∞]
[0;31m│[0;32m│    [0m[1;34m0x09b80101e365 <SharedFunctionInfo> (0x09b80104a3e5 <String[18]: "workloads/mixed.js">:29:8)
[m[0;31m│[0;32m│    [0m[0;34m 161 : 29 03             StaCurrentContextSlot [3]
[m[0;31m│[0;32m│    [0m  [0m187: Float64ToTagged[kCanonicalizeSmi] [n186], 1 uses
[0;31m│[0;32m│    [0m  [0m188: StoreContextSlotWithWriteBarrier(3, mutable) [n2, n187]
[0;31m│[0;32m│    [0m       ↳ lazy @161 (4 live vars)
[0;31m│[0;32m│    [0m[1;34m0x09b80101e365 <SharedFunctionInfo> (0x09b80104a3e5 <String[18]: "workloads/mixed.js">:28:2)
[m[0;31m│[0;32m│    [0m[0;34m 168 : 97 35 01 17       JumpLoop [53], [1], FBV[23]
[m[0;31m│[0;32m│    [0m  [0m190: ReduceInterruptBudgetForLoop(42) [n189]
[0;31m│[0;32m│    [0m       ↳ lazy @168 (4 live vars)
[0;31m│[0;32m│    [0m  [0m191: Jump b31
[0;31m│[0;32m│    [0m    │  with gap moves:
[0;31m│[0;32m│    [0m    │    - n43 → 192: φᴵ r2
[0;31m│[0;32m│    [0m    ▼
[0;31m│[0;32m│[0;33m╭───►[0mBlock b31 peeled (effects: c1)
[0;31m│[0;32m│[0;33m│   [0m  [0m192: φᴵ r2 (n43, n212), 7 uses
[0;31m│[0;32m│[0;33m│   [0m[0;34m 119 : 79 f7 04          TestLessThan r2, EmbeddedFeedback[4]
[m[0;31m│[0;32m│[0;33m│   [0m       ↱ eager @119 (5 live vars)
[0;31m│[0;32m│[0;33m│   [0m  [0m193: CheckedSmiSizedInt32 [n192], 4 uses, cannot truncate to int32
[0;31m│[0;32m│[0;33m│   [0m  [0m194: Int32Compare[LessThan] [n193, n164], 0 uses 🪦
[0;31m│[0;32m│[0;33m│   [0m[0;34m 122 : a8 32             JumpIfFalse [50]
[m[0;31m│[0;32m│[0;33m│[0;34m╭────[0m195: BranchIfInt32Compare(LessThan) [n193, n164] b32 b37
[0;31m│[0;32m│[0;33m│[0;34m│  [0m    ↓
[0;31m│[0;32m│[0;33m│[0;34m│   [0mBlock b32
[0;31m│[0;32m│[0;33m│[0;34m│  [0m[0;34m 124 : 18 03             LdaCurrentContextSlot [3]
[m[0;31m│[0;32m│[0;33m│[0;34m│  [0m  [0m196: LoadContextSlot(0x14, mutable) [n2], 3 uses
[0;31m│[0;32m│[0;33m│[0;34m│  [0m[0;34m 142 : a8 09             JumpIfFalse [9]
[m[0;31m│[0;32m│[0;33m│[0;34m│[0;35m╭───[0m197: BranchIfInt32Compare(StrictEqual) [n167, n169] b33 b34
[0;31m│[0;32m│[0;33m│[0;34m│[0;35m│ [0m    ↓
[0;31m│[0;32m│[0;33m│[0;34m│[0;35m│  [0mBlock b33
[0;31m│[0;32m│[0;33m│[0;34m│[0;35m│ [0m[0;34m 146 : 42 f7 04          Add r2, EmbeddedFeedback[4]
[m[0;31m│[0;32m│[0;33m│[0;34m│[0;35m│ [0m  [0m198: ChangeInt32ToFloat64 [n193], 1 uses
[0;31m│[0;32m│[0;33m│[0;34m│[0;35m│ [0m  [0m199: Float64Add [n198, n174], 2 uses, cannot truncate to int32 [-∞, +∞]
[0;31m│[0;32m│[0;33m│[0;34m│[0;35m│ [0m  [0m202: Float64ToTagged[kCanonicalizeSmi] [n199], 0 uses 🪦
[0;31m│[0;32m│[0;33m│[0;34m│[0;35m│ [0m[0;34m 149 : 98 04             Jump [4]
[m[0;31m│[0;32m│[0;33m│[0;34m│[0;35m│[0;36m╭──[0m200: Jump b35
[0;31m│[0;32m│[0;33m│[0;34m│[0;35m│[0;36m│[0m       with gap moves:
[0;31m│[0;32m│[0;33m│[0;34m│[0;35m│[0;36m│[0m         - n199 → 203: φᶠ <accumulator>
[0;31m│[0;32m│[0;33m│[0;34m│[0;35m│[0;36m│[0m
[0;31m│[0;32m│[0;33m│[0;34m│[0;35m╰─►[0mBlock b34
[0;31m│[0;32m│[0;33m│[0;34m│ [0;36m│[0m  [0m223: ChangeInt32ToFloat64 [n192], 1 uses
[0;31m│[0;32m│[0;33m│[0;34m│ [0;36m│[0m[0;34m 153 : cf                Star6
[m[0;31m│[0;32m│[0;33m│[0;34m│ [0;36m│[0m  [0m201: Jump b35
[0;31m│[0;32m│[0;33m│[0;34m│ [0;36m│[0m    │  with gap moves:
[0;31m│[0;32m│[0;33m│[0;34m│ [0;36m│[0m    │    - n223 → 203: φᶠ <accumulator>
[0;31m│[0;32m│[0;33m│[0;34m│ [0;36m│[0m    ▼
[0;31m│[0;32m│[0;33m│[0;34m│ [0;36m╰►[0mBlock b35
[0;31m│[0;32m│[0;33m│[0;34m│  [0m  [0m203: φᶠ <accumulator> (n199, n223), 2 uses
[0;31m│[0;32m│[0;33m│[0;34m│  [0m[1;34m0x09b80101e445 <SharedFunctionInfo flipflop> (0x09b80104a3e5 <String[18]: "workloads/mixed.js">:17:17)
[m[0;31m│[0;32m│[0;33m│[0;34m│  [0m[0;34m   0 : 0b 03             Ldar a0
[m[0;31m│[0;32m│[0;33m│[0;34m│  [0m  [0m204: Jump b36
[0;31m│[0;32m│[0;33m│[0;34m│  [0m    ↓
[0;31m│[0;32m│[0;33m│[0;34m│   [0mBlock b36
[0;31m│[0;32m│[0;33m│[0;34m│  [0m[1;34m0x09b80101e445 <SharedFunctionInfo flipflop> (0x09b80104a3e5 <String[18]: "workloads/mixed.js">:18:11)
[m[0;31m│[0;32m│[0;33m│[0;34m│  [0m[0;34m   2 : 51 02 04          MulSmi [2], EmbeddedFeedback[4]
[m[0;31m│[0;32m│[0;33m│[0;34m│  [0m  [0m206: Float64Multiply [n203, n181], 1 uses, cannot truncate to int32 [-∞, +∞]
[0;31m│[0;32m│[0;33m│[0;34m│  [0m[1;34m0x09b80101e445 <SharedFunctionInfo flipflop> (0x09b80104a3e5 <String[18]: "workloads/mixed.js">:18:15)
[m[0;31m│[0;32m│[0;33m│[0;34m│  [0m[0;34m   5 : 4f 01 03          AddSmi [1], EmbeddedFeedback[3]
[m[0;31m│[0;32m│[0;33m│[0;34m│  [0m  [0m207: Float64Add [n206, n183], 2 uses, cannot truncate to int32 [-∞, +∞]
[0;31m│[0;32m│[0;33m│[0;34m│  [0m[1;34m0x09b80101e365 <SharedFunctionInfo> (0x09b80104a3e5 <String[18]: "workloads/mixed.js">:28:2)
[m[0;31m│[0;32m│[0;33m│[0;34m│  [0m[0;34m 158 : 42 f5 03          Add r4, EmbeddedFeedback[3]
[m[0;31m│[0;32m│[0;33m│[0;34m│  [0m       ↱ eager @158 (6 live vars)
[0;31m│[0;32m│[0;33m│[0;34m│  [0m  [0m208: CheckedNumberToFloat64 [n196], 1 uses, cannot truncate to int32 [-∞, +∞]
[0;31m│[0;32m│[0;33m│[0;34m│  [0m  [0m209: Float64Add [n207, n208], 1 uses, cannot truncate to int32 [-∞, +∞]
[0;31m│[0;32m│[0;33m│[0;34m│  [0m[0;34m 161 : 29 03             StaCurrentContextSlot [3]
[m[0;31m│[0;32m│[0;33m│[0;34m│  [0m  [0m210: Float64ToTagged[kCanonicalizeSmi] [n209], 1 uses
[0;31m│[0;32m│[0;33m│[0;34m│  [0m  [0m211: StoreContextSlotWithWriteBarrier(3, mutable) [n2, n210]
[0;31m│[0;32m│[0;33m│[0;34m│  [0m       ↳ lazy @161 (4 live vars)
[0;31m│[0;32m│[0;33m│[0;34m│  [0m[0;34m 165 : 5b 16             Inc FBV[22]
[m[0;31m│[0;32m│[0;33m│[0;34m│  [0m       ↱ eager @165 (4 live vars)
[0;31m│[0;32m│[0;33m│[0;34m│  [0m  [0m212: Int32IncrementWithOverflow [n193], 3 uses, cannot truncate to int32
[0;31m│[0;32m│[0;33m│[0;34m│  [0m[0;34m 168 : 97 35 01 17       JumpLoop [53], [1], FBV[23]
[m[0;31m│[0;32m│[0;33m│[0;34m│  [0m  [0m213: ReduceInterruptBudgetForLoop(42) [n189]
[0;31m│[0;32m│[0;33m│[0;34m│  [0m       ↳ lazy @168 (4 live vars)
[0;31m│[0;32m│[0;33m│[0;34m│  [0m  [0m215: Int32ToNumber[kCanonicalizeSmi] [n212], 0 uses 🪦
[0;31m│[0;32m│[0;33m│[0;34m│  [0m       ↱ eager @165 (4 live vars)
[0;31m│[0;32m│[0;33m╰───◄─[0m214: JumpLoop b31
[0;31m│[0;32m│ [0;34m│  [0m       with gap moves:
[0;31m│[0;32m│ [0;34m│  [0m         - n212 → 192: φᴵ r2
[0;31m│[0;32m│ [0;34m│  [0m
[0;31m│[0;32m│ [0;34m╰──►[0mBlock b37
[0;31m│[0;32m│    [0m[1;34m0x09b80101e365 <SharedFunctionInfo> (0x09b80104a3e5 <String[18]: "workloads/mixed.js">:25:38)
[m[0;31m│[0;32m│    [0m[0;34m 174 : 5b 19             Inc FBV[25]
[m[0;31m│[0;32m│    [0m       ↱ eager @174 (3 live vars)
[0;31m│[0;32m│    [0m  [0m216: Int32IncrementWithOverflow [n17], 3 uses, cannot truncate to int32
[0;31m│[0;32m│    [0m[1;34m0x09b80101e365 <SharedFunctionInfo> (0x09b80104a3e5 <String[18]: "workloads/mixed.js">:25:0)
[m[0;31m│[0;32m│    [0m[0;34m 177 : 97 7c 00 1a       JumpLoop [124], [0], FBV[26]
[m[0;31m│[0;32m│    [0m  [0m217: ReduceInterruptBudgetForLoop(99) [n189]
[0;31m│[0;32m│    [0m       ↳ lazy @177 (3 live vars)
[0;31m│[0;32m│    [0m  [0m219: Int32ToNumber[kCanonicalizeSmi] [n216], 0 uses 🪦
[0;31m│[0;32m│    [0m       ↱ eager @174 (3 live vars)
[0;31m╰─────◄─[0m218: JumpLoop b1
 [0;32m│    [0m       with gap moves:
 [0;32m│    [0m         - n216 → 15: φᴵ r1
 [0;32m│    [0m
 [0;32m╰────►[0mBlock b38
      [0m[1;34m0x09b80101e365 <SharedFunctionInfo> (0x09b80104a3e5 <String[18]: "workloads/mixed.js">:32:0)
[m      [0m[0;34m 181 : 23 06 1c          LdaGlobal [6:"print"], FBV[28]
[m      [0m       ↱ eager @181 (2 live vars)
      [0m  [0m220: Deopt(Insufficient type feedback for generic global access)
      [0m

----- AnyUseMarking -----
Graph

      [0m  [0m189: HeapConstant(0x09b80101e505 <FeedbackCell[one closure]>) → (x)
      [0m   [0m73: HeapConstant(0x09b80101e561 <JSFunction scale (sfi = 0x9b80101e415)>) → (x)
      [0m   [0m76: HeapConstant(0x09b80100c85d <JSFunction Array (sfi = 0x9b8001db2bd)>) → (x)
      [0m   [0m24: HeapConstant(0x09b80101e52d <JSFunction sum (sfi = 0x9b80101e3e5)>) → (x)
      [0m   [0m27: HeapConstant(0x09b80101e515 <ScriptContext[4]>) → (x)
      [0m   [0m28: HeapConstant(0x09b801004999 <JSGlobalProxy>) → (x)
      [0m  [0m165: HeapConstant(0x09b80101e595 <JSFunction flipflop (sfi = 0x9b80101e445)>) → (x)
      [0m   [0m80: RootConstant(empty_fixed_array) → (x)
      [0m   [0m30: SmiConstant(0) → (x)
      [0m   [0m74: SmiConstant(3) → (x)
      [0m  [0m163: SmiConstant(200) → (x)
      [0m   [0m88: SmiConstant(247) → (x)
      [0m   [0m16: SmiConstant(400) → (x)
      [0m   [0m33: Int32Constant(0) → (x)
      [0m   [0m43: Int32Constant(1) → (x)
      [0m   [0m97: Int32Constant(3) → (x)
      [0m  [0m169: Int32Constant(6) → (x)
      [0m  [0m166: Int32Constant(7) → (x)
      [0m  [0m164: Int32Constant(200) → (x)
      [0m   [0m18: Int32Constant(400) → (x)
      [0m  [0m173: Float64Constant(0) → (x)
      [0m  [0m174: Float64Constant(0.5) → (x)
      [0m  [0m183: Float64Constant(1) → (x)
      [0m  [0m181: Float64Constant(2) → (x)
       [0mBlock b0
      [0m[1;34m0x09b80101e365 <SharedFunctionInfo> (0x09b80104a3e5 <String[18]: "workloads/mixed.js">:0:0)
[m      [0m[0;34m  53 : 00 0d 90 01       LdaSmi.Wide [400]
[m      [0m    [0m1: InitialValue(<this>) → (x)
      [0m    [0m2: InitialValue(<context>) → (x)
      [0m    [0m3: InitialValue(<closure>) → (x)
      [0m    [0m5: InitialValue(r1) → (x)
      [0m   [0m13: FunctionEntryStackCheck
      [0m       ↳ lazy @177 (3 live vars)
      [0m       ↱ eager @177 (3 live vars)
      [0m  [0m221: CheckedNumberToFloat64 [v0/n5:(x)] → (x)
      [0m       ↱ eager @177 (3 live vars)
      [0m  [0m222: CheckedFloat64ToInt32 [v0/n221:(x)] → (x)
      [0m       ↱ eager @177 (3 live vars)
      [0m   [0m14: CheckpointedJump b1
      [0m    │  with gap moves:
      [0m    │    - v0/n222:(x) → 15: φᴵ r1 (x)
      [0m    ▼
[0;31m╭─────►[0mBlock b1 (effects: c1)
[0;31m│     [0m   [0m15: φᴵ r1 (n222, n216) → (x)
[0;31m│     [0m[1;34m0x09b80101e365 <SharedFunctionInfo> (0x09b80104a3e5 <String[18]: "workloads/mixed.js">:25:26)
[m[0;31m│     [0m[0;34m  57 : 79 f8 04          TestLessThan r1, EmbeddedFeedback[4]
[m[0;31m│     [0m       ↱ eager @57 (4 live vars)
[0;31m│     [0m   [0m17: CheckedSmiSizedInt32 [v0/n15:(x)] → (x)
[0;31m│     [0m[0;34m  60 : a8 79             JumpIfFalse [121]
[m[0;31m│[0;32m╭───────[0m20: BranchIfInt32Compare(LessThan) [v0/n17:(x), v0/n18:(x)] b2 b38
[0;31m│[0;32m│    [0m    ↓
[0;31m│[0;32m│     [0mBlock b2
[0;31m│[0;32m│    [0m[1;34m0x09b80101e365 <SharedFunctionInfo> (0x09b80104a3e5 <String[18]: "workloads/mixed.js">:26:2)
[m[0;31m│[0;32m│    [0m[0;34m  62 : 18 03             LdaCurrentContextSlot [3]
[m[0;31m│[0;32m│    [0m   [0m23: LoadContextSlot(0x14, mutable) [v0/n2:(x)] → (x)
[0;31m│[0;32m│    [0m[0;34m  69 : 19 02             LdaImmutableCurrentContextSlot [2]
[m[0;31m│[0;32m│    [0m   [0m25: LoadContextSlotNoCells(0x10, constant) [v0/n2:(x)] → (x)
[0;31m│[0;32m│    [0m[1;34m0x09b80101e3e5 <SharedFunctionInfo sum> (0x09b80104a3e5 <String[18]: "workloads/mixed.js">:4:12)
[m[0;31m│[0;32m│    [0m[0;34m   0 : 0c                LdaZero
[m[0;31m│[0;32m│    [0m   [0m29: Jump b3
[0;31m│[0;32m│    [0m    ↓
[0;31m│[0;32m│     [0mBlock b3
[0;31m│[0;32m│    [0m[1;34m0x09b80101e3e5 <SharedFunctionInfo sum> (0x09b80104a3e5 <String[18]: "workloads/mixed.js">:6:26)
[m[0;31m│[0;32m│    [0m[0;34m   4 : 33 03 00 00       GetNamedProperty a0, [0:"length"], FBV[0]
[m[0;31m│[0;32m│    [0m       ↱ eager @72 (4 live vars)
[0;31m│[0;32m│    [0m       │       @4 (5 live vars)
[0;31m│[0;32m│    [0m   [0m31: CheckMaps(0x09b80100cf85 <Map[16](HOLEY_SMI_ELEMENTS)>, 0x09b80100c90d <Map[16](PACKED_SMI_ELEMENTS)>, check heapobj) [v0/n25:(x)]
[0;31m│[0;32m│    [0m   [0m32: LoadTaggedField(0xc: 0x09b800000e39 <String[6]: #length>, compressed, Smi) [v0/n25:(x)] → (x)
[0;31m│[0;32m│    [0m[1;34m0x09b80101e3e5 <SharedFunctionInfo sum> (0x09b80104a3e5 <String[18]: "workloads/mixed.js">:6:20)
[m[0;31m│[0;32m│    [0m[0;34m   8 : 79 f8 04          TestLessThan r1, EmbeddedFeedback[4]
[m[0;31m│[0;32m│    [0m   [0m34: UnsafeSmiUntag [v0/n32:(x)] → (x)
[0;31m│[0;32m│    [0m[0;34m  11 : a8 17             JumpIfFalse [23]
[m[0;31m│[0;32m│[0;33m╭──────[0m36: BranchIfInt32Compare(LessThan) [v0/n33:(x), v0/n34:(x)] b4 b8
[0;31m│[0;32m│[0;33m│   [0m    ↓
[0;31m│[0;32m│[0;33m│    [0mBlock b4
[0;31m│[0;32m│[0;33m│   [0m[1;34m0x09b80101e3e5 <SharedFunctionInfo sum> (0x09b80104a3e5 <String[18]: "workloads/mixed.js">:6:47)
[m[0;31m│[0;32m│[0;33m│   [0m[0;34m  15 : 35 03 02          GetKeyedProperty a0, FBV[2]
[m[0;31m│[0;32m│[0;33m│   [0m   [0m37: LoadTaggedField(0x8: Elements, compressed, AnyHeapObject) [v0/n25:(x)] → (x)
[0;31m│[0;32m│[0;33m│   [0m       ↱ eager @72 (4 live vars)
[0;31m│[0;32m│[0;33m│   [0m       │       @4 (5 live vars)
[0;31m│[0;32m│[0;33m│   [0m   [0m38: CheckInt32Condition[UnsignedLessThan, OutOfBounds] [v0/n33:(x), v0/n34:(x)]
[0;31m│[0;32m│[0;33m│   [0m   [0m39: LoadTaggedField(0x8, compressed) [v0/n37:(x)] → (x)
[0;31m│[0;32m│[0;33m│   [0m       ↱ eager @72 (4 live vars)
[0;31m│[0;32m│[0;33m│   [0m       │       @4 (5 live vars)
[0;31m│[0;32m│[0;33m│   [0m   [0m40: CheckNotHole [v0/n39:(x)]
[0;31m│[0;32m│[0;33m│   [0m[0;34m  18 : 42 f9 01          Add r0, EmbeddedFeedback[1]
[m[0;31m│[0;32m│[0;33m│   [0m   [0m41: UnsafeSmiUntag [v0/n39:(x)] → (x)
[0;31m│[0;32m│[0;33m│   [0m       ↱ eager @72 (4 live vars)
[0;31m│[0;32m│[0;33m│   [0m       │       @4 (5 live vars)
[0;31m│[0;32m│[0;33m│   [0m   [0m42: Int32AddWithOverflow [v0/n41:(x), v0/n33:(x)] → (x)
[0;31m│[0;32m│[0;33m│   [0m[1;34m0x09b80101e3e5 <SharedFunctionInfo sum> (0x09b80104a3e5 <String[18]: "workloads/mixed.js">:6:2)
[m[0;31m│[0;32m│[0;33m│   [0m[0;34m  30 : 97 1a 00 05       JumpLoop [26], [0], FBV[5]
[m[0;31m│[0;32m│[0;33m│   [0m   [0m44: HandleNoHeapWritesInterrupt
[0;31m│[0;32m│[0;33m│   [0m       │      @72 (4 live vars)
[0;31m│[0;32m│[0;33m│   [0m       ↳ lazy @30 (5 live vars)
[0;31m│[0;32m│[0;33m│   [0m   [0m46: Jump b5
[0;31m│[0;32m│[0;33m│   [0m    │  with gap moves:
[0;31m│[0;32m│[0;33m│   [0m    │    - v0/n42:(x) → 49: φᴵ r0 (x)
[0;31m│[0;32m│[0;33m│   [0m    │    - v0/n43:(x) → 50: φᴵ r1 (x)
[0;31m│[0;32m│[0;33m│   [0m    ▼
[0;31m│[0;32m│[0;33m│[0;34m╭──►[0mBlock b5 peeled (effects:)
[0;31m│[0;32m│[0;33m│[0;34m│  [0m   [0m49: φᴵ r0 (n42, n59) → (x)
[0;31m│[0;32m│[0;33m│[0;34m│  [0m   [0m50: φᴵ r1 (n43, n60) → (x)
[0;31m│[0;32m│[0;33m│[0;34m│  [0m[0;34m   8 : 79 f8 04          TestLessThan r1, EmbeddedFeedback[4]
[m[0;31m│[0;32m│[0;33m│[0;34m│  [0m       ↱ eager @72 (4 live vars)
[0;31m│[0;32m│[0;33m│[0;34m│  [0m       │       @8 (6 live vars)
[0;31m│[0;32m│[0;33m│[0;34m│  [0m   [0m51: CheckedSmiSizedInt32 [v0/n50:(x)] → (x)
[0;31m│[0;32m│[0;33m│[0;34m│  [0m[0;34m  11 : a8 17             JumpIfFalse [23]
[m[0;31m│[0;32m│[0;33m│[0;34m│[0;35m╭────[0m53: BranchIfInt32Compare(LessThan) [v0/n51:(x), v0/n34:(x)] b6 b7
[0;31m│[0;32m│[0;33m│[0;34m│[0;35m│ [0m    ↓
[0;31m│[0;32m│[0;33m│[0;34m│[0;35m│  [0mBlock b6
[0;31m│[0;32m│[0;33m│[0;34m│[0;35m│ [0m[0;34m  15 : 35 03 02          GetKeyedProperty a0, FBV[2]
[m[0;31m│[0;32m│[0;33m│[0;34m│[0;35m│ [0m       ↱ eager @72 (4 live vars)
[0;31m│[0;32m│[0;33m│[0;34m│[0;35m│ [0m       │       @8 (6 live vars)
[0;31m│[0;32m│[0;33m│[0;34m│[0;35m│ [0m   [0m54: CheckInt32Condition[UnsignedLessThan, OutOfBounds] [v0/n51:(x), v0/n34:(x)]
[0;31m│[0;32m│[0;33m│[0;34m│[0;35m│ [0m   [0m55: LoadFixedArrayElement(compressed), Unknown [v0/n37:(x), v0/n51:(x)] → (x)
[0;31m│[0;32m│[0;33m│[0;34m│[0;35m│ [0m       ↱ eager @72 (4 live vars)
[0;31m│[0;32m│[0;33m│[0;34m│[0;35m│ [0m       │       @8 (6 live vars)
[0;31m│[0;32m│[0;33m│[0;34m│[0;35m│ [0m   [0m56: CheckNotHole [v0/n55:(x)]
[0;31m│[0;32m│[0;33m│[0;34m│[0;35m│ [0m[0;34m  18 : 42 f9 01          Add r0, EmbeddedFeedback[1]
[m[0;31m│[0;32m│[0;33m│[0;34m│[0;35m│ [0m       ↱ eager @72 (4 live vars)
[0;31m│[0;32m│[0;33m│[0;34m│[0;35m│ [0m       │       @8 (6 live vars)
[0;31m│[0;32m│[0;33m│[0;34m│[0;35m│ [0m   [0m57: CheckedSmiSizedInt32 [v0/n49:(x)] → (x)
[0;31m│[0;32m│[0;33m│[0;34m│[0;35m│ [0m   [0m58: UnsafeSmiUntag [v0/n55:(x)] → (x)
[0;31m│[0;32m│[0;33m│[0;34m│[0;35m│ [0m       ↱ eager @72 (4 live vars)
[0;31m│[0;32m│[0;33m│[0;34m│[0;35m│ [0m       │       @8 (6 live vars)
[0;31m│[0;32m│[0;33m│[0;34m│[0;35m│ [0m   [0m59: Int32AddWithOverflow [v0/n57:(x), v0/n58:(x)] → (x)
[0;31m│[0;32m│[0;33m│[0;34m│[0;35m│ [0m[0;34m  27 : 5b 04             Inc FBV[4]
[m[0;31m│[0;32m│[0;33m│[0;34m│[0;35m│ [0m       ↱ eager @72 (4 live vars)
[0;31m│[0;32m│[0;33m│[0;34m│[0;35m│ [0m       │       @8 (6 live vars)
[0;31m│[0;32m│[0;33m│[0;34m│[0;35m│ [0m   [0m60: Int32IncrementWithOverflow [v0/n51:(x)] → (x)
[0;31m│[0;32m│[0;33m│[0;34m│[0;35m│ [0m[0;34m  30 : 97 1a 00 05       JumpLoop [26], [0], FBV[5]
[m[0;31m│[0;32m│[0;33m│[0;34m│[0;35m│ [0m   [0m61: HandleNoHeapWritesInterrupt
[0;31m│[0;32m│[0;33m│[0;34m│[0;35m│ [0m       │      @72 (4 live vars)
[0;31m│[0;32m│[0;33m│[0;34m│[0;35m│ [0m       ↳ lazy @30 (5 live vars)
[0;31m│[0;32m│[0;33m│[0;34m│[0;35m│ [0m       ↱ eager @72 (4 live vars)
[0;31m│[0;32m│[0;33m│[0;34m│[0;35m│ [0m       │       @8 (6 live vars)
[0;31m│[0;32m│[0;33m│[0;34m╰──◄──[0m62: JumpLoop b5
[0;31m│[0;32m│[0;33m│ [0;35m│ [0m       with gap moves:
[0;31m│[0;32m│[0;33m│ [0;35m│ [0m         - v0/n59:(x) → 49: φᴵ r0 (x)
[0;31m│[0;32m│[0;33m│ [0;35m│ [0m         - v0/n60:(x) → 50: φᴵ r1 (x)
[0;31m│[0;32m│[0;33m│ [0;35m│ [0m
[0;31m│[0;32m│[0;33m│ [0;35m╰─►[0mBlock b7
[0;31m│[0;32m│[0;33m│   [0m[1;34m0x09b80101e3e5 <SharedFunctionInfo sum> (0x09b80104a3e5 <String[18]: "workloads/mixed.js">:7:2)
[m[0;31m│[0;32m│[0;33m│   [0m[0;34m  34 : 0b f9             Ldar r0
[m[0;31m│[0;32m│[0;33m│[0;34m╭─────[0m65: Jump b9
[0;31m│[0;32m│[0;33m│[0;34m│  [0m       with gap moves:
[0;31m│[0;32m│[0;33m│[0;34m│  [0m         - v0/n49:(x) → 67: φᴵ r0 (x)
[0;31m│[0;32m│[0;33m│[0;34m│  [0m
[0;31m│[0;32m│[0;33m╰───►[0mBlock b8
[0;31m│[0;32m│ [0;34m│  [0m   [0m66: Jump b9
[0;31m│[0;32m│ [0;34m│  [0m    │  with gap moves:
[0;31m│[0;32m│ [0;34m│  [0m    │    - v0/n33:(x) → 67: φᴵ r0 (x)
[0;31m│[0;32m│ [0;34m│  [0m    ▼
[0;31m│[0;32m│ [0;34m╰──►[0mBlock b9
[0;31m│[0;32m│    [0m   [0m67: φᴵ r0 (n33, n49) → (x)
[0;31m│[0;32m│    [0m[1;34m0x09b80101e365 <SharedFunctionInfo> (0x09b80104a3e5 <String[18]: "workloads/mixed.js">:26:9)
[m[0;31m│[0;32m│    [0m[0;34m  76 : 42 f5 01          Add r4, EmbeddedFeedback[1]
[m[0;31m│[0;32m│    [0m       ↱ eager @76 (5 live vars)
[0;31m│[0;32m│    [0m   [0m68: CheckedSmiUntag [v0/n23:(x)] → (x)
[0;31m│[0;32m│    [0m       ↱ eager @76 (5 live vars)
[0;31m│[0;32m│    [0m   [0m69: CheckedSmiSizedInt32 [v0/n67:(x)] → (x)
[0;31m│[0;32m│    [0m       ↱ eager @76 (5 live vars)
[0;31m│[0;32m│    [0m   [0m70: Int32AddWithOverflow [v0/n68:(x), v0/n69:(x)] → (x)
[0;31m│[0;32m│    [0m[1;34m0x09b80101e365 <SharedFunctionInfo> (0x09b80104a3e5 <String[18]: "workloads/mixed.js">:26:6)
[m[0;31m│[0;32m│    [0m[0;34m  79 : 29 03             StaCurrentContextSlot [3]
[m[0;31m│[0;32m│    [0m   [0m71: Int32ToNumber[kCanonicalizeSmi] [v0/n70:(x)] → (x)
[0;31m│[0;32m│    [0m   [0m72: StoreContextSlotWithWriteBarrier(3, mutable) [v0/n2:(x), v0/n71:(x)]
[0;31m│[0;32m│    [0m       ↳ lazy @79 (3 live vars)
[0;31m│[0;32m│    [0m[1;34m0x09b80101e415 <SharedFunctionInfo scale> (0x09b80104a3e5 <String[18]: "workloads/mixed.js">:10:14)
[m[0;31m│[0;32m│    [0m[0;34m   0 : 23 00 00          LdaGlobal [0:"Array"], FBV[0]
[m[0;31m│[0;32m│    [0m   [0m75: Jump b10
[0;31m│[0;32m│    [0m    ↓
[0;31m│[0;32m│     [0mBlock b10
[0;31m│[0;32m│    [0m[1;34m0x09b80101e415 <SharedFunctionInfo scale> (0x09b80104a3e5 <String[18]: "workloads/mixed.js">:11:14)
[m[0;31m│[0;32m│    [0m[0;34m  11 : 74 f7 f6 01 04    Construct r2, r3-r3, FBV[4]
[m[0;31m│[0;32m│[0;33m╭──────[0m77: BranchIfInt32Compare(GreaterThanOrEqual) [v0/n34:(x), v0/n33:(x)] b11 b12
[0;31m│[0;32m│[0;33m│   [0m    ↓
[0;31m│[0;32m│[0;33m│    [0mBlock b11
[0;31m│[0;32m│[0;33m│   [0m       ↱ eager @98 (5 live vars)
[0;31m│[0;32m│[0;33m│   [0m       │       @11 (7 live vars)
[0;31m│[0;32m│[0;33m│   [0m   [0m78: AllocateElementsArray(HOLEY_SMI_ELEMENTS, Young) [v0/n34:(x)] → (x)
[0;31m│[0;32m│[0;33m│   [0m   [0m81: AllocationBlock(Young) → (x)
[0;31m│[0;32m│[0;33m│   [0m   [0m82: InlinedAllocation(object 0x09b80100cf85 <Map[16](HOLEY_SMI_ELEMENTS)>) [v0/n81:(x)] → (x)
[0;31m│[0;32m│[0;33m│   [0m   [0m83: StoreMap(0x09b80100cf85 <Map[16](HOLEY_SMI_ELEMENTS)>, InlinedAllocation) [v0/n82:(x)]
[0;31m│[0;32m│[0;33m│   [0m   [0m84: StoreTaggedFieldNoWriteBarrier(0x4, mutable) [v0/n82:(x), v0/n80:(x)]
[0;31m│[0;32m│[0;33m│   [0m   [0m85: StoreTaggedFieldWithWriteBarrier(0x8, mutable, maybe_smi:1) [v0/n82:(x), v0/n78:(x)]
[0;31m│[0;32m│[0;33m│   [0m   [0m86: StoreTaggedFieldNoWriteBarrier(0xc, mutable) [v0/n82:(x), v0/n32:(x)]
[0;31m│[0;32m│[0;33m│[0;34m╭─────[0m87: Jump b13
[0;31m│[0;32m│[0;33m│[0;34m│  [0m
[0;31m│[0;32m│[0;33m╰───►[0mBlock b12
[0;31m│[0;32m│ [0;34m│  [0m   [0m89: Throw(ThrowRangeError, has_input=1) [v0/n88:(x)]
[0;31m│[0;32m│ [0;34m│  [0m       │      @98 (5 live vars)
[0;31m│[0;32m│ [0;34m│  [0m       ↳ lazy @11 (4 live vars)
[0;31m│[0;32m│ [0;34m│  [0m
[0;31m│[0;32m│ [0;34m╰──►[0mBlock b13
[0;31m│[0;32m│    [0m[1;34m0x09b80101e415 <SharedFunctionInfo scale> (0x09b80104a3e5 <String[18]: "workloads/mixed.js">:12:20)
[m[0;31m│[0;32m│    [0m[0;34m  26 : a8 1a             JumpIfFalse [26]
[m[0;31m│[0;32m│[0;33m╭──────[0m90: BranchIfInt32Compare(LessThan) [v0/n33:(x), v0/n34:(x)] b14 b18
[0;31m│[0;32m│[0;33m│   [0m    ↓
[0;31m│[0;32m│[0;33m│    [0mBlock b14
[0;31m│[0;32m│[0;33m│   [0m[1;34m0x09b80101e415 <SharedFunctionInfo scale> (0x09b80104a3e5 <String[18]: "workloads/mixed.js">:12:51)
[m[0;31m│[0;32m│[0;33m│   [0m[0;34m  30 : 35 03 06          GetKeyedProperty a0, FBV[6]
[m[0;31m│[0;32m│[0;33m│   [0m       ↱ eager @98 (5 live vars)
[0;31m│[0;32m│[0;33m│   [0m       │       @30 (7 live vars)
[0;31m│[0;32m│[0;33m│   [0m   [0m91: CheckMaps(0x09b80100cf85 <Map[16](HOLEY_SMI_ELEMENTS)>, no heapobj check) [v0/n25:(x)]
[0;31m│[0;32m│[0;33m│   [0m   [0m92: LoadTaggedField(0x8: Elements, compressed, AnyHeapObject) [v0/n25:(x)] → (x)
[0;31m│[0;32m│[0;33m│   [0m       ↱ eager @98 (5 live vars)
[0;31m│[0;32m│[0;33m│   [0m       │       @30 (7 live vars)
[0;31m│[0;32m│[0;33m│   [0m   [0m93: CheckInt32Condition[UnsignedLessThan, OutOfBounds] [v0/n33:(x), v0/n34:(x)]
[0;31m│[0;32m│[0;33m│   [0m   [0m94: LoadTaggedField(0x8, compressed) [v0/n92:(x)] → (x)
[0;31m│[0;32m│[0;33m│   [0m       ↱ eager @98 (5 live vars)
[0;31m│[0;32m│[0;33m│   [0m       │       @30 (7 live vars)
[0;31m│[0;32m│[0;33m│   [0m   [0m95: CheckNotHole [v0/n94:(x)]
[0;31m│[0;32m│[0;33m│   [0m[1;34m0x09b80101e415 <SharedFunctionInfo scale> (0x09b80104a3e5 <String[18]: "workloads/mixed.js">:12:55)
[m[0;31m│[0;32m│[0;33m│   [0m[0;34m  36 : 44 f5 01          Mul r4, EmbeddedFeedback[1]
[m[0;31m│[0;32m│[0;33m│   [0m   [0m96: UnsafeSmiUntag [v0/n94:(x)] → (x)
[0;31m│[0;32m│[0;33m│   [0m       ↱ eager @98 (5 live vars)
[0;31m│[0;32m│[0;33m│   [0m       │       @30 (7 live vars)
[0;31m│[0;32m│[0;33m│   [0m   [0m98: Int32MultiplyWithOverflow [v0/n96:(x), v0/n97:(x)] → (x)
[0;31m│[0;32m│[0;33m│   [0m[1;34m0x09b80101e415 <SharedFunctionInfo scale> (0x09b80104a3e5 <String[18]: "workloads/mixed.js">:12:46)
[m[0;31m│[0;32m│[0;33m│   [0m[0;34m  39 : 3c f9 f8 08       SetKeyedProperty r0, r1, FBV[8]
[m[0;31m│[0;32m│[0;33m│   [0m   [0m99: LoadTaggedField(0x8: Elements, compressed, AnyHeapObject) [v0/n82:(x)] → (x)
[0;31m│[0;32m│[0;33m│   [0m       ↱ eager @98 (5 live vars)
[0;31m│[0;32m│[0;33m│   [0m       │       @30 (7 live vars)
[0;31m│[0;32m│[0;33m│   [0m  [0m100: CheckedSmiTagInt32 [v0/n98:(x)] → (x)
[0;31m│[0;32m│[0;33m│   [0m  [0m101: LoadTaggedField(0xc: 0x09b800000e39 <String[6]: #length>, compressed, Smi) [v0/n82:(x)] → (x)
[0;31m│[0;32m│[0;33m│   [0m  [0m102: UnsafeSmiUntag [v0/n101:(x)] → (x)
[0;31m│[0;32m│[0;33m│   [0m       ↱ eager @98 (5 live vars)
[0;31m│[0;32m│[0;33m│   [0m       │       @30 (7 live vars)
[0;31m│[0;32m│[0;33m│   [0m  [0m103: CheckInt32Condition[UnsignedLessThan, OutOfBounds] [v0/n33:(x), v0/n102:(x)]
[0;31m│[0;32m│[0;33m│   [0m       ↱ eager @98 (5 live vars)
[0;31m│[0;32m│[0;33m│   [0m       │       @30 (7 live vars)
[0;31m│[0;32m│[0;33m│   [0m  [0m104: CheckMaps(0x09b8000005dd <Map(FIXED_ARRAY_TYPE)>, no heapobj check) [v0/n99:(x)]
[0;31m│[0;32m│[0;33m│   [0m  [0m105: StoreFixedArrayElementNoWriteBarrier [v0/n99:(x), v0/n33:(x), v0/n100:(x)]
[0;31m│[0;32m│[0;33m│   [0m[1;34m0x09b80101e415 <SharedFunctionInfo scale> (0x09b80104a3e5 <String[18]: "workloads/mixed.js">:12:2)
[m[0;31m│[0;32m│[0;33m│   [0m[0;34m  48 : 97 1d 00 0b       JumpLoop [29], [0], FBV[11]
[m[0;31m│[0;32m│[0;33m│   [0m  [0m106: HandleNoHeapWritesInterrupt
[0;31m│[0;32m│[0;33m│   [0m       │      @98 (5 live vars)
[0;31m│[0;32m│[0;33m│   [0m       ↳ lazy @48 (6 live vars)
[0;31m│[0;32m│[0;33m│   [0m  [0m107: Jump b15
[0;31m│[0;32m│[0;33m│   [0m    │  with gap moves:
[0;31m│[0;32m│[0;33m│   [0m    │    - v0/n43:(x) → 108: φᴵ r1 (x)
[0;31m│[0;32m│[0;33m│   [0m    ▼
[0;31m│[0;32m│[0;33m│[0;34m╭──►[0mBlock b15 peeled (effects:)
[0;31m│[0;32m│[0;33m│[0;34m│  [0m  [0m108: φᴵ r1 (n43, n120) → (x)
[0;31m│[0;32m│[0;33m│[0;34m│  [0m[0;34m  23 : 79 f8 04          TestLessThan r1, EmbeddedFeedback[4]
[m[0;31m│[0;32m│[0;33m│[0;34m│  [0m       ↱ eager @98 (5 live vars)
[0;31m│[0;32m│[0;33m│[0;34m│  [0m       │       @23 (7 live vars)
[0;31m│[0;32m│[0;33m│[0;34m│  [0m  [0m109: CheckedSmiSizedInt32 [v0/n108:(x)] → (x)
[0;31m│[0;32m│[0;33m│[0;34m│  [0m[0;34m  26 : a8 1a             JumpIfFalse [26]
[m[0;31m│[0;32m│[0;33m│[0;34m│[0;35m╭───[0m111: BranchIfInt32Compare(LessThan) [v0/n109:(x), v0/n34:(x)] b16 b17
[0;31m│[0;32m│[0;33m│[0;34m│[0;35m│ [0m    ↓
[0;31m│[0;32m│[0;33m│[0;34m│[0;35m│  [0mBlock b16
[0;31m│[0;32m│[0;33m│[0;34m│[0;35m│ [0m[0;34m  30 : 35 03 06          GetKeyedProperty a0, FBV[6]
[m[0;31m│[0;32m│[0;33m│[0;34m│[0;35m│ [0m       ↱ eager @98 (5 live vars)
[0;31m│[0;32m│[0;33m│[0;34m│[0;35m│ [0m       │       @23 (7 live vars)
[0;31m│[0;32m│[0;33m│[0;34m│[0;35m│ [0m  [0m112: CheckInt32Condition[UnsignedLessThan, OutOfBounds] [v0/n109:(x), v0/n34:(x)]
[0;31m│[0;32m│[0;33m│[0;34m│[0;35m│ [0m  [0m113: LoadFixedArrayElement(compressed), Unknown [v0/n92:(x), v0/n109:(x)] → (x)
[0;31m│[0;32m│[0;33m│[0;34m│[0;35m│ [0m       ↱ eager @98 (5 live vars)
[0;31m│[0;32m│[0;33m│[0;34m│[0;35m│ [0m       │       @23 (7 live vars)
[0;31m│[0;32m│[0;33m│[0;34m│[0;35m│ [0m  [0m114: CheckNotHole [v0/n113:(x)]
[0;31m│[0;32m│[0;33m│[0;34m│[0;35m│ [0m[0;34m  36 : 44 f5 01          Mul r4, EmbeddedFeedback[1]
[m[0;31m│[0;32m│[0;33m│[0;34m│[0;35m│ [0m  [0m115: UnsafeSmiUntag [v0/n113:(x)] → (x)
[0;31m│[0;32m│[0;33m│[0;34m│[0;35m│ [0m       ↱ eager @98 (5 live vars)
[0;31m│[0;32m│[0;33m│[0;34m│[0;35m│ [0m       │       @23 (7 live vars)
[0;31m│[0;32m│[0;33m│[0;34m│[0;35m│ [0m  [0m116: Int32MultiplyWithOverflow [v0/n115:(x), v0/n97:(x)] → (x)
[0;31m│[0;32m│[0;33m│[0;34m│[0;35m│ [0m[0;34m  39 : 3c f9 f8 08       SetKeyedProperty r0, r1, FBV[8]
[m[0;31m│[0;32m│[0;33m│[0;34m│[0;35m│ [0m       ↱ eager @98 (5 live vars)
[0;31m│[0;32m│[0;33m│[0;34m│[0;35m│ [0m       │       @23 (7 live vars)
[0;31m│[0;32m│[0;33m│[0;34m│[0;35m│ [0m  [0m117: CheckedSmiTagInt32 [v0/n116:(x)] → (x)
[0;31m│[0;32m│[0;33m│[0;34m│[0;35m│ [0m       ↱ eager @98 (5 live vars)
[0;31m│[0;32m│[0;33m│[0;34m│[0;35m│ [0m       │       @23 (7 live vars)
[0;31m│[0;32m│[0;33m│[0;34m│[0;35m│ [0m  [0m118: CheckInt32Condition[UnsignedLessThan, OutOfBounds] [v0/n109:(x), v0/n102:(x)]
[0;31m│[0;32m│[0;33m│[0;34m│[0;35m│ [0m  [0m119: StoreFixedArrayElementNoWriteBarrier [v0/n99:(x), v0/n109:(x), v0/n117:(x)]
[0;31m│[0;32m│[0;33m│[0;34m│[0;35m│ [0m[0;34m  45 : 5b 0a             Inc FBV[10]
[m[0;31m│[0;32m│[0;33m│[0;34m│[0;35m│ [0m       ↱ eager @98 (5 live vars)
[0;31m│[0;32m│[0;33m│[0;34m│[0;35m│ [0m       │       @45 (6 live vars)
[0;31m│[0;32m│[0;33m│[0;34m│[0;35m│ [0m  [0m120: Int32IncrementWithOverflow [v0/n109:(x)] → (x)
[0;31m│[0;32m│[0;33m│[0;34m│[0;35m│ [0m[0;34m  48 : 97 1d 00 0b       JumpLoop [29], [0], FBV[11]
[m[0;31m│[0;32m│[0;33m│[0;34m│[0;35m│ [0m  [0m121: HandleNoHeapWritesInterrupt
[0;31m│[0;32m│[0;33m│[0;34m│[0;35m│ [0m       │      @98 (5 live vars)
[0;31m│[0;32m│[0;33m│[0;34m│[0;35m│ [0m       ↳ lazy @48 (6 live vars)
[0;31m│[0;32m│[0;33m│[0;34m│[0;35m│ [0m       ↱ eager @98 (5 live vars)
[0;31m│[0;32m│[0;33m│[0;34m│[0;35m│ [0m       │       @45 (6 live vars)
[0;31m│[0;32m│[0;33m│[0;34m╰──◄─[0m122: JumpLoop b15
[0;31m│[0;32m│[0;33m│ [0;35m│ [0m       with gap moves:
[0;31m│[0;32m│[0;33m│ [0;35m│ [0m         - v0/n120:(x) → 108: φᴵ r1 (x)
[0;31m│[0;32m│[0;33m│ [0;35m│ [0m
[0;31m│[0;32m│[0;33m│ [0;35m╰─►[0mBlock b17
[0;31m│[0;32m│[0;33m│   [0m[1;34m0x09b80101e415 <SharedFunctionInfo scale> (0x09b80104a3e5 <String[18]: "workloads/mixed.js">:13:2)
[m[0;31m│[0;32m│[0;33m│   [0m[0;34m  52 : 0b f9             Ldar r0
[m[0;31m│[0;32m│[0;33m│[0;34m╭────[0m124: Jump b19
[0;31m│[0;32m│[0;33m│[0;34m│  [0m
[0;31m│[0;32m│[0;33m╰───►[0mBlock b18
[0;31m│[0;32m│ [0;34m│  [0m  [0m125: Jump b19
[0;31m│[0;32m│ [0;34m│  [0m    ↓
[0;31m│[0;32m│ [0;34m╰──►[0mBlock b19
[0;31m│[0;32m│    [0m[1;34m0x09b80101e3e5 <SharedFunctionInfo sum> (0x09b80104a3e5 <String[18]: "workloads/mixed.js">:4:12)
[m[0;31m│[0;32m│    [0m[0;34m   0 : 0c                LdaZero
[m[0;31m│[0;32m│    [0m  [0m126: Jump b20
[0;31m│[0;32m│    [0m    ↓
[0;31m│[0;32m│     [0mBlock b20
[0;31m│[0;32m│    [0m[1;34m0x09b80101e3e5 <SharedFunctionInfo sum> (0x09b80104a3e5 <String[18]: "workloads/mixed.js">:6:26)
[m[0;31m│[0;32m│    [0m[0;34m   4 : 33 03 00 00       GetNamedProperty a0, [0:"length"], FBV[0]
[m[0;31m│[0;32m│    [0m  [0m127: LoadTaggedField(0xc: 0x09b800000e39 <String[6]: #length>, compressed, Smi) [v0/n82:(x)] → (x)
[0;31m│[0;32m│    [0m[1;34m0x09b80101e3e5 <SharedFunctionInfo sum> (0x09b80104a3e5 <String[18]: "workloads/mixed.js">:6:20)
[m[0;31m│[0;32m│    [0m[0;34m   8 : 79 f8 04          TestLessThan r1, EmbeddedFeedback[4]
[m[0;31m│[0;32m│    [0m  [0m128: UnsafeSmiUntag [v0/n127:(x)] → (x)
[0;31m│[0;32m│    [0m[0;34m  11 : a8 17             JumpIfFalse [23]
[m[0;31m│[0;32m│[0;33m╭─────[0m130: BranchIfInt32Compare(LessThan) [v0/n33:(x), v0/n128:(x)] b21 b25
[0;31m│[0;32m│[0;33m│   [0m    ↓
[0;31m│[0;32m│[0;33m│    [0mBlock b21
[0;31m│[0;32m│[0;33m│   [0m[1;34m0x09b80101e3e5 <SharedFunctionInfo sum> (0x09b80104a3e5 <String[18]: "workloads/mixed.js">:6:47)
[m[0;31m│[0;32m│[0;33m│   [0m[0;34m  15 : 35 03 02          GetKeyedProperty a0, FBV[2]
[m[0;31m│[0;32m│[0;33m│   [0m  [0m131: LoadTaggedField(0x8: Elements, compressed, AnyHeapObject) [v0/n82:(x)] → (x)
[0;31m│[0;32m│[0;33m│   [0m       ↱ eager @104 (4 live vars)
[0;31m│[0;32m│[0;33m│   [0m       │       @15 (6 live vars)
[0;31m│[0;32m│[0;33m│   [0m  [0m132: CheckInt32Condition[UnsignedLessThan, OutOfBounds] [v0/n33:(x), v0/n128:(x)]
[0;31m│[0;32m│[0;33m│   [0m  [0m133: LoadTaggedField(0x8, compressed) [v0/n131:(x)] → (x)
[0;31m│[0;32m│[0;33m│   [0m       ↱ eager @104 (4 live vars)
[0;31m│[0;32m│[0;33m│   [0m       │       @15 (6 live vars)
[0;31m│[0;32m│[0;33m│   [0m  [0m134: CheckNotHole [v0/n133:(x)]
[0;31m│[0;32m│[0;33m│   [0m[0;34m  18 : 42 f9 01          Add r0, EmbeddedFeedback[1]
[m[0;31m│[0;32m│[0;33m│   [0m  [0m135: UnsafeSmiUntag [v0/n133:(x)] → (x)
[0;31m│[0;32m│[0;33m│   [0m       ↱ eager @104 (4 live vars)
[0;31m│[0;32m│[0;33m│   [0m       │       @15 (6 live vars)
[0;31m│[0;32m│[0;33m│   [0m  [0m136: Int32AddWithOverflow [v0/n135:(x), v0/n33:(x)] → (x)
[0;31m│[0;32m│[0;33m│   [0m[1;34m0x09b80101e3e5 <SharedFunctionInfo sum> (0x09b80104a3e5 <String[18]: "workloads/mixed.js">:6:2)
[m[0;31m│[0;32m│[0;33m│   [0m[0;34m  30 : 97 1a 00 05       JumpLoop [26], [0], FBV[5]
[m[0;31m│[0;32m│[0;33m│   [0m  [0m137: HandleNoHeapWritesInterrupt
[0;31m│[0;32m│[0;33m│   [0m       │      @104 (4 live vars)
[0;31m│[0;32m│[0;33m│   [0m       ↳ lazy @30 (5 live vars)
[0;31m│[0;32m│[0;33m│   [0m  [0m138: Jump b22
[0;31m│[0;32m│[0;33m│   [0m    │  with gap moves:
[0;31m│[0;32m│[0;33m│   [0m    │    - v0/n136:(x) → 140: φᴵ r0 (x)
[0;31m│[0;32m│[0;33m│   [0m    │    - v0/n43:(x) → 141: φᴵ r1 (x)
[0;31m│[0;32m│[0;33m│   [0m    ▼
[0;31m│[0;32m│[0;33m│[0;34m╭──►[0mBlock b22 peeled (effects:)
[0;31m│[0;32m│[0;33m│[0;34m│  [0m  [0m140: φᴵ r0 (n136, n150) → (x)
[0;31m│[0;32m│[0;33m│[0;34m│  [0m  [0m141: φᴵ r1 (n43, n151) → (x)
[0;31m│[0;32m│[0;33m│[0;34m│  [0m[0;34m   8 : 79 f8 04          TestLessThan r1, EmbeddedFeedback[4]
[m[0;31m│[0;32m│[0;33m│[0;34m│  [0m       ↱ eager @104 (4 live vars)
[0;31m│[0;32m│[0;33m│[0;34m│  [0m       │       @8 (6 live vars)
[0;31m│[0;32m│[0;33m│[0;34m│  [0m  [0m142: CheckedSmiSizedInt32 [v0/n141:(x)] → (x)
[0;31m│[0;32m│[0;33m│[0;34m│  [0m[0;34m  11 : a8 17             JumpIfFalse [23]
[m[0;31m│[0;32m│[0;33m│[0;34m│[0;35m╭───[0m144: BranchIfInt32Compare(LessThan) [v0/n142:(x), v0/n128:(x)] b23 b24
[0;31m│[0;32m│[0;33m│[0;34m│[0;35m│ [0m    ↓
[0;31m│[0;32m│[0;33m│[0;34m│[0;35m│  [0mBlock b23
[0;31m│[0;32m│[0;33m│[0;34m│[0;35m│ [0m[0;34m  15 : 35 03 02          GetKeyedProperty a0, FBV[2]
[m[0;31m│[0;32m│[0;33m│[0;34m│[0;35m│ [0m       ↱ eager @104 (4 live vars)
[0;31m│[0;32m│[0;33m│[0;34m│[0;35m│ [0m       │       @8 (6 live vars)
[0;31m│[0;32m│[0;33m│[0;34m│[0;35m│ [0m  [0m145: CheckInt32Condition[UnsignedLessThan, OutOfBounds] [v0/n142:(x), v0/n128:(x)]
[0;31m│[0;32m│[0;33m│[0;34m│[0;35m│ [0m  [0m146: LoadFixedArrayElement(compressed), Unknown [v0/n131:(x), v0/n142:(x)] → (x)
[0;31m│[0;32m│[0;33m│[0;34m│[0;35m│ [0m       ↱ eager @104 (4 live vars)
[0;31m│[0;32m│[0;33m│[0;34m│[0;35m│ [0m       │       @8 (6 live vars)
[0;31m│[0;32m│[0;33m│[0;34m│[0;35m│ [0m  [0m147: CheckNotHole [v0/n146:(x)]
[0;31m│[0;32m│[0;33m│[0;34m│[0;35m│ [0m[0;34m  18 : 42 f9 01          Add r0, EmbeddedFeedback[1]
[m[0;31m│[0;32m│[0;33m│[0;34m│[0;35m│ [0m       ↱ eager @104 (4 live vars)
[0;31m│[0;32m│[0;33m│[0;34m│[0;35m│ [0m       │       @8 (6 live vars)
[0;31m│[0;32m│[0;33m│[0;34m│[0;35m│ [0m  [0m148: CheckedSmiSizedInt32 [v0/n140:(x)] → (x)
[0;31m│[0;32m│[0;33m│[0;34m│[0;35m│ [0m  [0m149: UnsafeSmiUntag [v0/n146:(x)] → (x)
[0;31m│[0;32m│[0;33m│[0;34m│[0;35m│ [0m       ↱ eager @104 (4 live vars)
[0;31m│[0;32m│[0;33m│[0;34m│[0;35m│ [0m       │       @8 (6 live vars)
[0;31m│[0;32m│[0;33m│[0;34m│[0;35m│ [0m  [0m150: Int32AddWithOverflow [v0/n148:(x), v0/n149:(x)] → (x)
[0;31m│[0;32m│[0;33m│[0;34m│[0;35m│ [0m[0;34m  27 : 5b 04             Inc FBV[4]
[m[0;31m│[0;32m│[0;33m│[0;34m│[0;35m│ [0m       ↱ eager @104 (4 live vars)
[0;31m│[0;32m│[0;33m│[0;34m│[0;35m│ [0m       │       @8 (6 live vars)
[0;31m│[0;32m│[0;33m│[0;34m│[0;35m│ [0m  [0m151: Int32IncrementWithOverflow [v0/n142:(x)] → (x)
[0;31m│[0;32m│[0;33m│[0;34m│[0;35m│ [0m[0;34m  30 : 97 1a 00 05       JumpLoop [26], [0], FBV[5]
[m[0;31m│[0;32m│[0;33m│[0;34m│[0;35m│ [0m  [0m152: HandleNoHeapWritesInterrupt
[0;31m│[0;32m│[0;33m│[0;34m│[0;35m│ [0m       │      @104 (4 live vars)
[0;31m│[0;32m│[0;33m│[0;34m│[0;35m│ [0m       ↳ lazy @30 (5 live vars)
[0;31m│[0;32m│[0;33m│[0;34m│[0;35m│ [0m       ↱ eager @104 (4 live vars)
[0;31m│[0;32m│[0;33m│[0;34m│[0;35m│ [0m       │       @8 (6 live vars)
[0;31m│[0;32m│[0;33m│[0;34m╰──◄─[0m153: JumpLoop b22
[0;31m│[0;32m│[0;33m│ [0;35m│ [0m       with gap moves:
[0;31m│[0;32m│[0;33m│ [0;35m│ [0m         - v0/n150:(x) → 140: φᴵ r0 (x)
[0;31m│[0;32m│[0;33m│ [0;35m│ [0m         - v0/n151:(x) → 141: φᴵ r1 (x)
[0;31m│[0;32m│[0;33m│ [0;35m│ [0m
[0;31m│[0;32m│[0;33m│ [0;35m╰─►[0mBlock b24
[0;31m│[0;32m│[0;33m│   [0m[1;34m0x09b80101e3e5 <SharedFunctionInfo sum> (0x09b80104a3e5 <String[18]: "workloads/mixed.js">:7:2)
[m[0;31m│[0;32m│[0;33m│   [0m[0;34m  34 : 0b f9             Ldar r0
[m[0;31m│[0;32m│[0;33m│[0;34m╭────[0m156: Jump b26
[0;31m│[0;32m│[0;33m│[0;34m│  [0m       with gap moves:
[0;31m│[0;32m│[0;33m│[0;34m│  [0m         - v0/n140:(x) → 158: φᴵ r0 (x)
[0;31m│[0;32m│[0;33m│[0;34m│  [0m
[0;31m│[0;32m│[0;33m╰───►[0mBlock b25
[0;31m│[0;32m│ [0;34m│  [0m  [0m157: Jump b26
[0;31m│[0;32m│ [0;34m│  [0m    │  with gap moves:
[0;31m│[0;32m│ [0;34m│  [0m    │    - v0/n33:(x) → 158: φᴵ r0 (x)
[0;31m│[0;32m│ [0;34m│  [0m    ▼
[0;31m│[0;32m│ [0;34m╰──►[0mBlock b26
[0;31m│[0;32m│    [0m  [0m158: φᴵ r0 (n33, n140) → (x)
[0;31m│[0;32m│    [0m[1;34m0x09b80101e365 <SharedFunctionInfo> (0x09b80104a3e5 <String[18]: "workloads/mixed.js">:27:9)
[m[0;31m│[0;32m│    [0m[0;34m 108 : 42 f5 01          Add r4, EmbeddedFeedback[1]
[m[0;31m│[0;32m│    [0m       ↱ eager @108 (5 live vars)
[0;31m│[0;32m│    [0m  [0m159: CheckedSmiSizedInt32 [v0/n158:(x)] → (x)
[0;31m│[0;32m│    [0m       ↱ eager @108 (5 live vars)
[0;31m│[0;32m│    [0m  [0m160: Int32AddWithOverflow [v0/n70:(x), v0/n159:(x)] → (x)
[0;31m│[0;32m│    [0m[1;34m0x09b80101e365 <SharedFunctionInfo> (0x09b80104a3e5 <String[18]: "workloads/mixed.js">:27:6)
[m[0;31m│[0;32m│    [0m[0;34m 111 : 29 03             StaCurrentContextSlot [3]
[m[0;31m│[0;32m│    [0m  [0m161: Int32ToNumber[kCanonicalizeSmi] [v0/n160:(x)] → (x)
[0;31m│[0;32m│    [0m  [0m162: StoreContextSlotWithWriteBarrier(3, mutable) [v0/n2:(x), v0/n161:(x)]
[0;31m│[0;32m│    [0m       ↳ lazy @111 (3 live vars)
[0;31m│[0;32m│    [0m[1;34m0x09b80101e365 <SharedFunctionInfo> (0x09b80104a3e5 <String[18]: "workloads/mixed.js">:29:26)
[m[0;31m│[0;32m│    [0m[0;34m 133 : 53 07 01          ModSmi [7], EmbeddedFeedback[1]
[m[0;31m│[0;32m│    [0m       ↱ eager @133 (7 live vars)
[0;31m│[0;32m│    [0m  [0m167: Int32ModulusWithOverflow [v0/n17:(x), v0/n166:(x)] → (x)
[0;31m│[0;32m│    [0m[1;34m0x09b80101e365 <SharedFunctionInfo> (0x09b80104a3e5 <String[18]: "workloads/mixed.js">:29:30)
[m[0;31m│[0;32m│    [0m[0;34m 142 : a8 09             JumpIfFalse [9]
[m[0;31m│[0;32m│[0;33m╭─────[0m171: BranchIfInt32Compare(StrictEqual) [v0/n167:(x), v0/n169:(x)] b27 b28
[0;31m│[0;32m│[0;33m│   [0m    ↓
[0;31m│[0;32m│[0;33m│    [0mBlock b27
[0;31m│[0;32m│[0;33m│   [0m[1;34m0x09b80101e365 <SharedFunctionInfo> (0x09b80104a3e5 <String[18]: "workloads/mixed.js">:29:40)
[m[0;31m│[0;32m│[0;33m│   [0m[0;34m 149 : 98 04             Jump [4]
[m[0;31m│[0;32m│[0;33m│[0;34m╭────[0m175: Jump b29
[0;31m│[0;32m│[0;33m│[0;34m│  [0m       with gap moves:
[0;31m│[0;32m│[0;33m│[0;34m│  [0m         - v0/n174:(x) → 178: φᶠ <accumulator> (x)
[0;31m│[0;32m│[0;33m│[0;34m│  [0m
[0;31m│[0;32m│[0;33m╰───►[0mBlock b28
[0;31m│[0;32m│ [0;34m│  [0m[0;34m 153 : cf                Star6
[m[0;31m│[0;32m│ [0;34m│  [0m  [0m176: Jump b29
[0;31m│[0;32m│ [0;34m│  [0m    │  with gap moves:
[0;31m│[0;32m│ [0;34m│  [0m    │    - v0/n173:(x) → 178: φᶠ <accumulator> (x)
[0;31m│[0;32m│ [0;34m│  [0m    ▼
[0;31m│[0;32m│ [0;34m╰──►[0mBlock b29
[0;31m│[0;32m│    [0m  [0m178: φᶠ <accumulator> (n174, n173) → (x)
[0;31m│[0;32m│    [0m[1;34m0x09b80101e445 <SharedFunctionInfo flipflop> (0x09b80104a3e5 <String[18]: "workloads/mixed.js">:17:17)
[m[0;31m│[0;32m│    [0m[0;34m   0 : 0b 03             Ldar a0
[m[0;31m│[0;32m│    [0m  [0m179: Jump b30
[0;31m│[0;32m│    [0m    ↓
[0;31m│[0;32m│     [0mBlock b30
[0;31m│[0;32m│    [0m[1;34m0x09b80101e445 <SharedFunctionInfo flipflop> (0x09b80104a3e5 <String[18]: "workloads/mixed.js">:18:11)
[m[0;31m│[0;32m│    [0m[0;34m   2 : 51 02 04          MulSmi [2], EmbeddedFeedback[4]
[m[0;31m│[0;32m│    [0m  [0m182: Float64Multiply [v0/n178:(x), v0/n181:(x)] → (x)
[0;31m│[0;32m│    [0m[1;34m0x09b80101e445 <SharedFunctionInfo flipflop> (0x09b80104a3e5 <String[18]: "workloads/mixed.js">:18:15)
[m[0;31m│[0;32m│    [0m[0;34m   5 : 4f 01 03          AddSmi [1], EmbeddedFeedback[3]
[m[0;31m│[0;32m│    [0m  [0m184: Float64Add [v0/n182:(x), v0/n183:(x)] → (x)
[0;31m│[0;32m│    [0m[1;34m0x09b80101e365 <SharedFunctionInfo> (0x09b80104a3e5 <String[18]: "workloads/mixed.js">:29:11)
[m[0;31m│[0;32m│    [0m[0;34m 158 : 42 f5 03          Add r4, EmbeddedFeedback[3]
[m[0;31m│[0;32m│    [0m  [0m185: ChangeInt32ToFloat64 [v0/n160:(x)] → (x)
[0;31m│[0;32m│    [0m  [0m186: Float64Add [v0/n184:(x), v0/n185:(x)] → (x)
[0;31m│[0;32m│    [0m[1;34m0x09b80101e365 <SharedFunctionInfo> (0x09b80104a3e5 <String[18]: "workloads/mixed.js">:29:8)
[m[0;31m│[0;32m│    [0m[0;34m 161 : 29 03             StaCurrentContextSlot [3]
[m[0;31m│[0;32m│    [0m  [0m187: Float64ToTagged[kCanonicalizeSmi] [v0/n186:(x)] → (x)
[0;31m│[0;32m│    [0m  [0m188: StoreContextSlotWithWriteBarrier(3, mutable) [v0/n2:(x), v0/n187:(x)]
[0;31m│[0;32m│    [0m       ↳ lazy @161 (4 live vars)
[0;31m│[0;32m│    [0m[1;34m0x09b80101e365 <SharedFunctionInfo> (0x09b80104a3e5 <String[18]: "workloads/mixed.js">:28:2)
[m[0;31m│[0;32m│    [0m[0;34m 168 : 97 35 01 17       JumpLoop [53], [1], FBV[23]
[m[0;31m│[0;32m│    [0m  [0m190: ReduceInterruptBudgetForLoop(42) [v0/n189:(x)]
[0;31m│[0;32m│    [0m       ↳ lazy @168 (4 live vars)
[0;31m│[0;32m│    [0m  [0m191: Jump b31
[0;31m│[0;32m│    [0m    │  with gap moves:
[0;31m│[0;32m│    [0m    │    - v0/n43:(x) → 192: φᴵ r2 (x)
[0;31m│[0;32m│    [0m    ▼
[0;31m│[0;32m│[0;33m╭───►[0mBlock b31 peeled (effects: c1)
[0;31m│[0;32m│[0;33m│   [0m  [0m192: φᴵ r2 (n43, n212) → (x)
[0;31m│[0;32m│[0;33m│   [0m[0;34m 119 : 79 f7 04          TestLessThan r2, EmbeddedFeedback[4]
[m[0;31m│[0;32m│[0;33m│   [0m       ↱ eager @119 (5 live vars)
[0;31m│[0;32m│[0;33m│   [0m  [0m193: CheckedSmiSizedInt32 [v0/n192:(x)] → (x)
[0;31m│[0;32m│[0;33m│   [0m[0;34m 122 : a8 32             JumpIfFalse [50]
[m[0;31m│[0;32m│[0;33m│[0;34m╭────[0m195: BranchIfInt32Compare(LessThan) [v0/n193:(x), v0/n164:(x)] b32 b37
[0;31m│[0;32m│[0;33m│[0;34m│  [0m    ↓
[0;31m│[0;32m│[0;33m│[0;34m│   [0mBlock b32
[0;31m│[0;32m│[0;33m│[0;34m│  [0m[0;34m 124 : 18 03             LdaCurrentContextSlot [3]
[m[0;31m│[0;32m│[0;33m│[0;34m│  [0m  [0m196: LoadContextSlot(0x14, mutable) [v0/n2:(x)] → (x)
[0;31m│[0;32m│[0;33m│[0;34m│  [0m[0;34m 142 : a8 09             JumpIfFalse [9]
[m[0;31m│[0;32m│[0;33m│[0;34m│[0;35m╭───[0m197: BranchIfInt32Compare(StrictEqual) [v0/n167:(x), v0/n169:(x)] b33 b34
[0;31m│[0;32m│[0;33m│[0;34m│[0;35m│ [0m    ↓
[0;31m│[0;32m│[0;33m│[0;34m│[0;35m│  [0mBlock b33
[0;31m│[0;32m│[0;33m│[0;34m│[0;35m│ [0m[0;34m 146 : 42 f7 04          Add r2, EmbeddedFeedback[4]
[m[0;31m│[0;32m│[0;33m│[0;34m│[0;35m│ [0m  [0m198: ChangeInt32ToFloat64 [v0/n193:(x)] → (x)
[0;31m│[0;32m│[0;33m│[0;34m│[0;35m│ [0m  [0m199: Float64Add [v0/n198:(x), v0/n174:(x)] → (x)
[0;31m│[0;32m│[0;33m│[0;34m│[0;35m│ [0m[0;34m 149 : 98 04             Jump [4]
[m[0;31m│[0;32m│[0;33m│[0;34m│[0;35m│[0;36m╭──[0m200: Jump b35
[0;31m│[0;32m│[0;33m│[0;34m│[0;35m│[0;36m│[0m       with gap moves:
[0;31m│[0;32m│[0;33m│[0;34m│[0;35m│[0;36m│[0m         - v0/n199:(x) → 203: φᶠ <accumulator> (x)
[0;31m│[0;32m│[0;33m│[0;34m│[0;35m│[0;36m│[0m
[0;31m│[0;32m│[0;33m│[0;34m│[0;35m╰─►[0mBlock b34
[0;31m│[0;32m│[0;33m│[0;34m│ [0;36m│[0m  [0m223: ChangeInt32ToFloat64 [v0/n192:(x)] → (x)
[0;31m│[0;32m│[0;33m│[0;34m│ [0;36m│[0m[0;34m 153 : cf                Star6
[m[0;31m│[0;32m│[0;33m│[0;34m│ [0;36m│[0m  [0m201: Jump b35
[0;31m│[0;32m│[0;33m│[0;34m│ [0;36m│[0m    │  with gap moves:
[0;31m│[0;32m│[0;33m│[0;34m│ [0;36m│[0m    │    - v0/n223:(x) → 203: φᶠ <accumulator> (x)
[0;31m│[0;32m│[0;33m│[0;34m│ [0;36m│[0m    ▼
[0;31m│[0;32m│[0;33m│[0;34m│ [0;36m╰►[0mBlock b35
[0;31m│[0;32m│[0;33m│[0;34m│  [0m  [0m203: φᶠ <accumulator> (n199, n223) → (x)
[0;31m│[0;32m│[0;33m│[0;34m│  [0m[1;34m0x09b80101e445 <SharedFunctionInfo flipflop> (0x09b80104a3e5 <String[18]: "workloads/mixed.js">:17:17)
[m[0;31m│[0;32m│[0;33m│[0;34m│  [0m[0;34m   0 : 0b 03             Ldar a0
[m[0;31m│[0;32m│[0;33m│[0;34m│  [0m  [0m204: Jump b36
[0;31m│[0;32m│[0;33m│[0;34m│  [0m    ↓
[0;31m│[0;32m│[0;33m│[0;34m│   [0mBlock b36
[0;31m│[0;32m│[0;33m│[0;34m│  [0m[1;34m0x09b80101e445 <SharedFunctionInfo flipflop> (0x09b80104a3e5 <String[18]: "workloads/mixed.js">:18:11)
[m[0;31m│[0;32m│[0;33m│[0;34m│  [0m[0;34m   2 : 51 02 04          MulSmi [2], EmbeddedFeedback[4]
[m[0;31m│[0;32m│[0;33m│[0;34m│  [0m  [0m206: Float64Multiply [v0/n203:(x), v0/n181:(x)] → (x)
[0;31m│[0;32m│[0;33m│[0;34m│  [0m[1;34m0x09b80101e445 <SharedFunctionInfo flipflop> (0x09b80104a3e5 <String[18]: "workloads/mixed.js">:18:15)
[m[0;31m│[0;32m│[0;33m│[0;34m│  [0m[0;34m   5 : 4f 01 03          AddSmi [1], EmbeddedFeedback[3]
[m[0;31m│[0;32m│[0;33m│[0;34m│  [0m  [0m207: Float64Add [v0/n206:(x), v0/n183:(x)] → (x)
[0;31m│[0;32m│[0;33m│[0;34m│  [0m[1;34m0x09b80101e365 <SharedFunctionInfo> (0x09b80104a3e5 <String[18]: "workloads/mixed.js">:28:2)
[m[0;31m│[0;32m│[0;33m│[0;34m│  [0m[0;34m 158 : 42 f5 03          Add r4, EmbeddedFeedback[3]
[m[0;31m│[0;32m│[0;33m│[0;34m│  [0m       ↱ eager @158 (6 live vars)
[0;31m│[0;32m│[0;33m│[0;34m│  [0m  [0m208: CheckedNumberToFloat64 [v0/n196:(x)] → (x)
[0;31m│[0;32m│[0;33m│[0;34m│  [0m  [0m209: Float64Add [v0/n207:(x), v0/n208:(x)] → (x)
[0;31m│[0;32m│[0;33m│[0;34m│  [0m[0;34m 161 : 29 03             StaCurrentContextSlot [3]
[m[0;31m│[0;32m│[0;33m│[0;34m│  [0m  [0m210: Float64ToTagged[kCanonicalizeSmi] [v0/n209:(x)] → (x)
[0;31m│[0;32m│[0;33m│[0;34m│  [0m  [0m211: StoreContextSlotWithWriteBarrier(3, mutable) [v0/n2:(x), v0/n210:(x)]
[0;31m│[0;32m│[0;33m│[0;34m│  [0m       ↳ lazy @161 (4 live vars)
[0;31m│[0;32m│[0;33m│[0;34m│  [0m[0;34m 165 : 5b 16             Inc FBV[22]
[m[0;31m│[0;32m│[0;33m│[0;34m│  [0m       ↱ eager @165 (4 live vars)
[0;31m│[0;32m│[0;33m│[0;34m│  [0m  [0m212: Int32IncrementWithOverflow [v0/n193:(x)] → (x)
[0;31m│[0;32m│[0;33m│[0;34m│  [0m[0;34m 168 : 97 35 01 17       JumpLoop [53], [1], FBV[23]
[m[0;31m│[0;32m│[0;33m│[0;34m│  [0m  [0m213: ReduceInterruptBudgetForLoop(42) [v0/n189:(x)]
[0;31m│[0;32m│[0;33m│[0;34m│  [0m       ↳ lazy @168 (4 live vars)
[0;31m│[0;32m│[0;33m│[0;34m│  [0m       ↱ eager @165 (4 live vars)
[0;31m│[0;32m│[0;33m╰───◄─[0m214: JumpLoop b31
[0;31m│[0;32m│ [0;34m│  [0m       with gap moves:
[0;31m│[0;32m│ [0;34m│  [0m         - v0/n212:(x) → 192: φᴵ r2 (x)
[0;31m│[0;32m│ [0;34m│  [0m
[0;31m│[0;32m│ [0;34m╰──►[0mBlock b37
[0;31m│[0;32m│    [0m[1;34m0x09b80101e365 <SharedFunctionInfo> (0x09b80104a3e5 <String[18]: "workloads/mixed.js">:25:38)
[m[0;31m│[0;32m│    [0m[0;34m 174 : 5b 19             Inc FBV[25]
[m[0;31m│[0;32m│    [0m       ↱ eager @174 (3 live vars)
[0;31m│[0;32m│    [0m  [0m216: Int32IncrementWithOverflow [v0/n17:(x)] → (x)
[0;31m│[0;32m│    [0m[1;34m0x09b80101e365 <SharedFunctionInfo> (0x09b80104a3e5 <String[18]: "workloads/mixed.js">:25:0)
[m[0;31m│[0;32m│    [0m[0;34m 177 : 97 7c 00 1a       JumpLoop [124], [0], FBV[26]
[m[0;31m│[0;32m│    [0m  [0m217: ReduceInterruptBudgetForLoop(99) [v0/n189:(x)]
[0;31m│[0;32m│    [0m       ↳ lazy @177 (3 live vars)
[0;31m│[0;32m│    [0m       ↱ eager @174 (3 live vars)
[0;31m╰─────◄─[0m218: JumpLoop b1
 [0;32m│    [0m       with gap moves:
 [0;32m│    [0m         - v0/n216:(x) → 15: φᴵ r1 (x)
 [0;32m│    [0m
 [0;32m╰────►[0mBlock b38
      [0m[1;34m0x09b80101e365 <SharedFunctionInfo> (0x09b80104a3e5 <String[18]: "workloads/mixed.js">:32:0)
[m      [0m[0;34m 181 : 23 06 1c          LdaGlobal [6:"print"], FBV[28]
[m      [0m       ↱ eager @181 (2 live vars)
      [0m  [0m220: Deopt(Insufficient type feedback for generic global access)
      [0m

----- Dead nodes sweeping -----
Graph

      [0m    [0m1/189: HeapConstant(0x09b80101e505 <FeedbackCell[one closure]>) → v-1, live range: [1-185]
      [0m     [0m2/73: HeapConstant(0x09b80101e561 <JSFunction scale (sfi = 0x9b80101e415)>) → v-1, live range: [2-185]
      [0m     [0m3/76: HeapConstant(0x09b80100c85d <JSFunction Array (sfi = 0x9b8001db2bd)>) → v-1, live range: [3-185]
      [0m     [0m4/24: HeapConstant(0x09b80101e52d <JSFunction sum (sfi = 0x9b80101e3e5)>) → v-1, live range: [4-185]
      [0m     [0m5/27: HeapConstant(0x09b80101e515 <ScriptContext[4]>) → v-1, live range: [5-185]
      [0m     [0m6/28: HeapConstant(0x09b801004999 <JSGlobalProxy>) → v-1, live range: [6-185]
      [0m    [0m7/165: HeapConstant(0x09b80101e595 <JSFunction flipflop (sfi = 0x9b80101e445)>) → v-1, live range: [7-185]
      [0m     [0m8/80: RootConstant(empty_fixed_array) → v-1, live range: [8-185]
      [0m     [0m9/30: SmiConstant(0) → v-1, live range: [9-185]
      [0m    [0m10/74: SmiConstant(3) → v-1, live range: [10-185]
      [0m   [0m11/163: SmiConstant(200) → v-1, live range: [11-185]
      [0m    [0m12/88: SmiConstant(247) → v-1, live range: [12-185]
      [0m    [0m13/16: SmiConstant(400) → v-1, live range: [13-185]
      [0m    [0m14/33: Int32Constant(0) → v-1, live range: [14-185]
      [0m    [0m15/43: Int32Constant(1) → v-1, live range: [15-185]
      [0m    [0m16/97: Int32Constant(3) → v-1, live range: [16-185]
      [0m   [0m17/169: Int32Constant(6) → v-1, live range: [17-185]
      [0m   [0m18/166: Int32Constant(7) → v-1, live range: [18-185]
      [0m   [0m19/164: Int32Constant(200) → v-1, live range: [19-185]
      [0m    [0m20/18: Int32Constant(400) → v-1, live range: [20-185]
      [0m   [0m21/173: Float64Constant(0) → v-1, live range: [21-185]
      [0m   [0m22/174: Float64Constant(0.5) → v-1, live range: [22-185]
      [0m   [0m23/183: Float64Constant(1) → v-1, live range: [23-185]
      [0m   [0m24/181: Float64Constant(2) → v-1, live range: [24-185]
       [0mBlock b0
      [0m[1;34m0x09b80101e365 <SharedFunctionInfo> (0x09b80104a3e5 <String[18]: "workloads/mixed.js">:0:0)
[m      [0m[0;34m  53 : 00 0d 90 01       LdaSmi.Wide [400]
[m      [0m     [0m25/1: InitialValue(<this>) → v-1(=-6S), live range: [25-186]
      [0m     [0m26/2: InitialValue(<context>) → v-1(=-3S), live range: [26-186]
      [0m     [0m27/3: InitialValue(<closure>) → v-1(=-2S), live range: [27-186]
      [0m     [0m28/5: InitialValue(r1) → v-1(=4S), live range: [28-31]
      [0m    [0m29/13: FunctionEntryStackCheck
      [0m           ↳ lazy @177 (3 live vars)
      [0m           ↱ eager @177 (3 live vars)
      [0m   [0m30/221: CheckedNumberToFloat64 [v28/n5:v-1(R)] → v-1(R), live range: [30-31]
      [0m           ↱ eager @177 (3 live vars)
      [0m   [0m31/222: CheckedFloat64ToInt32 [v30/n221:v-1(R)] → v-1(R), live range: [31-32]
      [0m           ↱ eager @177 (3 live vars)
      [0m    [0m32/14: CheckpointedJump b1
      [0m        │  with gap moves:
      [0m        │    - v31/n222:v-1(*) → 15: φᴵ r1 v-1(*)
      [0m        ▼
[0;31m╭─────►[0mBlock b1 (effects: c1)
[0;31m│     [0m    [0m33/15: φᴵ r1 (n222, n216) → v-1(*), live range: [33-183]
[0;31m│     [0m[1;34m0x09b80101e365 <SharedFunctionInfo> (0x09b80104a3e5 <String[18]: "workloads/mixed.js">:25:26)
[m[0;31m│     [0m[0;34m  57 : 79 f8 04          TestLessThan r1, EmbeddedFeedback[4]
[m[0;31m│     [0m           ↱ eager @57 (4 live vars)
[0;31m│     [0m    [0m34/17: CheckedSmiSizedInt32 [v33/n15:v-1(R)] → v-1(0), live range: [34-183]
[0;31m│     [0m[0;34m  60 : a8 79             JumpIfFalse [121]
[m[0;31m│[0;32m╭────────[0m35/20: BranchIfInt32Compare(LessThan) [v34/n17:v-1(R), v20/n18:v-1(R)] b2 b38
[0;31m│[0;32m│    [0m        ↓
[0;31m│[0;32m│     [0mBlock b2
[0;31m│[0;32m│    [0m[1;34m0x09b80101e365 <SharedFunctionInfo> (0x09b80104a3e5 <String[18]: "workloads/mixed.js">:26:2)
[m[0;31m│[0;32m│    [0m[0;34m  62 : 18 03             LdaCurrentContextSlot [3]
[m[0;31m│[0;32m│    [0m    [0m36/23: LoadContextSlot(0x14, mutable) [v26/n2:v-1(R)] → v-1(R), live range: [36-69]
[0;31m│[0;32m│    [0m[0;34m  69 : 19 02             LdaImmutableCurrentContextSlot [2]
[m[0;31m│[0;32m│    [0m    [0m37/25: LoadContextSlotNoCells(0x10, constant) [v26/n2:v-1(R)] → v-1(R), live range: [37-113]
[0;31m│[0;32m│    [0m[1;34m0x09b80101e3e5 <SharedFunctionInfo sum> (0x09b80104a3e5 <String[18]: "workloads/mixed.js">:4:12)
[m[0;31m│[0;32m│    [0m[0;34m   0 : 0c                LdaZero
[m[0;31m│[0;32m│    [0m    [0m38/29: Jump b3
[0;31m│[0;32m│    [0m        ↓
[0;31m│[0;32m│     [0mBlock b3
[0;31m│[0;32m│    [0m[1;34m0x09b80101e3e5 <SharedFunctionInfo sum> (0x09b80104a3e5 <String[18]: "workloads/mixed.js">:6:26)
[m[0;31m│[0;32m│    [0m[0;34m   4 : 33 03 00 00       GetNamedProperty a0, [0:"length"], FBV[0]
[m[0;31m│[0;32m│    [0m           ↱ eager @72 (4 live vars)
[0;31m│[0;32m│    [0m           │       @4 (5 live vars)
[0;31m│[0;32m│    [0m    [0m39/31: CheckMaps(0x09b80100cf85 <Map[16](HOLEY_SMI_ELEMENTS)>, 0x09b80100c90d <Map[16](PACKED_SMI_ELEMENTS)>, check heapobj) [v37/n25:v-1(R)]
[0;31m│[0;32m│    [0m    [0m40/32: LoadTaggedField(0xc: 0x09b800000e39 <String[6]: #length>, compressed, Smi) [v37/n25:v-1(R)] → v-1(R), live range: [40-113]
[0;31m│[0;32m│    [0m[1;34m0x09b80101e3e5 <SharedFunctionInfo sum> (0x09b80104a3e5 <String[18]: "workloads/mixed.js">:6:20)
[m[0;31m│[0;32m│    [0m[0;34m   8 : 79 f8 04          TestLessThan r1, EmbeddedFeedback[4]
[m[0;31m│[0;32m│    [0m    [0m41/34: UnsafeSmiUntag [v40/n32:v-1(R)] → v-1(0), live range: [41-113]
[0;31m│[0;32m│    [0m[0;34m  11 : a8 17             JumpIfFalse [23]
[m[0;31m│[0;32m│[0;33m╭───────[0m42/36: BranchIfInt32Compare(LessThan) [v14/n33:v-1(R), v41/n34:v-1(R)] b4 b8
[0;31m│[0;32m│[0;33m│   [0m        ↓
[0;31m│[0;32m│[0;33m│    [0mBlock b4
[0;31m│[0;32m│[0;33m│   [0m[1;34m0x09b80101e3e5 <SharedFunctionInfo sum> (0x09b80104a3e5 <String[18]: "workloads/mixed.js">:6:47)
[m[0;31m│[0;32m│[0;33m│   [0m[0;34m  15 : 35 03 02          GetKeyedProperty a0, FBV[2]
[m[0;31m│[0;32m│[0;33m│   [0m    [0m43/37: LoadTaggedField(0x8: Elements, decompressed, AnyHeapObject) [v37/n25:v-1(R)] → v-1(R), live range: [43-63]
[0;31m│[0;32m│[0;33m│   [0m           ↱ eager @72 (4 live vars)
[0;31m│[0;32m│[0;33m│   [0m           │       @4 (5 live vars)
[0;31m│[0;32m│[0;33m│   [0m    [0m44/38: CheckInt32Condition[UnsignedLessThan, OutOfBounds] [v14/n33:v-1(R), v41/n34:v-1(R)]
[0;31m│[0;32m│[0;33m│   [0m    [0m45/39: LoadTaggedField(0x8, decompressed) [v43/n37:v-1(R)] → v-1(R), live range: [45-47]
[0;31m│[0;32m│[0;33m│   [0m           ↱ eager @72 (4 live vars)
[0;31m│[0;32m│[0;33m│   [0m           │       @4 (5 live vars)
[0;31m│[0;32m│[0;33m│   [0m    [0m46/40: CheckNotHole [v45/n39:v-1(R)]
[0;31m│[0;32m│[0;33m│   [0m[0;34m  18 : 42 f9 01          Add r0, EmbeddedFeedback[1]
[m[0;31m│[0;32m│[0;33m│   [0m    [0m47/41: UnsafeSmiUntag [v45/n39:v-1(R)] → v-1(0), live range: [47-48]
[0;31m│[0;32m│[0;33m│   [0m           ↱ eager @72 (4 live vars)
[0;31m│[0;32m│[0;33m│   [0m           │       @4 (5 live vars)
[0;31m│[0;32m│[0;33m│   [0m    [0m48/42: Int32AddWithOverflow [v47/n41:v-1(R), v14/n33:v-1(*)] → v-1(R), live range: [48-50]
[0;31m│[0;32m│[0;33m│   [0m[1;34m0x09b80101e3e5 <SharedFunctionInfo sum> (0x09b80104a3e5 <String[18]: "workloads/mixed.js">:6:2)
[m[0;31m│[0;32m│[0;33m│   [0m[0;34m  30 : 97 1a 00 05       JumpLoop [26], [0], FBV[5]
[m[0;31m│[0;32m│[0;33m│   [0m    [0m49/44: HandleNoHeapWritesInterrupt
[0;31m│[0;32m│[0;33m│   [0m           │      @72 (4 live vars)
[0;31m│[0;32m│[0;33m│   [0m           ↳ lazy @30 (5 live vars)
[0;31m│[0;32m│[0;33m│   [0m    [0m50/46: Jump b5
[0;31m│[0;32m│[0;33m│   [0m        │  with gap moves:
[0;31m│[0;32m│[0;33m│   [0m        │    - v48/n42:v-1(*) → 49: φᴵ r0 v-1(*)
[0;31m│[0;32m│[0;33m│   [0m        │    - v15/n43:v-1(*) → 50: φᴵ r1 v-1(*)
[0;31m│[0;32m│[0;33m│   [0m        ▼
[0;31m│[0;32m│[0;33m│[0;34m╭──►[0mBlock b5 peeled (effects:)
[0;31m│[0;32m│[0;33m│[0;34m│  [0m    [0m51/49: φᴵ r0 (n42, n59) → v-1(*), live range: [51-64]
[0;31m│[0;32m│[0;33m│[0;34m│  [0m    [0m52/50: φᴵ r1 (n43, n60) → v-1(*), live range: [52-61]
[0;31m│[0;32m│[0;33m│[0;34m│  [0m[0;34m   8 : 79 f8 04          TestLessThan r1, EmbeddedFeedback[4]
[m[0;31m│[0;32m│[0;33m│[0;34m│  [0m           ↱ eager @72 (4 live vars)
[0;31m│[0;32m│[0;33m│[0;34m│  [0m           │       @8 (6 live vars)
[0;31m│[0;32m│[0;33m│[0;34m│  [0m    [0m53/51: CheckedSmiSizedInt32 [v52/n50:v-1(R)] → v-1(0), live range: [53-61]
[0;31m│[0;32m│[0;33m│[0;34m│  [0m[0;34m  11 : a8 17             JumpIfFalse [23]
[m[0;31m│[0;32m│[0;33m│[0;34m│[0;35m╭─────[0m54/53: BranchIfInt32Compare(LessThan) [v53/n51:v-1(R), v41/n34:v-1(R)] b6 b7
[0;31m│[0;32m│[0;33m│[0;34m│[0;35m│ [0m        ↓
[0;31m│[0;32m│[0;33m│[0;34m│[0;35m│  [0mBlock b6
[0;31m│[0;32m│[0;33m│[0;34m│[0;35m│ [0m[0;34m  15 : 35 03 02          GetKeyedProperty a0, FBV[2]
[m[0;31m│[0;32m│[0;33m│[0;34m│[0;35m│ [0m           ↱ eager @72 (4 live vars)
[0;31m│[0;32m│[0;33m│[0;34m│[0;35m│ [0m           │       @8 (6 live vars)
[0;31m│[0;32m│[0;33m│[0;34m│[0;35m│ [0m    [0m55/54: CheckInt32Condition[UnsignedLessThan, OutOfBounds] [v53/n51:v-1(R), v41/n34:v-1(R)]
[0;31m│[0;32m│[0;33m│[0;34m│[0;35m│ [0m    [0m56/55: LoadFixedArrayElement(decompressed), Unknown [v43/n37:v-1(R), v53/n51:v-1(R)] → v-1(R), live range: [56-59]
[0;31m│[0;32m│[0;33m│[0;34m│[0;35m│ [0m           ↱ eager @72 (4 live vars)
[0;31m│[0;32m│[0;33m│[0;34m│[0;35m│ [0m           │       @8 (6 live vars)
[0;31m│[0;32m│[0;33m│[0;34m│[0;35m│ [0m    [0m57/56: CheckNotHole [v56/n55:v-1(R)]
[0;31m│[0;32m│[0;33m│[0;34m│[0;35m│ [0m[0;34m  18 : 42 f9 01          Add r0, EmbeddedFeedback[1]
[m[0;31m│[0;32m│[0;33m│[0;34m│[0;35m│ [0m           ↱ eager @72 (4 live vars)
[0;31m│[0;32m│[0;33m│[0;34m│[0;35m│ [0m           │       @8 (6 live vars)
[0;31m│[0;32m│[0;33m│[0;34m│[0;35m│ [0m    [0m58/57: CheckedSmiSizedInt32 [v51/n49:v-1(R)] → v-1(0), live range: [58-60]
[0;31m│[0;32m│[0;33m│[0;34m│[0;35m│ [0m    [0m59/58: UnsafeSmiUntag [v56/n55:v-1(R)] → v-1(0), live range: [59-60]
[0;31m│[0;32m│[0;33m│[0;34m│[0;35m│ [0m           ↱ eager @72 (4 live vars)
[0;31m│[0;32m│[0;33m│[0;34m│[0;35m│ [0m           │       @8 (6 live vars)
[0;31m│[0;32m│[0;33m│[0;34m│[0;35m│ [0m    [0m60/59: Int32AddWithOverflow [v58/n57:v-1(R), v59/n58:v-1(R)] → v-1(R), live range: [60-63]
[0;31m│[0;32m│[0;33m│[0;34m│[0;35m│ [0m[0;34m  27 : 5b 04             Inc FBV[4]
[m[0;31m│[0;32m│[0;33m│[0;34m│[0;35m│ [0m           ↱ eager @72 (4 live vars)
[0;31m│[0;32m│[0;33m│[0;34m│[0;35m│ [0m           │       @8 (6 live vars)
[0;31m│[0;32m│[0;33m│[0;34m│[0;35m│ [0m    [0m61/60: Int32IncrementWithOverflow [v53/n51:v-1(R)] → v-1(R), live range: [61-63]
[0;31m│[0;32m│[0;33m│[0;34m│[0;35m│ [0m[0;34m  30 : 97 1a 00 05       JumpLoop [26], [0], FBV[5]
[m[0;31m│[0;32m│[0;33m│[0;34m│[0;35m│ [0m    [0m62/61: HandleNoHeapWritesInterrupt
[0;31m│[0;32m│[0;33m│[0;34m│[0;35m│ [0m           │      @72 (4 live vars)
[0;31m│[0;32m│[0;33m│[0;34m│[0;35m│ [0m           ↳ lazy @30 (5 live vars)
[0;31m│[0;32m│[0;33m│[0;34m│[0;35m│ [0m           ↱ eager @72 (4 live vars)
[0;31m│[0;32m│[0;33m│[0;34m│[0;35m│ [0m           │       @8 (6 live vars)
[0;31m│[0;32m│[0;33m│[0;34m╰──◄───[0m63/62: JumpLoop b5
[0;31m│[0;32m│[0;33m│ [0;35m│ [0m           with gap moves:
[0;31m│[0;32m│[0;33m│ [0;35m│ [0m             - v60/n59:v-1(*) → 49: φᴵ r0 v-1(*)
[0;31m│[0;32m│[0;33m│ [0;35m│ [0m             - v61/n60:v-1(*) → 50: φᴵ r1 v-1(*)
[0;31m│[0;32m│[0;33m│ [0;35m│ [0m
[0;31m│[0;32m│[0;33m│ [0;35m╰─►[0mBlock b7
[0;31m│[0;32m│[0;33m│   [0m[1;34m0x09b80101e3e5 <SharedFunctionInfo sum> (0x09b80104a3e5 <String[18]: "workloads/mixed.js">:7:2)
[m[0;31m│[0;32m│[0;33m│   [0m[0;34m  34 : 0b f9             Ldar r0
[m[0;31m│[0;32m│[0;33m│[0;34m╭──────[0m64/65: Jump b9
[0;31m│[0;32m│[0;33m│[0;34m│  [0m           with gap moves:
[0;31m│[0;32m│[0;33m│[0;34m│  [0m             - v51/n49:v-1(*) → 67: φᴵ r0 v-1(*)
[0;31m│[0;32m│[0;33m│[0;34m│  [0m
[0;31m│[0;32m│[0;33m╰───►[0mBlock b8
[0;31m│[0;32m│ [0;34m│  [0m    [0m65/66: Jump b9
[0;31m│[0;32m│ [0;34m│  [0m        │  with gap moves:
[0;31m│[0;32m│ [0;34m│  [0m        │    - v14/n33:v-1(*) → 67: φᴵ r0 v-1(*)
[0;31m│[0;32m│ [0;34m│  [0m        ▼
[0;31m│[0;32m│ [0;34m╰──►[0mBlock b9
[0;31m│[0;32m│    [0m    [0m66/67: φᴵ r0 (n33, n49) → v-1(*), live range: [66-69]
[0;31m│[0;32m│    [0m[1;34m0x09b80101e365 <SharedFunctionInfo> (0x09b80104a3e5 <String[18]: "workloads/mixed.js">:26:9)
[m[0;31m│[0;32m│    [0m[0;34m  76 : 42 f5 01          Add r4, EmbeddedFeedback[1]
[m[0;31m│[0;32m│    [0m           ↱ eager @76 (5 live vars)
[0;31m│[0;32m│    [0m    [0m67/68: CheckedSmiUntag [v36/n23:v-1(R)] → v-1(0), live range: [67-69]
[0;31m│[0;32m│    [0m           ↱ eager @76 (5 live vars)
[0;31m│[0;32m│    [0m    [0m68/69: CheckedSmiSizedInt32 [v66/n67:v-1(R)] → v-1(0), live range: [68-69]
[0;31m│[0;32m│    [0m           ↱ eager @76 (5 live vars)
[0;31m│[0;32m│    [0m    [0m69/70: Int32AddWithOverflow [v67/n68:v-1(R), v68/n69:v-1(R)] → v-1(R), live range: [69-145]
[0;31m│[0;32m│    [0m[1;34m0x09b80101e365 <SharedFunctionInfo> (0x09b80104a3e5 <String[18]: "workloads/mixed.js">:26:6)
[m[0;31m│[0;32m│    [0m[0;34m  79 : 29 03             StaCurrentContextSlot [3]
[m[0;31m│[0;32m│    [0m    [0m70/71: Int32ToNumber[kCanonicalizeSmi] [v69/n70:v-1(R)] → v-1(R), live range: [70-71]
[0;31m│[0;32m│    [0m    [0m71/72: StoreContextSlotWithWriteBarrier(3, mutable) [v26/n2:v-1(=x1), v70/n71:v-1(R)]
[0;31m│[0;32m│    [0m           ↳ lazy @79 (3 live vars)
[0;31m│[0;32m│    [0m[1;34m0x09b80101e415 <SharedFunctionInfo scale> (0x09b80104a3e5 <String[18]: "workloads/mixed.js">:10:14)
[m[0;31m│[0;32m│    [0m[0;34m   0 : 23 00 00          LdaGlobal [0:"Array"], FBV[0]
[m[0;31m│[0;32m│    [0m    [0m72/75: Jump b10
[0;31m│[0;32m│    [0m        ↓
[0;31m│[0;32m│     [0mBlock b10
[0;31m│[0;32m│    [0m[1;34m0x09b80101e415 <SharedFunctionInfo scale> (0x09b80104a3e5 <String[18]: "workloads/mixed.js">:11:14)
[m[0;31m│[0;32m│    [0m[0;34m  11 : 74 f7 f6 01 04    Construct r2, r3-r3, FBV[4]
[m[0;31m│[0;32m│[0;33m╭───────[0m73/77: BranchIfInt32Compare(GreaterThanOrEqual) [v41/n34:v-1(R), v14/n33:v-1(R)] b11 b12
[0;31m│[0;32m│[0;33m│   [0m        ↓
[0;31m│[0;32m│[0;33m│    [0mBlock b11
[0;31m│[0;32m│[0;33m│   [0m           ↱ eager @98 (5 live vars)
[0;31m│[0;32m│[0;33m│   [0m           │       @11 (7 live vars)
[0;31m│[0;32m│[0;33m│   [0m    [0m74/78: AllocateElementsArray(HOLEY_SMI_ELEMENTS, Young) [v41/n34:v-1(R)] → v-1(R), live range: [74-79]
[0;31m│[0;32m│[0;33m│   [0m    [0m75/81: AllocationBlock(Young) → v-1(R), live range: [75-76]
[0;31m│[0;32m│[0;33m│   [0m    [0m76/82: InlinedAllocation(object 0x09b80100cf85 <Map[16](HOLEY_SMI_ELEMENTS)>) [v75/n81:v-1(R)] → v-1(0), live range: [76-140]
[0;31m│[0;32m│[0;33m│   [0m    [0m77/83: StoreMap(0x09b80100cf85 <Map[16](HOLEY_SMI_ELEMENTS)>, InlinedAllocation) [v76/n82:v-1(=x1)]
[0;31m│[0;32m│[0;33m│   [0m    [0m78/84: StoreTaggedFieldNoWriteBarrier(0x4, mutable) [v76/n82:v-1(R), v8/n80:v-1(R)]
[0;31m│[0;32m│[0;33m│   [0m    [0m79/85: StoreTaggedFieldWithWriteBarrier(0x8, mutable, maybe_smi:1) [v76/n82:v-1(=x1), v74/n78:v-1(R)]
[0;31m│[0;32m│[0;33m│   [0m    [0m80/86: StoreTaggedFieldNoWriteBarrier(0xc, mutable) [v76/n82:v-1(R), v40/n32:v-1(R)]
[0;31m│[0;32m│[0;33m│[0;34m╭──────[0m81/87: Jump b13
[0;31m│[0;32m│[0;33m│[0;34m│  [0m
[0;31m│[0;32m│[0;33m╰───►[0mBlock b12
[0;31m│[0;32m│ [0;34m│  [0m    [0m82/89: Throw(ThrowRangeError, has_input=1) [v12/n88:v-1(*)]
[0;31m│[0;32m│ [0;34m│  [0m           │      @98 (5 live vars)
[0;31m│[0;32m│ [0;34m│  [0m           ↳ lazy @11 (4 live vars)
[0;31m│[0;32m│ [0;34m│  [0m
[0;31m│[0;32m│ [0;34m╰──►[0mBlock b13
[0;31m│[0;32m│    [0m[1;34m0x09b80101e415 <SharedFunctionInfo scale> (0x09b80104a3e5 <String[18]: "workloads/mixed.js">:12:20)
[m[0;31m│[0;32m│    [0m[0;34m  26 : a8 1a             JumpIfFalse [26]
[m[0;31m│[0;32m│[0;33m╭───────[0m83/90: BranchIfInt32Compare(LessThan) [v14/n33:v-1(R), v41/n34:v-1(R)] b14 b18
[0;31m│[0;32m│[0;33m│   [0m        ↓
[0;31m│[0;32m│[0;33m│    [0mBlock b14
[0;31m│[0;32m│[0;33m│   [0m[1;34m0x09b80101e415 <SharedFunctionInfo scale> (0x09b80104a3e5 <String[18]: "workloads/mixed.js">:12:51)
[m[0;31m│[0;32m│[0;33m│   [0m[0;34m  30 : 35 03 06          GetKeyedProperty a0, FBV[6]
[m[0;31m│[0;32m│[0;33m│   [0m           ↱ eager @98 (5 live vars)
[0;31m│[0;32m│[0;33m│   [0m           │       @30 (7 live vars)
[0;31m│[0;32m│[0;33m│   [0m    [0m84/91: CheckMaps(0x09b80100cf85 <Map[16](HOLEY_SMI_ELEMENTS)>, no heapobj check) [v37/n25:v-1(R)]
[0;31m│[0;32m│[0;33m│   [0m    [0m85/92: LoadTaggedField(0x8: Elements, decompressed, AnyHeapObject) [v37/n25:v-1(R)] → v-1(R), live range: [85-113]
[0;31m│[0;32m│[0;33m│   [0m           ↱ eager @98 (5 live vars)
[0;31m│[0;32m│[0;33m│   [0m           │       @30 (7 live vars)
[0;31m│[0;32m│[0;33m│   [0m    [0m86/93: CheckInt32Condition[UnsignedLessThan, OutOfBounds] [v14/n33:v-1(R), v41/n34:v-1(R)]
[0;31m│[0;32m│[0;33m│   [0m    [0m87/94: LoadTaggedField(0x8, decompressed) [v85/n92:v-1(R)] → v-1(R), live range: [87-89]
[0;31m│[0;32m│[0;33m│   [0m           ↱ eager @98 (5 live vars)
[0;31m│[0;32m│[0;33m│   [0m           │       @30 (7 live vars)
[0;31m│[0;32m│[0;33m│   [0m    [0m88/95: CheckNotHole [v87/n94:v-1(R)]
[0;31m│[0;32m│[0;33m│   [0m[1;34m0x09b80101e415 <SharedFunctionInfo scale> (0x09b80104a3e5 <String[18]: "workloads/mixed.js">:12:55)
[m[0;31m│[0;32m│[0;33m│   [0m[0;34m  36 : 44 f5 01          Mul r4, EmbeddedFeedback[1]
[m[0;31m│[0;32m│[0;33m│   [0m    [0m89/96: UnsafeSmiUntag [v87/n94:v-1(R)] → v-1(0), live range: [89-90]
[0;31m│[0;32m│[0;33m│   [0m           ↱ eager @98 (5 live vars)
[0;31m│[0;32m│[0;33m│   [0m           │       @30 (7 live vars)
[0;31m│[0;32m│[0;33m│   [0m    [0m90/98: Int32MultiplyWithOverflow [v89/n96:v-1(R), v16/n97:v-1(R)] → v-1(R), live range: [90-92]
[0;31m│[0;32m│[0;33m│   [0m[1;34m0x09b80101e415 <SharedFunctionInfo scale> (0x09b80104a3e5 <String[18]: "workloads/mixed.js">:12:46)
[m[0;31m│[0;32m│[0;33m│   [0m[0;34m  39 : 3c f9 f8 08       SetKeyedProperty r0, r1, FBV[8]
[m[0;31m│[0;32m│[0;33m│   [0m    [0m91/99: LoadTaggedField(0x8: Elements, decompressed, AnyHeapObject) [v76/n82:v-1(R)] → v-1(R), live range: [91-113]
[0;31m│[0;32m│[0;33m│   [0m           ↱ eager @98 (5 live vars)
[0;31m│[0;32m│[0;33m│   [0m           │       @30 (7 live vars)
[0;31m│[0;32m│[0;33m│   [0m   [0m92/100: CheckedSmiTagInt32 [v90/n98:v-1(R)] → v-1(0), live range: [92-97]
[0;31m│[0;32m│[0;33m│   [0m   [0m93/101: LoadTaggedField(0xc: 0x09b800000e39 <String[6]: #length>, compressed, Smi) [v76/n82:v-1(R)] → v-1(R), live range: [93-94]
[0;31m│[0;32m│[0;33m│   [0m   [0m94/102: UnsafeSmiUntag [v93/n101:v-1(R)] → v-1(0), live range: [94-113]
[0;31m│[0;32m│[0;33m│   [0m           ↱ eager @98 (5 live vars)
[0;31m│[0;32m│[0;33m│   [0m           │       @30 (7 live vars)
[0;31m│[0;32m│[0;33m│   [0m   [0m95/103: CheckInt32Condition[UnsignedLessThan, OutOfBounds] [v14/n33:v-1(R), v94/n102:v-1(R)]
[0;31m│[0;32m│[0;33m│   [0m           ↱ eager @98 (5 live vars)
[0;31m│[0;32m│[0;33m│   [0m           │       @30 (7 live vars)
[0;31m│[0;32m│[0;33m│   [0m   [0m96/104: CheckMaps(0x09b8000005dd <Map(FIXED_ARRAY_TYPE)>, no heapobj check) [v91/n99:v-1(R)]
[0;31m│[0;32m│[0;33m│   [0m   [0m97/105: StoreFixedArrayElementNoWriteBarrier [v91/n99:v-1(R), v14/n33:v-1(R), v92/n100:v-1(R)]
[0;31m│[0;32m│[0;33m│   [0m[1;34m0x09b80101e415 <SharedFunctionInfo scale> (0x09b80104a3e5 <String[18]: "workloads/mixed.js">:12:2)
[m[0;31m│[0;32m│[0;33m│   [0m[0;34m  48 : 97 1d 00 0b       JumpLoop [29], [0], FBV[11]
[m[0;31m│[0;32m│[0;33m│   [0m   [0m98/106: HandleNoHeapWritesInterrupt
[0;31m│[0;32m│[0;33m│   [0m           │      @98 (5 live vars)
[0;31m│[0;32m│[0;33m│   [0m           ↳ lazy @48 (6 live vars)
[0;31m│[0;32m│[0;33m│   [0m   [0m99/107: Jump b15
[0;31m│[0;32m│[0;33m│   [0m        │  with gap moves:
[0;31m│[0;32m│[0;33m│   [0m        │    - v15/n43:v-1(*) → 108: φᴵ r1 v-1(*)
[0;31m│[0;32m│[0;33m│   [0m        ▼
[0;31m│[0;32m│[0;33m│[0;34m╭──►[0mBlock b15 peeled (effects:)
[0;31m│[0;32m│[0;33m│[0;34m│  [0m  [0m100/108: φᴵ r1 (n43, n120) → v-1(*), live range: [100-111]
[0;31m│[0;32m│[0;33m│[0;34m│  [0m[0;34m  23 : 79 f8 04          TestLessThan r1, EmbeddedFeedback[4]
[m[0;31m│[0;32m│[0;33m│[0;34m│  [0m           ↱ eager @98 (5 live vars)
[0;31m│[0;32m│[0;33m│[0;34m│  [0m           │       @23 (7 live vars)
[0;31m│[0;32m│[0;33m│[0;34m│  [0m  [0m101/109: CheckedSmiSizedInt32 [v100/n108:v-1(R)] → v-1(0), live range: [101-111]
[0;31m│[0;32m│[0;33m│[0;34m│  [0m[0;34m  26 : a8 1a             JumpIfFalse [26]
[m[0;31m│[0;32m│[0;33m│[0;34m│[0;35m╭───[0m102/111: BranchIfInt32Compare(LessThan) [v101/n109:v-1(R), v41/n34:v-1(R)] b16 b17
[0;31m│[0;32m│[0;33m│[0;34m│[0;35m│ [0m        ↓
[0;31m│[0;32m│[0;33m│[0;34m│[0;35m│  [0mBlock b16
[0;31m│[0;32m│[0;33m│[0;34m│[0;35m│ [0m[0;34m  30 : 35 03 06          GetKeyedProperty a0, FBV[6]
[m[0;31m│[0;32m│[0;33m│[0;34m│[0;35m│ [0m           ↱ eager @98 (5 live vars)
[0;31m│[0;32m│[0;33m│[0;34m│[0;35m│ [0m           │       @23 (7 live vars)
[0;31m│[0;32m│[0;33m│[0;34m│[0;35m│ [0m  [0m103/112: CheckInt32Condition[UnsignedLessThan, OutOfBounds] [v101/n109:v-1(R), v41/n34:v-1(R)]
[0;31m│[0;32m│[0;33m│[0;34m│[0;35m│ [0m  [0m104/113: LoadFixedArrayElement(decompressed), Unknown [v85/n92:v-1(R), v101/n109:v-1(R)] → v-1(R), live range: [104-106]
[0;31m│[0;32m│[0;33m│[0;34m│[0;35m│ [0m           ↱ eager @98 (5 live vars)
[0;31m│[0;32m│[0;33m│[0;34m│[0;35m│ [0m           │       @23 (7 live vars)
[0;31m│[0;32m│[0;33m│[0;34m│[0;35m│ [0m  [0m105/114: CheckNotHole [v104/n113:v-1(R)]
[0;31m│[0;32m│[0;33m│[0;34m│[0;35m│ [0m[0;34m  36 : 44 f5 01          Mul r4, EmbeddedFeedback[1]
[m[0;31m│[0;32m│[0;33m│[0;34m│[0;35m│ [0m  [0m106/115: UnsafeSmiUntag [v104/n113:v-1(R)] → v-1(0), live range: [106-107]
[0;31m│[0;32m│[0;33m│[0;34m│[0;35m│ [0m           ↱ eager @98 (5 live vars)
[0;31m│[0;32m│[0;33m│[0;34m│[0;35m│ [0m           │       @23 (7 live vars)
[0;31m│[0;32m│[0;33m│[0;34m│[0;35m│ [0m  [0m107/116: Int32MultiplyWithOverflow [v106/n115:v-1(R), v16/n97:v-1(R)] → v-1(R), live range: [107-108]
[0;31m│[0;32m│[0;33m│[0;34m│[0;35m│ [0m[0;34m  39 : 3c f9 f8 08       SetKeyedProperty r0, r1, FBV[8]
[m[0;31m│[0;32m│[0;33m│[0;34m│[0;35m│ [0m           ↱ eager @98 (5 live vars)
[0;31m│[0;32m│[0;33m│[0;34m│[0;35m│ [0m           │       @23 (7 live vars)
[0;31m│[0;32m│[0;33m│[0;34m│[0;35m│ [0m  [0m108/117: CheckedSmiTagInt32 [v107/n116:v-1(R)] → v-1(0), live range: [108-110]
[0;31m│[0;32m│[0;33m│[0;34m│[0;35m│ [0m           ↱ eager @98 (5 live vars)
[0;31m│[0;32m│[0;33m│[0;34m│[0;35m│ [0m           │       @23 (7 live vars)
[0;31m│[0;32m│[0;33m│[0;34m│[0;35m│ [0m  [0m109/118: CheckInt32Condition[UnsignedLessThan, OutOfBounds] [v101/n109:v-1(R), v94/n102:v-1(R)]
[0;31m│[0;32m│[0;33m│[0;34m│[0;35m│ [0m  [0m110/119: StoreFixedArrayElementNoWriteBarrier [v91/n99:v-1(R), v101/n109:v-1(R), v108/n117:v-1(R)]
[0;31m│[0;32m│[0;33m│[0;34m│[0;35m│ [0m[0;34m  45 : 5b 0a             Inc FBV[10]
[m[0;31m│[0;32m│[0;33m│[0;34m│[0;35m│ [0m           ↱ eager @98 (5 live vars)
[0;31m│[0;32m│[0;33m│[0;34m│[0;35m│ [0m           │       @45 (6 live vars)
[0;31m│[0;32m│[0;33m│[0;34m│[0;35m│ [0m  [0m111/120: Int32IncrementWithOverflow [v101/n109:v-1(R)] → v-1(R), live range: [111-113]
[0;31m│[0;32m│[0;33m│[0;34m│[0;35m│ [0m[0;34m  48 : 97 1d 00 0b       JumpLoop [29], [0], FBV[11]
[m[0;31m│[0;32m│[0;33m│[0;34m│[0;35m│ [0m  [0m112/121: HandleNoHeapWritesInterrupt
[0;31m│[0;32m│[0;33m│[0;34m│[0;35m│ [0m           │      @98 (5 live vars)
[0;31m│[0;32m│[0;33m│[0;34m│[0;35m│ [0m           ↳ lazy @48 (6 live vars)
[0;31m│[0;32m│[0;33m│[0;34m│[0;35m│ [0m           ↱ eager @98 (5 live vars)
[0;31m│[0;32m│[0;33m│[0;34m│[0;35m│ [0m           │       @45 (6 live vars)
[0;31m│[0;32m│[0;33m│[0;34m╰──◄─[0m113/122: JumpLoop b15
[0;31m│[0;32m│[0;33m│ [0;35m│ [0m           with gap moves:
[0;31m│[0;32m│[0;33m│ [0;35m│ [0m             - v111/n120:v-1(*) → 108: φᴵ r1 v-1(*)
[0;31m│[0;32m│[0;33m│ [0;35m│ [0m
[0;31m│[0;32m│[0;33m│ [0;35m╰─►[0mBlock b17
[0;31m│[0;32m│[0;33m│   [0m[1;34m0x09b80101e415 <SharedFunctionInfo scale> (0x09b80104a3e5 <String[18]: "workloads/mixed.js">:13:2)
[m[0;31m│[0;32m│[0;33m│   [0m[0;34m  52 : 0b f9             Ldar r0
[m[0;31m│[0;32m│[0;33m│[0;34m╭────[0m114/124: Jump b19
[0;31m│[0;32m│[0;33m│[0;34m│  [0m
[0;31m│[0;32m│[0;33m╰───►[0mBlock b18
[0;31m│[0;32m│ [0;34m│  [0m  [0m115/125: Jump b19
[0;31m│[0;32m│ [0;34m│  [0m        ↓
[0;31m│[0;32m│ [0;34m╰──►[0mBlock b19
[0;31m│[0;32m│    [0m[1;34m0x09b80101e3e5 <SharedFunctionInfo sum> (0x09b80104a3e5 <String[18]: "workloads/mixed.js">:4:12)
[m[0;31m│[0;32m│    [0m[0;34m   0 : 0c                LdaZero
[m[0;31m│[0;32m│    [0m  [0m116/126: Jump b20
[0;31m│[0;32m│    [0m        ↓
[0;31m│[0;32m│     [0mBlock b20
[0;31m│[0;32m│    [0m[1;34m0x09b80101e3e5 <SharedFunctionInfo sum> (0x09b80104a3e5 <String[18]: "workloads/mixed.js">:6:26)
[m[0;31m│[0;32m│    [0m[0;34m   4 : 33 03 00 00       GetNamedProperty a0, [0:"length"], FBV[0]
[m[0;31m│[0;32m│    [0m  [0m117/127: LoadTaggedField(0xc: 0x09b800000e39 <String[6]: #length>, compressed, Smi) [v76/n82:v-1(R)] → v-1(R), live range: [117-140]
[0;31m│[0;32m│    [0m[1;34m0x09b80101e3e5 <SharedFunctionInfo sum> (0x09b80104a3e5 <String[18]: "workloads/mixed.js">:6:20)
[m[0;31m│[0;32m│    [0m[0;34m   8 : 79 f8 04          TestLessThan r1, EmbeddedFeedback[4]
[m[0;31m│[0;32m│    [0m  [0m118/128: UnsafeSmiUntag [v117/n127:v-1(R)] → v-1(0), live range: [118-140]
[0;31m│[0;32m│    [0m[0;34m  11 : a8 17             JumpIfFalse [23]
[m[0;31m│[0;32m│[0;33m╭─────[0m119/130: BranchIfInt32Compare(LessThan) [v14/n33:v-1(R), v118/n128:v-1(R)] b21 b25
[0;31m│[0;32m│[0;33m│   [0m        ↓
[0;31m│[0;32m│[0;33m│    [0mBlock b21
[0;31m│[0;32m│[0;33m│   [0m[1;34m0x09b80101e3e5 <SharedFunctionInfo sum> (0x09b80104a3e5 <String[18]: "workloads/mixed.js">:6:47)
[m[0;31m│[0;32m│[0;33m│   [0m[0;34m  15 : 35 03 02          GetKeyedProperty a0, FBV[2]
[m[0;31m│[0;32m│[0;33m│   [0m  [0m120/131: LoadTaggedField(0x8: Elements, decompressed, AnyHeapObject) [v76/n82:v-1(R)] → v-1(R), live range: [120-140]
[0;31m│[0;32m│[0;33m│   [0m           ↱ eager @104 (4 live vars)
[0;31m│[0;32m│[0;33m│   [0m           │       @15 (6 live vars)
[0;31m│[0;32m│[0;33m│   [0m  [0m121/132: CheckInt32Condition[UnsignedLessThan, OutOfBounds] [v14/n33:v-1(R), v118/n128:v-1(R)]
[0;31m│[0;32m│[0;33m│   [0m  [0m122/133: LoadTaggedField(0x8, decompressed) [v120/n131:v-1(R)] → v-1(R), live range: [122-124]
[0;31m│[0;32m│[0;33m│   [0m           ↱ eager @104 (4 live vars)
[0;31m│[0;32m│[0;33m│   [0m           │       @15 (6 live vars)
[0;31m│[0;32m│[0;33m│   [0m  [0m123/134: CheckNotHole [v122/n133:v-1(R)]
[0;31m│[0;32m│[0;33m│   [0m[0;34m  18 : 42 f9 01          Add r0, EmbeddedFeedback[1]
[m[0;31m│[0;32m│[0;33m│   [0m  [0m124/135: UnsafeSmiUntag [v122/n133:v-1(R)] → v-1(0), live range: [124-125]
[0;31m│[0;32m│[0;33m│   [0m           ↱ eager @104 (4 live vars)
[0;31m│[0;32m│[0;33m│   [0m           │       @15 (6 live vars)
[0;31m│[0;32m│[0;33m│   [0m  [0m125/136: Int32AddWithOverflow [v124/n135:v-1(R), v14/n33:v-1(*)] → v-1(R), live range: [125-127]
[0;31m│[0;32m│[0;33m│   [0m[1;34m0x09b80101e3e5 <SharedFunctionInfo sum> (0x09b80104a3e5 <String[18]: "workloads/mixed.js">:6:2)
[m[0;31m│[0;32m│[0;33m│   [0m[0;34m  30 : 97 1a 00 05       JumpLoop [26], [0], FBV[5]
[m[0;31m│[0;32m│[0;33m│   [0m  [0m126/137: HandleNoHeapWritesInterrupt
[0;31m│[0;32m│[0;33m│   [0m           │      @104 (4 live vars)
[0;31m│[0;32m│[0;33m│   [0m           ↳ lazy @30 (5 live vars)
[0;31m│[0;32m│[0;33m│   [0m  [0m127/138: Jump b22
[0;31m│[0;32m│[0;33m│   [0m        │  with gap moves:
[0;31m│[0;32m│[0;33m│   [0m        │    - v125/n136:v-1(*) → 140: φᴵ r0 v-1(*)
[0;31m│[0;32m│[0;33m│   [0m        │    - v15/n43:v-1(*) → 141: φᴵ r1 v-1(*)
[0;31m│[0;32m│[0;33m│   [0m        ▼
[0;31m│[0;32m│[0;33m│[0;34m╭──►[0mBlock b22 peeled (effects:)
[0;31m│[0;32m│[0;33m│[0;34m│  [0m  [0m128/140: φᴵ r0 (n136, n150) → v-1(*), live range: [128-141]
[0;31m│[0;32m│[0;33m│[0;34m│  [0m  [0m129/141: φᴵ r1 (n43, n151) → v-1(*), live range: [129-138]
[0;31m│[0;32m│[0;33m│[0;34m│  [0m[0;34m   8 : 79 f8 04          TestLessThan r1, EmbeddedFeedback[4]
[m[0;31m│[0;32m│[0;33m│[0;34m│  [0m           ↱ eager @104 (4 live vars)
[0;31m│[0;32m│[0;33m│[0;34m│  [0m           │       @8 (6 live vars)
[0;31m│[0;32m│[0;33m│[0;34m│  [0m  [0m130/142: CheckedSmiSizedInt32 [v129/n141:v-1(R)] → v-1(0), live range: [130-138]
[0;31m│[0;32m│[0;33m│[0;34m│  [0m[0;34m  11 : a8 17             JumpIfFalse [23]
[m[0;31m│[0;32m│[0;33m│[0;34m│[0;35m╭───[0m131/144: BranchIfInt32Compare(LessThan) [v130/n142:v-1(R), v118/n128:v-1(R)] b23 b24
[0;31m│[0;32m│[0;33m│[0;34m│[0;35m│ [0m        ↓
[0;31m│[0;32m│[0;33m│[0;34m│[0;35m│  [0mBlock b23
[0;31m│[0;32m│[0;33m│[0;34m│[0;35m│ [0m[0;34m  15 : 35 03 02          GetKeyedProperty a0, FBV[2]
[m[0;31m│[0;32m│[0;33m│[0;34m│[0;35m│ [0m           ↱ eager @104 (4 live vars)
[0;31m│[0;32m│[0;33m│[0;34m│[0;35m│ [0m           │       @8 (6 live vars)
[0;31m│[0;32m│[0;33m│[0;34m│[0;35m│ [0m  [0m132/145: CheckInt32Condition[UnsignedLessThan, OutOfBounds] [v130/n142:v-1(R), v118/n128:v-1(R)]
[0;31m│[0;32m│[0;33m│[0;34m│[0;35m│ [0m  [0m133/146: LoadFixedArrayElement(decompressed), Unknown [v120/n131:v-1(R), v130/n142:v-1(R)] → v-1(R), live range: [133-136]
[0;31m│[0;32m│[0;33m│[0;34m│[0;35m│ [0m           ↱ eager @104 (4 live vars)
[0;31m│[0;32m│[0;33m│[0;34m│[0;35m│ [0m           │       @8 (6 live vars)
[0;31m│[0;32m│[0;33m│[0;34m│[0;35m│ [0m  [0m134/147: CheckNotHole [v133/n146:v-1(R)]
[0;31m│[0;32m│[0;33m│[0;34m│[0;35m│ [0m[0;34m  18 : 42 f9 01          Add r0, EmbeddedFeedback[1]
[m[0;31m│[0;32m│[0;33m│[0;34m│[0;35m│ [0m           ↱ eager @104 (4 live vars)
[0;31m│[0;32m│[0;33m│[0;34m│[0;35m│ [0m           │       @8 (6 live vars)
[0;31m│[0;32m│[0;33m│[0;34m│[0;35m│ [0m  [0m135/148: CheckedSmiSizedInt32 [v128/n140:v-1(R)] → v-1(0), live range: [135-137]
[0;31m│[0;32m│[0;33m│[0;34m│[0;35m│ [0m  [0m136/149: UnsafeSmiUntag [v133/n146:v-1(R)] → v-1(0), live range: [136-137]
[0;31m│[0;32m│[0;33m│[0;34m│[0;35m│ [0m           ↱ eager @104 (4 live vars)
[0;31m│[0;32m│[0;33m│[0;34m│[0;35m│ [0m           │       @8 (6 live vars)
[0;31m│[0;32m│[0;33m│[0;34m│[0;35m│ [0m  [0m137/150: Int32AddWithOverflow [v135/n148:v-1(R), v136/n149:v-1(R)] → v-1(R), live range: [137-140]
[0;31m│[0;32m│[0;33m│[0;34m│[0;35m│ [0m[0;34m  27 : 5b 04             Inc FBV[4]
[m[0;31m│[0;32m│[0;33m│[0;34m│[0;35m│ [0m           ↱ eager @104 (4 live vars)
[0;31m│[0;32m│[0;33m│[0;34m│[0;35m│ [0m           │       @8 (6 live vars)
[0;31m│[0;32m│[0;33m│[0;34m│[0;35m│ [0m  [0m138/151: Int32IncrementWithOverflow [v130/n142:v-1(R)] → v-1(R), live range: [138-140]
[0;31m│[0;32m│[0;33m│[0;34m│[0;35m│ [0m[0;34m  30 : 97 1a 00 05       JumpLoop [26], [0], FBV[5]
[m[0;31m│[0;32m│[0;33m│[0;34m│[0;35m│ [0m  [0m139/152: HandleNoHeapWritesInterrupt
[0;31m│[0;32m│[0;33m│[0;34m│[0;35m│ [0m           │      @104 (4 live vars)
[0;31m│[0;32m│[0;33m│[0;34m│[0;35m│ [0m           ↳ lazy @30 (5 live vars)
[0;31m│[0;32m│[0;33m│[0;34m│[0;35m│ [0m           ↱ eager @104 (4 live vars)
[0;31m│[0;32m│[0;33m│[0;34m│[0;35m│ [0m           │       @8 (6 live vars)
[0;31m│[0;32m│[0;33m│[0;34m╰──◄─[0m140/153: JumpLoop b22
[0;31m│[0;32m│[0;33m│ [0;35m│ [0m           with gap moves:
[0;31m│[0;32m│[0;33m│ [0;35m│ [0m             - v137/n150:v-1(*) → 140: φᴵ r0 v-1(*)
[0;31m│[0;32m│[0;33m│ [0;35m│ [0m             - v138/n151:v-1(*) → 141: φᴵ r1 v-1(*)
[0;31m│[0;32m│[0;33m│ [0;35m│ [0m
[0;31m│[0;32m│[0;33m│ [0;35m╰─►[0mBlock b24
[0;31m│[0;32m│[0;33m│   [0m[1;34m0x09b80101e3e5 <SharedFunctionInfo sum> (0x09b80104a3e5 <String[18]: "workloads/mixed.js">:7:2)
[m[0;31m│[0;32m│[0;33m│   [0m[0;34m  34 : 0b f9             Ldar r0
[m[0;31m│[0;32m│[0;33m│[0;34m╭────[0m141/156: Jump b26
[0;31m│[0;32m│[0;33m│[0;34m│  [0m           with gap moves:
[0;31m│[0;32m│[0;33m│[0;34m│  [0m             - v128/n140:v-1(*) → 158: φᴵ r0 v-1(*)
[0;31m│[0;32m│[0;33m│[0;34m│  [0m
[0;31m│[0;32m│[0;33m╰───►[0mBlock b25
[0;31m│[0;32m│ [0;34m│  [0m  [0m142/157: Jump b26
[0;31m│[0;32m│ [0;34m│  [0m        │  with gap moves:
[0;31m│[0;32m│ [0;34m│  [0m        │    - v14/n33:v-1(*) → 158: φᴵ r0 v-1(*)
[0;31m│[0;32m│ [0;34m│  [0m        ▼
[0;31m│[0;32m│ [0;34m╰──►[0mBlock b26
[0;31m│[0;32m│    [0m  [0m143/158: φᴵ r0 (n33, n140) → v-1(*), live range: [143-145]
[0;31m│[0;32m│    [0m[1;34m0x09b80101e365 <SharedFunctionInfo> (0x09b80104a3e5 <String[18]: "workloads/mixed.js">:27:9)
[m[0;31m│[0;32m│    [0m[0;34m 108 : 42 f5 01          Add r4, EmbeddedFeedback[1]
[m[0;31m│[0;32m│    [0m           ↱ eager @108 (5 live vars)
[0;31m│[0;32m│    [0m  [0m144/159: CheckedSmiSizedInt32 [v143/n158:v-1(R)] → v-1(0), live range: [144-145]
[0;31m│[0;32m│    [0m           ↱ eager @108 (5 live vars)
[0;31m│[0;32m│    [0m  [0m145/160: Int32AddWithOverflow [v69/n70:v-1(R), v144/n159:v-1(R)] → v-1(R), live range: [145-156]
[0;31m│[0;32m│    [0m[1;34m0x09b80101e365 <SharedFunctionInfo> (0x09b80104a3e5 <String[18]: "workloads/mixed.js">:27:6)
[m[0;31m│[0;32m│    [0m[0;34m 111 : 29 03             StaCurrentContextSlot [3]
[m[0;31m│[0;32m│    [0m  [0m146/161: Int32ToNumber[kCanonicalizeSmi] [v145/n160:v-1(R)] → v-1(R), live range: [146-147]
[0;31m│[0;32m│    [0m  [0m147/162: StoreContextSlotWithWriteBarrier(3, mutable) [v26/n2:v-1(=x1), v146/n161:v-1(R)]
[0;31m│[0;32m│    [0m           ↳ lazy @111 (3 live vars)
[0;31m│[0;32m│    [0m[1;34m0x09b80101e365 <SharedFunctionInfo> (0x09b80104a3e5 <String[18]: "workloads/mixed.js">:29:26)
[m[0;31m│[0;32m│    [0m[0;34m 133 : 53 07 01          ModSmi [7], EmbeddedFeedback[1]
[m[0;31m│[0;32m│    [0m           ↱ eager @133 (7 live vars)
[0;31m│[0;32m│    [0m  [0m148/167: Int32ModulusWithOverflow [v34/n17:v-1(R), v18/n166:v-1(R)] → v-1(R), live range: [148-182]
[0;31m│[0;32m│    [0m[1;34m0x09b80101e365 <SharedFunctionInfo> (0x09b80104a3e5 <String[18]: "workloads/mixed.js">:29:30)
[m[0;31m│[0;32m│    [0m[0;34m 142 : a8 09             JumpIfFalse [9]
[m[0;31m│[0;32m│[0;33m╭─────[0m149/171: BranchIfInt32Compare(StrictEqual) [v148/n167:v-1(R), v17/n169:v-1(R)] b27 b28
[0;31m│[0;32m│[0;33m│   [0m        ↓
[0;31m│[0;32m│[0;33m│    [0mBlock b27
[0;31m│[0;32m│[0;33m│   [0m[1;34m0x09b80101e365 <SharedFunctionInfo> (0x09b80104a3e5 <String[18]: "workloads/mixed.js">:29:40)
[m[0;31m│[0;32m│[0;33m│   [0m[0;34m 149 : 98 04             Jump [4]
[m[0;31m│[0;32m│[0;33m│[0;34m╭────[0m150/175: Jump b29
[0;31m│[0;32m│[0;33m│[0;34m│  [0m           with gap moves:
[0;31m│[0;32m│[0;33m│[0;34m│  [0m             - v22/n174:v-1(*) → 178: φᶠ <accumulator> v-1(*)
[0;31m│[0;32m│[0;33m│[0;34m│  [0m
[0;31m│[0;32m│[0;33m╰───►[0mBlock b28
[0;31m│[0;32m│ [0;34m│  [0m[0;34m 153 : cf                Star6
[m[0;31m│[0;32m│ [0;34m│  [0m  [0m151/176: Jump b29
[0;31m│[0;32m│ [0;34m│  [0m        │  with gap moves:
[0;31m│[0;32m│ [0;34m│  [0m        │    - v21/n173:v-1(*) → 178: φᶠ <accumulator> v-1(*)
[0;31m│[0;32m│ [0;34m│  [0m        ▼
[0;31m│[0;32m│ [0;34m╰──►[0mBlock b29
[0;31m│[0;32m│    [0m  [0m152/178: φᶠ <accumulator> (n174, n173) → v-1(*), live range: [152-154]
[0;31m│[0;32m│    [0m[1;34m0x09b80101e445 <SharedFunctionInfo flipflop> (0x09b80104a3e5 <String[18]: "workloads/mixed.js">:17:17)
[m[0;31m│[0;32m│    [0m[0;34m   0 : 0b 03             Ldar a0
[m[0;31m│[0;32m│    [0m  [0m153/179: Jump b30
[0;31m│[0;32m│    [0m        ↓
[0;31m│[0;32m│     [0mBlock b30
[0;31m│[0;32m│    [0m[1;34m0x09b80101e445 <SharedFunctionInfo flipflop> (0x09b80104a3e5 <String[18]: "workloads/mixed.js">:18:11)
[m[0;31m│[0;32m│    [0m[0;34m   2 : 51 02 04          MulSmi [2], EmbeddedFeedback[4]
[m[0;31m│[0;32m│    [0m  [0m154/182: Float64Multiply [v152/n178:v-1(R), v24/n181:v-1(R)] → v-1(R), live range: [154-155]
[0;31m│[0;32m│    [0m[1;34m0x09b80101e445 <SharedFunctionInfo flipflop> (0x09b80104a3e5 <String[18]: "workloads/mixed.js">:18:15)
[m[0;31m│[0;32m│    [0m[0;34m   5 : 4f 01 03          AddSmi [1], EmbeddedFeedback[3]
[m[0;31m│[0;32m│    [0m  [0m155/184: Float64Add [v154/n182:v-1(R), v23/n183:v-1(R)] → v-1(R), live range: [155-157]
[0;31m│[0;32m│    [0m[1;34m0x09b80101e365 <SharedFunctionInfo> (0x09b80104a3e5 <String[18]: "workloads/mixed.js">:29:11)
[m[0;31m│[0;32m│    [0m[0;34m 158 : 42 f5 03          Add r4, EmbeddedFeedback[3]
[m[0;31m│[0;32m│    [0m  [0m156/185: ChangeInt32ToFloat64 [v145/n160:v-1(R)] → v-1(R), live range: [156-157]
[0;31m│[0;32m│    [0m  [0m157/186: Float64Add [v155/n184:v-1(R), v156/n185:v-1(R)] → v-1(R), live range: [157-158]
[0;31m│[0;32m│    [0m[1;34m0x09b80101e365 <SharedFunctionInfo> (0x09b80104a3e5 <String[18]: "workloads/mixed.js">:29:8)
[m[0;31m│[0;32m│    [0m[0;34m 161 : 29 03             StaCurrentContextSlot [3]
[m[0;31m│[0;32m│    [0m  [0m158/187: Float64ToTagged[kCanonicalizeSmi] [v157/n186:v-1(R)] → v-1(R), live range: [158-159]
[0;31m│[0;32m│    [0m  [0m159/188: StoreContextSlotWithWriteBarrier(3, mutable) [v26/n2:v-1(=x1), v158/n187:v-1(R)]
[0;31m│[0;32m│    [0m           ↳ lazy @161 (4 live vars)
[0;31m│[0;32m│    [0m[1;34m0x09b80101e365 <SharedFunctionInfo> (0x09b80104a3e5 <String[18]: "workloads/mixed.js">:28:2)
[m[0;31m│[0;32m│    [0m[0;34m 168 : 97 35 01 17       JumpLoop [53], [1], FBV[23]
[m[0;31m│[0;32m│    [0m  [0m160/190: ReduceInterruptBudgetForLoop(42) [v1/n189:v-1(R)]
[0;31m│[0;32m│    [0m           ↳ lazy @168 (4 live vars)
[0;31m│[0;32m│    [0m  [0m161/191: Jump b31
[0;31m│[0;32m│    [0m        │  with gap moves:
[0;31m│[0;32m│    [0m        │    - v15/n43:v-1(*) → 192: φᴵ r2 v-1(*)
[0;31m│[0;32m│    [0m        ▼
[0;31m│[0;32m│[0;33m╭───►[0mBlock b31 peeled (effects: c1)
[0;31m│[0;32m│[0;33m│   [0m  [0m162/192: φᴵ r2 (n43, n212) → v-1(*), live range: [162-180]
[0;31m│[0;32m│[0;33m│   [0m[0;34m 119 : 79 f7 04          TestLessThan r2, EmbeddedFeedback[4]
[m[0;31m│[0;32m│[0;33m│   [0m           ↱ eager @119 (5 live vars)
[0;31m│[0;32m│[0;33m│   [0m  [0m163/193: CheckedSmiSizedInt32 [v162/n192:v-1(R)] → v-1(0), live range: [163-180]
[0;31m│[0;32m│[0;33m│   [0m[0;34m 122 : a8 32             JumpIfFalse [50]
[m[0;31m│[0;32m│[0;33m│[0;34m╭────[0m164/195: BranchIfInt32Compare(LessThan) [v163/n193:v-1(R), v19/n164:v-1(R)] b32 b37
[0;31m│[0;32m│[0;33m│[0;34m│  [0m        ↓
[0;31m│[0;32m│[0;33m│[0;34m│   [0mBlock b32
[0;31m│[0;32m│[0;33m│[0;34m│  [0m[0;34m 124 : 18 03             LdaCurrentContextSlot [3]
[m[0;31m│[0;32m│[0;33m│[0;34m│  [0m  [0m165/196: LoadContextSlot(0x14, mutable) [v26/n2:v-1(R)] → v-1(R), live range: [165-176]
[0;31m│[0;32m│[0;33m│[0;34m│  [0m[0;34m 142 : a8 09             JumpIfFalse [9]
[m[0;31m│[0;32m│[0;33m│[0;34m│[0;35m╭───[0m166/197: BranchIfInt32Compare(StrictEqual) [v148/n167:v-1(R), v17/n169:v-1(R)] b33 b34
[0;31m│[0;32m│[0;33m│[0;34m│[0;35m│ [0m        ↓
[0;31m│[0;32m│[0;33m│[0;34m│[0;35m│  [0mBlock b33
[0;31m│[0;32m│[0;33m│[0;34m│[0;35m│ [0m[0;34m 146 : 42 f7 04          Add r2, EmbeddedFeedback[4]
[m[0;31m│[0;32m│[0;33m│[0;34m│[0;35m│ [0m  [0m167/198: ChangeInt32ToFloat64 [v163/n193:v-1(R)] → v-1(R), live range: [167-168]
[0;31m│[0;32m│[0;33m│[0;34m│[0;35m│ [0m  [0m168/199: Float64Add [v167/n198:v-1(R), v22/n174:v-1(R)] → v-1(R), live range: [168-169]
[0;31m│[0;32m│[0;33m│[0;34m│[0;35m│ [0m[0;34m 149 : 98 04             Jump [4]
[m[0;31m│[0;32m│[0;33m│[0;34m│[0;35m│[0;36m╭──[0m169/200: Jump b35
[0;31m│[0;32m│[0;33m│[0;34m│[0;35m│[0;36m│[0m           with gap moves:
[0;31m│[0;32m│[0;33m│[0;34m│[0;35m│[0;36m│[0m             - v168/n199:v-1(*) → 203: φᶠ <accumulator> v-1(*)
[0;31m│[0;32m│[0;33m│[0;34m│[0;35m│[0;36m│[0m
[0;31m│[0;32m│[0;33m│[0;34m│[0;35m╰─►[0mBlock b34
[0;31m│[0;32m│[0;33m│[0;34m│ [0;36m│[0m  [0m170/223: ChangeInt32ToFloat64 [v162/n192:v-1(R)] → v-1(R), live range: [170-171]
[0;31m│[0;32m│[0;33m│[0;34m│ [0;36m│[0m[0;34m 153 : cf                Star6
[m[0;31m│[0;32m│[0;33m│[0;34m│ [0;36m│[0m  [0m171/201: Jump b35
[0;31m│[0;32m│[0;33m│[0;34m│ [0;36m│[0m        │  with gap moves:
[0;31m│[0;32m│[0;33m│[0;34m│ [0;36m│[0m        │    - v170/n223:v-1(*) → 203: φᶠ <accumulator> v-1(*)
[0;31m│[0;32m│[0;33m│[0;34m│ [0;36m│[0m        ▼
[0;31m│[0;32m│[0;33m│[0;34m│ [0;36m╰►[0mBlock b35
[0;31m│[0;32m│[0;33m│[0;34m│  [0m  [0m172/203: φᶠ <accumulator> (n199, n223) → v-1(*), live range: [172-174]
[0;31m│[0;32m│[0;33m│[0;34m│  [0m[1;34m0x09b80101e445 <SharedFunctionInfo flipflop> (0x09b80104a3e5 <String[18]: "workloads/mixed.js">:17:17)
[m[0;31m│[0;32m│[0;33m│[0;34m│  [0m[0;34m   0 : 0b 03             Ldar a0
[m[0;31m│[0;32m│[0;33m│[0;34m│  [0m  [0m173/204: Jump b36
[0;31m│[0;32m│[0;33m│[0;34m│  [0m        ↓
[0;31m│[0;32m│[0;33m│[0;34m│   [0mBlock b36
[0;31m│[0;32m│[0;33m│[0;34m│  [0m[1;34m0x09b80101e445 <SharedFunctionInfo flipflop> (0x09b80104a3e5 <String[18]: "workloads/mixed.js">:18:11)
[m[0;31m│[0;32m│[0;33m│[0;34m│  [0m[0;34m   2 : 51 02 04          MulSmi [2], EmbeddedFeedback[4]
[m[0;31m│[0;32m│[0;33m│[0;34m│  [0m  [0m174/206: Float64Multiply [v172/n203:v-1(R), v24/n181:v-1(R)] → v-1(R), live range: [174-175]
[0;31m│[0;32m│[0;33m│[0;34m│  [0m[1;34m0x09b80101e445 <SharedFunctionInfo flipflop> (0x09b80104a3e5 <String[18]: "workloads/mixed.js">:18:15)
[m[0;31m│[0;32m│[0;33m│[0;34m│  [0m[0;34m   5 : 4f 01 03          AddSmi [1], EmbeddedFeedback[3]
[m[0;31m│[0;32m│[0;33m│[0;34m│  [0m  [0m175/207: Float64Add [v174/n206:v-1(R), v23/n183:v-1(R)] → v-1(R), live range: [175-177]
[0;31m│[0;32m│[0;33m│[0;34m│  [0m[1;34m0x09b80101e365 <SharedFunctionInfo> (0x09b80104a3e5 <String[18]: "workloads/mixed.js">:28:2)
[m[0;31m│[0;32m│[0;33m│[0;34m│  [0m[0;34m 158 : 42 f5 03          Add r4, EmbeddedFeedback[3]
[m[0;31m│[0;32m│[0;33m│[0;34m│  [0m           ↱ eager @158 (6 live vars)
[0;31m│[0;32m│[0;33m│[0;34m│  [0m  [0m176/208: CheckedNumberToFloat64 [v165/n196:v-1(R)] → v-1(R), live range: [176-177]
[0;31m│[0;32m│[0;33m│[0;34m│  [0m  [0m177/209: Float64Add [v175/n207:v-1(R), v176/n208:v-1(R)] → v-1(R), live range: [177-178]
[0;31m│[0;32m│[0;33m│[0;34m│  [0m[0;34m 161 : 29 03             StaCurrentContextSlot [3]
[m[0;31m│[0;32m│[0;33m│[0;34m│  [0m  [0m178/210: Float64ToTagged[kCanonicalizeSmi] [v177/n209:v-1(R)] → v-1(R), live range: [178-179]
[0;31m│[0;32m│[0;33m│[0;34m│  [0m  [0m179/211: StoreContextSlotWithWriteBarrier(3, mutable) [v26/n2:v-1(=x1), v178/n210:v-1(R)]
[0;31m│[0;32m│[0;33m│[0;34m│  [0m           ↳ lazy @161 (4 live vars)
[0;31m│[0;32m│[0;33m│[0;34m│  [0m[0;34m 165 : 5b 16             Inc FBV[22]
[m[0;31m│[0;32m│[0;33m│[0;34m│  [0m           ↱ eager @165 (4 live vars)
[0;31m│[0;32m│[0;33m│[0;34m│  [0m  [0m180/212: Int32IncrementWithOverflow [v163/n193:v-1(R)] → v-1(R), live range: [180-182]
[0;31m│[0;32m│[0;33m│[0;34m│  [0m[0;34m 168 : 97 35 01 17       JumpLoop [53], [1], FBV[23]
[m[0;31m│[0;32m│[0;33m│[0;34m│  [0m  [0m181/213: ReduceInterruptBudgetForLoop(42) [v1/n189:v-1(R)]
[0;31m│[0;32m│[0;33m│[0;34m│  [0m           ↳ lazy @168 (4 live vars)
[0;31m│[0;32m│[0;33m│[0;34m│  [0m           ↱ eager @165 (4 live vars)
[0;31m│[0;32m│[0;33m╰───◄─[0m182/214: JumpLoop b31
[0;31m│[0;32m│ [0;34m│  [0m           with gap moves:
[0;31m│[0;32m│ [0;34m│  [0m             - v180/n212:v-1(*) → 192: φᴵ r2 v-1(*)
[0;31m│[0;32m│ [0;34m│  [0m
[0;31m│[0;32m│ [0;34m╰──►[0mBlock b37
[0;31m│[0;32m│    [0m[1;34m0x09b80101e365 <SharedFunctionInfo> (0x09b80104a3e5 <String[18]: "workloads/mixed.js">:25:38)
[m[0;31m│[0;32m│    [0m[0;34m 174 : 5b 19             Inc FBV[25]
[m[0;31m│[0;32m│    [0m           ↱ eager @174 (3 live vars)
[0;31m│[0;32m│    [0m  [0m183/216: Int32IncrementWithOverflow [v34/n17:v-1(R)] → v-1(R), live range: [183-185]
[0;31m│[0;32m│    [0m[1;34m0x09b80101e365 <SharedFunctionInfo> (0x09b80104a3e5 <String[18]: "workloads/mixed.js">:25:0)
[m[0;31m│[0;32m│    [0m[0;34m 177 : 97 7c 00 1a       JumpLoop [124], [0], FBV[26]
[m[0;31m│[0;32m│    [0m  [0m184/217: ReduceInterruptBudgetForLoop(99) [v1/n189:v-1(R)]
[0;31m│[0;32m│    [0m           ↳ lazy @177 (3 live vars)
[0;31m│[0;32m│    [0m           ↱ eager @174 (3 live vars)
[0;31m╰─────◄─[0m185/218: JumpLoop b1
 [0;32m│    [0m           with gap moves:
 [0;32m│    [0m             - v183/n216:v-1(*) → 15: φᴵ r1 v-1(*)
 [0;32m│    [0m
 [0;32m╰────►[0mBlock b38
      [0m[1;34m0x09b80101e365 <SharedFunctionInfo> (0x09b80104a3e5 <String[18]: "workloads/mixed.js">:32:0)
[m      [0m[0;34m 181 : 23 06 1c          LdaGlobal [6:"print"], FBV[28]
[m      [0m           ↱ eager @181 (2 live vars)
      [0m  [0m186/220: Deopt(Insufficient type feedback for generic global access)
      [0m

----- Register allocation -----
Graph

      [0m    [0m1/189: HeapConstant(0x09b80101e505 <FeedbackCell[one closure]>) → v-1, live range: [1-185]
      [0m     [0m2/73: HeapConstant(0x09b80101e561 <JSFunction scale (sfi = 0x9b80101e415)>) → v-1, live range: [2-185]
      [0m     [0m3/76: HeapConstant(0x09b80100c85d <JSFunction Array (sfi = 0x9b8001db2bd)>) → v-1, live range: [3-185]
      [0m     [0m4/24: HeapConstant(0x09b80101e52d <JSFunction sum (sfi = 0x9b80101e3e5)>) → v-1, live range: [4-185]
      [0m     [0m5/27: HeapConstant(0x09b80101e515 <ScriptContext[4]>) → v-1, live range: [5-185]
      [0m     [0m6/28: HeapConstant(0x09b801004999 <JSGlobalProxy>) → v-1, live range: [6-185]
      [0m    [0m7/165: HeapConstant(0x09b80101e595 <JSFunction flipflop (sfi = 0x9b80101e445)>) → v-1, live range: [7-185]
      [0m     [0m8/80: RootConstant(empty_fixed_array) → v-1, live range: [8-185]
      [0m     [0m9/30: SmiConstant(0) → v-1, live range: [9-185]
      [0m    [0m10/74: SmiConstant(3) → v-1, live range: [10-185]
      [0m   [0m11/163: SmiConstant(200) → v-1, live range: [11-185]
      [0m    [0m12/88: SmiConstant(247) → v-1, live range: [12-185]
      [0m    [0m13/16: SmiConstant(400) → v-1, live range: [13-185]
      [0m    [0m14/33: Int32Constant(0) → v-1, live range: [14-185]
      [0m    [0m15/43: Int32Constant(1) → v-1, live range: [15-185]
      [0m    [0m16/97: Int32Constant(3) → v-1, live range: [16-185]
      [0m   [0m17/169: Int32Constant(6) → v-1, live range: [17-185]
      [0m   [0m18/166: Int32Constant(7) → v-1, live range: [18-185]
      [0m   [0m19/164: Int32Constant(200) → v-1, live range: [19-185]
      [0m    [0m20/18: Int32Constant(400) → v-1, live range: [20-185]
      [0m   [0m21/173: Float64Constant(0) → v-1, live range: [21-185]
      [0m   [0m22/174: Float64Constant(0.5) → v-1, live range: [22-185]
      [0m   [0m23/183: Float64Constant(1) → v-1, live range: [23-185]
      [0m   [0m24/181: Float64Constant(2) → v-1, live range: [24-185]
       [0mBlock b0
      [0m[1;34m0x09b80101e365 <SharedFunctionInfo> (0x09b80104a3e5 <String[18]: "workloads/mixed.js">:0:0)
[m      [0m[0;34m  53 : 00 0d 90 01       LdaSmi.Wide [400]
[m      [0m     [0m25/1: InitialValue(<this>) → [stack:-6|t], live range: [25-186]
      [0m     [0m26/2: InitialValue(<context>) → [stack:-3|t], live range: [26-186]
      [0m     [0m27/3: InitialValue(<closure>) → [stack:-2|t], live range: [27-186]
      [0m     [0m28/5: InitialValue(r1) → [stack:4|t], live range: [28-31]
      [0m    [0m29/13: FunctionEntryStackCheck
      [0m           ↳ lazy @177 (3 live vars)
      [0m      [0m224: GapMove([stack:4|t] → [x0|R|t])
      [0m           ↱ eager @177 (3 live vars)
      [0m   [0m30/221: CheckedNumberToFloat64 [v28/n5:[x0|R|t]] → [v0|R|f64], live range: [30-31]
      [0m           ↱ eager @177 (3 live vars)
      [0m   [0m31/222: CheckedFloat64ToInt32 [v30/n221:[v0|R|f64]] → [x0|R|w32], live range: [31-32]
      [0m      [0m225: ConstantGapMove(n33 → [x1|R|w32])
      [0m      [0m226: GapMove([stack:-3|t] → [x2|R|t])
      [0m           ↱ eager @177 (3 live vars)
      [0m    [0m32/14: CheckpointedJump b1
      [0m        │  with gap moves:
      [0m        │    - v31/n222:[x0|R|w32] → 15: φᴵ r1 [x0|R|w32]
      [0m        │  with register merges:
      [0m        │    - [x1|R|t] → x1
      [0m        ▼
[0;31m╭─────►[0mBlock b1 (effects: c1)
[0;31m│     [0m    [0m33/15: φᴵ r1 (n222, n216) → [x0|R|w32] (spilled: [stack:0|w32]), live range: [33-183]
[0;31m│     [0m      [0m227: GapMove([x0|R|w32] → [x3|R|w32])
[0;31m│     [0m[1;34m0x09b80101e365 <SharedFunctionInfo> (0x09b80104a3e5 <String[18]: "workloads/mixed.js">:25:26)
[m[0;31m│     [0m[0;34m  57 : 79 f8 04          TestLessThan r1, EmbeddedFeedback[4]
[m[0;31m│     [0m           ↱ eager @57 (4 live vars)
[0;31m│     [0m    [0m34/17: CheckedSmiSizedInt32 [v33/n15:[x0|R|w32]] → [x0|R|w32] (spilled: [stack:4|w32]), live range: [34-183]
[0;31m│     [0m      [0m228: ConstantGapMove(n18 → [x4|R|w32])
[0;31m│     [0m[0;34m  60 : a8 79             JumpIfFalse [121]
[m[0;31m│[0;32m╭────────[0m35/20: BranchIfInt32Compare(LessThan) [v34/n17:[x0|R|w32], v20/n18:[x4|R|w32]] b2 b38
[0;31m│[0;32m│    [0m        ↓
[0;31m│[0;32m│     [0mBlock b2
[0;31m│[0;32m│    [0m[1;34m0x09b80101e365 <SharedFunctionInfo> (0x09b80104a3e5 <String[18]: "workloads/mixed.js">:26:2)
[m[0;31m│[0;32m│    [0m[0;34m  62 : 18 03             LdaCurrentContextSlot [3]
[m[0;31m│[0;32m│    [0m    [0m36/23: LoadContextSlot(0x14, mutable) [v26/n2:[x2|R|t]] → [x7|R|t] (spilled: [stack:4|t]), live range: [36-69]
[0;31m│[0;32m│    [0m[0;34m  69 : 19 02             LdaImmutableCurrentContextSlot [2]
[m[0;31m│[0;32m│    [0m    [0m37/25: LoadContextSlotNoCells(0x10, constant) [v26/n2:[x2|R|t]] → [x5|R|t] (spilled: [stack:3|t]), live range: [37-113]
[0;31m│[0;32m│    [0m[1;34m0x09b80101e3e5 <SharedFunctionInfo sum> (0x09b80104a3e5 <String[18]: "workloads/mixed.js">:4:12)
[m[0;31m│[0;32m│    [0m[0;34m   0 : 0c                LdaZero
[m[0;31m│[0;32m│    [0m    [0m38/29: Jump b3
[0;31m│[0;32m│    [0m        ↓
[0;31m│[0;32m│     [0mBlock b3
[0;31m│[0;32m│    [0m[1;34m0x09b80101e3e5 <SharedFunctionInfo sum> (0x09b80104a3e5 <String[18]: "workloads/mixed.js">:6:26)
[m[0;31m│[0;32m│    [0m[0;34m   4 : 33 03 00 00       GetNamedProperty a0, [0:"length"], FBV[0]
[m[0;31m│[0;32m│    [0m           ↱ eager @72 (4 live vars)
[0;31m│[0;32m│    [0m           │       @4 (5 live vars)
[0;31m│[0;32m│    [0m    [0m39/31: CheckMaps(0x09b80100cf85 <Map[16](HOLEY_SMI_ELEMENTS)>, 0x09b80100c90d <Map[16](PACKED_SMI_ELEMENTS)>, check heapobj) [v37/n25:[x5|R|t]]
[0;31m│[0;32m│    [0m    [0m40/32: LoadTaggedField(0xc: 0x09b800000e39 <String[6]: #length>, compressed, Smi) [v37/n25:[x5|R|t]] → [x6|R|t] (spilled: [stack:2|t]), live range: [40-113]
[0;31m│[0;32m│    [0m      [0m229: GapMove([x6|R|t] → [x8|R|t])
[0;31m│[0;32m│    [0m[1;34m0x09b80101e3e5 <SharedFunctionInfo sum> (0x09b80104a3e5 <String[18]: "workloads/mixed.js">:6:20)
[m[0;31m│[0;32m│    [0m[0;34m   8 : 79 f8 04          TestLessThan r1, EmbeddedFeedback[4]
[m[0;31m│[0;32m│    [0m    [0m41/34: UnsafeSmiUntag [v40/n32:[x6|R|t]] → [x6|R|w32] (spilled: [stack:5|w32]), live range: [41-113]
[0;31m│[0;32m│    [0m[0;34m  11 : a8 17             JumpIfFalse [23]
[m[0;31m│[0;32m│[0;33m╭───────[0m42/36: BranchIfInt32Compare(LessThan) [v14/n33:[x1|R|w32], v41/n34:[x6|R|w32]] b4 b8
[0;31m│[0;32m│[0;33m│   [0m        ↓
[0;31m│[0;32m│[0;33m│    [0mBlock b4
[0;31m│[0;32m│[0;33m│   [0m[1;34m0x09b80101e3e5 <SharedFunctionInfo sum> (0x09b80104a3e5 <String[18]: "workloads/mixed.js">:6:47)
[m[0;31m│[0;32m│[0;33m│   [0m[0;34m  15 : 35 03 02          GetKeyedProperty a0, FBV[2]
[m[0;31m│[0;32m│[0;33m│   [0m    [0m43/37: LoadTaggedField(0x8: Elements, decompressed, AnyHeapObject) [v37/n25:[x5|R|t]] → [x9|R|t], live range: [43-63]
[0;31m│[0;32m│[0;33m│   [0m           ↱ eager @72 (4 live vars)
[0;31m│[0;32m│[0;33m│   [0m           │       @4 (5 live vars)
[0;31m│[0;32m│[0;33m│   [0m    [0m44/38: CheckInt32Condition[UnsignedLessThan, OutOfBounds] [v14/n33:[x1|R|w32], v41/n34:[x6|R|w32]]
[0;31m│[0;32m│[0;33m│   [0m    [0m45/39: LoadTaggedField(0x8, decompressed) [v43/n37:[x9|R|t]] → [x10|R|t], live range: [45-47]
[0;31m│[0;32m│[0;33m│   [0m           ↱ eager @72 (4 live vars)
[0;31m│[0;32m│[0;33m│   [0m           │       @4 (5 live vars)
[0;31m│[0;32m│[0;33m│   [0m    [0m46/40: CheckNotHole [v45/n39:[x10|R|t]]
[0;31m│[0;32m│[0;33m│   [0m[0;34m  18 : 42 f9 01          Add r0, EmbeddedFeedback[1]
[m[0;31m│[0;32m│[0;33m│   [0m    [0m47/41: UnsafeSmiUntag [v45/n39:[x10|R|t]] → [x10|R|w32], live range: [47-48]
[0;31m│[0;32m│[0;33m│   [0m           ↱ eager @72 (4 live vars)
[0;31m│[0;32m│[0;33m│   [0m           │       @4 (5 live vars)
[0;31m│[0;32m│[0;33m│   [0m    [0m48/42: Int32AddWithOverflow [v47/n41:[x10|R|w32], v14/n33:[x1|R|w32]] → [x11|R|w32] (spilled: [stack:1|w32]), live range: [48-50]
[0;31m│[0;32m│[0;33m│   [0m[1;34m0x09b80101e3e5 <SharedFunctionInfo sum> (0x09b80104a3e5 <String[18]: "workloads/mixed.js">:6:2)
[m[0;31m│[0;32m│[0;33m│   [0m[0;34m  30 : 97 1a 00 05       JumpLoop [26], [0], FBV[5]
[m[0;31m│[0;32m│[0;33m│   [0m    [0m49/44: HandleNoHeapWritesInterrupt
[0;31m│[0;32m│[0;33m│   [0m           │      @72 (4 live vars)
[0;31m│[0;32m│[0;33m│   [0m           ↳ lazy @30 (5 live vars)
[0;31m│[0;32m│[0;33m│   [0m    [0m50/46: Jump b5
[0;31m│[0;32m│[0;33m│   [0m        │  with gap moves:
[0;31m│[0;32m│[0;33m│   [0m        │    - v48/n42:[x11|R|w32] → 49: φᴵ r0 [x11|R|w32]
[0;31m│[0;32m│[0;33m│   [0m        │    - v15/n43:[constant:v-1] → 50: φᴵ r1 [x2|R|w32]
[0;31m│[0;32m│[0;33m│   [0m        │  with register merges:
[0;31m│[0;32m│[0;33m│   [0m        ▼
[0;31m│[0;32m│[0;33m│[0;34m╭──►[0mBlock b5 peeled (effects:)
[0;31m│[0;32m│[0;33m│[0;34m│  [0m    [0m51/49: φᴵ r0 (n42, n59) → [x11|R|w32], live range: [51-64]
[0;31m│[0;32m│[0;33m│[0;34m│  [0m    [0m52/50: φᴵ r1 (n43, n60) → [x2|R|w32], live range: [52-61]
[0;31m│[0;32m│[0;33m│[0;34m│  [0m      [0m230: GapMove([x2|R|w32] → [x3|R|w32])
[0;31m│[0;32m│[0;33m│[0;34m│  [0m[0;34m   8 : 79 f8 04          TestLessThan r1, EmbeddedFeedback[4]
[m[0;31m│[0;32m│[0;33m│[0;34m│  [0m           ↱ eager @72 (4 live vars)
[0;31m│[0;32m│[0;33m│[0;34m│  [0m           │       @8 (6 live vars)
[0;31m│[0;32m│[0;33m│[0;34m│  [0m    [0m53/51: CheckedSmiSizedInt32 [v52/n50:[x2|R|w32]] → [x2|R|w32], live range: [53-61]
[0;31m│[0;32m│[0;33m│[0;34m│  [0m[0;34m  11 : a8 17             JumpIfFalse [23]
[m[0;31m│[0;32m│[0;33m│[0;34m│[0;35m╭─────[0m54/53: BranchIfInt32Compare(LessThan) [v53/n51:[x2|R|w32], v41/n34:[x6|R|w32]] b6 b7
[0;31m│[0;32m│[0;33m│[0;34m│[0;35m│ [0m        ↓
[0;31m│[0;32m│[0;33m│[0;34m│[0;35m│  [0mBlock b6
[0;31m│[0;32m│[0;33m│[0;34m│[0;35m│ [0m[0;34m  15 : 35 03 02          GetKeyedProperty a0, FBV[2]
[m[0;31m│[0;32m│[0;33m│[0;34m│[0;35m│ [0m           ↱ eager @72 (4 live vars)
[0;31m│[0;32m│[0;33m│[0;34m│[0;35m│ [0m           │       @8 (6 live vars)
[0;31m│[0;32m│[0;33m│[0;34m│[0;35m│ [0m    [0m55/54: CheckInt32Condition[UnsignedLessThan, OutOfBounds] [v53/n51:[x2|R|w32], v41/n34:[x6|R|w32]]
[0;31m│[0;32m│[0;33m│[0;34m│[0;35m│ [0m    [0m56/55: LoadFixedArrayElement(decompressed), Unknown [v43/n37:[x9|R|t], v53/n51:[x2|R|w32]] → [x5|R|t], live range: [56-59]
[0;31m│[0;32m│[0;33m│[0;34m│[0;35m│ [0m           ↱ eager @72 (4 live vars)
[0;31m│[0;32m│[0;33m│[0;34m│[0;35m│ [0m           │       @8 (6 live vars)
[0;31m│[0;32m│[0;33m│[0;34m│[0;35m│ [0m    [0m57/56: CheckNotHole [v56/n55:[x5|R|t]]
[0;31m│[0;32m│[0;33m│[0;34m│[0;35m│ [0m      [0m231: GapMove([x11|R|w32] → [x7|R|w32])
[0;31m│[0;32m│[0;33m│[0;34m│[0;35m│ [0m[0;34m  18 : 42 f9 01          Add r0, EmbeddedFeedback[1]
[m[0;31m│[0;32m│[0;33m│[0;34m│[0;35m│ [0m           ↱ eager @72 (4 live vars)
[0;31m│[0;32m│[0;33m│[0;34m│[0;35m│ [0m           │       @8 (6 live vars)
[0;31m│[0;32m│[0;33m│[0;34m│[0;35m│ [0m    [0m58/57: CheckedSmiSizedInt32 [v51/n49:[x11|R|w32]] → [x11|R|w32], live range: [58-60]
[0;31m│[0;32m│[0;33m│[0;34m│[0;35m│ [0m    [0m59/58: UnsafeSmiUntag [v56/n55:[x5|R|t]] → [x5|R|w32], live range: [59-60]
[0;31m│[0;32m│[0;33m│[0;34m│[0;35m│ [0m           ↱ eager @72 (4 live vars)
[0;31m│[0;32m│[0;33m│[0;34m│[0;35m│ [0m           │       @8 (6 live vars)
[0;31m│[0;32m│[0;33m│[0;34m│[0;35m│ [0m    [0m60/59: Int32AddWithOverflow [v58/n57:[x11|R|w32], v59/n58:[x5|R|w32]] → [x8|R|w32] (spilled: [stack:2|w32]), live range: [60-63]
[0;31m│[0;32m│[0;33m│[0;34m│[0;35m│ [0m[0;34m  27 : 5b 04             Inc FBV[4]
[m[0;31m│[0;32m│[0;33m│[0;34m│[0;35m│ [0m           ↱ eager @72 (4 live vars)
[0;31m│[0;32m│[0;33m│[0;34m│[0;35m│ [0m           │       @8 (6 live vars)
[0;31m│[0;32m│[0;33m│[0;34m│[0;35m│ [0m    [0m61/60: Int32IncrementWithOverflow [v53/n51:[x2|R|w32]] → [x5|R|w32] (spilled: [stack:3|w32]), live range: [61-63]
[0;31m│[0;32m│[0;33m│[0;34m│[0;35m│ [0m[0;34m  30 : 97 1a 00 05       JumpLoop [26], [0], FBV[5]
[m[0;31m│[0;32m│[0;33m│[0;34m│[0;35m│ [0m    [0m62/61: HandleNoHeapWritesInterrupt
[0;31m│[0;32m│[0;33m│[0;34m│[0;35m│ [0m           │      @72 (4 live vars)
[0;31m│[0;32m│[0;33m│[0;34m│[0;35m│ [0m           ↳ lazy @30 (5 live vars)
[0;31m│[0;32m│[0;33m│[0;34m│[0;35m│ [0m           ↱ eager @72 (4 live vars)
[0;31m│[0;32m│[0;33m│[0;34m│[0;35m│ [0m           │       @8 (6 live vars)
[0;31m│[0;32m│[0;33m│[0;34m╰──◄───[0m63/62: JumpLoop b5
[0;31m│[0;32m│[0;33m│ [0;35m│ [0m           with gap moves:
[0;31m│[0;32m│[0;33m│ [0;35m│ [0m             - v60/n59:[x8|R|w32] → 49: φᴵ r0 [x11|R|w32]
[0;31m│[0;32m│[0;33m│ [0;35m│ [0m             - v61/n60:[x5|R|w32] → 50: φᴵ r1 [x2|R|w32]
[0;31m│[0;32m│[0;33m│ [0;35m│ [0m           with register merges:
[0;31m│[0;32m│[0;33m│ [0;35m│ [0m
[0;31m│[0;32m│[0;33m│ [0;35m╰─►[0mBlock b7
[0;31m│[0;32m│[0;33m│   [0m[1;34m0x09b80101e3e5 <SharedFunctionInfo sum> (0x09b80104a3e5 <String[18]: "workloads/mixed.js">:7:2)
[m[0;31m│[0;32m│[0;33m│   [0m[0;34m  34 : 0b f9             Ldar r0
[m[0;31m│[0;32m│[0;33m│[0;34m╭──────[0m64/65: Jump b9
[0;31m│[0;32m│[0;33m│[0;34m│  [0m           with gap moves:
[0;31m│[0;32m│[0;33m│[0;34m│  [0m             - v51/n49:[x11|R|w32] → 67: φᴵ r0 [x11|R|w32]
[0;31m│[0;32m│[0;33m│[0;34m│  [0m           with register merges:
[0;31m│[0;32m│[0;33m│[0;34m│  [0m             - [stack:-3|t] → x2
[0;31m│[0;32m│[0;33m│[0;34m│  [0m             - [stack:0|w32] → x3
[0;31m│[0;32m│[0;33m│[0;34m│  [0m             - [stack:3|t] → x5
[0;31m│[0;32m│[0;33m│[0;34m│  [0m             - [stack:4|t] → x7
[0;31m│[0;32m│[0;33m│[0;34m│  [0m             - [stack:2|t] → x8
[0;31m│[0;32m│[0;33m│[0;34m│  [0m
[0;31m│[0;32m│[0;33m╰───►[0mBlock b8
[0;31m│[0;32m│ [0;34m│  [0m    [0m65/66: Jump b9
[0;31m│[0;32m│ [0;34m│  [0m        │  with gap moves:
[0;31m│[0;32m│ [0;34m│  [0m        │    - v14/n33:[x1|R|w32] → 67: φᴵ r0 [x11|R|w32]
[0;31m│[0;32m│ [0;34m│  [0m        │  with register merges:
[0;31m│[0;32m│ [0;34m│  [0m        │    - [x2|R|t] → x2
[0;31m│[0;32m│ [0;34m│  [0m        │    - [x3|R|t] → x3
[0;31m│[0;32m│ [0;34m│  [0m        │    - [x5|R|t] → x5
[0;31m│[0;32m│ [0;34m│  [0m        │    - [x7|R|t] → x7
[0;31m│[0;32m│ [0;34m│  [0m        │    - [x8|R|t] → x8
[0;31m│[0;32m│ [0;34m│  [0m        ▼
[0;31m│[0;32m│ [0;34m╰──►[0mBlock b9
[0;31m│[0;32m│    [0m    [0m66/67: φᴵ r0 (n33, n49) → [x11|R|w32], live range: [66-69]
[0;31m│[0;32m│    [0m[1;34m0x09b80101e365 <SharedFunctionInfo> (0x09b80104a3e5 <String[18]: "workloads/mixed.js">:26:9)
[m[0;31m│[0;32m│    [0m[0;34m  76 : 42 f5 01          Add r4, EmbeddedFeedback[1]
[m[0;31m│[0;32m│    [0m           ↱ eager @76 (5 live vars)
[0;31m│[0;32m│    [0m    [0m67/68: CheckedSmiUntag [v36/n23:[x7|R|t]] → [x7|R|w32], live range: [67-69]
[0;31m│[0;32m│    [0m      [0m232: GapMove([x11|R|w32] → [x9|R|w32])
[0;31m│[0;32m│    [0m           ↱ eager @76 (5 live vars)
[0;31m│[0;32m│    [0m    [0m68/69: CheckedSmiSizedInt32 [v66/n67:[x11|R|w32]] → [x11|R|w32], live range: [68-69]
[0;31m│[0;32m│    [0m           ↱ eager @76 (5 live vars)
[0;31m│[0;32m│    [0m    [0m69/70: Int32AddWithOverflow [v67/n68:[x7|R|w32], v68/n69:[x11|R|w32]] → [x10|R|w32] (spilled: [stack:3|w32]), live range: [69-145]
[0;31m│[0;32m│    [0m[1;34m0x09b80101e365 <SharedFunctionInfo> (0x09b80104a3e5 <String[18]: "workloads/mixed.js">:26:6)
[m[0;31m│[0;32m│    [0m[0;34m  79 : 29 03             StaCurrentContextSlot [3]
[m[0;31m│[0;32m│    [0m    [0m70/71: Int32ToNumber[kCanonicalizeSmi] [v69/n70:[x10|R|w32]] → [x7|R|t], live range: [70-71]
[0;31m│[0;32m│    [0m      [0m233: GapMove([x2|R|t] → [x1|R|t])
[0;31m│[0;32m│    [0m    [0m71/72: StoreContextSlotWithWriteBarrier(3, mutable) [v26/n2:[x1|R|t], v70/n71:[x7|R|t]]
[0;31m│[0;32m│    [0m           ↳ lazy @79 (3 live vars)
[0;31m│[0;32m│    [0m[1;34m0x09b80101e415 <SharedFunctionInfo scale> (0x09b80104a3e5 <String[18]: "workloads/mixed.js">:10:14)
[m[0;31m│[0;32m│    [0m[0;34m   0 : 23 00 00          LdaGlobal [0:"Array"], FBV[0]
[m[0;31m│[0;32m│    [0m    [0m72/75: Jump b10
[0;31m│[0;32m│    [0m        ↓
[0;31m│[0;32m│     [0mBlock b10
[0;31m│[0;32m│    [0m      [0m234: ConstantGapMove(n33 → [x7|R|w32])
[0;31m│[0;32m│    [0m[1;34m0x09b80101e415 <SharedFunctionInfo scale> (0x09b80104a3e5 <String[18]: "workloads/mixed.js">:11:14)
[m[0;31m│[0;32m│    [0m[0;34m  11 : 74 f7 f6 01 04    Construct r2, r3-r3, FBV[4]
[m[0;31m│[0;32m│[0;33m╭───────[0m73/77: BranchIfInt32Compare(GreaterThanOrEqual) [v41/n34:[x6|R|w32], v14/n33:[x7|R|w32]] b11 b12
[0;31m│[0;32m│[0;33m│   [0m        ↓
[0;31m│[0;32m│[0;33m│    [0mBlock b11
[0;31m│[0;32m│[0;33m│   [0m      [0m235: GapMove([x6|R|w32] → [x9|R|w32])
[0;31m│[0;32m│[0;33m│   [0m           ↱ eager @98 (5 live vars)
[0;31m│[0;32m│[0;33m│   [0m           │       @11 (7 live vars)
[0;31m│[0;32m│[0;33m│   [0m    [0m74/78: AllocateElementsArray(HOLEY_SMI_ELEMENTS, Young) [v41/n34:[x6|R|w32]] → [x12|R|t], live range: [74-79]
[0;31m│[0;32m│[0;33m│   [0m    [0m75/81: AllocationBlock(Young) → [x6|R|t], live range: [75-76]
[0;31m│[0;32m│[0;33m│   [0m    [0m76/82: InlinedAllocation(object 0x09b80100cf85 <Map[16](HOLEY_SMI_ELEMENTS)>) [v75/n81:[x6|R|t]] → [x6|R|t] (spilled: [stack:4|t]), live range: [76-140]
[0;31m│[0;32m│[0;33m│   [0m      [0m236: GapMove([x6|R|t] → [x1|R|t])
[0;31m│[0;32m│[0;33m│   [0m    [0m77/83: StoreMap(0x09b80100cf85 <Map[16](HOLEY_SMI_ELEMENTS)>, InlinedAllocation) [v76/n82:[x1|R|t]]
[0;31m│[0;32m│[0;33m│   [0m      [0m237: ConstantGapMove(n80 → [x11|R|t])
[0;31m│[0;32m│[0;33m│   [0m    [0m78/84: StoreTaggedFieldNoWriteBarrier(0x4, mutable) [v76/n82:[x1|R|t], v8/n80:[x11|R|t]]
[0;31m│[0;32m│[0;33m│   [0m    [0m79/85: StoreTaggedFieldWithWriteBarrier(0x8, mutable, maybe_smi:1) [v76/n82:[x1|R|t], v74/n78:[x12|R|t]]
[0;31m│[0;32m│[0;33m│   [0m    [0m80/86: StoreTaggedFieldNoWriteBarrier(0xc, mutable) [v76/n82:[x1|R|t], v40/n32:[x8|R|t]]
[0;31m│[0;32m│[0;33m│[0;34m╭──────[0m81/87: Jump b13
[0;31m│[0;32m│[0;33m│[0;34m│  [0m
[0;31m│[0;32m│[0;33m╰───►[0mBlock b12
[0;31m│[0;32m│ [0;34m│  [0m    [0m82/89: Throw(ThrowRangeError, has_input=1) [v12/n88:[constant:v-1]]
[0;31m│[0;32m│ [0;34m│  [0m           │      @98 (5 live vars)
[0;31m│[0;32m│ [0;34m│  [0m           ↳ lazy @11 (4 live vars)
[0;31m│[0;32m│ [0;34m│  [0m
[0;31m│[0;32m│ [0;34m╰──►[0mBlock b13
[0;31m│[0;32m│    [0m[1;34m0x09b80101e415 <SharedFunctionInfo scale> (0x09b80104a3e5 <String[18]: "workloads/mixed.js">:12:20)
[m[0;31m│[0;32m│    [0m[0;34m  26 : a8 1a             JumpIfFalse [26]
[m[0;31m│[0;32m│[0;33m╭───────[0m83/90: BranchIfInt32Compare(LessThan) [v14/n33:[x7|R|w32], v41/n34:[x9|R|w32]] b14 b18
[0;31m│[0;32m│[0;33m│   [0m        ↓
[0;31m│[0;32m│[0;33m│    [0mBlock b14
[0;31m│[0;32m│[0;33m│   [0m[1;34m0x09b80101e415 <SharedFunctionInfo scale> (0x09b80104a3e5 <String[18]: "workloads/mixed.js">:12:51)
[m[0;31m│[0;32m│[0;33m│   [0m[0;34m  30 : 35 03 06          GetKeyedProperty a0, FBV[6]
[m[0;31m│[0;32m│[0;33m│   [0m           ↱ eager @98 (5 live vars)
[0;31m│[0;32m│[0;33m│   [0m           │       @30 (7 live vars)
[0;31m│[0;32m│[0;33m│   [0m    [0m84/91: CheckMaps(0x09b80100cf85 <Map[16](HOLEY_SMI_ELEMENTS)>, no heapobj check) [v37/n25:[x5|R|t]]
[0;31m│[0;32m│[0;33m│   [0m    [0m85/92: LoadTaggedField(0x8: Elements, decompressed, AnyHeapObject) [v37/n25:[x5|R|t]] → [x12|R|t], live range: [85-113]
[0;31m│[0;32m│[0;33m│   [0m           ↱ eager @98 (5 live vars)
[0;31m│[0;32m│[0;33m│   [0m           │       @30 (7 live vars)
[0;31m│[0;32m│[0;33m│   [0m    [0m86/93: CheckInt32Condition[UnsignedLessThan, OutOfBounds] [v14/n33:[x7|R|w32], v41/n34:[x9|R|w32]]
[0;31m│[0;32m│[0;33m│   [0m    [0m87/94: LoadTaggedField(0x8, decompressed) [v85/n92:[x12|R|t]] → [x13|R|t], live range: [87-89]
[0;31m│[0;32m│[0;33m│   [0m           ↱ eager @98 (5 live vars)
[0;31m│[0;32m│[0;33m│   [0m           │       @30 (7 live vars)
[0;31m│[0;32m│[0;33m│   [0m    [0m88/95: CheckNotHole [v87/n94:[x13|R|t]]
[0;31m│[0;32m│[0;33m│   [0m[1;34m0x09b80101e415 <SharedFunctionInfo scale> (0x09b80104a3e5 <String[18]: "workloads/mixed.js">:12:55)
[m[0;31m│[0;32m│[0;33m│   [0m[0;34m  36 : 44 f5 01          Mul r4, EmbeddedFeedback[1]
[m[0;31m│[0;32m│[0;33m│   [0m    [0m89/96: UnsafeSmiUntag [v87/n94:[x13|R|t]] → [x13|R|w32], live range: [89-90]
[0;31m│[0;32m│[0;33m│   [0m      [0m238: ConstantGapMove(n97 → [x14|R|w32])
[0;31m│[0;32m│[0;33m│   [0m           ↱ eager @98 (5 live vars)
[0;31m│[0;32m│[0;33m│   [0m           │       @30 (7 live vars)
[0;31m│[0;32m│[0;33m│   [0m    [0m90/98: Int32MultiplyWithOverflow [v89/n96:[x13|R|w32], v16/n97:[x14|R|w32]] → [x15|R|w32], live range: [90-92]
[0;31m│[0;32m│[0;33m│   [0m[1;34m0x09b80101e415 <SharedFunctionInfo scale> (0x09b80104a3e5 <String[18]: "workloads/mixed.js">:12:46)
[m[0;31m│[0;32m│[0;33m│   [0m[0;34m  39 : 3c f9 f8 08       SetKeyedProperty r0, r1, FBV[8]
[m[0;31m│[0;32m│[0;33m│   [0m    [0m91/99: LoadTaggedField(0x8: Elements, decompressed, AnyHeapObject) [v76/n82:[x1|R|t]] → [x13|R|t], live range: [91-113]
[0;31m│[0;32m│[0;33m│   [0m           ↱ eager @98 (5 live vars)
[0;31m│[0;32m│[0;33m│   [0m           │       @30 (7 live vars)
[0;31m│[0;32m│[0;33m│   [0m   [0m92/100: CheckedSmiTagInt32 [v90/n98:[x15|R|w32]] → [x15|R|t], live range: [92-97]
[0;31m│[0;32m│[0;33m│   [0m   [0m93/101: LoadTaggedField(0xc: 0x09b800000e39 <String[6]: #length>, compressed, Smi) [v76/n82:[x1|R|t]] → [x19|R|t], live range: [93-94]
[0;31m│[0;32m│[0;33m│   [0m   [0m94/102: UnsafeSmiUntag [v93/n101:[x19|R|t]] → [x19|R|w32], live range: [94-113]
[0;31m│[0;32m│[0;33m│   [0m           ↱ eager @98 (5 live vars)
[0;31m│[0;32m│[0;33m│   [0m           │       @30 (7 live vars)
[0;31m│[0;32m│[0;33m│   [0m   [0m95/103: CheckInt32Condition[UnsignedLessThan, OutOfBounds] [v14/n33:[x7|R|w32], v94/n102:[x19|R|w32]]
[0;31m│[0;32m│[0;33m│   [0m           ↱ eager @98 (5 live vars)
[0;31m│[0;32m│[0;33m│   [0m           │       @30 (7 live vars)
[0;31m│[0;32m│[0;33m│   [0m   [0m96/104: CheckMaps(0x09b8000005dd <Map(FIXED_ARRAY_TYPE)>, no heapobj check) [v91/n99:[x13|R|t]]
[0;31m│[0;32m│[0;33m│   [0m   [0m97/105: StoreFixedArrayElementNoWriteBarrier [v91/n99:[x13|R|t], v14/n33:[x7|R|w32], v92/n100:[x15|R|t]]
[0;31m│[0;32m│[0;33m│   [0m[1;34m0x09b80101e415 <SharedFunctionInfo scale> (0x09b80104a3e5 <String[18]: "workloads/mixed.js">:12:2)
[m[0;31m│[0;32m│[0;33m│   [0m[0;34m  48 : 97 1d 00 0b       JumpLoop [29], [0], FBV[11]
[m[0;31m│[0;32m│[0;33m│   [0m   [0m98/106: HandleNoHeapWritesInterrupt
[0;31m│[0;32m│[0;33m│   [0m           │      @98 (5 live vars)
[0;31m│[0;32m│[0;33m│   [0m           ↳ lazy @48 (6 live vars)
[0;31m│[0;32m│[0;33m│   [0m   [0m99/107: Jump b15
[0;31m│[0;32m│[0;33m│   [0m        │  with gap moves:
[0;31m│[0;32m│[0;33m│   [0m        │    - v15/n43:[constant:v-1] → 108: φᴵ r1 [x1|R|w32]
[0;31m│[0;32m│[0;33m│   [0m        │  with register merges:
[0;31m│[0;32m│[0;33m│   [0m        ▼
[0;31m│[0;32m│[0;33m│[0;34m╭──►[0mBlock b15 peeled (effects:)
[0;31m│[0;32m│[0;33m│[0;34m│  [0m  [0m100/108: φᴵ r1 (n43, n120) → [x1|R|w32], live range: [100-111]
[0;31m│[0;32m│[0;33m│[0;34m│  [0m      [0m239: GapMove([x1|R|w32] → [x2|R|w32])
[0;31m│[0;32m│[0;33m│[0;34m│  [0m[0;34m  23 : 79 f8 04          TestLessThan r1, EmbeddedFeedback[4]
[m[0;31m│[0;32m│[0;33m│[0;34m│  [0m           ↱ eager @98 (5 live vars)
[0;31m│[0;32m│[0;33m│[0;34m│  [0m           │       @23 (7 live vars)
[0;31m│[0;32m│[0;33m│[0;34m│  [0m  [0m101/109: CheckedSmiSizedInt32 [v100/n108:[x1|R|w32]] → [x1|R|w32], live range: [101-111]
[0;31m│[0;32m│[0;33m│[0;34m│  [0m[0;34m  26 : a8 1a             JumpIfFalse [26]
[m[0;31m│[0;32m│[0;33m│[0;34m│[0;35m╭───[0m102/111: BranchIfInt32Compare(LessThan) [v101/n109:[x1|R|w32], v41/n34:[x9|R|w32]] b16 b17
[0;31m│[0;32m│[0;33m│[0;34m│[0;35m│ [0m        ↓
[0;31m│[0;32m│[0;33m│[0;34m│[0;35m│  [0mBlock b16
[0;31m│[0;32m│[0;33m│[0;34m│[0;35m│ [0m[0;34m  30 : 35 03 06          GetKeyedProperty a0, FBV[6]
[m[0;31m│[0;32m│[0;33m│[0;34m│[0;35m│ [0m           ↱ eager @98 (5 live vars)
[0;31m│[0;32m│[0;33m│[0;34m│[0;35m│ [0m           │       @23 (7 live vars)
[0;31m│[0;32m│[0;33m│[0;34m│[0;35m│ [0m  [0m103/112: CheckInt32Condition[UnsignedLessThan, OutOfBounds] [v101/n109:[x1|R|w32], v41/n34:[x9|R|w32]]
[0;31m│[0;32m│[0;33m│[0;34m│[0;35m│ [0m  [0m104/113: LoadFixedArrayElement(decompressed), Unknown [v85/n92:[x12|R|t], v101/n109:[x1|R|w32]] → [x3|R|t], live range: [104-106]
[0;31m│[0;32m│[0;33m│[0;34m│[0;35m│ [0m           ↱ eager @98 (5 live vars)
[0;31m│[0;32m│[0;33m│[0;34m│[0;35m│ [0m           │       @23 (7 live vars)
[0;31m│[0;32m│[0;33m│[0;34m│[0;35m│ [0m  [0m105/114: CheckNotHole [v104/n113:[x3|R|t]]
[0;31m│[0;32m│[0;33m│[0;34m│[0;35m│ [0m[0;34m  36 : 44 f5 01          Mul r4, EmbeddedFeedback[1]
[m[0;31m│[0;32m│[0;33m│[0;34m│[0;35m│ [0m  [0m106/115: UnsafeSmiUntag [v104/n113:[x3|R|t]] → [x3|R|w32], live range: [106-107]
[0;31m│[0;32m│[0;33m│[0;34m│[0;35m│ [0m           ↱ eager @98 (5 live vars)
[0;31m│[0;32m│[0;33m│[0;34m│[0;35m│ [0m           │       @23 (7 live vars)
[0;31m│[0;32m│[0;33m│[0;34m│[0;35m│ [0m  [0m107/116: Int32MultiplyWithOverflow [v106/n115:[x3|R|w32], v16/n97:[x14|R|w32]] → [x5|R|w32], live range: [107-108]
[0;31m│[0;32m│[0;33m│[0;34m│[0;35m│ [0m[0;34m  39 : 3c f9 f8 08       SetKeyedProperty r0, r1, FBV[8]
[m[0;31m│[0;32m│[0;33m│[0;34m│[0;35m│ [0m           ↱ eager @98 (5 live vars)
[0;31m│[0;32m│[0;33m│[0;34m│[0;35m│ [0m           │       @23 (7 live vars)
[0;31m│[0;32m│[0;33m│[0;34m│[0;35m│ [0m  [0m108/117: CheckedSmiTagInt32 [v107/n116:[x5|R|w32]] → [x5|R|t], live range: [108-110]
[0;31m│[0;32m│[0;33m│[0;34m│[0;35m│ [0m           ↱ eager @98 (5 live vars)
[0;31m│[0;32m│[0;33m│[0;34m│[0;35m│ [0m           │       @23 (7 live vars)
[0;31m│[0;32m│[0;33m│[0;34m│[0;35m│ [0m  [0m109/118: CheckInt32Condition[UnsignedLessThan, OutOfBounds] [v101/n109:[x1|R|w32], v94/n102:[x19|R|w32]]
[0;31m│[0;32m│[0;33m│[0;34m│[0;35m│ [0m  [0m110/119: StoreFixedArrayElementNoWriteBarrier [v91/n99:[x13|R|t], v101/n109:[x1|R|w32], v108/n117:[x5|R|t]]
[0;31m│[0;32m│[0;33m│[0;34m│[0;35m│ [0m[0;34m  45 : 5b 0a             Inc FBV[10]
[m[0;31m│[0;32m│[0;33m│[0;34m│[0;35m│ [0m           ↱ eager @98 (5 live vars)
[0;31m│[0;32m│[0;33m│[0;34m│[0;35m│ [0m           │       @45 (6 live vars)
[0;31m│[0;32m│[0;33m│[0;34m│[0;35m│ [0m  [0m111/120: Int32IncrementWithOverflow [v101/n109:[x1|R|w32]] → [x3|R|w32] (spilled: [stack:2|w32]), live range: [111-113]
[0;31m│[0;32m│[0;33m│[0;34m│[0;35m│ [0m[0;34m  48 : 97 1d 00 0b       JumpLoop [29], [0], FBV[11]
[m[0;31m│[0;32m│[0;33m│[0;34m│[0;35m│ [0m  [0m112/121: HandleNoHeapWritesInterrupt
[0;31m│[0;32m│[0;33m│[0;34m│[0;35m│ [0m           │      @98 (5 live vars)
[0;31m│[0;32m│[0;33m│[0;34m│[0;35m│ [0m           ↳ lazy @48 (6 live vars)
[0;31m│[0;32m│[0;33m│[0;34m│[0;35m│ [0m           ↱ eager @98 (5 live vars)
[0;31m│[0;32m│[0;33m│[0;34m│[0;35m│ [0m           │       @45 (6 live vars)
[0;31m│[0;32m│[0;33m│[0;34m╰──◄─[0m113/122: JumpLoop b15
[0;31m│[0;32m│[0;33m│ [0;35m│ [0m           with gap moves:
[0;31m│[0;32m│[0;33m│ [0;35m│ [0m             - v111/n120:[x3|R|w32] → 108: φᴵ r1 [x1|R|w32]
[0;31m│[0;32m│[0;33m│ [0;35m│ [0m           with register merges:
[0;31m│[0;32m│[0;33m│ [0;35m│ [0m
[0;31m│[0;32m│[0;33m│ [0;35m╰─►[0mBlock b17
[0;31m│[0;32m│[0;33m│   [0m[1;34m0x09b80101e415 <SharedFunctionInfo scale> (0x09b80104a3e5 <String[18]: "workloads/mixed.js">:13:2)
[m[0;31m│[0;32m│[0;33m│   [0m[0;34m  52 : 0b f9             Ldar r0
[m[0;31m│[0;32m│[0;33m│[0;34m╭────[0m114/124: Jump b19
[0;31m│[0;32m│[0;33m│[0;34m│  [0m
[0;31m│[0;32m│[0;33m╰───►[0mBlock b18
[0;31m│[0;32m│ [0;34m│  [0m  [0m115/125: Jump b19
[0;31m│[0;32m│ [0;34m│  [0m        ↓
[0;31m│[0;32m│ [0;34m╰──►[0mBlock b19
[0;31m│[0;32m│    [0m[1;34m0x09b80101e3e5 <SharedFunctionInfo sum> (0x09b80104a3e5 <String[18]: "workloads/mixed.js">:4:12)
[m[0;31m│[0;32m│    [0m[0;34m   0 : 0c                LdaZero
[m[0;31m│[0;32m│    [0m  [0m116/126: Jump b20
[0;31m│[0;32m│    [0m        ↓
[0;31m│[0;32m│     [0mBlock b20
[0;31m│[0;32m│    [0m[1;34m0x09b80101e3e5 <SharedFunctionInfo sum> (0x09b80104a3e5 <String[18]: "workloads/mixed.js">:6:26)
[m[0;31m│[0;32m│    [0m[0;34m   4 : 33 03 00 00       GetNamedProperty a0, [0:"length"], FBV[0]
[m[0;31m│[0;32m│    [0m  [0m117/127: LoadTaggedField(0xc: 0x09b800000e39 <String[6]: #length>, compressed, Smi) [v76/n82:[x1|R|t]] → [x5|R|t] (spilled: [stack:3|t]), live range: [117-140]
[0;31m│[0;32m│    [0m      [0m240: GapMove([x5|R|t] → [x8|R|t])
[0;31m│[0;32m│    [0m[1;34m0x09b80101e3e5 <SharedFunctionInfo sum> (0x09b80104a3e5 <String[18]: "workloads/mixed.js">:6:20)
[m[0;31m│[0;32m│    [0m[0;34m   8 : 79 f8 04          TestLessThan r1, EmbeddedFeedback[4]
[m[0;31m│[0;32m│    [0m  [0m118/128: UnsafeSmiUntag [v117/n127:[x5|R|t]] → [x5|R|w32], live range: [118-140]
[0;31m│[0;32m│    [0m[0;34m  11 : a8 17             JumpIfFalse [23]
[m[0;31m│[0;32m│[0;33m╭─────[0m119/130: BranchIfInt32Compare(LessThan) [v14/n33:[x7|R|w32], v118/n128:[x5|R|w32]] b21 b25
[0;31m│[0;32m│[0;33m│   [0m        ↓
[0;31m│[0;32m│[0;33m│    [0mBlock b21
[0;31m│[0;32m│[0;33m│   [0m[1;34m0x09b80101e3e5 <SharedFunctionInfo sum> (0x09b80104a3e5 <String[18]: "workloads/mixed.js">:6:47)
[m[0;31m│[0;32m│[0;33m│   [0m[0;34m  15 : 35 03 02          GetKeyedProperty a0, FBV[2]
[m[0;31m│[0;32m│[0;33m│   [0m  [0m120/131: LoadTaggedField(0x8: Elements, decompressed, AnyHeapObject) [v76/n82:[x1|R|t]] → [x9|R|t], live range: [120-140]
[0;31m│[0;32m│[0;33m│   [0m           ↱ eager @104 (4 live vars)
[0;31m│[0;32m│[0;33m│   [0m           │       @15 (6 live vars)
[0;31m│[0;32m│[0;33m│   [0m  [0m121/132: CheckInt32Condition[UnsignedLessThan, OutOfBounds] [v14/n33:[x7|R|w32], v118/n128:[x5|R|w32]]
[0;31m│[0;32m│[0;33m│   [0m  [0m122/133: LoadTaggedField(0x8, decompressed) [v120/n131:[x9|R|t]] → [x12|R|t], live range: [122-124]
[0;31m│[0;32m│[0;33m│   [0m           ↱ eager @104 (4 live vars)
[0;31m│[0;32m│[0;33m│   [0m           │       @15 (6 live vars)
[0;31m│[0;32m│[0;33m│   [0m  [0m123/134: CheckNotHole [v122/n133:[x12|R|t]]
[0;31m│[0;32m│[0;33m│   [0m[0;34m  18 : 42 f9 01          Add r0, EmbeddedFeedback[1]
[m[0;31m│[0;32m│[0;33m│   [0m  [0m124/135: UnsafeSmiUntag [v122/n133:[x12|R|t]] → [x12|R|w32], live range: [124-125]
[0;31m│[0;32m│[0;33m│   [0m           ↱ eager @104 (4 live vars)
[0;31m│[0;32m│[0;33m│   [0m           │       @15 (6 live vars)
[0;31m│[0;32m│[0;33m│   [0m  [0m125/136: Int32AddWithOverflow [v124/n135:[x12|R|w32], v14/n33:[x7|R|w32]] → [x13|R|w32] (spilled: [stack:5|w32]), live range: [125-127]
[0;31m│[0;32m│[0;33m│   [0m[1;34m0x09b80101e3e5 <SharedFunctionInfo sum> (0x09b80104a3e5 <String[18]: "workloads/mixed.js">:6:2)
[m[0;31m│[0;32m│[0;33m│   [0m[0;34m  30 : 97 1a 00 05       JumpLoop [26], [0], FBV[5]
[m[0;31m│[0;32m│[0;33m│   [0m  [0m126/137: HandleNoHeapWritesInterrupt
[0;31m│[0;32m│[0;33m│   [0m           │      @104 (4 live vars)
[0;31m│[0;32m│[0;33m│   [0m           ↳ lazy @30 (5 live vars)
[0;31m│[0;32m│[0;33m│   [0m  [0m127/138: Jump b22
[0;31m│[0;32m│[0;33m│   [0m        │  with gap moves:
[0;31m│[0;32m│[0;33m│   [0m        │    - v125/n136:[x13|R|w32] → 140: φᴵ r0 [x13|R|w32]
[0;31m│[0;32m│[0;33m│   [0m        │    - v15/n43:[constant:v-1] → 141: φᴵ r1 [x1|R|w32]
[0;31m│[0;32m│[0;33m│   [0m        │  with register merges:
[0;31m│[0;32m│[0;33m│   [0m        ▼
[0;31m│[0;32m│[0;33m│[0;34m╭──►[0mBlock b22 peeled (effects:)
[0;31m│[0;32m│[0;33m│[0;34m│  [0m  [0m128/140: φᴵ r0 (n136, n150) → [x13|R|w32], live range: [128-141]
[0;31m│[0;32m│[0;33m│[0;34m│  [0m  [0m129/141: φᴵ r1 (n43, n151) → [x1|R|w32], live range: [129-138]
[0;31m│[0;32m│[0;33m│[0;34m│  [0m      [0m241: GapMove([x1|R|w32] → [x2|R|w32])
[0;31m│[0;32m│[0;33m│[0;34m│  [0m[0;34m   8 : 79 f8 04          TestLessThan r1, EmbeddedFeedback[4]
[m[0;31m│[0;32m│[0;33m│[0;34m│  [0m           ↱ eager @104 (4 live vars)
[0;31m│[0;32m│[0;33m│[0;34m│  [0m           │       @8 (6 live vars)
[0;31m│[0;32m│[0;33m│[0;34m│  [0m  [0m130/142: CheckedSmiSizedInt32 [v129/n141:[x1|R|w32]] → [x1|R|w32], live range: [130-138]
[0;31m│[0;32m│[0;33m│[0;34m│  [0m[0;34m  11 : a8 17             JumpIfFalse [23]
[m[0;31m│[0;32m│[0;33m│[0;34m│[0;35m╭───[0m131/144: BranchIfInt32Compare(LessThan) [v130/n142:[x1|R|w32], v118/n128:[x5|R|w32]] b23 b24
[0;31m│[0;32m│[0;33m│[0;34m│[0;35m│ [0m        ↓
[0;31m│[0;32m│[0;33m│[0;34m│[0;35m│  [0mBlock b23
[0;31m│[0;32m│[0;33m│[0;34m│[0;35m│ [0m[0;34m  15 : 35 03 02          GetKeyedProperty a0, FBV[2]
[m[0;31m│[0;32m│[0;33m│[0;34m│[0;35m│ [0m           ↱ eager @104 (4 live vars)
[0;31m│[0;32m│[0;33m│[0;34m│[0;35m│ [0m           │       @8 (6 live vars)
[0;31m│[0;32m│[0;33m│[0;34m│[0;35m│ [0m  [0m132/145: CheckInt32Condition[UnsignedLessThan, OutOfBounds] [v130/n142:[x1|R|w32], v118/n128:[x5|R|w32]]
[0;31m│[0;32m│[0;33m│[0;34m│[0;35m│ [0m  [0m133/146: LoadFixedArrayElement(decompressed), Unknown [v120/n131:[x9|R|t], v130/n142:[x1|R|w32]] → [x3|R|t], live range: [133-136]
[0;31m│[0;32m│[0;33m│[0;34m│[0;35m│ [0m           ↱ eager @104 (4 live vars)
[0;31m│[0;32m│[0;33m│[0;34m│[0;35m│ [0m           │       @8 (6 live vars)
[0;31m│[0;32m│[0;33m│[0;34m│[0;35m│ [0m  [0m134/147: CheckNotHole [v133/n146:[x3|R|t]]
[0;31m│[0;32m│[0;33m│[0;34m│[0;35m│ [0m      [0m242: GapMove([x13|R|w32] → [x6|R|w32])
[0;31m│[0;32m│[0;33m│[0;34m│[0;35m│ [0m[0;34m  18 : 42 f9 01          Add r0, EmbeddedFeedback[1]
[m[0;31m│[0;32m│[0;33m│[0;34m│[0;35m│ [0m           ↱ eager @104 (4 live vars)
[0;31m│[0;32m│[0;33m│[0;34m│[0;35m│ [0m           │       @8 (6 live vars)
[0;31m│[0;32m│[0;33m│[0;34m│[0;35m│ [0m  [0m135/148: CheckedSmiSizedInt32 [v128/n140:[x13|R|w32]] → [x13|R|w32], live range: [135-137]
[0;31m│[0;32m│[0;33m│[0;34m│[0;35m│ [0m  [0m136/149: UnsafeSmiUntag [v133/n146:[x3|R|t]] → [x3|R|w32], live range: [136-137]
[0;31m│[0;32m│[0;33m│[0;34m│[0;35m│ [0m           ↱ eager @104 (4 live vars)
[0;31m│[0;32m│[0;33m│[0;34m│[0;35m│ [0m           │       @8 (6 live vars)
[0;31m│[0;32m│[0;33m│[0;34m│[0;35m│ [0m  [0m137/150: Int32AddWithOverflow [v135/n148:[x13|R|w32], v136/n149:[x3|R|w32]] → [x8|R|w32] (spilled: [stack:5|w32]), live range: [137-140]
[0;31m│[0;32m│[0;33m│[0;34m│[0;35m│ [0m[0;34m  27 : 5b 04             Inc FBV[4]
[m[0;31m│[0;32m│[0;33m│[0;34m│[0;35m│ [0m           ↱ eager @104 (4 live vars)
[0;31m│[0;32m│[0;33m│[0;34m│[0;35m│ [0m           │       @8 (6 live vars)
[0;31m│[0;32m│[0;33m│[0;34m│[0;35m│ [0m  [0m138/151: Int32IncrementWithOverflow [v130/n142:[x1|R|w32]] → [x3|R|w32] (spilled: [stack:2|w32]), live range: [138-140]
[0;31m│[0;32m│[0;33m│[0;34m│[0;35m│ [0m[0;34m  30 : 97 1a 00 05       JumpLoop [26], [0], FBV[5]
[m[0;31m│[0;32m│[0;33m│[0;34m│[0;35m│ [0m  [0m139/152: HandleNoHeapWritesInterrupt
[0;31m│[0;32m│[0;33m│[0;34m│[0;35m│ [0m           │      @104 (4 live vars)
[0;31m│[0;32m│[0;33m│[0;34m│[0;35m│ [0m           ↳ lazy @30 (5 live vars)
[0;31m│[0;32m│[0;33m│[0;34m│[0;35m│ [0m           ↱ eager @104 (4 live vars)
[0;31m│[0;32m│[0;33m│[0;34m│[0;35m│ [0m           │       @8 (6 live vars)
[0;31m│[0;32m│[0;33m│[0;34m╰──◄─[0m140/153: JumpLoop b22
[0;31m│[0;32m│[0;33m│ [0;35m│ [0m           with gap moves:
[0;31m│[0;32m│[0;33m│ [0;35m│ [0m             - v137/n150:[x8|R|w32] → 140: φᴵ r0 [x13|R|w32]
[0;31m│[0;32m│[0;33m│ [0;35m│ [0m             - v138/n151:[x3|R|w32] → 141: φᴵ r1 [x1|R|w32]
[0;31m│[0;32m│[0;33m│ [0;35m│ [0m           with register merges:
[0;31m│[0;32m│[0;33m│ [0;35m│ [0m
[0;31m│[0;32m│[0;33m│ [0;35m╰─►[0mBlock b24
[0;31m│[0;32m│[0;33m│   [0m[1;34m0x09b80101e3e5 <SharedFunctionInfo sum> (0x09b80104a3e5 <String[18]: "workloads/mixed.js">:7:2)
[m[0;31m│[0;32m│[0;33m│   [0m[0;34m  34 : 0b f9             Ldar r0
[m[0;31m│[0;32m│[0;33m│[0;34m╭────[0m141/156: Jump b26
[0;31m│[0;32m│[0;33m│[0;34m│  [0m           with gap moves:
[0;31m│[0;32m│[0;33m│[0;34m│  [0m             - v128/n140:[x13|R|w32] → 158: φᴵ r0 [x13|R|w32]
[0;31m│[0;32m│[0;33m│[0;34m│  [0m           with register merges:
[0;31m│[0;32m│[0;33m│[0;34m│  [0m             - [stack:-3|t] → x2
[0;31m│[0;32m│[0;33m│[0;34m│  [0m             - [stack:0|w32] → x3
[0;31m│[0;32m│[0;33m│[0;34m│  [0m             - [stack:3|w32] → x10
[0;31m│[0;32m│[0;33m│[0;34m│  [0m
[0;31m│[0;32m│[0;33m╰───►[0mBlock b25
[0;31m│[0;32m│ [0;34m│  [0m  [0m142/157: Jump b26
[0;31m│[0;32m│ [0;34m│  [0m        │  with gap moves:
[0;31m│[0;32m│ [0;34m│  [0m        │    - v14/n33:[x7|R|w32] → 158: φᴵ r0 [x13|R|w32]
[0;31m│[0;32m│ [0;34m│  [0m        │  with register merges:
[0;31m│[0;32m│ [0;34m│  [0m        │    - [x2|R|t] → x2
[0;31m│[0;32m│ [0;34m│  [0m        │    - [x3|R|t] → x3
[0;31m│[0;32m│ [0;34m│  [0m        │    - [x10|R|t] → x10
[0;31m│[0;32m│ [0;34m│  [0m        ▼
[0;31m│[0;32m│ [0;34m╰──►[0mBlock b26
[0;31m│[0;32m│    [0m  [0m143/158: φᴵ r0 (n33, n140) → [x13|R|w32], live range: [143-145]
[0;31m│[0;32m│    [0m      [0m243: GapMove([x13|R|w32] → [x1|R|w32])
[0;31m│[0;32m│    [0m[1;34m0x09b80101e365 <SharedFunctionInfo> (0x09b80104a3e5 <String[18]: "workloads/mixed.js">:27:9)
[m[0;31m│[0;32m│    [0m[0;34m 108 : 42 f5 01          Add r4, EmbeddedFeedback[1]
[m[0;31m│[0;32m│    [0m           ↱ eager @108 (5 live vars)
[0;31m│[0;32m│    [0m  [0m144/159: CheckedSmiSizedInt32 [v143/n158:[x13|R|w32]] → [x13|R|w32], live range: [144-145]
[0;31m│[0;32m│    [0m           ↱ eager @108 (5 live vars)
[0;31m│[0;32m│    [0m  [0m145/160: Int32AddWithOverflow [v69/n70:[x10|R|w32], v144/n159:[x13|R|w32]] → [x5|R|w32], live range: [145-156]
[0;31m│[0;32m│    [0m[1;34m0x09b80101e365 <SharedFunctionInfo> (0x09b80104a3e5 <String[18]: "workloads/mixed.js">:27:6)
[m[0;31m│[0;32m│    [0m[0;34m 111 : 29 03             StaCurrentContextSlot [3]
[m[0;31m│[0;32m│    [0m  [0m146/161: Int32ToNumber[kCanonicalizeSmi] [v145/n160:[x5|R|w32]] → [x1|R|t], live range: [146-147]
[0;31m│[0;32m│    [0m      [0m244: GapMove([x1|R|t] → [x6|R|t])
[0;31m│[0;32m│    [0m      [0m245: GapMove([x2|R|t] → [x1|R|t])
[0;31m│[0;32m│    [0m  [0m147/162: StoreContextSlotWithWriteBarrier(3, mutable) [v26/n2:[x1|R|t], v146/n161:[x6|R|t]]
[0;31m│[0;32m│    [0m           ↳ lazy @111 (3 live vars)
[0;31m│[0;32m│    [0m      [0m246: ConstantGapMove(n166 → [x6|R|w32])
[0;31m│[0;32m│    [0m[1;34m0x09b80101e365 <SharedFunctionInfo> (0x09b80104a3e5 <String[18]: "workloads/mixed.js">:29:26)
[m[0;31m│[0;32m│    [0m[0;34m 133 : 53 07 01          ModSmi [7], EmbeddedFeedback[1]
[m[0;31m│[0;32m│    [0m           ↱ eager @133 (7 live vars)
[0;31m│[0;32m│    [0m  [0m148/167: Int32ModulusWithOverflow [v34/n17:[x0|R|w32], v18/n166:[x6|R|w32]] → [x8|R|w32], live range: [148-182]
[0;31m│[0;32m│    [0m      [0m247: ConstantGapMove(n169 → [x0|R|w32])
[0;31m│[0;32m│    [0m[1;34m0x09b80101e365 <SharedFunctionInfo> (0x09b80104a3e5 <String[18]: "workloads/mixed.js">:29:30)
[m[0;31m│[0;32m│    [0m[0;34m 142 : a8 09             JumpIfFalse [9]
[m[0;31m│[0;32m│[0;33m╭─────[0m149/171: BranchIfInt32Compare(StrictEqual) [v148/n167:[x8|R|w32], v17/n169:[x0|R|w32]] b27 b28
[0;31m│[0;32m│[0;33m│   [0m        ↓
[0;31m│[0;32m│[0;33m│    [0mBlock b27
[0;31m│[0;32m│[0;33m│   [0m[1;34m0x09b80101e365 <SharedFunctionInfo> (0x09b80104a3e5 <String[18]: "workloads/mixed.js">:29:40)
[m[0;31m│[0;32m│[0;33m│   [0m[0;34m 149 : 98 04             Jump [4]
[m[0;31m│[0;32m│[0;33m│[0;34m╭────[0m150/175: Jump b29
[0;31m│[0;32m│[0;33m│[0;34m│  [0m           with gap moves:
[0;31m│[0;32m│[0;33m│[0;34m│  [0m             - v22/n174:[constant:v-1] → 178: φᶠ <accumulator> [v0|R|f64]
[0;31m│[0;32m│[0;33m│[0;34m│  [0m           with register merges:
[0;31m│[0;32m│[0;33m│[0;34m│  [0m
[0;31m│[0;32m│[0;33m╰───►[0mBlock b28
[0;31m│[0;32m│ [0;34m│  [0m[0;34m 153 : cf                Star6
[m[0;31m│[0;32m│ [0;34m│  [0m  [0m151/176: Jump b29
[0;31m│[0;32m│ [0;34m│  [0m        │  with gap moves:
[0;31m│[0;32m│ [0;34m│  [0m        │    - v21/n173:[constant:v-1] → 178: φᶠ <accumulator> [v0|R|f64]
[0;31m│[0;32m│ [0;34m│  [0m        │  with register merges:
[0;31m│[0;32m│ [0;34m│  [0m        ▼
[0;31m│[0;32m│ [0;34m╰──►[0mBlock b29
[0;31m│[0;32m│    [0m  [0m152/178: φᶠ <accumulator> (n174, n173) → [v0|R|f64], live range: [152-154]
[0;31m│[0;32m│    [0m[1;34m0x09b80101e445 <SharedFunctionInfo flipflop> (0x09b80104a3e5 <String[18]: "workloads/mixed.js">:17:17)
[m[0;31m│[0;32m│    [0m[0;34m   0 : 0b 03             Ldar a0
[m[0;31m│[0;32m│    [0m  [0m153/179: Jump b30
[0;31m│[0;32m│    [0m        ↓
[0;31m│[0;32m│     [0mBlock b30
[0;31m│[0;32m│    [0m      [0m248: ConstantGapMove(n181 → [v1|R|f64])
[0;31m│[0;32m│    [0m[1;34m0x09b80101e445 <SharedFunctionInfo flipflop> (0x09b80104a3e5 <String[18]: "workloads/mixed.js">:18:11)
[m[0;31m│[0;32m│    [0m[0;34m   2 : 51 02 04          MulSmi [2], EmbeddedFeedback[4]
[m[0;31m│[0;32m│    [0m  [0m154/182: Float64Multiply [v152/n178:[v0|R|f64], v24/n181:[v1|R|f64]] → [v2|R|f64], live range: [154-155]
[0;31m│[0;32m│    [0m      [0m249: ConstantGapMove(n183 → [v0|R|f64])
[0;31m│[0;32m│    [0m[1;34m0x09b80101e445 <SharedFunctionInfo flipflop> (0x09b80104a3e5 <String[18]: "workloads/mixed.js">:18:15)
[m[0;31m│[0;32m│    [0m[0;34m   5 : 4f 01 03          AddSmi [1], EmbeddedFeedback[3]
[m[0;31m│[0;32m│    [0m  [0m155/184: Float64Add [v154/n182:[v2|R|f64], v23/n183:[v0|R|f64]] → [v3|R|f64], live range: [155-157]
[0;31m│[0;32m│    [0m[1;34m0x09b80101e365 <SharedFunctionInfo> (0x09b80104a3e5 <String[18]: "workloads/mixed.js">:29:11)
[m[0;31m│[0;32m│    [0m[0;34m 158 : 42 f5 03          Add r4, EmbeddedFeedback[3]
[m[0;31m│[0;32m│    [0m  [0m156/185: ChangeInt32ToFloat64 [v145/n160:[x5|R|w32]] → [v2|R|f64], live range: [156-157]
[0;31m│[0;32m│    [0m  [0m157/186: Float64Add [v155/n184:[v3|R|f64], v156/n185:[v2|R|f64]] → [v4|R|f64], live range: [157-158]
[0;31m│[0;32m│    [0m[1;34m0x09b80101e365 <SharedFunctionInfo> (0x09b80104a3e5 <String[18]: "workloads/mixed.js">:29:8)
[m[0;31m│[0;32m│    [0m[0;34m 161 : 29 03             StaCurrentContextSlot [3]
[m[0;31m│[0;32m│    [0m  [0m158/187: Float64ToTagged[kCanonicalizeSmi] [v157/n186:[v4|R|f64]] → [x5|R|t], live range: [158-159]
[0;31m│[0;32m│    [0m  [0m159/188: StoreContextSlotWithWriteBarrier(3, mutable) [v26/n2:[x1|R|t], v158/n187:[x5|R|t]]
[0;31m│[0;32m│    [0m           ↳ lazy @161 (4 live vars)
[0;31m│[0;32m│    [0m      [0m250: ConstantGapMove(n189 → [x5|R|t])
[0;31m│[0;32m│    [0m[1;34m0x09b80101e365 <SharedFunctionInfo> (0x09b80104a3e5 <String[18]: "workloads/mixed.js">:28:2)
[m[0;31m│[0;32m│    [0m[0;34m 168 : 97 35 01 17       JumpLoop [53], [1], FBV[23]
[m[0;31m│[0;32m│    [0m  [0m160/190: ReduceInterruptBudgetForLoop(42) [v1/n189:[x5|R|t]]
[0;31m│[0;32m│    [0m           ↳ lazy @168 (4 live vars)
[0;31m│[0;32m│    [0m      [0m251: ConstantGapMove(n164 → [x6|R|w32])
[0;31m│[0;32m│    [0m      [0m252: ConstantGapMove(n174 → [v2|R|f64])
[0;31m│[0;32m│    [0m  [0m161/191: Jump b31
[0;31m│[0;32m│    [0m        │  with gap moves:
[0;31m│[0;32m│    [0m        │    - v15/n43:[constant:v-1] → 192: φᴵ r2 [x3|R|w32]
[0;31m│[0;32m│    [0m        │  with register merges:
[0;31m│[0;32m│    [0m        ▼
[0;31m│[0;32m│[0;33m╭───►[0mBlock b31 peeled (effects: c1)
[0;31m│[0;32m│[0;33m│   [0m  [0m162/192: φᴵ r2 (n43, n212) → [x3|R|w32] (spilled: [stack:3|w32]), live range: [162-180]
[0;31m│[0;32m│[0;33m│   [0m      [0m253: GapMove([x3|R|w32] → [x9|R|w32])
[0;31m│[0;32m│[0;33m│   [0m[0;34m 119 : 79 f7 04          TestLessThan r2, EmbeddedFeedback[4]
[m[0;31m│[0;32m│[0;33m│   [0m           ↱ eager @119 (5 live vars)
[0;31m│[0;32m│[0;33m│   [0m  [0m163/193: CheckedSmiSizedInt32 [v162/n192:[x3|R|w32]] → [x3|R|w32], live range: [163-180]
[0;31m│[0;32m│[0;33m│   [0m[0;34m 122 : a8 32             JumpIfFalse [50]
[m[0;31m│[0;32m│[0;33m│[0;34m╭────[0m164/195: BranchIfInt32Compare(LessThan) [v163/n193:[x3|R|w32], v19/n164:[x6|R|w32]] b32 b37
[0;31m│[0;32m│[0;33m│[0;34m│  [0m        ↓
[0;31m│[0;32m│[0;33m│[0;34m│   [0mBlock b32
[0;31m│[0;32m│[0;33m│[0;34m│  [0m[0;34m 124 : 18 03             LdaCurrentContextSlot [3]
[m[0;31m│[0;32m│[0;33m│[0;34m│  [0m  [0m165/196: LoadContextSlot(0x14, mutable) [v26/n2:[x1|R|t]] → [x13|R|t], live range: [165-176]
[0;31m│[0;32m│[0;33m│[0;34m│  [0m[0;34m 142 : a8 09             JumpIfFalse [9]
[m[0;31m│[0;32m│[0;33m│[0;34m│[0;35m╭───[0m166/197: BranchIfInt32Compare(StrictEqual) [v148/n167:[x8|R|w32], v17/n169:[x0|R|w32]] b33 b34
[0;31m│[0;32m│[0;33m│[0;34m│[0;35m│ [0m        ↓
[0;31m│[0;32m│[0;33m│[0;34m│[0;35m│  [0mBlock b33
[0;31m│[0;32m│[0;33m│[0;34m│[0;35m│ [0m[0;34m 146 : 42 f7 04          Add r2, EmbeddedFeedback[4]
[m[0;31m│[0;32m│[0;33m│[0;34m│[0;35m│ [0m  [0m167/198: ChangeInt32ToFloat64 [v163/n193:[x3|R|w32]] → [v3|R|f64], live range: [167-168]
[0;31m│[0;32m│[0;33m│[0;34m│[0;35m│ [0m  [0m168/199: Float64Add [v167/n198:[v3|R|f64], v22/n174:[v2|R|f64]] → [v4|R|f64], live range: [168-169]
[0;31m│[0;32m│[0;33m│[0;34m│[0;35m│ [0m[0;34m 149 : 98 04             Jump [4]
[m[0;31m│[0;32m│[0;33m│[0;34m│[0;35m│[0;36m╭──[0m169/200: Jump b35
[0;31m│[0;32m│[0;33m│[0;34m│[0;35m│[0;36m│[0m           with gap moves:
[0;31m│[0;32m│[0;33m│[0;34m│[0;35m│[0;36m│[0m             - v168/n199:[v4|R|f64] → 203: φᶠ <accumulator> [v3|R|f64]
[0;31m│[0;32m│[0;33m│[0;34m│[0;35m│[0;36m│[0m           with register merges:
[0;31m│[0;32m│[0;33m│[0;34m│[0;35m│[0;36m│[0m
[0;31m│[0;32m│[0;33m│[0;34m│[0;35m╰─►[0mBlock b34
[0;31m│[0;32m│[0;33m│[0;34m│ [0;36m│[0m  [0m170/223: ChangeInt32ToFloat64 [v162/n192:[x9|R|w32]] → [v3|R|f64], live range: [170-171]
[0;31m│[0;32m│[0;33m│[0;34m│ [0;36m│[0m[0;34m 153 : cf                Star6
[m[0;31m│[0;32m│[0;33m│[0;34m│ [0;36m│[0m  [0m171/201: Jump b35
[0;31m│[0;32m│[0;33m│[0;34m│ [0;36m│[0m        │  with gap moves:
[0;31m│[0;32m│[0;33m│[0;34m│ [0;36m│[0m        │    - v170/n223:[v3|R|f64] → 203: φᶠ <accumulator> [v3|R|f64]
[0;31m│[0;32m│[0;33m│[0;34m│ [0;36m│[0m        │  with register merges:
[0;31m│[0;32m│[0;33m│[0;34m│ [0;36m│[0m        ▼
[0;31m│[0;32m│[0;33m│[0;34m│ [0;36m╰►[0mBlock b35
[0;31m│[0;32m│[0;33m│[0;34m│  [0m  [0m172/203: φᶠ <accumulator> (n199, n223) → [v3|R|f64], live range: [172-174]
[0;31m│[0;32m│[0;33m│[0;34m│  [0m[1;34m0x09b80101e445 <SharedFunctionInfo flipflop> (0x09b80104a3e5 <String[18]: "workloads/mixed.js">:17:17)
[m[0;31m│[0;32m│[0;33m│[0;34m│  [0m[0;34m   0 : 0b 03             Ldar a0
[m[0;31m│[0;32m│[0;33m│[0;34m│  [0m  [0m173/204: Jump b36
[0;31m│[0;32m│[0;33m│[0;34m│  [0m        ↓
[0;31m│[0;32m│[0;33m│[0;34m│   [0mBlock b36
[0;31m│[0;32m│[0;33m│[0;34m│  [0m[1;34m0x09b80101e445 <SharedFunctionInfo flipflop> (0x09b80104a3e5 <String[18]: "workloads/mixed.js">:18:11)
[m[0;31m│[0;32m│[0;33m│[0;34m│  [0m[0;34m   2 : 51 02 04          MulSmi [2], EmbeddedFeedback[4]
[m[0;31m│[0;32m│[0;33m│[0;34m│  [0m  [0m174/206: Float64Multiply [v172/n203:[v3|R|f64], v24/n181:[v1|R|f64]] → [v4|R|f64], live range: [174-175]
[0;31m│[0;32m│[0;33m│[0;34m│  [0m[1;34m0x09b80101e445 <SharedFunctionInfo flipflop> (0x09b80104a3e5 <String[18]: "workloads/mixed.js">:18:15)
[m[0;31m│[0;32m│[0;33m│[0;34m│  [0m[0;34m   5 : 4f 01 03          AddSmi [1], EmbeddedFeedback[3]
[m[0;31m│[0;32m│[0;33m│[0;34m│  [0m  [0m175/207: Float64Add [v174/n206:[v4|R|f64], v23/n183:[v0|R|f64]] → [v3|R|f64], live range: [175-177]
[0;31m│[0;32m│[0;33m│[0;34m│  [0m      [0m254: GapMove([x13|R|t] → [x10|R|t])
[0;31m│[0;32m│[0;33m│[0;34m│  [0m[1;34m0x09b80101e365 <SharedFunctionInfo> (0x09b80104a3e5 <String[18]: "workloads/mixed.js">:28:2)
[m[0;31m│[0;32m│[0;33m│[0;34m│  [0m[0;34m 158 : 42 f5 03          Add r4, EmbeddedFeedback[3]
[m[0;31m│[0;32m│[0;33m│[0;34m│  [0m           ↱ eager @158 (6 live vars)
[0;31m│[0;32m│[0;33m│[0;34m│  [0m  [0m176/208: CheckedNumberToFloat64 [v165/n196:[x13|R|t]] → [v4|R|f64], live range: [176-177]
[0;31m│[0;32m│[0;33m│[0;34m│  [0m  [0m177/209: Float64Add [v175/n207:[v3|R|f64], v176/n208:[v4|R|f64]] → [v5|R|f64], live range: [177-178]
[0;31m│[0;32m│[0;33m│[0;34m│  [0m[0;34m 161 : 29 03             StaCurrentContextSlot [3]
[m[0;31m│[0;32m│[0;33m│[0;34m│  [0m  [0m178/210: Float64ToTagged[kCanonicalizeSmi] [v177/n209:[v5|R|f64]] → [x10|R|t], live range: [178-179]
[0;31m│[0;32m│[0;33m│[0;34m│  [0m  [0m179/211: StoreContextSlotWithWriteBarrier(3, mutable) [v26/n2:[x1|R|t], v178/n210:[x10|R|t]]
[0;31m│[0;32m│[0;33m│[0;34m│  [0m           ↳ lazy @161 (4 live vars)
[0;31m│[0;32m│[0;33m│[0;34m│  [0m[0;34m 165 : 5b 16             Inc FBV[22]
[m[0;31m│[0;32m│[0;33m│[0;34m│  [0m           ↱ eager @165 (4 live vars)
[0;31m│[0;32m│[0;33m│[0;34m│  [0m  [0m180/212: Int32IncrementWithOverflow [v163/n193:[x3|R|w32]] → [x10|R|w32] (spilled: [stack:2|w32]), live range: [180-182]
[0;31m│[0;32m│[0;33m│[0;34m│  [0m[0;34m 168 : 97 35 01 17       JumpLoop [53], [1], FBV[23]
[m[0;31m│[0;32m│[0;33m│[0;34m│  [0m  [0m181/213: ReduceInterruptBudgetForLoop(42) [v1/n189:[x5|R|t]]
[0;31m│[0;32m│[0;33m│[0;34m│  [0m           ↳ lazy @168 (4 live vars)
[0;31m│[0;32m│[0;33m│[0;34m│  [0m           ↱ eager @165 (4 live vars)
[0;31m│[0;32m│[0;33m╰───◄─[0m182/214: JumpLoop b31
[0;31m│[0;32m│ [0;34m│  [0m           with gap moves:
[0;31m│[0;32m│ [0;34m│  [0m             - v180/n212:[x10|R|w32] → 192: φᴵ r2 [x3|R|w32]
[0;31m│[0;32m│ [0;34m│  [0m           with register merges:
[0;31m│[0;32m│ [0;34m│  [0m
[0;31m│[0;32m│ [0;34m╰──►[0mBlock b37
[0;31m│[0;32m│    [0m      [0m255: GapMove([stack:4|w32] → [x3|R|w32])
[0;31m│[0;32m│    [0m[1;34m0x09b80101e365 <SharedFunctionInfo> (0x09b80104a3e5 <String[18]: "workloads/mixed.js">:25:38)
[m[0;31m│[0;32m│    [0m[0;34m 174 : 5b 19             Inc FBV[25]
[m[0;31m│[0;32m│    [0m           ↱ eager @174 (3 live vars)
[0;31m│[0;32m│    [0m  [0m183/216: Int32IncrementWithOverflow [v34/n17:[x3|R|w32]] → [x8|R|w32] (spilled: [stack:2|w32]), live range: [183-185]
[0;31m│[0;32m│    [0m[1;34m0x09b80101e365 <SharedFunctionInfo> (0x09b80104a3e5 <String[18]: "workloads/mixed.js">:25:0)
[m[0;31m│[0;32m│    [0m[0;34m 177 : 97 7c 00 1a       JumpLoop [124], [0], FBV[26]
[m[0;31m│[0;32m│    [0m  [0m184/217: ReduceInterruptBudgetForLoop(99) [v1/n189:[x5|R|t]]
[0;31m│[0;32m│    [0m           ↳ lazy @177 (3 live vars)
[0;31m│[0;32m│    [0m           ↱ eager @174 (3 live vars)
[0;31m╰─────◄─[0m185/218: JumpLoop b1
 [0;32m│    [0m           with gap moves:
 [0;32m│    [0m             - v183/n216:[x8|R|w32] → 15: φᴵ r1 [x0|R|w32]
 [0;32m│    [0m           with register merges:
 [0;32m│    [0m             - [x7|R|w32] → x1
 [0;32m│    [0m
 [0;32m╰────►[0mBlock b38
      [0m[1;34m0x09b80101e365 <SharedFunctionInfo> (0x09b80104a3e5 <String[18]: "workloads/mixed.js">:32:0)
[m      [0m[0;34m 181 : 23 06 1c          LdaGlobal [6:"print"], FBV[28]
[m      [0m           ↱ eager @181 (2 live vars)
      [0m  [0m186/220: Deopt(Insufficient type feedback for generic global access)
      [0m
---------------------------------------------------
Finished compiling method  using Maglev
[bailout (kind: deopt-eager, reason: Insufficient type feedback for generic global access): begin. deoptimizing 0x09b80101e4b5 <JSFunction (sfi = 0x9b80101e365)>, 0x031a01002e31 <Code MAGLEV>, opt id 7, bytecode offset 181, deopt exit 46, FP to SP delta 128, caller SP 0x00016bdc1808, pc 0x000170003560]
68235400
