Compiling 0x09b80101e1e5 <JSFunction tiny (sfi = 0x9b80101e079)> with Maglev
----- Bytecode array -----
Parameter count 2
Register count 0
Frame size 0
         0x31a01000218 @    0 : 0b 03             Ldar a0
         0x31a0100021a @    2 : 4f 01 00          AddSmi [1], FBV[0]
         0x31a0100021d @    5 : b9                Return
Constant pool (size = 0)
Handler Table (size = 0)
Source Position Table (size = 0)
0x9b80101e431: [FeedbackVector] in OldSpace
 - map: 0x09b800000899 <Map(FEEDBACK_VECTOR_TYPE)>
 - length: 1
 - shared function info: 0x09b80101e079 <SharedFunctionInfo tiny>
 - tiering_in_progress: 0
 - osr_tiering_in_progress: 0
 - invocation count: 402
 - closure feedback cell array: 0x9b8000021d9: [ClosureFeedbackCellArray] in ReadOnlySpace
 - map: 0x09b800000871 <Map(CLOSURE_FEEDBACK_CELL_ARRAY_TYPE)>
 - length: 0
 - elements:

 - slot #0 BinaryOp BinaryOp:SignedSmall {
     [0]: 1
  }

----- After graph building -----
Graph

[0m  [0m10: Constant(0x09b80101e181 <FeedbackCell[one closure]>), 1 uses
[0m   [0m3: Constant(0x09b80101e1e5 <JSFunction tiny (sfi = 0x9b80101e079)>), 2 uses
[0m   [0m4: Constant(0x09b80101e1d1 <ScriptContext[3]>), 2 uses
[0m   [0m5: RootConstant(undefined_value), 0 uses 🪦
 [0mBlock b0
[0m[1;34m0x09b80101e079 <SharedFunctionInfo tiny> (0x09b80104a7b1 <String[21]: "workloads/inlining.js">:3:13)
[m[0m[0;34m   0 : 0b 03             Ldar a0
[m[0m   [0m1: InitialValue(<this>), 2 uses
[0m   [0m2: InitialValue(a0), 4 uses
[0m   [0m6: FunctionEntryStackCheck
[0m      ↳ lazy @-1 (3 live vars)
[0m   [0m7: Jump b1
[0m   ↓
 [0mBlock b1
[0m[1;34m0x09b80101e079 <SharedFunctionInfo tiny> (0x09b80104a7b1 <String[21]: "workloads/inlining.js">:0:0)
[m[0m[0;34m   2 : 4f 01 00          AddSmi [1], FBV[0]
[m[0m      ↱ eager @2 (4 live vars)
[0m   [0m8: CheckedSmiUntag [n2], 1 uses, cannot truncate to int32
[0m      ↱ eager @2 (4 live vars)
[0m   [0m9: Int32IncrementWithOverflow [n8], 1 uses, cannot truncate to int32
[0m[0;34m   5 : b9                Return
[m[0m  [0m11: ReduceInterruptBudgetForReturn(5) [n10]
[0m  [0m12: Int32ToNumber[kCanonicalizeSmi] [n9], 1 uses
[0m  [0m13: Return [n12]
[0m

----- After use marking -----
Graph

[0m  [0m10: Constant(0x09b80101e181 <FeedbackCell[one closure]>) → (x)
[0m   [0m3: Constant(0x09b80101e1e5 <JSFunction tiny (sfi = 0x9b80101e079)>) → (x)
[0m   [0m4: Constant(0x09b80101e1d1 <ScriptContext[3]>) → (x)
 [0mBlock b0
[0m[1;34m0x09b80101e079 <SharedFunctionInfo tiny> (0x09b80104a7b1 <String[21]: "workloads/inlining.js">:3:13)
[m[0m[0;34m   0 : 0b 03             Ldar a0
[m[0m   [0m1: InitialValue(<this>) → (x)
[0m   [0m2: InitialValue(a0) → (x)
[0m   [0m6: FunctionEntryStackCheck
[0m      ↳ lazy @-1 (3 live vars)
[0m   [0m7: Jump b1
[0m   ↓
 [0mBlock b1
[0m[1;34m0x09b80101e079 <SharedFunctionInfo tiny> (0x09b80104a7b1 <String[21]: "workloads/inlining.js">:0:0)
[m[0m[0;34m   2 : 4f 01 00          AddSmi [1], FBV[0]
[m[0m      ↱ eager @2 (4 live vars)
[0m   [0m8: CheckedSmiUntag [v0/n2:(x)] → (x)
[0m      ↱ eager @2 (4 live vars)
[0m   [0m9: Int32IncrementWithOverflow [v0/n8:(x)] → (x)
[0m[0;34m   5 : b9                Return
[m[0m  [0m11: ReduceInterruptBudgetForReturn(5) [v0/n10:(x)]
[0m  [0m12: Int32ToNumber[kCanonicalizeSmi] [v0/n9:(x)] → (x)
[0m  [0m13: Return [v0/n12:(x)]
[0m

----- After register allocation pre-processing -----
Graph

[0m   [0m1/10: Constant(0x09b80101e181 <FeedbackCell[one closure]>) → v-1, live range: [1-10]
[0m    [0m2/3: Constant(0x09b80101e1e5 <JSFunction tiny (sfi = 0x9b80101e079)>) → v-1, live range: [2-9]
[0m    [0m3/4: Constant(0x09b80101e1d1 <ScriptContext[3]>) → v-1, live range: [3-9]
 [0mBlock b0
[0m[1;34m0x09b80101e079 <SharedFunctionInfo tiny> (0x09b80104a7b1 <String[21]: "workloads/inlining.js">:3:13)
[m[0m[0;34m   0 : 0b 03             Ldar a0
[m[0m    [0m4/1: InitialValue(<this>) → v-1(=-6S), live range: [4-9]
[0m    [0m5/2: InitialValue(a0) → v-1(=-7S), live range: [5-9]
[0m    [0m6/6: FunctionEntryStackCheck
[0m         ↳ lazy @-1 (3 live vars)
[0m    [0m7/7: Jump b1
[0m      ↓
 [0mBlock b1
[0m[1;34m0x09b80101e079 <SharedFunctionInfo tiny> (0x09b80104a7b1 <String[21]: "workloads/inlining.js">:0:0)
[m[0m[0;34m   2 : 4f 01 00          AddSmi [1], FBV[0]
[m[0m         ↱ eager @2 (4 live vars)
[0m    [0m8/8: CheckedSmiUntag [v5/n2:v-1(R)] → v-1(0), live range: [8-9]
[0m         ↱ eager @2 (4 live vars)
[0m    [0m9/9: Int32IncrementWithOverflow [v8/n8:v-1(R)] → v-1(0), live range: [9-11]
[0m[0;34m   5 : b9                Return
[m[0m  [0m10/11: ReduceInterruptBudgetForReturn(5) [v1/n10:v-1(R)]
[0m  [0m11/12: Int32ToNumber[kCanonicalizeSmi] [v9/n9:v-1(R)] → v-1(R), live range: [11-12]
[0m  [0m12/13: Return [v11/n12:v-1(=rax)]
[0m

----- After register allocation -----
Graph

[0m   [0m1/10: Constant(0x09b80101e181 <FeedbackCell[one closure]>) → v-1, live range: [1-10]
[0m    [0m2/3: Constant(0x09b80101e1e5 <JSFunction tiny (sfi = 0x9b80101e079)>) → v-1, live range: [2-9]
[0m    [0m3/4: Constant(0x09b80101e1d1 <ScriptContext[3]>) → v-1, live range: [3-9]
 [0mBlock b0
[0m[1;34m0x09b80101e079 <SharedFunctionInfo tiny> (0x09b80104a7b1 <String[21]: "workloads/inlining.js">:3:13)
[m[0m[0;34m   0 : 0b 03             Ldar a0
[m[0m    [0m4/1: InitialValue(<this>) → [stack:-6|t], live range: [4-9]
[0m    [0m5/2: InitialValue(a0) → [stack:-7|t], live range: [5-9]
[0m    [0m6/6: FunctionEntryStackCheck
[0m         ↳ lazy @-1 (3 live vars)
[0m    [0m7/7: Jump b1
[0m      ↓
 [0mBlock b1
[0m     [0m14: GapMove([stack:-7|t] → [rax|R|t])
[0m[1;34m0x09b80101e079 <SharedFunctionInfo tiny> (0x09b80104a7b1 <String[21]: "workloads/inlining.js">:0:0)
[m[0m[0;34m   2 : 4f 01 00          AddSmi [1], FBV[0]
[m[0m         ↱ eager @2 (4 live vars)
[0m    [0m8/8: CheckedSmiUntag [v5/n2:[rax|R|t]] → [rax|R|w32], live range: [8-9]
[0m         ↱ eager @2 (4 live vars)
[0m    [0m9/9: Int32IncrementWithOverflow [v8/n8:[rax|R|w32]] → [rax|R|w32], live range: [9-11]
[0m     [0m15: ConstantGapMove(n10 → [rcx|R|t])
[0m[0;34m   5 : b9                Return
[m[0m  [0m10/11: ReduceInterruptBudgetForReturn(5) [v1/n10:[rcx|R|t]]
[0m  [0m11/12: Int32ToNumber[kCanonicalizeSmi] [v9/n9:[rax|R|w32]] → [rcx|R|t], live range: [11-12]
[0m     [0m16: GapMove([rcx|R|t] → [rax|R|t])
[0m  [0m12/13: Return [v11/n12:[rax|R|t]]
[0m
Compiling 0x09b80101e281 <JSFunction outer (sfi = 0x9b80101e109)> with Maglev
----- Bytecode array -----
Parameter count 3
Register count 2
Frame size 16
         0x31a0100018c @    0 : 23 00 01          LdaGlobal [0:"small"], FBV[1]
         0x31a0100018f @    3 : d4                Star0
         0x31a01000190 @    4 : 6e f9 03 04 03    CallUndefinedReceiver2 r0, a0, a1, FBV[3]
         0x31a01000195 @    9 : d4                Star0
         0x31a01000196 @   10 : 23 01 05          LdaGlobal [1:"big"], FBV[5]
         0x31a01000199 @   13 : d3                Star1
         0x31a0100019a @   14 : 6d f8 03 07       CallUndefinedReceiver1 r1, a0, FBV[7]
         0x31a0100019e @   18 : 42 f9 00          Add r0, FBV[0]
         0x31a010001a1 @   21 : b9                Return
Constant pool (size = 2)
0x31a01000155: [TrustedFixedArray]
 - map: 0x09b800000605 <Map(TRUSTED_FIXED_ARRAY_TYPE)>
 - length: 2
           0: 0x09b8001a2775 <String[5]: #small>
           1: 0x09b8001a25e5 <String[3]: #big>
Handler Table (size = 0)
Source Position Table (size = 0)
0x9b80101e4d9: [FeedbackVector] in OldSpace
 - map: 0x09b800000899 <Map(FEEDBACK_VECTOR_TYPE)>
 - length: 9
 - shared function info: 0x09b80101e109 <SharedFunctionInfo outer>
 - tiering_in_progress: 0
 - osr_tiering_in_progress: 0
 - invocation count: 402
 - closure feedback cell array: 0x9b8000021d9: [ClosureFeedbackCellArray] in ReadOnlySpace
 - map: 0x09b800000871 <Map(CLOSURE_FEEDBACK_CELL_ARRAY_TYPE)>
 - length: 0
 - elements:

 - slot #0 BinaryOp BinaryOp:SignedSmall {
     [0]: 1
  }
 - slot #1 LoadGlobalNotInsideTypeof MONOMORPHIC
   [weak] 0x09b80101e239 <PropertyCell name=0x09b8001a2775 <String[5]: #small> value=0x09b80101e219 <JSFunction small (sfi = 0x9b80101e0a9)>> {
     [1]: [weak] 0x09b80101e239 <PropertyCell name=0x09b8001a2775 <String[5]: #small> value=0x09b80101e219 <JSFunction small (sfi = 0x9b80101e0a9)>>
     [2]: 0x09b800000e95 <Symbol: (uninitialized_symbol)>
  }
 - slot #3 Call MONOMORPHIC {
     [3]: [weak] 0x09b80101e219 <JSFunction small (sfi = 0x9b80101e0a9)>
     [4]: 3208
  }
 - slot #5 LoadGlobalNotInsideTypeof MONOMORPHIC
   [weak] 0x09b80101e26d <PropertyCell name=0x09b8001a25e5 <String[3]: #big> value=0x09b80101e24d <JSFunction big (sfi = 0x9b80101e0d9)>> {
     [5]: [weak] 0x09b80101e26d <PropertyCell name=0x09b8001a25e5 <String[3]: #big> value=0x09b80101e24d <JSFunction big (sfi = 0x9b80101e0d9)>>
     [6]: 0x09b800000e95 <Symbol: (uninitialized_symbol)>
  }
 - slot #7 Call MONOMORPHIC {
     [7]: [weak] 0x09b80101e24d <JSFunction big (sfi = 0x9b80101e0d9)>
     [8]: 3208
  }
[90m[ML:63988] [0m[92m⚡ INLINE [0m[96msmall                         [0m Small function, skipping max-depth[0m

----- Inlining 0x09b80101e0a9 <SharedFunctionInfo small> with bytecode -----
Parameter count 3
Register count 2
Frame size 16
         0x31a010001d8 @ 0    : 23 00 01          LdaGlobal [0:"tiny"], FBV[1]
         0x31a010001db @    3 : d4                Star0
         0x31a010001dc @    4 : 6d f9 03 03       CallUndefinedReceiver1 r0, a0, FBV[3]
         0x31a010001e0 @    8 : d4                Star0
         0x31a010001e1 @    9 : 23 00 01          LdaGlobal [0:"tiny"], FBV[1]
         0x31a010001e4 @   12 : d3                Star1
         0x31a010001e5 @   13 : 6d f8 04 05       CallUndefinedReceiver1 r1, a1, FBV[5]
         0x31a010001e9 @   17 : 44 f9 00          Mul r0, FBV[0]
         0x31a010001ec @   20 : b9                Return
Constant pool (size = 1)
0x31a010001a5: [TrustedFixedArray]
 - map: 0x09b800000605 <Map(TRUSTED_FIXED_ARRAY_TYPE)>
 - length: 1
           0: 0x09b80101dfa9 <String[4]: #tiny>
Handler Table (size = 0)
Source Position Table (size = 0)
0x9b80101e519: [FeedbackVector] in OldSpace
 - map: 0x09b800000899 <Map(FEEDBACK_VECTOR_TYPE)>
 - length: 7
 - shared function info: 0x09b80101e0a9 <SharedFunctionInfo small>
 - tiering_in_progress: 0
 - osr_tiering_in_progress: 0
 - invocation count: 402
 - closure feedback cell array: 0x9b8000021d9: [ClosureFeedbackCellArray] in ReadOnlySpace
 - map: 0x09b800000871 <Map(CLOSURE_FEEDBACK_CELL_ARRAY_TYPE)>
 - length: 0
 - elements:

 - slot #0 BinaryOp BinaryOp:SignedSmall {
     [0]: 1
  }
 - slot #1 LoadGlobalNotInsideTypeof MONOMORPHIC
   [weak] 0x09b80101e205 <PropertyCell name=0x09b80101dfa9 <String[4]: #tiny> value=0x09b80101e1e5 <JSFunction tiny (sfi = 0x9b80101e079)>> {
     [1]: [weak] 0x09b80101e205 <PropertyCell name=0x09b80101dfa9 <String[4]: #tiny> value=0x09b80101e1e5 <JSFunction tiny (sfi = 0x9b80101e079)>>
     [2]: 0x09b800000e95 <Symbol: (uninitialized_symbol)>
  }
 - slot #3 Call MONOMORPHIC {
     [3]: [weak] 0x09b80101e1e5 <JSFunction tiny (sfi = 0x9b80101e079)>
     [4]: 3208
  }
 - slot #5 Call MONOMORPHIC {
     [5]: [weak] 0x09b80101e1e5 <JSFunction tiny (sfi = 0x9b80101e079)>
     [6]: 3208
  }
[90m[ML:63988] [0m[92m⚡ INLINE [0m[96mtiny                          [0m Small function, skipping max-depth[0m

----- Inlining 0x09b80101e079 <SharedFunctionInfo tiny> with bytecode -----
Parameter count 2
Register count 0
Frame size 0
         0x31a01000218 @ 0    : 0b 03             Ldar a0
         0x31a0100021a @    2 : 4f 01 00          AddSmi [1], FBV[0]
         0x31a0100021d @    5 : b9                Return
Constant pool (size = 0)
Handler Table (size = 0)
Source Position Table (size = 0)
0x9b80101e431: [FeedbackVector] in OldSpace
 - map: 0x09b800000899 <Map(FEEDBACK_VECTOR_TYPE)>
 - length: 1
 - shared function info: 0x09b80101e079 <SharedFunctionInfo tiny>
 - tiering_in_progress: 0
 - osr_tiering_in_progress: 0
 - invocation count: 402
 - closure feedback cell array: 0x9b8000021d9: [ClosureFeedbackCellArray] in ReadOnlySpace
 - map: 0x09b800000871 <Map(CLOSURE_FEEDBACK_CELL_ARRAY_TYPE)>
 - length: 0
 - elements:

 - slot #0 BinaryOp BinaryOp:SignedSmall {
     [0]: 1
  }
[90m[ML:63988] [0m[92m⚡ INLINE [0m[96mtiny                          [0m Small function, skipping max-depth[0m

----- Inlining 0x09b80101e079 <SharedFunctionInfo tiny> with bytecode -----
Parameter count 2
Register count 0
Frame size 0
         0x31a01000218 @ 0    : 0b 03             Ldar a0
         0x31a0100021a @    2 : 4f 01 00          AddSmi [1], FBV[0]
         0x31a0100021d @    5 : b9                Return
Constant pool (size = 0)
Handler Table (size = 0)
Source Position Table (size = 0)
0x9b80101e431: [FeedbackVector] in OldSpace
 - map: 0x09b800000899 <Map(FEEDBACK_VECTOR_TYPE)>
 - length: 1
 - shared function info: 0x09b80101e079 <SharedFunctionInfo tiny>
 - tiering_in_progress: 0
 - osr_tiering_in_progress: 0
 - invocation count: 402
 - closure feedback cell array: 0x9b8000021d9: [ClosureFeedbackCellArray] in ReadOnlySpace
 - map: 0x09b800000871 <Map(CLOSURE_FEEDBACK_CELL_ARRAY_TYPE)>
 - length: 0
 - elements:

 - slot #0 BinaryOp BinaryOp:SignedSmall {
     [0]: 1
  }
[90m[ML:63988] [0m[91m❌ SKIP   [0m[96mbig                           [0m big function, size (192) >= max-size (100)[0m

----- After graph building -----
Graph

[0m  [0m24: Constant(0x09b80101e1b1 <FeedbackCell[one closure]>), 1 uses
[0m   [0m4: Constant(0x09b80101e281 <JSFunction outer (sfi = 0x9b80101e109)>), 4 uses
[0m   [0m5: Constant(0x09b80101e1d1 <ScriptContext[3]>), 10 uses
[0m   [0m9: Constant(0x09b80101e219 <JSFunction small (sfi = 0x9b80101e0a9)>), 3 uses
[0m  [0m10: Constant(0x09b801004925 <JSGlobalProxy>), 6 uses
[0m  [0m12: Constant(0x09b80101e1e5 <JSFunction tiny (sfi = 0x9b80101e079)>), 2 uses
[0m  [0m20: Constant(0x09b80101e24d <JSFunction big (sfi = 0x9b80101e0d9)>), 1 uses
[0m   [0m6: RootConstant(undefined_value), 1 uses
 [0mBlock b0
[0m[1;34m0x09b80101e109 <SharedFunctionInfo outer> (0x09b80104a7b1 <String[21]: "workloads/inlining.js">:22:14)
[m[0m[0;34m   0 : 23 00 01          LdaGlobal [0:"small"], FBV[1]
[m[0m   [0m1: InitialValue(<this>), 4 uses
[0m   [0m2: InitialValue(a0), 11 uses
[0m   [0m3: InitialValue(a1), 10 uses
[0m   [0m7: FunctionEntryStackCheck
[0m      ↳ lazy @-1 (4 live vars)
[0m   [0m8: Jump b1
[0m   ↓
 [0mBlock b1
[0m[1;34m0x09b80101e0a9 <SharedFunctionInfo small> (0x09b80104a7b1 <String[21]: "workloads/inlining.js">:7:14)
[m[0m[0;34m   0 : 23 00 01          LdaGlobal [0:"tiny"], FBV[1]
[m[0m  [0m11: Jump b2
[0m   ↓
 [0mBlock b2
[0m[1;34m0x09b80101e079 <SharedFunctionInfo tiny> (0x09b80104a7b1 <String[21]: "workloads/inlining.js">:3:13)
[m[0m[0;34m   0 : 0b 03             Ldar a0
[m[0m  [0m13: Jump b3
[0m   ↓
 [0mBlock b3
[0m[1;34m0x09b80101e079 <SharedFunctionInfo tiny> (0x09b80104a7b1 <String[21]: "workloads/inlining.js">:0:0)
[m[0m[0;34m   2 : 4f 01 00          AddSmi [1], FBV[0]
[m[0m      ↱ eager @4 (4 live vars)
[0m      │       @4 (4 live vars)
[0m      │       @2 (4 live vars)
[0m  [0m14: CheckedSmiUntag [n2], 1 uses, cannot truncate to int32
[0m      ↱ eager @4 (4 live vars)
[0m      │       @4 (4 live vars)
[0m      │       @2 (4 live vars)
[0m  [0m15: Int32IncrementWithOverflow [n14], 3 uses, cannot truncate to int32
[0m[1;34m0x09b80101e079 <SharedFunctionInfo tiny> (0x09b80104a7b1 <String[21]: "workloads/inlining.js">:3:13)
[m[0m[0;34m   0 : 0b 03             Ldar a0
[m[0m  [0m16: Jump b4
[0m   ↓
 [0mBlock b4
[0m[1;34m0x09b80101e079 <SharedFunctionInfo tiny> (0x09b80104a7b1 <String[21]: "workloads/inlining.js">:0:0)
[m[0m[0;34m   2 : 4f 01 00          AddSmi [1], FBV[0]
[m[0m      ↱ eager @4 (4 live vars)
[0m      │       @13 (5 live vars)
[0m      │       @2 (4 live vars)
[0m  [0m17: CheckedSmiUntag [n3], 1 uses, cannot truncate to int32
[0m      ↱ eager @4 (4 live vars)
[0m      │       @13 (5 live vars)
[0m      │       @2 (4 live vars)
[0m  [0m18: Int32IncrementWithOverflow [n17], 2 uses, cannot truncate to int32
[0m[1;34m0x09b80101e0a9 <SharedFunctionInfo small> (0x09b80104a7b1 <String[21]: "workloads/inlining.js">:0:0)
[m[0m[0;34m  17 : 44 f9 00          Mul r0, FBV[0]
[m[0m      ↱ eager @4 (4 live vars)
[0m      │       @17 (6 live vars)
[0m  [0m19: Int32MultiplyWithOverflow [n15, n18], 3 uses, cannot truncate to int32
[0m[1;34m0x09b80101e109 <SharedFunctionInfo outer> (0x09b80104a7b1 <String[21]: "workloads/inlining.js">:0:0)
[m[0m[0;34m  14 : 6d f8 03 07       CallUndefinedReceiver1 r1, a0, FBV[7]
[m[0m  [0m21: 🐢 CallKnownJSFunction(0x09b80101e0d9 <SharedFunctionInfo big>, {Int32}) [n20, n5, n10, n6, n2], 2 uses
[0m      ↳ lazy @14 (5 live vars)
[0m[0;34m  18 : 42 f9 00          Add r0, FBV[0]
[m[0m      ↱ eager @18 (6 live vars)
[0m  [0m22: CheckedSmiUntag [n21], 1 uses, cannot truncate to int32
[0m      ↱ eager @18 (6 live vars)
[0m  [0m23: Int32AddWithOverflow [n19, n22], 1 uses, can truncate to int32 [-2147483648, 2147483647]
[0m[0;34m  21 : b9                Return
[m[0m  [0m25: ReduceInterruptBudgetForReturn(21) [n24]
[0m  [0m26: Int32ToNumber[kCanonicalizeSmi] [n23], 1 uses
[0m  [0m27: Return [n26]
[0m

----- After use marking -----
Graph

[0m  [0m24: Constant(0x09b80101e1b1 <FeedbackCell[one closure]>) → (x)
[0m   [0m4: Constant(0x09b80101e281 <JSFunction outer (sfi = 0x9b80101e109)>) → (x)
[0m   [0m5: Constant(0x09b80101e1d1 <ScriptContext[3]>) → (x)
[0m   [0m9: Constant(0x09b80101e219 <JSFunction small (sfi = 0x9b80101e0a9)>) → (x)
[0m  [0m10: Constant(0x09b801004925 <JSGlobalProxy>) → (x)
[0m  [0m12: Constant(0x09b80101e1e5 <JSFunction tiny (sfi = 0x9b80101e079)>) → (x)
[0m  [0m20: Constant(0x09b80101e24d <JSFunction big (sfi = 0x9b80101e0d9)>) → (x)
[0m   [0m6: RootConstant(undefined_value) → (x)
 [0mBlock b0
[0m[1;34m0x09b80101e109 <SharedFunctionInfo outer> (0x09b80104a7b1 <String[21]: "workloads/inlining.js">:22:14)
[m[0m[0;34m   0 : 23 00 01          LdaGlobal [0:"small"], FBV[1]
[m[0m   [0m1: InitialValue(<this>) → (x)
[0m   [0m2: InitialValue(a0) → (x)
[0m   [0m3: InitialValue(a1) → (x)
[0m   [0m7: FunctionEntryStackCheck
[0m      ↳ lazy @-1 (4 live vars)
[0m   [0m8: Jump b1
[0m   ↓
 [0mBlock b1
[0m[1;34m0x09b80101e0a9 <SharedFunctionInfo small> (0x09b80104a7b1 <String[21]: "workloads/inlining.js">:7:14)
[m[0m[0;34m   0 : 23 00 01          LdaGlobal [0:"tiny"], FBV[1]
[m[0m  [0m11: Jump b2
[0m   ↓
 [0mBlock b2
[0m[1;34m0x09b80101e079 <SharedFunctionInfo tiny> (0x09b80104a7b1 <String[21]: "workloads/inlining.js">:3:13)
[m[0m[0;34m   0 : 0b 03             Ldar a0
[m[0m  [0m13: Jump b3
[0m   ↓
 [0mBlock b3
[0m[1;34m0x09b80101e079 <SharedFunctionInfo tiny> (0x09b80104a7b1 <String[21]: "workloads/inlining.js">:0:0)
[m[0m[0;34m   2 : 4f 01 00          AddSmi [1], FBV[0]
[m[0m      ↱ eager @4 (4 live vars)
[0m      │       @4 (4 live vars)
[0m      │       @2 (4 live vars)
[0m  [0m14: CheckedSmiUntag [v0/n2:(x)] → (x)
[0m      ↱ eager @4 (4 live vars)
[0m      │       @4 (4 live vars)
[0m      │       @2 (4 live vars)
[0m  [0m15: Int32IncrementWithOverflow [v0/n14:(x)] → (x)
[0m[1;34m0x09b80101e079 <SharedFunctionInfo tiny> (0x09b80104a7b1 <String[21]: "workloads/inlining.js">:3:13)
[m[0m[0;34m   0 : 0b 03             Ldar a0
[m[0m  [0m16: Jump b4
[0m   ↓
 [0mBlock b4
[0m[1;34m0x09b80101e079 <SharedFunctionInfo tiny> (0x09b80104a7b1 <String[21]: "workloads/inlining.js">:0:0)
[m[0m[0;34m   2 : 4f 01 00          AddSmi [1], FBV[0]
[m[0m      ↱ eager @4 (4 live vars)
[0m      │       @13 (5 live vars)
[0m      │       @2 (4 live vars)
[0m  [0m17: CheckedSmiUntag [v0/n3:(x)] → (x)
[0m      ↱ eager @4 (4 live vars)
[0m      │       @13 (5 live vars)
[0m      │       @2 (4 live vars)
[0m  [0m18: Int32IncrementWithOverflow [v0/n17:(x)] → (x)
[0m[1;34m0x09b80101e0a9 <SharedFunctionInfo small> (0x09b80104a7b1 <String[21]: "workloads/inlining.js">:0:0)
[m[0m[0;34m  17 : 44 f9 00          Mul r0, FBV[0]
[m[0m      ↱ eager @4 (4 live vars)
[0m      │       @17 (6 live vars)
[0m  [0m19: Int32MultiplyWithOverflow [v0/n15:(x), v0/n18:(x)] → (x)
[0m[1;34m0x09b80101e109 <SharedFunctionInfo outer> (0x09b80104a7b1 <String[21]: "workloads/inlining.js">:0:0)
[m[0m[0;34m  14 : 6d f8 03 07       CallUndefinedReceiver1 r1, a0, FBV[7]
[m[0m  [0m21: 🐢 CallKnownJSFunction(0x09b80101e0d9 <SharedFunctionInfo big>, {Int32}) [v0/n20:(x), v0/n5:(x), v0/n10:(x), v0/n6:(x), v0/n2:(x)] → (x)
[0m      ↳ lazy @14 (5 live vars)
[0m[0;34m  18 : 42 f9 00          Add r0, FBV[0]
[m[0m      ↱ eager @18 (6 live vars)
[0m  [0m22: CheckedSmiUntag [v0/n21:(x)] → (x)
[0m      ↱ eager @18 (6 live vars)
[0m  [0m23: Int32AddWithOverflow [v0/n19:(x), v0/n22:(x)] → (x)
[0m[0;34m  21 : b9                Return
[m[0m  [0m25: ReduceInterruptBudgetForReturn(21) [v0/n24:(x)]
[0m  [0m26: Int32ToNumber[kCanonicalizeSmi] [v0/n23:(x)] → (x)
[0m  [0m27: Return [v0/n26:(x)]
[0m

----- After register allocation pre-processing -----
Graph

[0m   [0m1/24: Constant(0x09b80101e1b1 <FeedbackCell[one closure]>) → v-1, live range: [1-25]
[0m    [0m2/4: Constant(0x09b80101e281 <JSFunction outer (sfi = 0x9b80101e109)>) → v-1, live range: [2-24]
[0m    [0m3/5: Constant(0x09b80101e1d1 <ScriptContext[3]>) → v-1, live range: [3-24]
[0m    [0m4/9: Constant(0x09b80101e219 <JSFunction small (sfi = 0x9b80101e0a9)>) → v-1, live range: [4-21]
[0m   [0m5/10: Constant(0x09b801004925 <JSGlobalProxy>) → v-1, live range: [5-22]
[0m   [0m6/12: Constant(0x09b80101e1e5 <JSFunction tiny (sfi = 0x9b80101e079)>) → v-1, live range: [6-20]
[0m   [0m7/20: Constant(0x09b80101e24d <JSFunction big (sfi = 0x9b80101e0d9)>) → v-1, live range: [7-22]
[0m    [0m8/6: RootConstant(undefined_value) → v-1, live range: [8-22]
 [0mBlock b0
[0m[1;34m0x09b80101e109 <SharedFunctionInfo outer> (0x09b80104a7b1 <String[21]: "workloads/inlining.js">:22:14)
[m[0m[0;34m   0 : 23 00 01          LdaGlobal [0:"small"], FBV[1]
[m[0m    [0m9/1: InitialValue(<this>) → v-1(=-6S), live range: [9-24]
[0m   [0m10/2: InitialValue(a0) → v-1(=-7S), live range: [10-24]
[0m   [0m11/3: InitialValue(a1) → v-1(=-8S), live range: [11-24]
[0m   [0m12/7: FunctionEntryStackCheck
[0m         ↳ lazy @-1 (4 live vars)
[0m   [0m13/8: Jump b1
[0m      ↓
 [0mBlock b1
[0m[1;34m0x09b80101e0a9 <SharedFunctionInfo small> (0x09b80104a7b1 <String[21]: "workloads/inlining.js">:7:14)
[m[0m[0;34m   0 : 23 00 01          LdaGlobal [0:"tiny"], FBV[1]
[m[0m  [0m14/11: Jump b2
[0m      ↓
 [0mBlock b2
[0m[1;34m0x09b80101e079 <SharedFunctionInfo tiny> (0x09b80104a7b1 <String[21]: "workloads/inlining.js">:3:13)
[m[0m[0;34m   0 : 0b 03             Ldar a0
[m[0m  [0m15/13: Jump b3
[0m      ↓
 [0mBlock b3
[0m[1;34m0x09b80101e079 <SharedFunctionInfo tiny> (0x09b80104a7b1 <String[21]: "workloads/inlining.js">:0:0)
[m[0m[0;34m   2 : 4f 01 00          AddSmi [1], FBV[0]
[m[0m         ↱ eager @4 (4 live vars)
[0m         │       @4 (4 live vars)
[0m         │       @2 (4 live vars)
[0m  [0m16/14: CheckedSmiUntag [v10/n2:v-1(R)] → v-1(0), live range: [16-17]
[0m         ↱ eager @4 (4 live vars)
[0m         │       @4 (4 live vars)
[0m         │       @2 (4 live vars)
[0m  [0m17/15: Int32IncrementWithOverflow [v16/n14:v-1(R)] → v-1(0), live range: [17-21]
[0m[1;34m0x09b80101e079 <SharedFunctionInfo tiny> (0x09b80104a7b1 <String[21]: "workloads/inlining.js">:3:13)
[m[0m[0;34m   0 : 0b 03             Ldar a0
[m[0m  [0m18/16: Jump b4
[0m      ↓
 [0mBlock b4
[0m[1;34m0x09b80101e079 <SharedFunctionInfo tiny> (0x09b80104a7b1 <String[21]: "workloads/inlining.js">:0:0)
[m[0m[0;34m   2 : 4f 01 00          AddSmi [1], FBV[0]
[m[0m         ↱ eager @4 (4 live vars)
[0m         │       @13 (5 live vars)
[0m         │       @2 (4 live vars)
[0m  [0m19/17: CheckedSmiUntag [v11/n3:v-1(R)] → v-1(0), live range: [19-20]
[0m         ↱ eager @4 (4 live vars)
[0m         │       @13 (5 live vars)
[0m         │       @2 (4 live vars)
[0m  [0m20/18: Int32IncrementWithOverflow [v19/n17:v-1(R)] → v-1(0), live range: [20-21]
[0m[1;34m0x09b80101e0a9 <SharedFunctionInfo small> (0x09b80104a7b1 <String[21]: "workloads/inlining.js">:0:0)
[m[0m[0;34m  17 : 44 f9 00          Mul r0, FBV[0]
[m[0m         ↱ eager @4 (4 live vars)
[0m         │       @17 (6 live vars)
[0m  [0m21/19: Int32MultiplyWithOverflow [v17/n15:v-1(R), v20/n18:v-1(R)] → v-1(0), live range: [21-24]
[0m[1;34m0x09b80101e109 <SharedFunctionInfo outer> (0x09b80104a7b1 <String[21]: "workloads/inlining.js">:0:0)
[m[0m[0;34m  14 : 6d f8 03 07       CallUndefinedReceiver1 r1, a0, FBV[7]
[m[0m  [0m22/21: 🐢 CallKnownJSFunction(0x09b80101e0d9 <SharedFunctionInfo big>, {Int32}) [v7/n20:v-1(=rdi), v3/n5:v-1(=rsi), v5/n10:v-1(*), v8/n6:v-1(=rdx), v10/n2:v-1(*)] → v-1(=rax), live range: [22-24]
[0m         ↳ lazy @14 (5 live vars)
[0m[0;34m  18 : 42 f9 00          Add r0, FBV[0]
[m[0m         ↱ eager @18 (6 live vars)
[0m  [0m23/22: CheckedSmiUntag [v22/n21:v-1(R)] → v-1(0), live range: [23-24]
[0m         ↱ eager @18 (6 live vars)
[0m  [0m24/23: Int32AddWithOverflow [v21/n19:v-1(R), v23/n22:v-1(R)] → v-1(0), live range: [24-26]
[0m[0;34m  21 : b9                Return
[m[0m  [0m25/25: ReduceInterruptBudgetForReturn(21) [v1/n24:v-1(R)]
[0m  [0m26/26: Int32ToNumber[kCanonicalizeSmi] [v24/n23:v-1(R)] → v-1(R), live range: [26-27]
[0m  [0m27/27: Return [v26/n26:v-1(=rax)]
[0m

----- After register allocation -----
Graph

[0m   [0m1/24: Constant(0x09b80101e1b1 <FeedbackCell[one closure]>) → v-1, live range: [1-25]
[0m    [0m2/4: Constant(0x09b80101e281 <JSFunction outer (sfi = 0x9b80101e109)>) → v-1, live range: [2-24]
[0m    [0m3/5: Constant(0x09b80101e1d1 <ScriptContext[3]>) → v-1, live range: [3-24]
[0m    [0m4/9: Constant(0x09b80101e219 <JSFunction small (sfi = 0x9b80101e0a9)>) → v-1, live range: [4-21]
[0m   [0m5/10: Constant(0x09b801004925 <JSGlobalProxy>) → v-1, live range: [5-22]
[0m   [0m6/12: Constant(0x09b80101e1e5 <JSFunction tiny (sfi = 0x9b80101e079)>) → v-1, live range: [6-20]
[0m   [0m7/20: Constant(0x09b80101e24d <JSFunction big (sfi = 0x9b80101e0d9)>) → v-1, live range: [7-22]
[0m    [0m8/6: RootConstant(undefined_value) → v-1, live range: [8-22]
 [0mBlock b0
[0m[1;34m0x09b80101e109 <SharedFunctionInfo outer> (0x09b80104a7b1 <String[21]: "workloads/inlining.js">:22:14)
[m[0m[0;34m   0 : 23 00 01          LdaGlobal [0:"small"], FBV[1]
[m[0m    [0m9/1: InitialValue(<this>) → [stack:-6|t], live range: [9-24]
[0m   [0m10/2: InitialValue(a0) → [stack:-7|t], live range: [10-24]
[0m   [0m11/3: InitialValue(a1) → [stack:-8|t], live range: [11-24]
[0m   [0m12/7: FunctionEntryStackCheck
[0m         ↳ lazy @-1 (4 live vars)
[0m   [0m13/8: Jump b1
[0m      ↓
 [0mBlock b1
[0m[1;34m0x09b80101e0a9 <SharedFunctionInfo small> (0x09b80104a7b1 <String[21]: "workloads/inlining.js">:7:14)
[m[0m[0;34m   0 : 23 00 01          LdaGlobal [0:"tiny"], FBV[1]
[m[0m  [0m14/11: Jump b2
[0m      ↓
 [0mBlock b2
[0m[1;34m0x09b80101e079 <SharedFunctionInfo tiny> (0x09b80104a7b1 <String[21]: "workloads/inlining.js">:3:13)
[m[0m[0;34m   0 : 0b 03             Ldar a0
[m[0m  [0m15/13: Jump b3
[0m      ↓
 [0mBlock b3
[0m     [0m28: GapMove([stack:-7|t] → [rax|R|t])
[0m[1;34m0x09b80101e079 <SharedFunctionInfo tiny> (0x09b80104a7b1 <String[21]: "workloads/inlining.js">:0:0)
[m[0m[0;34m   2 : 4f 01 00          AddSmi [1], FBV[0]
[m[0m         ↱ eager @4 (4 live vars)
[0m         │       @4 (4 live vars)
[0m         │       @2 (4 live vars)
[0m  [0m16/14: CheckedSmiUntag [v10/n2:[rax|R|t]] → [rax|R|w32], live range: [16-17]
[0m         ↱ eager @4 (4 live vars)
[0m         │       @4 (4 live vars)
[0m         │       @2 (4 live vars)
[0m  [0m17/15: Int32IncrementWithOverflow [v16/n14:[rax|R|w32]] → [rax|R|w32] (spilled: [stack:0|w32]), live range: [17-21]
[0m[1;34m0x09b80101e079 <SharedFunctionInfo tiny> (0x09b80104a7b1 <String[21]: "workloads/inlining.js">:3:13)
[m[0m[0;34m   0 : 0b 03             Ldar a0
[m[0m  [0m18/16: Jump b4
[0m      ↓
 [0mBlock b4
[0m     [0m29: GapMove([stack:-8|t] → [rcx|R|t])
[0m[1;34m0x09b80101e079 <SharedFunctionInfo tiny> (0x09b80104a7b1 <String[21]: "workloads/inlining.js">:0:0)
[m[0m[0;34m   2 : 4f 01 00          AddSmi [1], FBV[0]
[m[0m         ↱ eager @4 (4 live vars)
[0m         │       @13 (5 live vars)
[0m         │       @2 (4 live vars)
[0m  [0m19/17: CheckedSmiUntag [v11/n3:[rcx|R|t]] → [rcx|R|w32], live range: [19-20]
[0m         ↱ eager @4 (4 live vars)
[0m         │       @13 (5 live vars)
[0m         │       @2 (4 live vars)
[0m  [0m20/18: Int32IncrementWithOverflow [v19/n17:[rcx|R|w32]] → [rcx|R|w32], live range: [20-21]
[0m[1;34m0x09b80101e0a9 <SharedFunctionInfo small> (0x09b80104a7b1 <String[21]: "workloads/inlining.js">:0:0)
[m[0m[0;34m  17 : 44 f9 00          Mul r0, FBV[0]
[m[0m         ↱ eager @4 (4 live vars)
[0m         │       @17 (6 live vars)
[0m  [0m21/19: Int32MultiplyWithOverflow [v17/n15:[rax|R|w32], v20/n18:[rcx|R|w32]] → [rax|R|w32] (spilled: [stack:1|w32]), live range: [21-24]
[0m     [0m30: ConstantGapMove(n20 → [rdi|R|t])
[0m     [0m31: ConstantGapMove(n5 → [rsi|R|t])
[0m     [0m32: ConstantGapMove(n6 → [rdx|R|t])
[0m[1;34m0x09b80101e109 <SharedFunctionInfo outer> (0x09b80104a7b1 <String[21]: "workloads/inlining.js">:0:0)
[m[0m[0;34m  14 : 6d f8 03 07       CallUndefinedReceiver1 r1, a0, FBV[7]
[m[0m  [0m22/21: 🐢 CallKnownJSFunction(0x09b80101e0d9 <SharedFunctionInfo big>, {Int32}) [v7/n20:[rdi|R|t], v3/n5:[rsi|R|t], v5/n10:[constant:v-1], v8/n6:[rdx|R|t], v10/n2:[stack:-7|t]] → [rax|R|t], live range: [22-24]
[0m         ↳ lazy @14 (5 live vars)
[0m     [0m33: GapMove([rax|R|t] → [rcx|R|t])
[0m[0;34m  18 : 42 f9 00          Add r0, FBV[0]
[m[0m         ↱ eager @18 (6 live vars)
[0m  [0m23/22: CheckedSmiUntag [v22/n21:[rax|R|t]] → [rax|R|w32], live range: [23-24]
[0m     [0m34: GapMove([stack:1|w32] → [rdx|R|w32])
[0m         ↱ eager @18 (6 live vars)
[0m  [0m24/23: Int32AddWithOverflow [v21/n19:[rdx|R|w32], v23/n22:[rax|R|w32]] → [rdx|R|w32], live range: [24-26]
[0m     [0m35: ConstantGapMove(n24 → [rax|R|t])
[0m[0;34m  21 : b9                Return
[m[0m  [0m25/25: ReduceInterruptBudgetForReturn(21) [v1/n24:[rax|R|t]]
[0m  [0m26/26: Int32ToNumber[kCanonicalizeSmi] [v24/n23:[rdx|R|w32]] → [rax|R|t], live range: [26-27]
[0m  [0m27/27: Return [v26/n26:[rax|R|t]]
[0m
Compiling 0x09b80101e24d <JSFunction big (sfi = 0x9b80101e0d9)> with Maglev
----- Bytecode array -----
Parameter count 2
Register count 1
Frame size 8
         0x31a01000248 @ 0    : 1b 03 f9          Mov a0, r0
         0x31a0100024b @    3 : 0b f9             Ldar r0
         0x31a0100024d @    5 : 4f 01 00          AddSmi [1], FBV[0]
         0x31a01000250 @    8 : d4                Star0
         0x31a01000251 @    9 : 51 03 01          MulSmi [3], FBV[1]
         0x31a01000254 @   12 : d4                Star0
         0x31a01000255 @   13 : 50 07 02          SubSmi [7], FBV[2]
         0x31a01000258 @   16 : d4                Star0
         0x31a01000259 @   17 : 56 0b 03          BitwiseXorSmi [11], FBV[3]
         0x31a0100025c @   20 : d4                Star0
         0x31a0100025d @   21 : 55 02 04          BitwiseOrSmi [2], FBV[4]
         0x31a01000260 @   24 : d4                Star0
         0x31a01000261 @   25 : 01 57 ff ff 00 00 05 00 00 00 BitwiseAndSmi.ExtraWide [65535], FBV[5]
         0x31a0100026b @   35 : d4                Star0
         0x31a0100026c @   36 : 4f 01 06          AddSmi [1], FBV[6]
         0x31a0100026f @   39 : d4                Star0
         0x31a01000270 @   40 : 51 03 07          MulSmi [3], FBV[7]
         0x31a01000273 @   43 : d4                Star0
         0x31a01000274 @   44 : 50 07 08          SubSmi [7], FBV[8]
         0x31a01000277 @   47 : d4                Star0
         0x31a01000278 @   48 : 56 0b 09          BitwiseXorSmi [11], FBV[9]
         0x31a0100027b @   51 : d4                Star0
         0x31a0100027c @   52 : 55 02 0a          BitwiseOrSmi [2], FBV[10]
         0x31a0100027f @   55 : d4                Star0
         0x31a01000280 @   56 : 01 57 ff ff 00 00 0b 00 00 00 BitwiseAndSmi.ExtraWide [65535], FBV[11]
         0x31a0100028a @   66 : d4                Star0
         0x31a0100028b @   67 : 4f 01 0c          AddSmi [1], FBV[12]
         0x31a0100028e @   70 : d4                Star0
         0x31a0100028f @   71 : 51 03 0d          MulSmi [3], FBV[13]
         0x31a01000292 @   74 : d4                Star0
         0x31a01000293 @   75 : 50 07 0e          SubSmi [7], FBV[14]
         0x31a01000296 @   78 : d4                Star0
         0x31a01000297 @   79 : 56 0b 0f          BitwiseXorSmi [11], FBV[15]
         0x31a0100029a @   82 : d4                Star0
         0x31a0100029b @   83 : 55 02 10          BitwiseOrSmi [2], FBV[16]
         0x31a0100029e @   86 : d4                Star0
         0x31a0100029f @   87 : 01 57 ff ff 00 00 11 00 00 00 BitwiseAndSmi.ExtraWide [65535], FBV[17]
         0x31a010002a9 @   97 : d4                Star0
         0x31a010002aa @   98 : 4f 01 12          AddSmi [1], FBV[18]
         0x31a010002ad @  101 : d4                Star0
         0x31a010002ae @  102 : 51 03 13          MulSmi [3], FBV[19]
         0x31a010002b1 @  105 : d4                Star0
         0x31a010002b2 @  106 : 50 07 14          SubSmi [7], FBV[20]
         0x31a010002b5 @  109 : d4                Star0
         0x31a010002b6 @  110 : 56 0b 15          BitwiseXorSmi [11], FBV[21]
         0x31a010002b9 @  113 : d4                Star0
         0x31a010002ba @  114 : 55 02 16          BitwiseOrSmi [2], FBV[22]
         0x31a010002bd @  117 : d4                Star0
         0x31a010002be @  118 : 01 57 ff ff 00 00 17 00 00 00 BitwiseAndSmi.ExtraWide [65535], FBV[23]
         0x31a010002c8 @  128 : d4                Star0
         0x31a010002c9 @  129 : 4f 01 18          AddSmi [1], FBV[24]
         0x31a010002cc @  132 : d4                Star0
         0x31a010002cd @  133 : 51 03 19          MulSmi [3], FBV[25]
         0x31a010002d0 @  136 : d4                Star0
         0x31a010002d1 @  137 : 50 07 1a          SubSmi [7], FBV[26]
         0x31a010002d4 @  140 : d4                Star0
         0x31a010002d5 @  141 : 56 0b 1b          BitwiseXorSmi [11], FBV[27]
         0x31a010002d8 @  144 : d4                Star0
         0x31a010002d9 @  145 : 55 02 1c          BitwiseOrSmi [2], FBV[28]
         0x31a010002dc @  148 : d4                Star0
         0x31a010002dd @  149 : 01 57 ff ff 00 00 1d 00 00 00 BitwiseAndSmi.ExtraWide [65535], FBV[29]
         0x31a010002e7 @  159 : d4                Star0
         0x31a010002e8 @  160 : 4f 01 1e          AddSmi [1], FBV[30]
         0x31a010002eb @  163 : d4                Star0
         0x31a010002ec @  164 : 51 03 1f          MulSmi [3], FBV[31]
         0x31a010002ef @  167 : d4                Star0
         0x31a010002f0 @  168 : 50 07 20          SubSmi [7], FBV[32]
         0x31a010002f3 @  171 : d4                Star0
         0x31a010002f4 @  172 : 56 0b 21          BitwiseXorSmi [11], FBV[33]
         0x31a010002f7 @  175 : d4                Star0
         0x31a010002f8 @  176 : 55 02 22          BitwiseOrSmi [2], FBV[34]
         0x31a010002fb @  179 : d4                Star0
         0x31a010002fc @  180 : 01 57 ff ff 00 00 23 00 00 00 BitwiseAndSmi.ExtraWide [65535], FBV[35]
         0x31a01000306 @  190 : d4                Star0
         0x31a01000307 @  191 : b9                Return
Constant pool (size = 0)
Handler Table (size = 0)
Source Position Table (size = 0)
0x9b80101e551: [FeedbackVector] in OldSpace
 - map: 0x09b800000899 <Map(FEEDBACK_VECTOR_TYPE)>
 - length: 36
 - shared function info: 0x09b80101e0d9 <SharedFunctionInfo big>
 - tiering_in_progress: 0
 - osr_tiering_in_progress: 0
 - invocation count: 402
 - closure feedback cell array: 0x9b8000021d9: [ClosureFeedbackCellArray] in ReadOnlySpace
 - map: 0x09b800000871 <Map(CLOSURE_FEEDBACK_CELL_ARRAY_TYPE)>
 - length: 0
 - elements:

 - slot #0 BinaryOp BinaryOp:SignedSmall {
     [0]: 1
  }
 - slot #1 BinaryOp BinaryOp:SignedSmall {
     [1]: 1
  }
 - slot #2 BinaryOp BinaryOp:SignedSmall {
     [2]: 1
  }
 - slot #3 BinaryOp BinaryOp:SignedSmall {
     [3]: 1
  }
 - slot #4 BinaryOp BinaryOp:SignedSmall {
     [4]: 1
  }
 - slot #5 BinaryOp BinaryOp:SignedSmall {
     [5]: 1
  }
 - slot #6 BinaryOp BinaryOp:SignedSmall {
     [6]: 1
  }
 - slot #7 BinaryOp BinaryOp:SignedSmall {
     [7]: 1
  }
 - slot #8 BinaryOp BinaryOp:SignedSmall {
     [8]: 1
  }
 - slot #9 BinaryOp BinaryOp:SignedSmall {
     [9]: 1
  }
 - slot #10 BinaryOp BinaryOp:SignedSmall {
     [10]: 1
  }
 - slot #11 BinaryOp BinaryOp:SignedSmall {
     [11]: 1
  }
 - slot #12 BinaryOp BinaryOp:SignedSmall {
     [12]: 1
  }
 - slot #13 BinaryOp BinaryOp:SignedSmall {
     [13]: 1
  }
 - slot #14 BinaryOp BinaryOp:SignedSmall {
     [14]: 1
  }
 - slot #15 BinaryOp BinaryOp:SignedSmall {
     [15]: 1
  }
 - slot #16 BinaryOp BinaryOp:SignedSmall {
     [16]: 1
  }
 - slot #17 BinaryOp BinaryOp:SignedSmall {
     [17]: 1
  }
 - slot #18 BinaryOp BinaryOp:SignedSmall {
     [18]: 1
  }
 - slot #19 BinaryOp BinaryOp:SignedSmall {
     [19]: 1
  }
 - slot #20 BinaryOp BinaryOp:SignedSmall {
     [20]: 1
  }
 - slot #21 BinaryOp BinaryOp:SignedSmall {
     [21]: 1
  }
 - slot #22 BinaryOp BinaryOp:SignedSmall {
     [22]: 1
  }
 - slot #23 BinaryOp BinaryOp:SignedSmall {
     [23]: 1
  }
 - slot #24 BinaryOp BinaryOp:SignedSmall {
     [24]: 1
  }
 - slot #25 BinaryOp BinaryOp:SignedSmall {
     [25]: 1
  }
 - slot #26 BinaryOp BinaryOp:SignedSmall {
     [26]: 1
  }
 - slot #27 BinaryOp BinaryOp:SignedSmall {
     [27]: 1
  }
 - slot #28 BinaryOp BinaryOp:SignedSmall {
     [28]: 1
  }
 - slot #29 BinaryOp BinaryOp:SignedSmall {
     [29]: 1
  }
 - slot #30 BinaryOp BinaryOp:SignedSmall {
     [30]: 1
  }
 - slot #31 BinaryOp BinaryOp:SignedSmall {
     [31]: 1
  }
 - slot #32 BinaryOp BinaryOp:SignedSmall {
     [32]: 1
  }
 - slot #33 BinaryOp BinaryOp:SignedSmall {
     [33]: 1
  }
 - slot #34 BinaryOp BinaryOp:SignedSmall {
     [34]: 1
  }
 - slot #35 BinaryOp BinaryOp:SignedSmall {
     [35]: 1
  }

----- After graph building -----
Graph

[0m  [0m50: Constant(0x09b80101e1a1 <FeedbackCell[one closure]>), 1 uses
[0m   [0m3: Constant(0x09b80101e24d <JSFunction big (sfi = 0x9b80101e0d9)>), 2 uses
[0m   [0m4: Constant(0x09b80101e1d1 <ScriptContext[3]>), 2 uses
[0m   [0m5: RootConstant(undefined_value), 0 uses 🪦
[0m  [0m16: Int32Constant(2), 6 uses, cannot truncate to int32
[0m  [0m10: Int32Constant(3), 6 uses, cannot truncate to int32
[0m  [0m12: Int32Constant(7), 6 uses, cannot truncate to int32
[0m  [0m14: Int32Constant(11), 6 uses, cannot truncate to int32
[0m  [0m18: Int32Constant(65535), 6 uses, cannot truncate to int32
 [0mBlock b0
[0m[1;34m0x09b80101e0d9 <SharedFunctionInfo big> (0x09b80104a7b1 <String[21]: "workloads/inlining.js">:11:12)
[m[0m[0;34m   0 : 1b 03 f9          Mov a0, r0
[m[0m   [0m1: InitialValue(<this>), 2 uses
[0m   [0m2: InitialValue(a0), 4 uses
[0m   [0m6: FunctionEntryStackCheck
[0m      ↳ lazy @-1 (3 live vars)
[0m   [0m7: Jump b1
[0m   ↓
 [0mBlock b1
[0m[1;34m0x09b80101e0d9 <SharedFunctionInfo big> (0x09b80104a7b1 <String[21]: "workloads/inlining.js">:0:0)
[m[0m[0;34m   5 : 4f 01 00          AddSmi [1], FBV[0]
[m[0m      ↱ eager @5 (4 live vars)
[0m   [0m8: CheckedSmiUntag [n2], 1 uses, cannot truncate to int32
[0m      ↱ eager @5 (4 live vars)
[0m   [0m9: Int32IncrementWithOverflow [n8], 1 uses, cannot truncate to int32
[0m[0;34m   9 : 51 03 01          MulSmi [3], FBV[1]
[m[0m      ↱ eager @5 (4 live vars)
[0m  [0m11: Int32MultiplyWithOverflow [n9, n10], 1 uses, cannot truncate to int32
[0m[0;34m  13 : 50 07 02          SubSmi [7], FBV[2]
[m[0m      ↱ eager @5 (4 live vars)
[0m  [0m13: Int32SubtractWithOverflow [n11, n12], 1 uses, can truncate to int32 [-2147483648, 2147483647]
[0m[0;34m  17 : 56 0b 03          BitwiseXorSmi [11], FBV[3]
[m[0m  [0m15: Int32BitwiseXor [n13, n14], 1 uses, cannot truncate to int32
[0m[0;34m  21 : 55 02 04          BitwiseOrSmi [2], FBV[4]
[m[0m  [0m17: Int32BitwiseOr [n15, n16], 1 uses, cannot truncate to int32
[0m[0;34m  25 : 01 57 ff ff 00 00 05 00 00 00 BitwiseAndSmi.ExtraWide [65535], FBV[5]
[m[0m  [0m19: Int32BitwiseAnd [n17, n18], 1 uses, cannot truncate to int32
[0m[0;34m  36 : 4f 01 06          AddSmi [1], FBV[6]
[m[0m      ↱ eager @5 (4 live vars)
[0m  [0m20: Int32IncrementWithOverflow [n19], 1 uses, cannot truncate to int32
[0m[0;34m  40 : 51 03 07          MulSmi [3], FBV[7]
[m[0m      ↱ eager @5 (4 live vars)
[0m  [0m21: Int32MultiplyWithOverflow [n20, n10], 1 uses, cannot truncate to int32
[0m[0;34m  44 : 50 07 08          SubSmi [7], FBV[8]
[m[0m      ↱ eager @5 (4 live vars)
[0m  [0m22: Int32SubtractWithOverflow [n21, n12], 1 uses, can truncate to int32 [-2147483648, 2147483647]
[0m[0;34m  48 : 56 0b 09          BitwiseXorSmi [11], FBV[9]
[m[0m  [0m23: Int32BitwiseXor [n22, n14], 1 uses, cannot truncate to int32
[0m[0;34m  52 : 55 02 0a          BitwiseOrSmi [2], FBV[10]
[m[0m  [0m24: Int32BitwiseOr [n23, n16], 1 uses, cannot truncate to int32
[0m[0;34m  56 : 01 57 ff ff 00 00 0b 00 00 00 BitwiseAndSmi.ExtraWide [65535], FBV[11]
[m[0m  [0m25: Int32BitwiseAnd [n24, n18], 1 uses, cannot truncate to int32
[0m[0;34m  67 : 4f 01 0c          AddSmi [1], FBV[12]
[m[0m      ↱ eager @5 (4 live vars)
[0m  [0m26: Int32IncrementWithOverflow [n25], 1 uses, cannot truncate to int32
[0m[0;34m  71 : 51 03 0d          MulSmi [3], FBV[13]
[m[0m      ↱ eager @5 (4 live vars)
[0m  [0m27: Int32MultiplyWithOverflow [n26, n10], 1 uses, cannot truncate to int32
[0m[0;34m  75 : 50 07 0e          SubSmi [7], FBV[14]
[m[0m      ↱ eager @5 (4 live vars)
[0m  [0m28: Int32SubtractWithOverflow [n27, n12], 1 uses, can truncate to int32 [-2147483648, 2147483647]
[0m[0;34m  79 : 56 0b 0f          BitwiseXorSmi [11], FBV[15]
[m[0m  [0m29: Int32BitwiseXor [n28, n14], 1 uses, cannot truncate to int32
[0m[0;34m  83 : 55 02 10          BitwiseOrSmi [2], FBV[16]
[m[0m  [0m30: Int32BitwiseOr [n29, n16], 1 uses, cannot truncate to int32
[0m[0;34m  87 : 01 57 ff ff 00 00 11 00 00 00 BitwiseAndSmi.ExtraWide [65535], FBV[17]
[m[0m  [0m31: Int32BitwiseAnd [n30, n18], 1 uses, cannot truncate to int32
[0m[0;34m  98 : 4f 01 12          AddSmi [1], FBV[18]
[m[0m      ↱ eager @5 (4 live vars)
[0m  [0m32: Int32IncrementWithOverflow [n31], 1 uses, cannot truncate to int32
[0m[0;34m 102 : 51 03 13          MulSmi [3], FBV[19]
[m[0m      ↱ eager @5 (4 live vars)
[0m  [0m33: Int32MultiplyWithOverflow [n32, n10], 1 uses, cannot truncate to int32
[0m[0;34m 106 : 50 07 14          SubSmi [7], FBV[20]
[m[0m      ↱ eager @5 (4 live vars)
[0m  [0m34: Int32SubtractWithOverflow [n33, n12], 1 uses, can truncate to int32 [-2147483648, 2147483647]
[0m[0;34m 110 : 56 0b 15          BitwiseXorSmi [11], FBV[21]
[m[0m  [0m35: Int32BitwiseXor [n34, n14], 1 uses, cannot truncate to int32
[0m[0;34m 114 : 55 02 16          BitwiseOrSmi [2], FBV[22]
[m[0m  [0m36: Int32BitwiseOr [n35, n16], 1 uses, cannot truncate to int32
[0m[0;34m 118 : 01 57 ff ff 00 00 17 00 00 00 BitwiseAndSmi.ExtraWide [65535], FBV[23]
[m[0m  [0m37: Int32BitwiseAnd [n36, n18], 1 uses, cannot truncate to int32
[0m[0;34m 129 : 4f 01 18          AddSmi [1], FBV[24]
[m[0m      ↱ eager @5 (4 live vars)
[0m  [0m38: Int32IncrementWithOverflow [n37], 1 uses, cannot truncate to int32
[0m[0;34m 133 : 51 03 19          MulSmi [3], FBV[25]
[m[0m      ↱ eager @5 (4 live vars)
[0m  [0m39: Int32MultiplyWithOverflow [n38, n10], 1 uses, cannot truncate to int32
[0m[0;34m 137 : 50 07 1a          SubSmi [7], FBV[26]
[m[0m      ↱ eager @5 (4 live vars)
[0m  [0m40: Int32SubtractWithOverflow [n39, n12], 1 uses, can truncate to int32 [-2147483648, 2147483647]
[0m[0;34m 141 : 56 0b 1b          BitwiseXorSmi [11], FBV[27]
[m[0m  [0m41: Int32BitwiseXor [n40, n14], 1 uses, cannot truncate to int32
[0m[0;34m 145 : 55 02 1c          BitwiseOrSmi [2], FBV[28]
[m[0m  [0m42: Int32BitwiseOr [n41, n16], 1 uses, cannot truncate to int32
[0m[0;34m 149 : 01 57 ff ff 00 00 1d 00 00 00 BitwiseAndSmi.ExtraWide [65535], FBV[29]
[m[0m  [0m43: Int32BitwiseAnd [n42, n18], 1 uses, cannot truncate to int32
[0m[0;34m 160 : 4f 01 1e          AddSmi [1], FBV[30]
[m[0m      ↱ eager @5 (4 live vars)
[0m  [0m44: Int32IncrementWithOverflow [n43], 1 uses, cannot truncate to int32
[0m[0;34m 164 : 51 03 1f          MulSmi [3], FBV[31]
[m[0m      ↱ eager @5 (4 live vars)
[0m  [0m45: Int32MultiplyWithOverflow [n44, n10], 1 uses, cannot truncate to int32
[0m[0;34m 168 : 50 07 20          SubSmi [7], FBV[32]
[m[0m      ↱ eager @5 (4 live vars)
[0m  [0m46: Int32SubtractWithOverflow [n45, n12], 1 uses, can truncate to int32 [-2147483648, 2147483647]
[0m[0;34m 172 : 56 0b 21          BitwiseXorSmi [11], FBV[33]
[m[0m  [0m47: Int32BitwiseXor [n46, n14], 1 uses, cannot truncate to int32
[0m[0;34m 176 : 55 02 22          BitwiseOrSmi [2], FBV[34]
[m[0m  [0m48: Int32BitwiseOr [n47, n16], 1 uses, cannot truncate to int32
[0m[0;34m 180 : 01 57 ff ff 00 00 23 00 00 00 BitwiseAndSmi.ExtraWide [65535], FBV[35]
[m[0m  [0m49: Int32BitwiseAnd [n48, n18], 1 uses, cannot truncate to int32
[0m[0;34m 191 : b9                Return
[m[0m  [0m51: ReduceInterruptBudgetForReturn(191) [n50]
[0m  [0m52: Int32ToNumber[kCanonicalizeSmi] [n49], 1 uses
[0m  [0m53: Return [n52]
[0m

----- After propagating truncation -----
Graph

[0m  [0m50: Constant(0x09b80101e1a1 <FeedbackCell[one closure]>), 1 uses
[0m   [0m3: Constant(0x09b80101e24d <JSFunction big (sfi = 0x9b80101e0d9)>), 2 uses
[0m   [0m4: Constant(0x09b80101e1d1 <ScriptContext[3]>), 2 uses
[0m   [0m5: RootConstant(undefined_value), 0 uses 🪦
[0m  [0m16: Int32Constant(2), 6 uses, cannot truncate to int32
[0m  [0m10: Int32Constant(3), 6 uses, cannot truncate to int32
[0m  [0m12: Int32Constant(7), 6 uses, cannot truncate to int32
[0m  [0m14: Int32Constant(11), 6 uses, cannot truncate to int32
[0m  [0m18: Int32Constant(65535), 6 uses, cannot truncate to int32
 [0mBlock b0
[0m[1;34m0x09b80101e0d9 <SharedFunctionInfo big> (0x09b80104a7b1 <String[21]: "workloads/inlining.js">:11:12)
[m[0m[0;34m   0 : 1b 03 f9          Mov a0, r0
[m[0m   [0m1: InitialValue(<this>), 2 uses
[0m   [0m2: InitialValue(a0), 4 uses
[0m   [0m6: FunctionEntryStackCheck
[0m      ↳ lazy @-1 (3 live vars)
[0m   [0m7: Jump b1
[0m   ↓
 [0mBlock b1
[0m[1;34m0x09b80101e0d9 <SharedFunctionInfo big> (0x09b80104a7b1 <String[21]: "workloads/inlining.js">:0:0)
[m[0m[0;34m   5 : 4f 01 00          AddSmi [1], FBV[0]
[m[0m      ↱ eager @5 (4 live vars)
[0m   [0m8: CheckedSmiUntag [n2], 1 uses, cannot truncate to int32
[0m      ↱ eager @5 (4 live vars)
[0m   [0m9: Int32IncrementWithOverflow [n8], 1 uses, cannot truncate to int32
[0m[0;34m   9 : 51 03 01          MulSmi [3], FBV[1]
[m[0m      ↱ eager @5 (4 live vars)
[0m  [0m11: Int32MultiplyWithOverflow [n9, n10], 1 uses, cannot truncate to int32
[0m[0;34m  13 : 50 07 02          SubSmi [7], FBV[2]
[m[0m      ↱ eager @5 (4 live vars)
[0m  [0m13: Int32SubtractWithOverflow [n11, n12], 1 uses, can truncate to int32 [-2147483648, 2147483647]
[0m[0;34m  17 : 56 0b 03          BitwiseXorSmi [11], FBV[3]
[m[0m  [0m15: Int32BitwiseXor [n13, n14], 1 uses, cannot truncate to int32
[0m[0;34m  21 : 55 02 04          BitwiseOrSmi [2], FBV[4]
[m[0m  [0m17: Int32BitwiseOr [n15, n16], 1 uses, cannot truncate to int32
[0m[0;34m  25 : 01 57 ff ff 00 00 05 00 00 00 BitwiseAndSmi.ExtraWide [65535], FBV[5]
[m[0m  [0m19: Int32BitwiseAnd [n17, n18], 1 uses, cannot truncate to int32
[0m[0;34m  36 : 4f 01 06          AddSmi [1], FBV[6]
[m[0m      ↱ eager @5 (4 live vars)
[0m  [0m20: Int32IncrementWithOverflow [n19], 1 uses, cannot truncate to int32
[0m[0;34m  40 : 51 03 07          MulSmi [3], FBV[7]
[m[0m      ↱ eager @5 (4 live vars)
[0m  [0m21: Int32MultiplyWithOverflow [n20, n10], 1 uses, cannot truncate to int32
[0m[0;34m  44 : 50 07 08          SubSmi [7], FBV[8]
[m[0m      ↱ eager @5 (4 live vars)
[0m  [0m22: Int32SubtractWithOverflow [n21, n12], 1 uses, can truncate to int32 [-2147483648, 2147483647]
[0m[0;34m  48 : 56 0b 09          BitwiseXorSmi [11], FBV[9]
[m[0m  [0m23: Int32BitwiseXor [n22, n14], 1 uses, cannot truncate to int32
[0m[0;34m  52 : 55 02 0a          BitwiseOrSmi [2], FBV[10]
[m[0m  [0m24: Int32BitwiseOr [n23, n16], 1 uses, cannot truncate to int32
[0m[0;34m  56 : 01 57 ff ff 00 00 0b 00 00 00 BitwiseAndSmi.ExtraWide [65535], FBV[11]
[m[0m  [0m25: Int32BitwiseAnd [n24, n18], 1 uses, cannot truncate to int32
[0m[0;34m  67 : 4f 01 0c          AddSmi [1], FBV[12]
[m[0m      ↱ eager @5 (4 live vars)
[0m  [0m26: Int32IncrementWithOverflow [n25], 1 uses, cannot truncate to int32
[0m[0;34m  71 : 51 03 0d          MulSmi [3], FBV[13]
[m[0m      ↱ eager @5 (4 live vars)
[0m  [0m27: Int32MultiplyWithOverflow [n26, n10], 1 uses, cannot truncate to int32
[0m[0;34m  75 : 50 07 0e          SubSmi [7], FBV[14]
[m[0m      ↱ eager @5 (4 live vars)
[0m  [0m28: Int32SubtractWithOverflow [n27, n12], 1 uses, can truncate to int32 [-2147483648, 2147483647]
[0m[0;34m  79 : 56 0b 0f          BitwiseXorSmi [11], FBV[15]
[m[0m  [0m29: Int32BitwiseXor [n28, n14], 1 uses, cannot truncate to int32
[0m[0;34m  83 : 55 02 10          BitwiseOrSmi [2], FBV[16]
[m[0m  [0m30: Int32BitwiseOr [n29, n16], 1 uses, cannot truncate to int32
[0m[0;34m  87 : 01 57 ff ff 00 00 11 00 00 00 BitwiseAndSmi.ExtraWide [65535], FBV[17]
[m[0m  [0m31: Int32BitwiseAnd [n30, n18], 1 uses, cannot truncate to int32
[0m[0;34m  98 : 4f 01 12          AddSmi [1], FBV[18]
[m[0m      ↱ eager @5 (4 live vars)
[0m  [0m32: Int32IncrementWithOverflow [n31], 1 uses, cannot truncate to int32
[0m[0;34m 102 : 51 03 13          MulSmi [3], FBV[19]
[m[0m      ↱ eager @5 (4 live vars)
[0m  [0m33: Int32MultiplyWithOverflow [n32, n10], 1 uses, cannot truncate to int32
[0m[0;34m 106 : 50 07 14          SubSmi [7], FBV[20]
[m[0m      ↱ eager @5 (4 live vars)
[0m  [0m34: Int32SubtractWithOverflow [n33, n12], 1 uses, can truncate to int32 [-2147483648, 2147483647]
[0m[0;34m 110 : 56 0b 15          BitwiseXorSmi [11], FBV[21]
[m[0m  [0m35: Int32BitwiseXor [n34, n14], 1 uses, cannot truncate to int32
[0m[0;34m 114 : 55 02 16          BitwiseOrSmi [2], FBV[22]
[m[0m  [0m36: Int32BitwiseOr [n35, n16], 1 uses, cannot truncate to int32
[0m[0;34m 118 : 01 57 ff ff 00 00 17 00 00 00 BitwiseAndSmi.ExtraWide [65535], FBV[23]
[m[0m  [0m37: Int32BitwiseAnd [n36, n18], 1 uses, cannot truncate to int32
[0m[0;34m 129 : 4f 01 18          AddSmi [1], FBV[24]
[m[0m      ↱ eager @5 (4 live vars)
[0m  [0m38: Int32IncrementWithOverflow [n37], 1 uses, cannot truncate to int32
[0m[0;34m 133 : 51 03 19          MulSmi [3], FBV[25]
[m[0m      ↱ eager @5 (4 live vars)
[0m  [0m39: Int32MultiplyWithOverflow [n38, n10], 1 uses, cannot truncate to int32
[0m[0;34m 137 : 50 07 1a          SubSmi [7], FBV[26]
[m[0m      ↱ eager @5 (4 live vars)
[0m  [0m40: Int32SubtractWithOverflow [n39, n12], 1 uses, can truncate to int32 [-2147483648, 2147483647]
[0m[0;34m 141 : 56 0b 1b          BitwiseXorSmi [11], FBV[27]
[m[0m  [0m41: Int32BitwiseXor [n40, n14], 1 uses, cannot truncate to int32
[0m[0;34m 145 : 55 02 1c          BitwiseOrSmi [2], FBV[28]
[m[0m  [0m42: Int32BitwiseOr [n41, n16], 1 uses, cannot truncate to int32
[0m[0;34m 149 : 01 57 ff ff 00 00 1d 00 00 00 BitwiseAndSmi.ExtraWide [65535], FBV[29]
[m[0m  [0m43: Int32BitwiseAnd [n42, n18], 1 uses, cannot truncate to int32
[0m[0;34m 160 : 4f 01 1e          AddSmi [1], FBV[30]
[m[0m      ↱ eager @5 (4 live vars)
[0m  [0m44: Int32IncrementWithOverflow [n43], 1 uses, cannot truncate to int32
[0m[0;34m 164 : 51 03 1f          MulSmi [3], FBV[31]
[m[0m      ↱ eager @5 (4 live vars)
[0m  [0m45: Int32MultiplyWithOverflow [n44, n10], 1 uses, cannot truncate to int32
[0m[0;34m 168 : 50 07 20          SubSmi [7], FBV[32]
[m[0m      ↱ eager @5 (4 live vars)
[0m  [0m46: Int32SubtractWithOverflow [n45, n12], 1 uses, can truncate to int32 [-2147483648, 2147483647]
[0m[0;34m 172 : 56 0b 21          BitwiseXorSmi [11], FBV[33]
[m[0m  [0m47: Int32BitwiseXor [n46, n14], 1 uses, cannot truncate to int32
[0m[0;34m 176 : 55 02 22          BitwiseOrSmi [2], FBV[34]
[m[0m  [0m48: Int32BitwiseOr [n47, n16], 1 uses, cannot truncate to int32
[0m[0;34m 180 : 01 57 ff ff 00 00 23 00 00 00 BitwiseAndSmi.ExtraWide [65535], FBV[35]
[m[0m  [0m49: Int32BitwiseAnd [n48, n18], 1 uses, cannot truncate to int32
[0m[0;34m 191 : b9                Return
[m[0m  [0m51: ReduceInterruptBudgetForReturn(191) [n50]
[0m  [0m52: Int32ToNumber[kCanonicalizeSmi] [n49], 1 uses
[0m  [0m53: Return [n52]
[0m

----- After truncation -----
Graph

[0m  [0m50: Constant(0x09b80101e1a1 <FeedbackCell[one closure]>), 1 uses
[0m   [0m3: Constant(0x09b80101e24d <JSFunction big (sfi = 0x9b80101e0d9)>), 2 uses
[0m   [0m4: Constant(0x09b80101e1d1 <ScriptContext[3]>), 2 uses
[0m   [0m5: RootConstant(undefined_value), 0 uses 🪦
[0m  [0m16: Int32Constant(2), 6 uses, cannot truncate to int32
[0m  [0m10: Int32Constant(3), 6 uses, cannot truncate to int32
[0m  [0m12: Int32Constant(7), 6 uses, cannot truncate to int32
[0m  [0m14: Int32Constant(11), 6 uses, cannot truncate to int32
[0m  [0m18: Int32Constant(65535), 6 uses, cannot truncate to int32
 [0mBlock b0
[0m[1;34m0x09b80101e0d9 <SharedFunctionInfo big> (0x09b80104a7b1 <String[21]: "workloads/inlining.js">:11:12)
[m[0m[0;34m   0 : 1b 03 f9          Mov a0, r0
[m[0m   [0m1: InitialValue(<this>), 2 uses
[0m   [0m2: InitialValue(a0), 4 uses
[0m   [0m6: FunctionEntryStackCheck
[0m      ↳ lazy @-1 (3 live vars)
[0m   [0m7: Jump b1
[0m   ↓
 [0mBlock b1
[0m[1;34m0x09b80101e0d9 <SharedFunctionInfo big> (0x09b80104a7b1 <String[21]: "workloads/inlining.js">:0:0)
[m[0m[0;34m   5 : 4f 01 00          AddSmi [1], FBV[0]
[m[0m      ↱ eager @5 (4 live vars)
[0m   [0m8: CheckedSmiUntag [n2], 1 uses, cannot truncate to int32
[0m      ↱ eager @5 (4 live vars)
[0m   [0m9: Int32IncrementWithOverflow [n8], 1 uses, cannot truncate to int32
[0m[0;34m   9 : 51 03 01          MulSmi [3], FBV[1]
[m[0m      ↱ eager @5 (4 live vars)
[0m  [0m11: Int32MultiplyWithOverflow [n9, n10], 1 uses, cannot truncate to int32
[0m[0;34m  13 : 50 07 02          SubSmi [7], FBV[2]
[m[0m  [0m13: Int32Subtract [n11, n12], 1 uses, can truncate to int32 [-2147483648, 2147483647]
[0m[0;34m  17 : 56 0b 03          BitwiseXorSmi [11], FBV[3]
[m[0m  [0m15: Int32BitwiseXor [n13, n14], 1 uses, cannot truncate to int32
[0m[0;34m  21 : 55 02 04          BitwiseOrSmi [2], FBV[4]
[m[0m  [0m17: Int32BitwiseOr [n15, n16], 1 uses, cannot truncate to int32
[0m[0;34m  25 : 01 57 ff ff 00 00 05 00 00 00 BitwiseAndSmi.ExtraWide [65535], FBV[5]
[m[0m  [0m19: Int32BitwiseAnd [n17, n18], 1 uses, cannot truncate to int32
[0m[0;34m  36 : 4f 01 06          AddSmi [1], FBV[6]
[m[0m      ↱ eager @5 (4 live vars)
[0m  [0m20: Int32IncrementWithOverflow [n19], 1 uses, cannot truncate to int32
[0m[0;34m  40 : 51 03 07          MulSmi [3], FBV[7]
[m[0m      ↱ eager @5 (4 live vars)
[0m  [0m21: Int32MultiplyWithOverflow [n20, n10], 1 uses, cannot truncate to int32
[0m[0;34m  44 : 50 07 08          SubSmi [7], FBV[8]
[m[0m  [0m22: Int32Subtract [n21, n12], 1 uses, can truncate to int32 [-2147483648, 2147483647]
[0m[0;34m  48 : 56 0b 09          BitwiseXorSmi [11], FBV[9]
[m[0m  [0m23: Int32BitwiseXor [n22, n14], 1 uses, cannot truncate to int32
[0m[0;34m  52 : 55 02 0a          BitwiseOrSmi [2], FBV[10]
[m[0m  [0m24: Int32BitwiseOr [n23, n16], 1 uses, cannot truncate to int32
[0m[0;34m  56 : 01 57 ff ff 00 00 0b 00 00 00 BitwiseAndSmi.ExtraWide [65535], FBV[11]
[m[0m  [0m25: Int32BitwiseAnd [n24, n18], 1 uses, cannot truncate to int32
[0m[0;34m  67 : 4f 01 0c          AddSmi [1], FBV[12]
[m[0m      ↱ eager @5 (4 live vars)
[0m  [0m26: Int32IncrementWithOverflow [n25], 1 uses, cannot truncate to int32
[0m[0;34m  71 : 51 03 0d          MulSmi [3], FBV[13]
[m[0m      ↱ eager @5 (4 live vars)
[0m  [0m27: Int32MultiplyWithOverflow [n26, n10], 1 uses, cannot truncate to int32
[0m[0;34m  75 : 50 07 0e          SubSmi [7], FBV[14]
[m[0m  [0m28: Int32Subtract [n27, n12], 1 uses, can truncate to int32 [-2147483648, 2147483647]
[0m[0;34m  79 : 56 0b 0f          BitwiseXorSmi [11], FBV[15]
[m[0m  [0m29: Int32BitwiseXor [n28, n14], 1 uses, cannot truncate to int32
[0m[0;34m  83 : 55 02 10          BitwiseOrSmi [2], FBV[16]
[m[0m  [0m30: Int32BitwiseOr [n29, n16], 1 uses, cannot truncate to int32
[0m[0;34m  87 : 01 57 ff ff 00 00 11 00 00 00 BitwiseAndSmi.ExtraWide [65535], FBV[17]
[m[0m  [0m31: Int32BitwiseAnd [n30, n18], 1 uses, cannot truncate to int32
[0m[0;34m  98 : 4f 01 12          AddSmi [1], FBV[18]
[m[0m      ↱ eager @5 (4 live vars)
[0m  [0m32: Int32IncrementWithOverflow [n31], 1 uses, cannot truncate to int32
[0m[0;34m 102 : 51 03 13          MulSmi [3], FBV[19]
[m[0m      ↱ eager @5 (4 live vars)
[0m  [0m33: Int32MultiplyWithOverflow [n32, n10], 1 uses, cannot truncate to int32
[0m[0;34m 106 : 50 07 14          SubSmi [7], FBV[20]
[m[0m  [0m34: Int32Subtract [n33, n12], 1 uses, can truncate to int32 [-2147483648, 2147483647]
[0m[0;34m 110 : 56 0b 15          BitwiseXorSmi [11], FBV[21]
[m[0m  [0m35: Int32BitwiseXor [n34, n14], 1 uses, cannot truncate to int32
[0m[0;34m 114 : 55 02 16          BitwiseOrSmi [2], FBV[22]
[m[0m  [0m36: Int32BitwiseOr [n35, n16], 1 uses, cannot truncate to int32
[0m[0;34m 118 : 01 57 ff ff 00 00 17 00 00 00 BitwiseAndSmi.ExtraWide [65535], FBV[23]
[m[0m  [0m37: Int32BitwiseAnd [n36, n18], 1 uses, cannot truncate to int32
[0m[0;34m 129 : 4f 01 18          AddSmi [1], FBV[24]
[m[0m      ↱ eager @5 (4 live vars)
[0m  [0m38: Int32IncrementWithOverflow [n37], 1 uses, cannot truncate to int32
[0m[0;34m 133 : 51 03 19          MulSmi [3], FBV[25]
[m[0m      ↱ eager @5 (4 live vars)
[0m  [0m39: Int32MultiplyWithOverflow [n38, n10], 1 uses, cannot truncate to int32
[0m[0;34m 137 : 50 07 1a          SubSmi [7], FBV[26]
[m[0m  [0m40: Int32Subtract [n39, n12], 1 uses, can truncate to int32 [-2147483648, 2147483647]
[0m[0;34m 141 : 56 0b 1b          BitwiseXorSmi [11], FBV[27]
[m[0m  [0m41: Int32BitwiseXor [n40, n14], 1 uses, cannot truncate to int32
[0m[0;34m 145 : 55 02 1c          BitwiseOrSmi [2], FBV[28]
[m[0m  [0m42: Int32BitwiseOr [n41, n16], 1 uses, cannot truncate to int32
[0m[0;34m 149 : 01 57 ff ff 00 00 1d 00 00 00 BitwiseAndSmi.ExtraWide [65535], FBV[29]
[m[0m  [0m43: Int32BitwiseAnd [n42, n18], 1 uses, cannot truncate to int32
[0m[0;34m 160 : 4f 01 1e          AddSmi [1], FBV[30]
[m[0m      ↱ eager @5 (4 live vars)
[0m  [0m44: Int32IncrementWithOverflow [n43], 1 uses, cannot truncate to int32
[0m[0;34m 164 : 51 03 1f          MulSmi [3], FBV[31]
[m[0m      ↱ eager @5 (4 live vars)
[0m  [0m45: Int32MultiplyWithOverflow [n44, n10], 1 uses, cannot truncate to int32
[0m[0;34m 168 : 50 07 20          SubSmi [7], FBV[32]
[m[0m  [0m46: Int32Subtract [n45, n12], 1 uses, can truncate to int32 [-2147483648, 2147483647]
[0m[0;34m 172 : 56 0b 21          BitwiseXorSmi [11], FBV[33]
[m[0m  [0m47: Int32BitwiseXor [n46, n14], 1 uses, cannot truncate to int32
[0m[0;34m 176 : 55 02 22          BitwiseOrSmi [2], FBV[34]
[m[0m  [0m48: Int32BitwiseOr [n47, n16], 1 uses, cannot truncate to int32
[0m[0;34m 180 : 01 57 ff ff 00 00 23 00 00 00 BitwiseAndSmi.ExtraWide [65535], FBV[35]
[m[0m  [0m49: Int32BitwiseAnd [n48, n18], 1 uses, cannot truncate to int32
[0m[0;34m 191 : b9                Return
[m[0m  [0m51: ReduceInterruptBudgetForReturn(191) [n50]
[0m  [0m52: Int32ToNumber[kCanonicalizeSmi] [n49], 1 uses
[0m  [0m53: Return [n52]
[0m

----- After use marking -----
Graph

[0m  [0m50: Constant(0x09b80101e1a1 <FeedbackCell[one closure]>) → (x)
[0m   [0m3: Constant(0x09b80101e24d <JSFunction big (sfi = 0x9b80101e0d9)>) → (x)
[0m   [0m4: Constant(0x09b80101e1d1 <ScriptContext[3]>) → (x)
[0m  [0m16: Int32Constant(2) → (x)
[0m  [0m10: Int32Constant(3) → (x)
[0m  [0m12: Int32Constant(7) → (x)
[0m  [0m14: Int32Constant(11) → (x)
[0m  [0m18: Int32Constant(65535) → (x)
 [0mBlock b0
[0m[1;34m0x09b80101e0d9 <SharedFunctionInfo big> (0x09b80104a7b1 <String[21]: "workloads/inlining.js">:11:12)
[m[0m[0;34m   0 : 1b 03 f9          Mov a0, r0
[m[0m   [0m1: InitialValue(<this>) → (x)
[0m   [0m2: InitialValue(a0) → (x)
[0m   [0m6: FunctionEntryStackCheck
[0m      ↳ lazy @-1 (3 live vars)
[0m   [0m7: Jump b1
[0m   ↓
 [0mBlock b1
[0m[1;34m0x09b80101e0d9 <SharedFunctionInfo big> (0x09b80104a7b1 <String[21]: "workloads/inlining.js">:0:0)
[m[0m[0;34m   5 : 4f 01 00          AddSmi [1], FBV[0]
[m[0m      ↱ eager @5 (4 live vars)
[0m   [0m8: CheckedSmiUntag [v0/n2:(x)] → (x)
[0m      ↱ eager @5 (4 live vars)
[0m   [0m9: Int32IncrementWithOverflow [v0/n8:(x)] → (x)
[0m[0;34m   9 : 51 03 01          MulSmi [3], FBV[1]
[m[0m      ↱ eager @5 (4 live vars)
[0m  [0m11: Int32MultiplyWithOverflow [v0/n9:(x), v0/n10:(x)] → (x)
[0m[0;34m  13 : 50 07 02          SubSmi [7], FBV[2]
[m[0m  [0m13: Int32Subtract [v0/n11:(x), v0/n12:(x)] → (x)
[0m[0;34m  17 : 56 0b 03          BitwiseXorSmi [11], FBV[3]
[m[0m  [0m15: Int32BitwiseXor [v0/n13:(x), v0/n14:(x)] → (x)
[0m[0;34m  21 : 55 02 04          BitwiseOrSmi [2], FBV[4]
[m[0m  [0m17: Int32BitwiseOr [v0/n15:(x), v0/n16:(x)] → (x)
[0m[0;34m  25 : 01 57 ff ff 00 00 05 00 00 00 BitwiseAndSmi.ExtraWide [65535], FBV[5]
[m[0m  [0m19: Int32BitwiseAnd [v0/n17:(x), v0/n18:(x)] → (x)
[0m[0;34m  36 : 4f 01 06          AddSmi [1], FBV[6]
[m[0m      ↱ eager @5 (4 live vars)
[0m  [0m20: Int32IncrementWithOverflow [v0/n19:(x)] → (x)
[0m[0;34m  40 : 51 03 07          MulSmi [3], FBV[7]
[m[0m      ↱ eager @5 (4 live vars)
[0m  [0m21: Int32MultiplyWithOverflow [v0/n20:(x), v0/n10:(x)] → (x)
[0m[0;34m  44 : 50 07 08          SubSmi [7], FBV[8]
[m[0m  [0m22: Int32Subtract [v0/n21:(x), v0/n12:(x)] → (x)
[0m[0;34m  48 : 56 0b 09          BitwiseXorSmi [11], FBV[9]
[m[0m  [0m23: Int32BitwiseXor [v0/n22:(x), v0/n14:(x)] → (x)
[0m[0;34m  52 : 55 02 0a          BitwiseOrSmi [2], FBV[10]
[m[0m  [0m24: Int32BitwiseOr [v0/n23:(x), v0/n16:(x)] → (x)
[0m[0;34m  56 : 01 57 ff ff 00 00 0b 00 00 00 BitwiseAndSmi.ExtraWide [65535], FBV[11]
[m[0m  [0m25: Int32BitwiseAnd [v0/n24:(x), v0/n18:(x)] → (x)
[0m[0;34m  67 : 4f 01 0c          AddSmi [1], FBV[12]
[m[0m      ↱ eager @5 (4 live vars)
[0m  [0m26: Int32IncrementWithOverflow [v0/n25:(x)] → (x)
[0m[0;34m  71 : 51 03 0d          MulSmi [3], FBV[13]
[m[0m      ↱ eager @5 (4 live vars)
[0m  [0m27: Int32MultiplyWithOverflow [v0/n26:(x), v0/n10:(x)] → (x)
[0m[0;34m  75 : 50 07 0e          SubSmi [7], FBV[14]
[m[0m  [0m28: Int32Subtract [v0/n27:(x), v0/n12:(x)] → (x)
[0m[0;34m  79 : 56 0b 0f          BitwiseXorSmi [11], FBV[15]
[m[0m  [0m29: Int32BitwiseXor [v0/n28:(x), v0/n14:(x)] → (x)
[0m[0;34m  83 : 55 02 10          BitwiseOrSmi [2], FBV[16]
[m[0m  [0m30: Int32BitwiseOr [v0/n29:(x), v0/n16:(x)] → (x)
[0m[0;34m  87 : 01 57 ff ff 00 00 11 00 00 00 BitwiseAndSmi.ExtraWide [65535], FBV[17]
[m[0m  [0m31: Int32BitwiseAnd [v0/n30:(x), v0/n18:(x)] → (x)
[0m[0;34m  98 : 4f 01 12          AddSmi [1], FBV[18]
[m[0m      ↱ eager @5 (4 live vars)
[0m  [0m32: Int32IncrementWithOverflow [v0/n31:(x)] → (x)
[0m[0;34m 102 : 51 03 13          MulSmi [3], FBV[19]
[m[0m      ↱ eager @5 (4 live vars)
[0m  [0m33: Int32MultiplyWithOverflow [v0/n32:(x), v0/n10:(x)] → (x)
[0m[0;34m 106 : 50 07 14          SubSmi [7], FBV[20]
[m[0m  [0m34: Int32Subtract [v0/n33:(x), v0/n12:(x)] → (x)
[0m[0;34m 110 : 56 0b 15          BitwiseXorSmi [11], FBV[21]
[m[0m  [0m35: Int32BitwiseXor [v0/n34:(x), v0/n14:(x)] → (x)
[0m[0;34m 114 : 55 02 16          BitwiseOrSmi [2], FBV[22]
[m[0m  [0m36: Int32BitwiseOr [v0/n35:(x), v0/n16:(x)] → (x)
[0m[0;34m 118 : 01 57 ff ff 00 00 17 00 00 00 BitwiseAndSmi.ExtraWide [65535], FBV[23]
[m[0m  [0m37: Int32BitwiseAnd [v0/n36:(x), v0/n18:(x)] → (x)
[0m[0;34m 129 : 4f 01 18          AddSmi [1], FBV[24]
[m[0m      ↱ eager @5 (4 live vars)
[0m  [0m38: Int32IncrementWithOverflow [v0/n37:(x)] → (x)
[0m[0;34m 133 : 51 03 19          MulSmi [3], FBV[25]
[m[0m      ↱ eager @5 (4 live vars)
[0m  [0m39: Int32MultiplyWithOverflow [v0/n38:(x), v0/n10:(x)] → (x)
[0m[0;34m 137 : 50 07 1a          SubSmi [7], FBV[26]
[m[0m  [0m40: Int32Subtract [v0/n39:(x), v0/n12:(x)] → (x)
[0m[0;34m 141 : 56 0b 1b          BitwiseXorSmi [11], FBV[27]
[m[0m  [0m41: Int32BitwiseXor [v0/n40:(x), v0/n14:(x)] → (x)
[0m[0;34m 145 : 55 02 1c          BitwiseOrSmi [2], FBV[28]
[m[0m  [0m42: Int32BitwiseOr [v0/n41:(x), v0/n16:(x)] → (x)
[0m[0;34m 149 : 01 57 ff ff 00 00 1d 00 00 00 BitwiseAndSmi.ExtraWide [65535], FBV[29]
[m[0m  [0m43: Int32BitwiseAnd [v0/n42:(x), v0/n18:(x)] → (x)
[0m[0;34m 160 : 4f 01 1e          AddSmi [1], FBV[30]
[m[0m      ↱ eager @5 (4 live vars)
[0m  [0m44: Int32IncrementWithOverflow [v0/n43:(x)] → (x)
[0m[0;34m 164 : 51 03 1f          MulSmi [3], FBV[31]
[m[0m      ↱ eager @5 (4 live vars)
[0m  [0m45: Int32MultiplyWithOverflow [v0/n44:(x), v0/n10:(x)] → (x)
[0m[0;34m 168 : 50 07 20          SubSmi [7], FBV[32]
[m[0m  [0m46: Int32Subtract [v0/n45:(x), v0/n12:(x)] → (x)
[0m[0;34m 172 : 56 0b 21          BitwiseXorSmi [11], FBV[33]
[m[0m  [0m47: Int32BitwiseXor [v0/n46:(x), v0/n14:(x)] → (x)
[0m[0;34m 176 : 55 02 22          BitwiseOrSmi [2], FBV[34]
[m[0m  [0m48: Int32BitwiseOr [v0/n47:(x), v0/n16:(x)] → (x)
[0m[0;34m 180 : 01 57 ff ff 00 00 23 00 00 00 BitwiseAndSmi.ExtraWide [65535], FBV[35]
[m[0m  [0m49: Int32BitwiseAnd [v0/n48:(x), v0/n18:(x)] → (x)
[0m[0;34m 191 : b9                Return
[m[0m  [0m51: ReduceInterruptBudgetForReturn(191) [v0/n50:(x)]
[0m  [0m52: Int32ToNumber[kCanonicalizeSmi] [v0/n49:(x)] → (x)
[0m  [0m53: Return [v0/n52:(x)]
[0m

----- After register allocation pre-processing -----
Graph

[0m   [0m1/50: Constant(0x09b80101e1a1 <FeedbackCell[one closure]>) → v-1, live range: [1-50]
[0m    [0m2/3: Constant(0x09b80101e24d <JSFunction big (sfi = 0x9b80101e0d9)>) → v-1, live range: [2-45]
[0m    [0m3/4: Constant(0x09b80101e1d1 <ScriptContext[3]>) → v-1, live range: [3-45]
[0m   [0m4/16: Int32Constant(2) → v-1, live range: [4-48]
[0m   [0m5/10: Int32Constant(3) → v-1, live range: [5-45]
[0m   [0m6/12: Int32Constant(7) → v-1, live range: [6-46]
[0m   [0m7/14: Int32Constant(11) → v-1, live range: [7-47]
[0m   [0m8/18: Int32Constant(65535) → v-1, live range: [8-49]
 [0mBlock b0
[0m[1;34m0x09b80101e0d9 <SharedFunctionInfo big> (0x09b80104a7b1 <String[21]: "workloads/inlining.js">:11:12)
[m[0m[0;34m   0 : 1b 03 f9          Mov a0, r0
[m[0m    [0m9/1: InitialValue(<this>) → v-1(=-6S), live range: [9-45]
[0m   [0m10/2: InitialValue(a0) → v-1(=-7S), live range: [10-45]
[0m   [0m11/6: FunctionEntryStackCheck
[0m         ↳ lazy @-1 (3 live vars)
[0m   [0m12/7: Jump b1
[0m      ↓
 [0mBlock b1
[0m[1;34m0x09b80101e0d9 <SharedFunctionInfo big> (0x09b80104a7b1 <String[21]: "workloads/inlining.js">:0:0)
[m[0m[0;34m   5 : 4f 01 00          AddSmi [1], FBV[0]
[m[0m         ↱ eager @5 (4 live vars)
[0m   [0m13/8: CheckedSmiUntag [v10/n2:v-1(R)] → v-1(0), live range: [13-14]
[0m         ↱ eager @5 (4 live vars)
[0m   [0m14/9: Int32IncrementWithOverflow [v13/n8:v-1(R)] → v-1(0), live range: [14-15]
[0m[0;34m   9 : 51 03 01          MulSmi [3], FBV[1]
[m[0m         ↱ eager @5 (4 live vars)
[0m  [0m15/11: Int32MultiplyWithOverflow [v14/n9:v-1(R), v5/n10:v-1(R)] → v-1(0), live range: [15-16]
[0m[0;34m  13 : 50 07 02          SubSmi [7], FBV[2]
[m[0m  [0m16/13: Int32Subtract [v15/n11:v-1(R), v6/n12:v-1(*)] → v-1(0), live range: [16-17]
[0m[0;34m  17 : 56 0b 03          BitwiseXorSmi [11], FBV[3]
[m[0m  [0m17/15: Int32BitwiseXor [v16/n13:v-1(R), v7/n14:v-1(*)] → v-1(0), live range: [17-18]
[0m[0;34m  21 : 55 02 04          BitwiseOrSmi [2], FBV[4]
[m[0m  [0m18/17: Int32BitwiseOr [v17/n15:v-1(R), v4/n16:v-1(*)] → v-1(0), live range: [18-19]
[0m[0;34m  25 : 01 57 ff ff 00 00 05 00 00 00 BitwiseAndSmi.ExtraWide [65535], FBV[5]
[m[0m  [0m19/19: Int32BitwiseAnd [v18/n17:v-1(R), v8/n18:v-1(*)] → v-1(0), live range: [19-20]
[0m[0;34m  36 : 4f 01 06          AddSmi [1], FBV[6]
[m[0m         ↱ eager @5 (4 live vars)
[0m  [0m20/20: Int32IncrementWithOverflow [v19/n19:v-1(R)] → v-1(0), live range: [20-21]
[0m[0;34m  40 : 51 03 07          MulSmi [3], FBV[7]
[m[0m         ↱ eager @5 (4 live vars)
[0m  [0m21/21: Int32MultiplyWithOverflow [v20/n20:v-1(R), v5/n10:v-1(R)] → v-1(0), live range: [21-22]
[0m[0;34m  44 : 50 07 08          SubSmi [7], FBV[8]
[m[0m  [0m22/22: Int32Subtract [v21/n21:v-1(R), v6/n12:v-1(*)] → v-1(0), live range: [22-23]
[0m[0;34m  48 : 56 0b 09          BitwiseXorSmi [11], FBV[9]
[m[0m  [0m23/23: Int32BitwiseXor [v22/n22:v-1(R), v7/n14:v-1(*)] → v-1(0), live range: [23-24]
[0m[0;34m  52 : 55 02 0a          BitwiseOrSmi [2], FBV[10]
[m[0m  [0m24/24: Int32BitwiseOr [v23/n23:v-1(R), v4/n16:v-1(*)] → v-1(0), live range: [24-25]
[0m[0;34m  56 : 01 57 ff ff 00 00 0b 00 00 00 BitwiseAndSmi.ExtraWide [65535], FBV[11]
[m[0m  [0m25/25: Int32BitwiseAnd [v24/n24:v-1(R), v8/n18:v-1(*)] → v-1(0), live range: [25-26]
[0m[0;34m  67 : 4f 01 0c          AddSmi [1], FBV[12]
[m[0m         ↱ eager @5 (4 live vars)
[0m  [0m26/26: Int32IncrementWithOverflow [v25/n25:v-1(R)] → v-1(0), live range: [26-27]
[0m[0;34m  71 : 51 03 0d          MulSmi [3], FBV[13]
[m[0m         ↱ eager @5 (4 live vars)
[0m  [0m27/27: Int32MultiplyWithOverflow [v26/n26:v-1(R), v5/n10:v-1(R)] → v-1(0), live range: [27-28]
[0m[0;34m  75 : 50 07 0e          SubSmi [7], FBV[14]
[m[0m  [0m28/28: Int32Subtract [v27/n27:v-1(R), v6/n12:v-1(*)] → v-1(0), live range: [28-29]
[0m[0;34m  79 : 56 0b 0f          BitwiseXorSmi [11], FBV[15]
[m[0m  [0m29/29: Int32BitwiseXor [v28/n28:v-1(R), v7/n14:v-1(*)] → v-1(0), live range: [29-30]
[0m[0;34m  83 : 55 02 10          BitwiseOrSmi [2], FBV[16]
[m[0m  [0m30/30: Int32BitwiseOr [v29/n29:v-1(R), v4/n16:v-1(*)] → v-1(0), live range: [30-31]
[0m[0;34m  87 : 01 57 ff ff 00 00 11 00 00 00 BitwiseAndSmi.ExtraWide [65535], FBV[17]
[m[0m  [0m31/31: Int32BitwiseAnd [v30/n30:v-1(R), v8/n18:v-1(*)] → v-1(0), live range: [31-32]
[0m[0;34m  98 : 4f 01 12          AddSmi [1], FBV[18]
[m[0m         ↱ eager @5 (4 live vars)
[0m  [0m32/32: Int32IncrementWithOverflow [v31/n31:v-1(R)] → v-1(0), live range: [32-33]
[0m[0;34m 102 : 51 03 13          MulSmi [3], FBV[19]
[m[0m         ↱ eager @5 (4 live vars)
[0m  [0m33/33: Int32MultiplyWithOverflow [v32/n32:v-1(R), v5/n10:v-1(R)] → v-1(0), live range: [33-34]
[0m[0;34m 106 : 50 07 14          SubSmi [7], FBV[20]
[m[0m  [0m34/34: Int32Subtract [v33/n33:v-1(R), v6/n12:v-1(*)] → v-1(0), live range: [34-35]
[0m[0;34m 110 : 56 0b 15          BitwiseXorSmi [11], FBV[21]
[m[0m  [0m35/35: Int32BitwiseXor [v34/n34:v-1(R), v7/n14:v-1(*)] → v-1(0), live range: [35-36]
[0m[0;34m 114 : 55 02 16          BitwiseOrSmi [2], FBV[22]
[m[0m  [0m36/36: Int32BitwiseOr [v35/n35:v-1(R), v4/n16:v-1(*)] → v-1(0), live range: [36-37]
[0m[0;34m 118 : 01 57 ff ff 00 00 17 00 00 00 BitwiseAndSmi.ExtraWide [65535], FBV[23]
[m[0m  [0m37/37: Int32BitwiseAnd [v36/n36:v-1(R), v8/n18:v-1(*)] → v-1(0), live range: [37-38]
[0m[0;34m 129 : 4f 01 18          AddSmi [1], FBV[24]
[m[0m         ↱ eager @5 (4 live vars)
[0m  [0m38/38: Int32IncrementWithOverflow [v37/n37:v-1(R)] → v-1(0), live range: [38-39]
[0m[0;34m 133 : 51 03 19          MulSmi [3], FBV[25]
[m[0m         ↱ eager @5 (4 live vars)
[0m  [0m39/39: Int32MultiplyWithOverflow [v38/n38:v-1(R), v5/n10:v-1(R)] → v-1(0), live range: [39-40]
[0m[0;34m 137 : 50 07 1a          SubSmi [7], FBV[26]
[m[0m  [0m40/40: Int32Subtract [v39/n39:v-1(R), v6/n12:v-1(*)] → v-1(0), live range: [40-41]
[0m[0;34m 141 : 56 0b 1b          BitwiseXorSmi [11], FBV[27]
[m[0m  [0m41/41: Int32BitwiseXor [v40/n40:v-1(R), v7/n14:v-1(*)] → v-1(0), live range: [41-42]
[0m[0;34m 145 : 55 02 1c          BitwiseOrSmi [2], FBV[28]
[m[0m  [0m42/42: Int32BitwiseOr [v41/n41:v-1(R), v4/n16:v-1(*)] → v-1(0), live range: [42-43]
[0m[0;34m 149 : 01 57 ff ff 00 00 1d 00 00 00 BitwiseAndSmi.ExtraWide [65535], FBV[29]
[m[0m  [0m43/43: Int32BitwiseAnd [v42/n42:v-1(R), v8/n18:v-1(*)] → v-1(0), live range: [43-44]
[0m[0;34m 160 : 4f 01 1e          AddSmi [1], FBV[30]
[m[0m         ↱ eager @5 (4 live vars)
[0m  [0m44/44: Int32IncrementWithOverflow [v43/n43:v-1(R)] → v-1(0), live range: [44-45]
[0m[0;34m 164 : 51 03 1f          MulSmi [3], FBV[31]
[m[0m         ↱ eager @5 (4 live vars)
[0m  [0m45/45: Int32MultiplyWithOverflow [v44/n44:v-1(R), v5/n10:v-1(R)] → v-1(0), live range: [45-46]
[0m[0;34m 168 : 50 07 20          SubSmi [7], FBV[32]
[m[0m  [0m46/46: Int32Subtract [v45/n45:v-1(R), v6/n12:v-1(*)] → v-1(0), live range: [46-47]
[0m[0;34m 172 : 56 0b 21          BitwiseXorSmi [11], FBV[33]
[m[0m  [0m47/47: Int32BitwiseXor [v46/n46:v-1(R), v7/n14:v-1(*)] → v-1(0), live range: [47-48]
[0m[0;34m 176 : 55 02 22          BitwiseOrSmi [2], FBV[34]
[m[0m  [0m48/48: Int32BitwiseOr [v47/n47:v-1(R), v4/n16:v-1(*)] → v-1(0), live range: [48-49]
[0m[0;34m 180 : 01 57 ff ff 00 00 23 00 00 00 BitwiseAndSmi.ExtraWide [65535], FBV[35]
[m[0m  [0m49/49: Int32BitwiseAnd [v48/n48:v-1(R), v8/n18:v-1(*)] → v-1(0), live range: [49-51]
[0m[0;34m 191 : b9                Return
[m[0m  [0m50/51: ReduceInterruptBudgetForReturn(191) [v1/n50:v-1(R)]
[0m  [0m51/52: Int32ToNumber[kCanonicalizeSmi] [v49/n49:v-1(R)] → v-1(R), live range: [51-52]
[0m  [0m52/53: Return [v51/n52:v-1(=rax)]
[0m

----- After register allocation -----
Graph

[0m   [0m1/50: Constant(0x09b80101e1a1 <FeedbackCell[one closure]>) → v-1, live range: [1-50]
[0m    [0m2/3: Constant(0x09b80101e24d <JSFunction big (sfi = 0x9b80101e0d9)>) → v-1, live range: [2-45]
[0m    [0m3/4: Constant(0x09b80101e1d1 <ScriptContext[3]>) → v-1, live range: [3-45]
[0m   [0m4/16: Int32Constant(2) → v-1, live range: [4-48]
[0m   [0m5/10: Int32Constant(3) → v-1, live range: [5-45]
[0m   [0m6/12: Int32Constant(7) → v-1, live range: [6-46]
[0m   [0m7/14: Int32Constant(11) → v-1, live range: [7-47]
[0m   [0m8/18: Int32Constant(65535) → v-1, live range: [8-49]
 [0mBlock b0
[0m[1;34m0x09b80101e0d9 <SharedFunctionInfo big> (0x09b80104a7b1 <String[21]: "workloads/inlining.js">:11:12)
[m[0m[0;34m   0 : 1b 03 f9          Mov a0, r0
[m[0m    [0m9/1: InitialValue(<this>) → [stack:-6|t], live range: [9-45]
[0m   [0m10/2: InitialValue(a0) → [stack:-7|t], live range: [10-45]
[0m   [0m11/6: FunctionEntryStackCheck
[0m         ↳ lazy @-1 (3 live vars)
[0m   [0m12/7: Jump b1
[0m      ↓
 [0mBlock b1
[0m     [0m54: GapMove([stack:-7|t] → [rax|R|t])
[0m[1;34m0x09b80101e0d9 <SharedFunctionInfo big> (0x09b80104a7b1 <String[21]: "workloads/inlining.js">:0:0)
[m[0m[0;34m   5 : 4f 01 00          AddSmi [1], FBV[0]
[m[0m         ↱ eager @5 (4 live vars)
[0m   [0m13/8: CheckedSmiUntag [v10/n2:[rax|R|t]] → [rax|R|w32], live range: [13-14]
[0m         ↱ eager @5 (4 live vars)
[0m   [0m14/9: Int32IncrementWithOverflow [v13/n8:[rax|R|w32]] → [rax|R|w32], live range: [14-15]
[0m     [0m55: ConstantGapMove(n10 → [rcx|R|w32])
[0m[0;34m   9 : 51 03 01          MulSmi [3], FBV[1]
[m[0m         ↱ eager @5 (4 live vars)
[0m  [0m15/11: Int32MultiplyWithOverflow [v14/n9:[rax|R|w32], v5/n10:[rcx|R|w32]] → [rax|R|w32], live range: [15-16]
[0m[0;34m  13 : 50 07 02          SubSmi [7], FBV[2]
[m[0m  [0m16/13: Int32Subtract [v15/n11:[rax|R|w32], v6/n12:[constant:v-1]] → [rax|R|w32], live range: [16-17]
[0m[0;34m  17 : 56 0b 03          BitwiseXorSmi [11], FBV[3]
[m[0m  [0m17/15: Int32BitwiseXor [v16/n13:[rax|R|w32], v7/n14:[constant:v-1]] → [rax|R|w32], live range: [17-18]
[0m[0;34m  21 : 55 02 04          BitwiseOrSmi [2], FBV[4]
[m[0m  [0m18/17: Int32BitwiseOr [v17/n15:[rax|R|w32], v4/n16:[constant:v-1]] → [rax|R|w32], live range: [18-19]
[0m[0;34m  25 : 01 57 ff ff 00 00 05 00 00 00 BitwiseAndSmi.ExtraWide [65535], FBV[5]
[m[0m  [0m19/19: Int32BitwiseAnd [v18/n17:[rax|R|w32], v8/n18:[constant:v-1]] → [rax|R|w32], live range: [19-20]
[0m[0;34m  36 : 4f 01 06          AddSmi [1], FBV[6]
[m[0m         ↱ eager @5 (4 live vars)
[0m  [0m20/20: Int32IncrementWithOverflow [v19/n19:[rax|R|w32]] → [rax|R|w32], live range: [20-21]
[0m[0;34m  40 : 51 03 07          MulSmi [3], FBV[7]
[m[0m         ↱ eager @5 (4 live vars)
[0m  [0m21/21: Int32MultiplyWithOverflow [v20/n20:[rax|R|w32], v5/n10:[rcx|R|w32]] → [rax|R|w32], live range: [21-22]
[0m[0;34m  44 : 50 07 08          SubSmi [7], FBV[8]
[m[0m  [0m22/22: Int32Subtract [v21/n21:[rax|R|w32], v6/n12:[constant:v-1]] → [rax|R|w32], live range: [22-23]
[0m[0;34m  48 : 56 0b 09          BitwiseXorSmi [11], FBV[9]
[m[0m  [0m23/23: Int32BitwiseXor [v22/n22:[rax|R|w32], v7/n14:[constant:v-1]] → [rax|R|w32], live range: [23-24]
[0m[0;34m  52 : 55 02 0a          BitwiseOrSmi [2], FBV[10]
[m[0m  [0m24/24: Int32BitwiseOr [v23/n23:[rax|R|w32], v4/n16:[constant:v-1]] → [rax|R|w32], live range: [24-25]
[0m[0;34m  56 : 01 57 ff ff 00 00 0b 00 00 00 BitwiseAndSmi.ExtraWide [65535], FBV[11]
[m[0m  [0m25/25: Int32BitwiseAnd [v24/n24:[rax|R|w32], v8/n18:[constant:v-1]] → [rax|R|w32], live range: [25-26]
[0m[0;34m  67 : 4f 01 0c          AddSmi [1], FBV[12]
[m[0m         ↱ eager @5 (4 live vars)
[0m  [0m26/26: Int32IncrementWithOverflow [v25/n25:[rax|R|w32]] → [rax|R|w32], live range: [26-27]
[0m[0;34m  71 : 51 03 0d          MulSmi [3], FBV[13]
[m[0m         ↱ eager @5 (4 live vars)
[0m  [0m27/27: Int32MultiplyWithOverflow [v26/n26:[rax|R|w32], v5/n10:[rcx|R|w32]] → [rax|R|w32], live range: [27-28]
[0m[0;34m  75 : 50 07 0e          SubSmi [7], FBV[14]
[m[0m  [0m28/28: Int32Subtract [v27/n27:[rax|R|w32], v6/n12:[constant:v-1]] → [rax|R|w32], live range: [28-29]
[0m[0;34m  79 : 56 0b 0f          BitwiseXorSmi [11], FBV[15]
[m[0m  [0m29/29: Int32BitwiseXor [v28/n28:[rax|R|w32], v7/n14:[constant:v-1]] → [rax|R|w32], live range: [29-30]
[0m[0;34m  83 : 55 02 10          BitwiseOrSmi [2], FBV[16]
[m[0m  [0m30/30: Int32BitwiseOr [v29/n29:[rax|R|w32], v4/n16:[constant:v-1]] → [rax|R|w32], live range: [30-31]
[0m[0;34m  87 : 01 57 ff ff 00 00 11 00 00 00 BitwiseAndSmi.ExtraWide [65535], FBV[17]
[m[0m  [0m31/31: Int32BitwiseAnd [v30/n30:[rax|R|w32], v8/n18:[constant:v-1]] → [rax|R|w32], live range: [31-32]
[0m[0;34m  98 : 4f 01 12          AddSmi [1], FBV[18]
[m[0m         ↱ eager @5 (4 live vars)
[0m  [0m32/32: Int32IncrementWithOverflow [v31/n31:[rax|R|w32]] → [rax|R|w32], live range: [32-33]
[0m[0;34m 102 : 51 03 13          MulSmi [3], FBV[19]
[m[0m         ↱ eager @5 (4 live vars)
[0m  [0m33/33: Int32MultiplyWithOverflow [v32/n32:[rax|R|w32], v5/n10:[rcx|R|w32]] → [rax|R|w32], live range: [33-34]
[0m[0;34m 106 : 50 07 14          SubSmi [7], FBV[20]
[m[0m  [0m34/34: Int32Subtract [v33/n33:[rax|R|w32], v6/n12:[constant:v-1]] → [rax|R|w32], live range: [34-35]
[0m[0;34m 110 : 56 0b 15          BitwiseXorSmi [11], FBV[21]
[m[0m  [0m35/35: Int32BitwiseXor [v34/n34:[rax|R|w32], v7/n14:[constant:v-1]] → [rax|R|w32], live range: [35-36]
[0m[0;34m 114 : 55 02 16          BitwiseOrSmi [2], FBV[22]
[m[0m  [0m36/36: Int32BitwiseOr [v35/n35:[rax|R|w32], v4/n16:[constant:v-1]] → [rax|R|w32], live range: [36-37]
[0m[0;34m 118 : 01 57 ff ff 00 00 17 00 00 00 BitwiseAndSmi.ExtraWide [65535], FBV[23]
[m[0m  [0m37/37: Int32BitwiseAnd [v36/n36:[rax|R|w32], v8/n18:[constant:v-1]] → [rax|R|w32], live range: [37-38]
[0m[0;34m 129 : 4f 01 18          AddSmi [1], FBV[24]
[m[0m         ↱ eager @5 (4 live vars)
[0m  [0m38/38: Int32IncrementWithOverflow [v37/n37:[rax|R|w32]] → [rax|R|w32], live range: [38-39]
[0m[0;34m 133 : 51 03 19          MulSmi [3], FBV[25]
[m[0m         ↱ eager @5 (4 live vars)
[0m  [0m39/39: Int32MultiplyWithOverflow [v38/n38:[rax|R|w32], v5/n10:[rcx|R|w32]] → [rax|R|w32], live range: [39-40]
[0m[0;34m 137 : 50 07 1a          SubSmi [7], FBV[26]
[m[0m  [0m40/40: Int32Subtract [v39/n39:[rax|R|w32], v6/n12:[constant:v-1]] → [rax|R|w32], live range: [40-41]
[0m[0;34m 141 : 56 0b 1b          BitwiseXorSmi [11], FBV[27]
[m[0m  [0m41/41: Int32BitwiseXor [v40/n40:[rax|R|w32], v7/n14:[constant:v-1]] → [rax|R|w32], live range: [41-42]
[0m[0;34m 145 : 55 02 1c          BitwiseOrSmi [2], FBV[28]
[m[0m  [0m42/42: Int32BitwiseOr [v41/n41:[rax|R|w32], v4/n16:[constant:v-1]] → [rax|R|w32], live range: [42-43]
[0m[0;34m 149 : 01 57 ff ff 00 00 1d 00 00 00 BitwiseAndSmi.ExtraWide [65535], FBV[29]
[m[0m  [0m43/43: Int32BitwiseAnd [v42/n42:[rax|R|w32], v8/n18:[constant:v-1]] → [rax|R|w32], live range: [43-44]
[0m[0;34m 160 : 4f 01 1e          AddSmi [1], FBV[30]
[m[0m         ↱ eager @5 (4 live vars)
[0m  [0m44/44: Int32IncrementWithOverflow [v43/n43:[rax|R|w32]] → [rax|R|w32], live range: [44-45]
[0m[0;34m 164 : 51 03 1f          MulSmi [3], FBV[31]
[m[0m         ↱ eager @5 (4 live vars)
[0m  [0m45/45: Int32MultiplyWithOverflow [v44/n44:[rax|R|w32], v5/n10:[rcx|R|w32]] → [rax|R|w32], live range: [45-46]
[0m[0;34m 168 : 50 07 20          SubSmi [7], FBV[32]
[m[0m  [0m46/46: Int32Subtract [v45/n45:[rax|R|w32], v6/n12:[constant:v-1]] → [rax|R|w32], live range: [46-47]
[0m[0;34m 172 : 56 0b 21          BitwiseXorSmi [11], FBV[33]
[m[0m  [0m47/47: Int32BitwiseXor [v46/n46:[rax|R|w32], v7/n14:[constant:v-1]] → [rax|R|w32], live range: [47-48]
[0m[0;34m 176 : 55 02 22          BitwiseOrSmi [2], FBV[34]
[m[0m  [0m48/48: Int32BitwiseOr [v47/n47:[rax|R|w32], v4/n16:[constant:v-1]] → [rax|R|w32], live range: [48-49]
[0m[0;34m 180 : 01 57 ff ff 00 00 23 00 00 00 BitwiseAndSmi.ExtraWide [65535], FBV[35]
[m[0m  [0m49/49: Int32BitwiseAnd [v48/n48:[rax|R|w32], v8/n18:[constant:v-1]] → [rax|R|w32], live range: [49-51]
[0m     [0m56: ConstantGapMove(n50 → [rcx|R|t])
[0m[0;34m 191 : b9                Return
[m[0m  [0m50/51: ReduceInterruptBudgetForReturn(191) [v1/n50:[rcx|R|t]]
[0m  [0m51/52: Int32ToNumber[kCanonicalizeSmi] [v49/n49:[rax|R|w32]] → [rcx|R|t], live range: [51-52]
[0m     [0m57: GapMove([rcx|R|t] → [rax|R|t])
[0m  [0m52/53: Return [v51/n52:[rax|R|t]]
[0m
Compiling 0x09b80101e161 <JSFunction (sfi = 0x9b80101dff9)> with Maglev
----- Bytecode array -----
Parameter count 1
Register count 5
Frame size 40
         0x31a010000fc @    0 : 13 00             LdaConstant [0:0x09b80101e051 <FixedArray[8]>]
         0x31a010000fe @    2 : d2                Star2
         0x31a010000ff @    3 : 1b fe f6          Mov <closure>, r3
         0x31a01000102 @    6 : 70 75 01 f7 02    CallRuntime [DeclareGlobals], r2-r3
         0x31a01000107 @   11 : 0c                LdaZero
         0x31a01000108 @   12 : 29 02             StaCurrentContextSlot [2]
         0x31a0100010a @   14 : 0c                LdaZero
         0x31a0100010b @   15 : d3                Star1
         0x31a0100010c @   16 : 01 0d a0 86 01 00 LdaSmi.ExtraWide [100000]
         0x31a01000112 @   22 : 79 f8 01 00       TestLessThan r1, EmbeddedFeedback[0x1]
         0x31a01000116 @   26 : a8 2e             JumpIfFalse [46] (0x31a01000144 @ 72)
         0x31a01000118 @   28 : 23 01 01          LdaGlobal [1:"outer"], FBV[1]
         0x31a0100011b @   31 : d2                Star2
         0x31a0100011c @   32 : 0b f8             Ldar r1
         0x31a0100011e @   34 : 00 57 ff 00 03 00 BitwiseAndSmi.Wide [255], FBV[3]
         0x31a01000124 @   40 : d1                Star3
         0x31a01000125 @   41 : 0b f8             Ldar r1
         0x31a01000127 @   43 : 59 03 05          ShiftRightSmi [3], FBV[5]
         0x31a0100012a @   46 : 00 57 ff 00 04 00 BitwiseAndSmi.Wide [255], FBV[4]
         0x31a01000130 @   52 : d0                Star4
         0x31a01000131 @   53 : 6e f7 f6 f5 06    CallUndefinedReceiver2 r2, r3, r4, FBV[6]
         0x31a01000136 @   58 : 55 00 00          BitwiseOrSmi [0], FBV[0]
         0x31a01000139 @   61 : 29 02             StaCurrentContextSlot [2]
         0x31a0100013b @   63 : 0b f8             Ldar r1
         0x31a0100013d @   65 : 5b 08             Inc FBV[8]
         0x31a0100013f @   67 : d3                Star1
         0x31a01000140 @   68 : 97 34 00 09       JumpLoop [52], [0], FBV[9] (0x31a0100010c @ 16)
         0x31a01000144 @   72 : 23 02 0a          LdaGlobal [2:"print"], FBV[10]
         0x31a01000147 @   75 : d2                Star2
         0x31a01000148 @   76 : 18 02             LdaCurrentContextSlot [2]
         0x31a0100014a @   78 : d1                Star3
         0x31a0100014b @   79 : 6d f7 f6 0c       CallUndefinedReceiver1 r2, r3, FBV[12]
         0x31a0100014f @   83 : d4                Star0
         0x31a01000150 @   84 : b9                Return
Constant pool (size = 3)
0x31a010000c1: [TrustedFixedArray]
 - map: 0x09b800000605 <Map(TRUSTED_FIXED_ARRAY_TYPE)>
 - length: 3
           0: 0x09b80101e051 <FixedArray[8]>
           1: 0x09b80101dfb9 <String[5]: #outer>
           2: 0x09b801002e25 <String[5]: #print>
Handler Table (size = 0)
Source Position Table (size = 0)
0x9b80101e5fd: [FeedbackVector] in OldSpace
 - map: 0x09b800000899 <Map(FEEDBACK_VECTOR_TYPE)>
 - length: 14
 - shared function info: 0x09b80101dff9 <SharedFunctionInfo>
 - tiering_in_progress: 0
 - osr_tiering_in_progress: 0
 - invocation count: 1
 - closure feedback cell array: 0x9b80104b781: [ClosureFeedbackCellArray]
 - map: 0x09b800000871 <Map(CLOSURE_FEEDBACK_CELL_ARRAY_TYPE)>
 - length: 4
 - elements:
           0: 0x09b80101e181 <FeedbackCell[one closure]>
           1: 0x09b80101e191 <FeedbackCell[one closure]>
           2: 0x09b80101e1a1 <FeedbackCell[one closure]>
           3: 0x09b80101e1b1 <FeedbackCell[one closure]>

 - slot #0 BinaryOp BinaryOp:SignedSmall {
     [0]: 1
  }
 - slot #1 LoadGlobalNotInsideTypeof MONOMORPHIC
   [weak] 0x09b80101e2a1 <PropertyCell name=0x09b80101dfb9 <String[5]: #outer> value=0x09b80101e281 <JSFunction outer (sfi = 0x9b80101e109)>> {
     [1]: [weak] 0x09b80101e2a1 <PropertyCell name=0x09b80101dfb9 <String[5]: #outer> value=0x09b80101e281 <JSFunction outer (sfi = 0x9b80101e109)>>
     [2]: 0x09b800000e95 <Symbol: (uninitialized_symbol)>
  }
 - slot #3 BinaryOp BinaryOp:SignedSmall {
     [3]: 1
  }
 - slot #4 BinaryOp BinaryOp:SignedSmall {
     [4]: 1
  }
 - slot #5 BinaryOp BinaryOp:SignedSmall {
     [5]: 1
  }
 - slot #6 Call MONOMORPHIC {
     [6]: [weak] 0x09b80101e281 <JSFunction outer (sfi = 0x9b80101e109)>
     [7]: 199160
  }
 - slot #8 BinaryOp BinaryOp:SignedSmall {
     [8]: 1
  }
 - slot #9 JumpLoop JumpLoop {
     [9]: [cleared]
  }
 - slot #10 LoadGlobalNotInsideTypeof UNINITIALIZED {
     [10]: [cleared]
     [11]: 0x09b800000e95 <Symbol: (uninitialized_symbol)>
  }
 - slot #12 Call UNINITIALIZED {
     [12]: 0x09b800000e95 <Symbol: (uninitialized_symbol)>
     [13]: 0
  }
[90m[ML:2352] [0m[92m⚡ INLINE [0m[96mouter                         [0m Small function, skipping max-depth[0m

----- Inlining 0x09b80101e109 <SharedFunctionInfo outer> with bytecode -----
Parameter count 3
Register count 2
Frame size 16
         0x31a0100018c @ 0    : 23 00 01          LdaGlobal [0:"small"], FBV[1]
         0x31a0100018f @    3 : d4                Star0
         0x31a01000190 @    4 : 6e f9 03 04 03    CallUndefinedReceiver2 r0, a0, a1, FBV[3]
         0x31a01000195 @    9 : d4                Star0
         0x31a01000196 @   10 : 23 01 05          LdaGlobal [1:"big"], FBV[5]
         0x31a01000199 @   13 : d3                Star1
         0x31a0100019a @   14 : 6d f8 03 07       CallUndefinedReceiver1 r1, a0, FBV[7]
         0x31a0100019e @   18 : 42 f9 00          Add r0, FBV[0]
         0x31a010001a1 @   21 : b9                Return
Constant pool (size = 2)
0x31a01000155: [TrustedFixedArray]
 - map: 0x09b800000605 <Map(TRUSTED_FIXED_ARRAY_TYPE)>
 - length: 2
           0: 0x09b8001a2775 <String[5]: #small>
           1: 0x09b8001a25e5 <String[3]: #big>
Handler Table (size = 0)
Source Position Table (size = 0)
0x9b80101e4d9: [FeedbackVector] in OldSpace
 - map: 0x09b800000899 <Map(FEEDBACK_VECTOR_TYPE)>
 - length: 9
 - shared function info: 0x09b80101e109 <SharedFunctionInfo outer>
 - tiering_in_progress: 0
 - osr_tiering_in_progress: 0
 - invocation count: 402
 - closure feedback cell array: 0x9b8000021d9: [ClosureFeedbackCellArray] in ReadOnlySpace
 - map: 0x09b800000871 <Map(CLOSURE_FEEDBACK_CELL_ARRAY_TYPE)>
 - length: 0
 - elements:

 - slot #0 BinaryOp BinaryOp:SignedSmall {
     [0]: 1
  }
 - slot #1 LoadGlobalNotInsideTypeof MONOMORPHIC
   [weak] 0x09b80101e239 <PropertyCell name=0x09b8001a2775 <String[5]: #small> value=0x09b80101e219 <JSFunction small (sfi = 0x9b80101e0a9)>> {
     [1]: [weak] 0x09b80101e239 <PropertyCell name=0x09b8001a2775 <String[5]: #small> value=0x09b80101e219 <JSFunction small (sfi = 0x9b80101e0a9)>>
     [2]: 0x09b800000e95 <Symbol: (uninitialized_symbol)>
  }
 - slot #3 Call MONOMORPHIC {
     [3]: [weak] 0x09b80101e219 <JSFunction small (sfi = 0x9b80101e0a9)>
     [4]: 3208
  }
 - slot #5 LoadGlobalNotInsideTypeof MONOMORPHIC
   [weak] 0x09b80101e26d <PropertyCell name=0x09b8001a25e5 <String[3]: #big> value=0x09b80101e24d <JSFunction big (sfi = 0x9b80101e0d9)>> {
     [5]: [weak] 0x09b80101e26d <PropertyCell name=0x09b8001a25e5 <String[3]: #big> value=0x09b80101e24d <JSFunction big (sfi = 0x9b80101e0d9)>>
     [6]: 0x09b800000e95 <Symbol: (uninitialized_symbol)>
  }
 - slot #7 Call MONOMORPHIC {
     [7]: [weak] 0x09b80101e24d <JSFunction big (sfi = 0x9b80101e0d9)>
     [8]: 3208
  }
[90m[ML:2352] [0m[92m⚡ INLINE [0m[96msmall                         [0m Small function, skipping max-depth[0m

----- Inlining 0x09b80101e0a9 <SharedFunctionInfo small> with bytecode -----
Parameter count 3
Register count 2
Frame size 16
         0x31a010001d8 @ 0    : 23 00 01          LdaGlobal [0:"tiny"], FBV[1]
         0x31a010001db @    3 : d4                Star0
         0x31a010001dc @    4 : 6d f9 03 03       CallUndefinedReceiver1 r0, a0, FBV[3]
         0x31a010001e0 @    8 : d4                Star0
         0x31a010001e1 @    9 : 23 00 01          LdaGlobal [0:"tiny"], FBV[1]
         0x31a010001e4 @   12 : d3                Star1
         0x31a010001e5 @   13 : 6d f8 04 05       CallUndefinedReceiver1 r1, a1, FBV[5]
         0x31a010001e9 @   17 : 44 f9 00          Mul r0, FBV[0]
         0x31a010001ec @   20 : b9                Return
Constant pool (size = 1)
0x31a010001a5: [TrustedFixedArray]
 - map: 0x09b800000605 <Map(TRUSTED_FIXED_ARRAY_TYPE)>
 - length: 1
           0: 0x09b80101dfa9 <String[4]: #tiny>
Handler Table (size = 0)
Source Position Table (size = 0)
0x9b80101e519: [FeedbackVector] in OldSpace
 - map: 0x09b800000899 <Map(FEEDBACK_VECTOR_TYPE)>
 - length: 7
 - shared function info: 0x09b80101e0a9 <SharedFunctionInfo small>
 - tiering_in_progress: 0
 - osr_tiering_in_progress: 0
 - invocation count: 402
 - closure feedback cell array: 0x9b8000021d9: [ClosureFeedbackCellArray] in ReadOnlySpace
 - map: 0x09b800000871 <Map(CLOSURE_FEEDBACK_CELL_ARRAY_TYPE)>
 - length: 0
 - elements:

 - slot #0 BinaryOp BinaryOp:SignedSmall {
     [0]: 1
  }
 - slot #1 LoadGlobalNotInsideTypeof MONOMORPHIC
   [weak] 0x09b80101e205 <PropertyCell name=0x09b80101dfa9 <String[4]: #tiny> value=0x09b80101e1e5 <JSFunction tiny (sfi = 0x9b80101e079)>> {
     [1]: [weak] 0x09b80101e205 <PropertyCell name=0x09b80101dfa9 <String[4]: #tiny> value=0x09b80101e1e5 <JSFunction tiny (sfi = 0x9b80101e079)>>
     [2]: 0x09b800000e95 <Symbol: (uninitialized_symbol)>
  }
 - slot #3 Call MONOMORPHIC {
     [3]: [weak] 0x09b80101e1e5 <JSFunction tiny (sfi = 0x9b80101e079)>
     [4]: 3208
  }
 - slot #5 Call MONOMORPHIC {
     [5]: [weak] 0x09b80101e1e5 <JSFunction tiny (sfi = 0x9b80101e079)>
     [6]: 3208
  }
[90m[ML:2352] [0m[92m⚡ INLINE [0m[96mtiny                          [0m Small function, skipping max-depth[0m

----- Inlining 0x09b80101e079 <SharedFunctionInfo tiny> with bytecode -----
Parameter count 2
Register count 0
Frame size 0
         0x31a01000218 @ 0    : 0b 03             Ldar a0
         0x31a0100021a @    2 : 4f 01 00          AddSmi [1], FBV[0]
         0x31a0100021d @    5 : b9                Return
Constant pool (size = 0)
Handler Table (size = 0)
Source Position Table (size = 0)
0x9b80101e431: [FeedbackVector] in OldSpace
 - map: 0x09b800000899 <Map(FEEDBACK_VECTOR_TYPE)>
 - length: 1
 - shared function info: 0x09b80101e079 <SharedFunctionInfo tiny>
 - tiering_in_progress: 0
 - osr_tiering_in_progress: 0
 - invocation count: 402
 - closure feedback cell array: 0x9b8000021d9: [ClosureFeedbackCellArray] in ReadOnlySpace
 - map: 0x09b800000871 <Map(CLOSURE_FEEDBACK_CELL_ARRAY_TYPE)>
 - length: 0
 - elements:

 - slot #0 BinaryOp BinaryOp:SignedSmall {
     [0]: 1
  }
[90m[ML:2352] [0m[92m⚡ INLINE [0m[96mtiny                          [0m Small function, skipping max-depth[0m

----- Inlining 0x09b80101e079 <SharedFunctionInfo tiny> with bytecode -----
Parameter count 2
Register count 0
Frame size 0
         0x31a01000218 @ 0    : 0b 03             Ldar a0
         0x31a0100021a @    2 : 4f 01 00          AddSmi [1], FBV[0]
         0x31a0100021d @    5 : b9                Return
Constant pool (size = 0)
Handler Table (size = 0)
Source Position Table (size = 0)
0x9b80101e431: [FeedbackVector] in OldSpace
 - map: 0x09b800000899 <Map(FEEDBACK_VECTOR_TYPE)>
 - length: 1
 - shared function info: 0x09b80101e079 <SharedFunctionInfo tiny>
 - tiering_in_progress: 0
 - osr_tiering_in_progress: 0
 - invocation count: 402
 - closure feedback cell array: 0x9b8000021d9: [ClosureFeedbackCellArray] in ReadOnlySpace
 - map: 0x09b800000871 <Map(CLOSURE_FEEDBACK_CELL_ARRAY_TYPE)>
 - length: 0
 - elements:

 - slot #0 BinaryOp BinaryOp:SignedSmall {
     [0]: 1
  }
[90m[ML:2352] [0m[91m❌ SKIP   [0m[96mbig                           [0m big function, size (192) >= max-size (100)[0m
[90m[ML:2352] [0m[92m⚡ INLINE [0m[96mouter                         [0m Small function, skipping max-depth[0m

----- Inlining 0x09b80101e109 <SharedFunctionInfo outer> with bytecode -----
Parameter count 3
Register count 2
Frame size 16
         0x31a0100018c @ 0    : 23 00 01          LdaGlobal [0:"small"], FBV[1]
         0x31a0100018f @    3 : d4                Star0
         0x31a01000190 @    4 : 6e f9 03 04 03    CallUndefinedReceiver2 r0, a0, a1, FBV[3]
         0x31a01000195 @    9 : d4                Star0
         0x31a01000196 @   10 : 23 01 05          LdaGlobal [1:"big"], FBV[5]
         0x31a01000199 @   13 : d3                Star1
         0x31a0100019a @   14 : 6d f8 03 07       CallUndefinedReceiver1 r1, a0, FBV[7]
         0x31a0100019e @   18 : 42 f9 00          Add r0, FBV[0]
         0x31a010001a1 @   21 : b9                Return
Constant pool (size = 2)
0x31a01000155: [TrustedFixedArray]
 - map: 0x09b800000605 <Map(TRUSTED_FIXED_ARRAY_TYPE)>
 - length: 2
           0: 0x09b8001a2775 <String[5]: #small>
           1: 0x09b8001a25e5 <String[3]: #big>
Handler Table (size = 0)
Source Position Table (size = 0)
0x9b80101e4d9: [FeedbackVector] in OldSpace
 - map: 0x09b800000899 <Map(FEEDBACK_VECTOR_TYPE)>
 - length: 9
 - shared function info: 0x09b80101e109 <SharedFunctionInfo outer>
 - tiering_in_progress: 0
 - osr_tiering_in_progress: 0
 - invocation count: 402
 - closure feedback cell array: 0x9b8000021d9: [ClosureFeedbackCellArray] in ReadOnlySpace
 - map: 0x09b800000871 <Map(CLOSURE_FEEDBACK_CELL_ARRAY_TYPE)>
 - length: 0
 - elements:

 - slot #0 BinaryOp BinaryOp:SignedSmall {
     [0]: 1
  }
 - slot #1 LoadGlobalNotInsideTypeof MONOMORPHIC
   [weak] 0x09b80101e239 <PropertyCell name=0x09b8001a2775 <String[5]: #small> value=0x09b80101e219 <JSFunction small (sfi = 0x9b80101e0a9)>> {
     [1]: [weak] 0x09b80101e239 <PropertyCell name=0x09b8001a2775 <String[5]: #small> value=0x09b80101e219 <JSFunction small (sfi = 0x9b80101e0a9)>>
     [2]: 0x09b800000e95 <Symbol: (uninitialized_symbol)>
  }
 - slot #3 Call MONOMORPHIC {
     [3]: [weak] 0x09b80101e219 <JSFunction small (sfi = 0x9b80101e0a9)>
     [4]: 3208
  }
 - slot #5 LoadGlobalNotInsideTypeof MONOMORPHIC
   [weak] 0x09b80101e26d <PropertyCell name=0x09b8001a25e5 <String[3]: #big> value=0x09b80101e24d <JSFunction big (sfi = 0x9b80101e0d9)>> {
     [5]: [weak] 0x09b80101e26d <PropertyCell name=0x09b8001a25e5 <String[3]: #big> value=0x09b80101e24d <JSFunction big (sfi = 0x9b80101e0d9)>>
     [6]: 0x09b800000e95 <Symbol: (uninitialized_symbol)>
  }
 - slot #7 Call MONOMORPHIC {
     [7]: [weak] 0x09b80101e24d <JSFunction big (sfi = 0x9b80101e0d9)>
     [8]: 3208
  }
[90m[ML:2352] [0m[92m⚡ INLINE [0m[96msmall                         [0m Small function, skipping max-depth[0m

----- Inlining 0x09b80101e0a9 <SharedFunctionInfo small> with bytecode -----
Parameter count 3
Register count 2
Frame size 16
         0x31a010001d8 @ 0    : 23 00 01          LdaGlobal [0:"tiny"], FBV[1]
         0x31a010001db @    3 : d4                Star0
         0x31a010001dc @    4 : 6d f9 03 03       CallUndefinedReceiver1 r0, a0, FBV[3]
         0x31a010001e0 @    8 : d4                Star0
         0x31a010001e1 @    9 : 23 00 01          LdaGlobal [0:"tiny"], FBV[1]
         0x31a010001e4 @   12 : d3                Star1
         0x31a010001e5 @   13 : 6d f8 04 05       CallUndefinedReceiver1 r1, a1, FBV[5]
         0x31a010001e9 @   17 : 44 f9 00          Mul r0, FBV[0]
         0x31a010001ec @   20 : b9                Return
Constant pool (size = 1)
0x31a010001a5: [TrustedFixedArray]
 - map: 0x09b800000605 <Map(TRUSTED_FIXED_ARRAY_TYPE)>
 - length: 1
           0: 0x09b80101dfa9 <String[4]: #tiny>
Handler Table (size = 0)
Source Position Table (size = 0)
0x9b80101e519: [FeedbackVector] in OldSpace
 - map: 0x09b800000899 <Map(FEEDBACK_VECTOR_TYPE)>
 - length: 7
 - shared function info: 0x09b80101e0a9 <SharedFunctionInfo small>
 - tiering_in_progress: 0
 - osr_tiering_in_progress: 0
 - invocation count: 402
 - closure feedback cell array: 0x9b8000021d9: [ClosureFeedbackCellArray] in ReadOnlySpace
 - map: 0x09b800000871 <Map(CLOSURE_FEEDBACK_CELL_ARRAY_TYPE)>
 - length: 0
 - elements:

 - slot #0 BinaryOp BinaryOp:SignedSmall {
     [0]: 1
  }
 - slot #1 LoadGlobalNotInsideTypeof MONOMORPHIC
   [weak] 0x09b80101e205 <PropertyCell name=0x09b80101dfa9 <String[4]: #tiny> value=0x09b80101e1e5 <JSFunction tiny (sfi = 0x9b80101e079)>> {
     [1]: [weak] 0x09b80101e205 <PropertyCell name=0x09b80101dfa9 <String[4]: #tiny> value=0x09b80101e1e5 <JSFunction tiny (sfi = 0x9b80101e079)>>
     [2]: 0x09b800000e95 <Symbol: (uninitialized_symbol)>
  }
 - slot #3 Call MONOMORPHIC {
     [3]: [weak] 0x09b80101e1e5 <JSFunction tiny (sfi = 0x9b80101e079)>
     [4]: 3208
  }
 - slot #5 Call MONOMORPHIC {
     [5]: [weak] 0x09b80101e1e5 <JSFunction tiny (sfi = 0x9b80101e079)>
     [6]: 3208
  }
[90m[ML:2352] [0m[92m⚡ INLINE [0m[96mtiny                          [0m Small function, skipping max-depth[0m

----- Inlining 0x09b80101e079 <SharedFunctionInfo tiny> with bytecode -----
Parameter count 2
Register count 0
Frame size 0
         0x31a01000218 @ 0    : 0b 03             Ldar a0
         0x31a0100021a @    2 : 4f 01 00          AddSmi [1], FBV[0]
         0x31a0100021d @    5 : b9                Return
Constant pool (size = 0)
Handler Table (size = 0)
Source Position Table (size = 0)
0x9b80101e431: [FeedbackVector] in OldSpace
 - map: 0x09b800000899 <Map(FEEDBACK_VECTOR_TYPE)>
 - length: 1
 - shared function info: 0x09b80101e079 <SharedFunctionInfo tiny>
 - tiering_in_progress: 0
 - osr_tiering_in_progress: 0
 - invocation count: 402
 - closure feedback cell array: 0x9b8000021d9: [ClosureFeedbackCellArray] in ReadOnlySpace
 - map: 0x09b800000871 <Map(CLOSURE_FEEDBACK_CELL_ARRAY_TYPE)>
 - length: 0
 - elements:

 - slot #0 BinaryOp BinaryOp:SignedSmall {
     [0]: 1
  }
[90m[ML:2352] [0m[92m⚡ INLINE [0m[96mtiny                          [0m Small function, skipping max-depth[0m

----- Inlining 0x09b80101e079 <SharedFunctionInfo tiny> with bytecode -----
Parameter count 2
Register count 0
Frame size 0
         0x31a01000218 @ 0    : 0b 03             Ldar a0
         0x31a0100021a @    2 : 4f 01 00          AddSmi [1], FBV[0]
         0x31a0100021d @    5 : b9                Return
Constant pool (size = 0)
Handler Table (size = 0)
Source Position Table (size = 0)
0x9b80101e431: [FeedbackVector] in OldSpace
 - map: 0x09b800000899 <Map(FEEDBACK_VECTOR_TYPE)>
 - length: 1
 - shared function info: 0x09b80101e079 <SharedFunctionInfo tiny>
 - tiering_in_progress: 0
 - osr_tiering_in_progress: 0
 - invocation count: 402
 - closure feedback cell array: 0x9b8000021d9: [ClosureFeedbackCellArray] in ReadOnlySpace
 - map: 0x09b800000871 <Map(CLOSURE_FEEDBACK_CELL_ARRAY_TYPE)>
 - length: 0
 - elements:

 - slot #0 BinaryOp BinaryOp:SignedSmall {
     [0]: 1
  }
[90m[ML:2352] [0m[91m❌ SKIP   [0m[96mbig                           [0m big function, size (192) >= max-size (100)[0m

----- After graph building -----
Graph

   [0m  [0m46: Constant(0x09b80101e1c1 <FeedbackCell[one closure]>), 2 uses
   [0m  [0m18: Constant(0x09b80101e281 <JSFunction outer (sfi = 0x9b80101e109)>), 6 uses
   [0m  [0m25: Constant(0x09b80101e1d1 <ScriptContext[3]>), 18 uses
   [0m  [0m26: Constant(0x09b801004925 <JSGlobalProxy>), 18 uses
   [0m  [0m28: Constant(0x09b80101e219 <JSFunction small (sfi = 0x9b80101e0a9)>), 6 uses
   [0m  [0m30: Constant(0x09b80101e1e5 <JSFunction tiny (sfi = 0x9b80101e079)>), 4 uses
   [0m  [0m36: Constant(0x09b80101e24d <JSFunction big (sfi = 0x9b80101e0d9)>), 2 uses
   [0m  [0m24: RootConstant(undefined_value), 2 uses
   [0m  [0m17: RootConstant(true_value), 0 uses 🪦
   [0m  [0m16: RootConstant(false_value), 0 uses 🪦
   [0m  [0m48: RootConstant(optimized_out), 0 uses 🪦
   [0m  [0m11: SmiConstant(100000), 2 uses
   [0m  [0m41: Int32Constant(0), 2 uses, cannot truncate to int32
   [0m  [0m21: Int32Constant(3), 2 uses, cannot truncate to int32
   [0m  [0m19: Int32Constant(255), 4 uses, cannot truncate to int32
   [0m  [0m13: Int32Constant(100000), 4 uses, cannot truncate to int32
    [0mBlock b0
   [0m[1;34m0x09b80101dff9 <SharedFunctionInfo> (0x09b80104a7b1 <String[21]: "workloads/inlining.js">:0:0)
[m   [0m[0;34m  16 : 01 0d a0 86 01 00 LdaSmi.ExtraWide [100000]
[m   [0m   [0m1: InitialValue(<this>), 12 uses
   [0m   [0m2: InitialValue(<context>), 14 uses
   [0m   [0m3: InitialValue(<closure>), 12 uses
   [0m   [0m4: InitialValue(r0), 0 uses 🪦
   [0m   [0m5: InitialValue(r1), 6 uses
   [0m   [0m6: InitialValue(r2), 0 uses 🪦
   [0m   [0m7: InitialValue(r3), 0 uses 🪦
   [0m   [0m8: InitialValue(r4), 0 uses 🪦
   [0m   [0m9: FunctionEntryStackCheck
   [0m      ↳ lazy @68 (3 live vars)
   [0m      ↱ eager @68 (3 live vars)
   [0m  [0m10: CheckpointedJump b1
   [0m   ↓
    [0mBlock b1
   [0m[0;34m  22 : 79 f8 01 00       TestLessThan r1, EmbeddedFeedback[0x1]
[m   [0m      ↱ eager @22 (4 live vars)
   [0m  [0m12: CheckedSmiUntag [n5], 5 uses, cannot truncate to int32
   [0m  [0m14: Int32Compare[LessThan] [n12, n13], 0 uses 🪦
   [0m[0;34m  26 : a8 2e             JumpIfFalse [46]
[m[0;31m╭────[0m15: BranchIfInt32Compare(LessThan) [n12, n13] b2 b14
[0;31m│  [0m   ↓
[0;31m│   [0mBlock b2
[0;31m│  [0m[0;34m  34 : 00 57 ff 00 03 00 BitwiseAndSmi.Wide [255], FBV[3]
[m[0;31m│  [0m  [0m20: Int32BitwiseAnd [n12, n19], 10 uses, cannot truncate to int32
[0;31m│  [0m[0;34m  43 : 59 03 05          ShiftRightSmi [3], FBV[5]
[m[0;31m│  [0m  [0m22: Int32ShiftRight [n12, n21], 1 uses, cannot truncate to int32
[0;31m│  [0m[0;34m  46 : 00 57 ff 00 04 00 BitwiseAndSmi.Wide [255], FBV[4]
[m[0;31m│  [0m  [0m23: Int32BitwiseAnd [n22, n19], 9 uses, cannot truncate to int32
[0;31m│  [0m[1;34m0x09b80101e109 <SharedFunctionInfo outer> (0x09b80104a7b1 <String[21]: "workloads/inlining.js">:22:14)
[m[0;31m│  [0m[0;34m   0 : 23 00 01          LdaGlobal [0:"small"], FBV[1]
[m[0;31m│  [0m  [0m27: Jump b3
[0;31m│  [0m   ↓
[0;31m│   [0mBlock b3
[0;31m│  [0m[1;34m0x09b80101e0a9 <SharedFunctionInfo small> (0x09b80104a7b1 <String[21]: "workloads/inlining.js">:7:14)
[m[0;31m│  [0m[0;34m   0 : 23 00 01          LdaGlobal [0:"tiny"], FBV[1]
[m[0;31m│  [0m  [0m29: Jump b4
[0;31m│  [0m   ↓
[0;31m│   [0mBlock b4
[0;31m│  [0m[1;34m0x09b80101e079 <SharedFunctionInfo tiny> (0x09b80104a7b1 <String[21]: "workloads/inlining.js">:3:13)
[m[0;31m│  [0m[0;34m   0 : 0b 03             Ldar a0
[m[0;31m│  [0m  [0m31: Jump b5
[0;31m│  [0m   ↓
[0;31m│   [0mBlock b5
[0;31m│  [0m[1;34m0x09b80101e079 <SharedFunctionInfo tiny> (0x09b80104a7b1 <String[21]: "workloads/inlining.js">:0:0)
[m[0;31m│  [0m[0;34m   2 : 4f 01 00          AddSmi [1], FBV[0]
[m[0;31m│  [0m      ↱ eager @53 (3 live vars)
[0;31m│  [0m      │       @4 (4 live vars)
[0;31m│  [0m      │       @4 (4 live vars)
[0;31m│  [0m      │       @2 (4 live vars)
[0;31m│  [0m  [0m32: Int32IncrementWithOverflow [n20], 3 uses, cannot truncate to int32
[0;31m│  [0m[1;34m0x09b80101e079 <SharedFunctionInfo tiny> (0x09b80104a7b1 <String[21]: "workloads/inlining.js">:3:13)
[m[0;31m│  [0m[0;34m   0 : 0b 03             Ldar a0
[m[0;31m│  [0m  [0m33: Jump b6
[0;31m│  [0m   ↓
[0;31m│   [0mBlock b6
[0;31m│  [0m[1;34m0x09b80101e079 <SharedFunctionInfo tiny> (0x09b80104a7b1 <String[21]: "workloads/inlining.js">:0:0)
[m[0;31m│  [0m[0;34m   2 : 4f 01 00          AddSmi [1], FBV[0]
[m[0;31m│  [0m      ↱ eager @53 (3 live vars)
[0;31m│  [0m      │       @4 (4 live vars)
[0;31m│  [0m      │       @13 (5 live vars)
[0;31m│  [0m      │       @2 (4 live vars)
[0;31m│  [0m  [0m34: Int32IncrementWithOverflow [n23], 2 uses, cannot truncate to int32
[0;31m│  [0m[1;34m0x09b80101e0a9 <SharedFunctionInfo small> (0x09b80104a7b1 <String[21]: "workloads/inlining.js">:0:0)
[m[0;31m│  [0m[0;34m  17 : 44 f9 00          Mul r0, FBV[0]
[m[0;31m│  [0m      ↱ eager @53 (3 live vars)
[0;31m│  [0m      │       @4 (4 live vars)
[0;31m│  [0m      │       @17 (6 live vars)
[0;31m│  [0m  [0m35: Int32MultiplyWithOverflow [n32, n34], 3 uses, cannot truncate to int32
[0;31m│  [0m[1;34m0x09b80101e109 <SharedFunctionInfo outer> (0x09b80104a7b1 <String[21]: "workloads/inlining.js">:0:0)
[m[0;31m│  [0m[0;34m  14 : 6d f8 03 07       CallUndefinedReceiver1 r1, a0, FBV[7]
[m[0;31m│  [0m  [0m37: Int32ToNumber[kCanonicalizeSmi] [n20], 1 uses
[0;31m│  [0m  [0m38: 🐢 CallKnownJSFunction(0x09b80101e0d9 <SharedFunctionInfo big>, {Int32}) [n36, n25, n26, n24, n37], 2 uses
[0;31m│  [0m      │      @53 (3 live vars)
[0;31m│  [0m      ↳ lazy @14 (5 live vars)
[0;31m│  [0m[0;34m  18 : 42 f9 00          Add r0, FBV[0]
[m[0;31m│  [0m      ↱ eager @53 (3 live vars)
[0;31m│  [0m      │       @18 (6 live vars)
[0;31m│  [0m  [0m39: CheckedSmiUntag [n38], 1 uses, cannot truncate to int32
[0;31m│  [0m      ↱ eager @53 (3 live vars)
[0;31m│  [0m      │       @18 (6 live vars)
[0;31m│  [0m  [0m40: Int32AddWithOverflow [n35, n39], 1 uses, can truncate to int32 [-2147483648, 2147483647]
[0;31m│  [0m[1;34m0x09b80101dff9 <SharedFunctionInfo> (0x09b80104a7b1 <String[21]: "workloads/inlining.js">:0:0)
[m[0;31m│  [0m[0;34m  58 : 55 00 00          BitwiseOrSmi [0], FBV[0]
[m[0;31m│  [0m  [0m42: Int32BitwiseOr [n40, n41], 1 uses, cannot truncate to int32
[0;31m│  [0m[0;34m  61 : 29 02             StaCurrentContextSlot [2]
[m[0;31m│  [0m  [0m43: Int32ToNumber[kCanonicalizeSmi] [n42], 1 uses
[0;31m│  [0m  [0m44: StoreContextSlotWithWriteBarrier(2, mutable) [n2, n43]
[0;31m│  [0m      ↳ lazy @61 (3 live vars)
[0;31m│  [0m[0;34m  65 : 5b 08             Inc FBV[8]
[m[0;31m│  [0m      ↱ eager @65 (3 live vars)
[0;31m│  [0m  [0m45: Int32IncrementWithOverflow [n12], 2 uses, cannot truncate to int32
[0;31m│  [0m[0;34m  68 : 97 34 00 09       JumpLoop [52], [0], FBV[9]
[m[0;31m│  [0m  [0m47: ReduceInterruptBudgetForLoop(41) [n46]
[0;31m│  [0m      ↳ lazy @68 (3 live vars)
[0;31m│  [0m  [0m50: Int32ToNumber[kCanonicalizeSmi] [n45], 1 uses
[0;31m│  [0m  [0m49: Jump b7
[0;31m│  [0m   │  with gap moves:
[0;31m│  [0m   │    - n50 → 51: φᵀ r1
[0;31m│  [0m   ▼
[0;31m│[0;32m╭─►[0mBlock b7 peeled (effects: ua c1)
[0;31m│[0;32m│ [0m  [0m51: φᵀ r1 (n50, n75), 5 uses
[0;31m│[0;32m│ [0m[0;34m  22 : 79 f8 01 00       TestLessThan r1, EmbeddedFeedback[0x1]
[m[0;31m│[0;32m│ [0m      ↱ eager @22 (4 live vars)
[0;31m│[0;32m│ [0m  [0m52: CheckedSmiUntag [n51], 5 uses, cannot truncate to int32
[0;31m│[0;32m│ [0m  [0m53: Int32Compare[LessThan] [n52, n13], 0 uses 🪦
[0;31m│[0;32m│ [0m[0;34m  26 : a8 2e             JumpIfFalse [46]
[m[0;31m│[0;32m│[0;33m╭──[0m54: BranchIfInt32Compare(LessThan) [n52, n13] b8 b13
[0;31m│[0;32m│[0;33m│[0m   ↓
[0;31m│[0;32m│[0;33m│ [0mBlock b8
[0;31m│[0;32m│[0;33m│[0m[0;34m  34 : 00 57 ff 00 03 00 BitwiseAndSmi.Wide [255], FBV[3]
[m[0;31m│[0;32m│[0;33m│[0m  [0m55: Int32BitwiseAnd [n52, n19], 10 uses, cannot truncate to int32
[0;31m│[0;32m│[0;33m│[0m[0;34m  43 : 59 03 05          ShiftRightSmi [3], FBV[5]
[m[0;31m│[0;32m│[0;33m│[0m  [0m56: Int32ShiftRight [n52, n21], 1 uses, cannot truncate to int32
[0;31m│[0;32m│[0;33m│[0m[0;34m  46 : 00 57 ff 00 04 00 BitwiseAndSmi.Wide [255], FBV[4]
[m[0;31m│[0;32m│[0;33m│[0m  [0m57: Int32BitwiseAnd [n56, n19], 9 uses, cannot truncate to int32
[0;31m│[0;32m│[0;33m│[0m[1;34m0x09b80101e109 <SharedFunctionInfo outer> (0x09b80104a7b1 <String[21]: "workloads/inlining.js">:22:14)
[m[0;31m│[0;32m│[0;33m│[0m[0;34m   0 : 23 00 01          LdaGlobal [0:"small"], FBV[1]
[m[0;31m│[0;32m│[0;33m│[0m  [0m58: Jump b9
[0;31m│[0;32m│[0;33m│[0m   ↓
[0;31m│[0;32m│[0;33m│ [0mBlock b9
[0;31m│[0;32m│[0;33m│[0m[1;34m0x09b80101e0a9 <SharedFunctionInfo small> (0x09b80104a7b1 <String[21]: "workloads/inlining.js">:7:14)
[m[0;31m│[0;32m│[0;33m│[0m[0;34m   0 : 23 00 01          LdaGlobal [0:"tiny"], FBV[1]
[m[0;31m│[0;32m│[0;33m│[0m  [0m59: Jump b10
[0;31m│[0;32m│[0;33m│[0m   ↓
[0;31m│[0;32m│[0;33m│ [0mBlock b10
[0;31m│[0;32m│[0;33m│[0m[1;34m0x09b80101e079 <SharedFunctionInfo tiny> (0x09b80104a7b1 <String[21]: "workloads/inlining.js">:3:13)
[m[0;31m│[0;32m│[0;33m│[0m[0;34m   0 : 0b 03             Ldar a0
[m[0;31m│[0;32m│[0;33m│[0m  [0m60: Jump b11
[0;31m│[0;32m│[0;33m│[0m   ↓
[0;31m│[0;32m│[0;33m│ [0mBlock b11
[0;31m│[0;32m│[0;33m│[0m[1;34m0x09b80101e079 <SharedFunctionInfo tiny> (0x09b80104a7b1 <String[21]: "workloads/inlining.js">:0:0)
[m[0;31m│[0;32m│[0;33m│[0m[0;34m   2 : 4f 01 00          AddSmi [1], FBV[0]
[m[0;31m│[0;32m│[0;33m│[0m      ↱ eager @53 (3 live vars)
[0;31m│[0;32m│[0;33m│[0m      │       @4 (4 live vars)
[0;31m│[0;32m│[0;33m│[0m      │       @4 (4 live vars)
[0;31m│[0;32m│[0;33m│[0m      │       @2 (4 live vars)
[0;31m│[0;32m│[0;33m│[0m  [0m61: Int32IncrementWithOverflow [n55], 3 uses, cannot truncate to int32
[0;31m│[0;32m│[0;33m│[0m[1;34m0x09b80101e079 <SharedFunctionInfo tiny> (0x09b80104a7b1 <String[21]: "workloads/inlining.js">:3:13)
[m[0;31m│[0;32m│[0;33m│[0m[0;34m   0 : 0b 03             Ldar a0
[m[0;31m│[0;32m│[0;33m│[0m  [0m62: Jump b12
[0;31m│[0;32m│[0;33m│[0m   ↓
[0;31m│[0;32m│[0;33m│ [0mBlock b12
[0;31m│[0;32m│[0;33m│[0m[1;34m0x09b80101e079 <SharedFunctionInfo tiny> (0x09b80104a7b1 <String[21]: "workloads/inlining.js">:0:0)
[m[0;31m│[0;32m│[0;33m│[0m[0;34m   2 : 4f 01 00          AddSmi [1], FBV[0]
[m[0;31m│[0;32m│[0;33m│[0m      ↱ eager @53 (3 live vars)
[0;31m│[0;32m│[0;33m│[0m      │       @4 (4 live vars)
[0;31m│[0;32m│[0;33m│[0m      │       @13 (5 live vars)
[0;31m│[0;32m│[0;33m│[0m      │       @2 (4 live vars)
[0;31m│[0;32m│[0;33m│[0m  [0m63: Int32IncrementWithOverflow [n57], 2 uses, cannot truncate to int32
[0;31m│[0;32m│[0;33m│[0m[1;34m0x09b80101e0a9 <SharedFunctionInfo small> (0x09b80104a7b1 <String[21]: "workloads/inlining.js">:0:0)
[m[0;31m│[0;32m│[0;33m│[0m[0;34m  17 : 44 f9 00          Mul r0, FBV[0]
[m[0;31m│[0;32m│[0;33m│[0m      ↱ eager @53 (3 live vars)
[0;31m│[0;32m│[0;33m│[0m      │       @4 (4 live vars)
[0;31m│[0;32m│[0;33m│[0m      │       @17 (6 live vars)
[0;31m│[0;32m│[0;33m│[0m  [0m64: Int32MultiplyWithOverflow [n61, n63], 3 uses, cannot truncate to int32
[0;31m│[0;32m│[0;33m│[0m[1;34m0x09b80101e109 <SharedFunctionInfo outer> (0x09b80104a7b1 <String[21]: "workloads/inlining.js">:0:0)
[m[0;31m│[0;32m│[0;33m│[0m[0;34m  14 : 6d f8 03 07       CallUndefinedReceiver1 r1, a0, FBV[7]
[m[0;31m│[0;32m│[0;33m│[0m  [0m65: Int32ToNumber[kCanonicalizeSmi] [n55], 1 uses
[0;31m│[0;32m│[0;33m│[0m  [0m66: 🐢 CallKnownJSFunction(0x09b80101e0d9 <SharedFunctionInfo big>, {Int32}) [n36, n25, n26, n24, n65], 2 uses
[0;31m│[0;32m│[0;33m│[0m      │      @53 (3 live vars)
[0;31m│[0;32m│[0;33m│[0m      ↳ lazy @14 (5 live vars)
[0;31m│[0;32m│[0;33m│[0m[0;34m  18 : 42 f9 00          Add r0, FBV[0]
[m[0;31m│[0;32m│[0;33m│[0m      ↱ eager @53 (3 live vars)
[0;31m│[0;32m│[0;33m│[0m      │       @18 (6 live vars)
[0;31m│[0;32m│[0;33m│[0m  [0m67: CheckedSmiUntag [n66], 1 uses, cannot truncate to int32
[0;31m│[0;32m│[0;33m│[0m      ↱ eager @53 (3 live vars)
[0;31m│[0;32m│[0;33m│[0m      │       @18 (6 live vars)
[0;31m│[0;32m│[0;33m│[0m  [0m68: Int32AddWithOverflow [n64, n67], 1 uses, can truncate to int32 [-2147483648, 2147483647]
[0;31m│[0;32m│[0;33m│[0m[1;34m0x09b80101dff9 <SharedFunctionInfo> (0x09b80104a7b1 <String[21]: "workloads/inlining.js">:0:0)
[m[0;31m│[0;32m│[0;33m│[0m[0;34m  58 : 55 00 00          BitwiseOrSmi [0], FBV[0]
[m[0;31m│[0;32m│[0;33m│[0m  [0m69: Int32BitwiseOr [n68, n41], 1 uses, cannot truncate to int32
[0;31m│[0;32m│[0;33m│[0m[0;34m  61 : 29 02             StaCurrentContextSlot [2]
[m[0;31m│[0;32m│[0;33m│[0m  [0m70: Int32ToNumber[kCanonicalizeSmi] [n69], 1 uses
[0;31m│[0;32m│[0;33m│[0m  [0m71: StoreContextSlotWithWriteBarrier(2, mutable) [n2, n70]
[0;31m│[0;32m│[0;33m│[0m      ↳ lazy @61 (3 live vars)
[0;31m│[0;32m│[0;33m│[0m[0;34m  65 : 5b 08             Inc FBV[8]
[m[0;31m│[0;32m│[0;33m│[0m      ↱ eager @65 (3 live vars)
[0;31m│[0;32m│[0;33m│[0m  [0m72: Int32IncrementWithOverflow [n52], 2 uses, cannot truncate to int32
[0;31m│[0;32m│[0;33m│[0m[0;34m  68 : 97 34 00 09       JumpLoop [52], [0], FBV[9]
[m[0;31m│[0;32m│[0;33m│[0m  [0m73: ReduceInterruptBudgetForLoop(41) [n46]
[0;31m│[0;32m│[0;33m│[0m      ↳ lazy @68 (3 live vars)
[0;31m│[0;32m│[0;33m│[0m  [0m75: Int32ToNumber[kCanonicalizeSmi] [n72], 1 uses
[0;31m│[0;32m│[0;33m│[0m      ↱ eager @65 (3 live vars)
[0;31m│[0;32m╰─◄─[0m74: JumpLoop b7
[0;31m│ [0;33m│[0m      with gap moves:
[0;31m│ [0;33m│[0m        - n75 → 51: φᵀ r1
[0;31m│ [0;33m│[0m
[0;31m│ [0;33m╰►[0mBlock b13
[0;31m│  [0m[0;34m  72 : 23 02 0a          LdaGlobal [2:"print"], FBV[10]
[m[0;31m│[0;32m╭───[0m76: Jump b15
[0;31m│[0;32m│ [0m
[0;31m╰──►[0mBlock b14
 [0;32m│ [0m  [0m77: Jump b15
 [0;32m│ [0m   ↓
 [0;32m╰─►[0mBlock b15
   [0m      ↱ eager @72 (2 live vars)
   [0m  [0m78: Deopt(Insufficient type feedback for generic global access)
   [0m

----- After propagating truncation -----
Graph

   [0m  [0m46: Constant(0x09b80101e1c1 <FeedbackCell[one closure]>), 2 uses
   [0m  [0m18: Constant(0x09b80101e281 <JSFunction outer (sfi = 0x9b80101e109)>), 6 uses
   [0m  [0m25: Constant(0x09b80101e1d1 <ScriptContext[3]>), 18 uses
   [0m  [0m26: Constant(0x09b801004925 <JSGlobalProxy>), 18 uses
   [0m  [0m28: Constant(0x09b80101e219 <JSFunction small (sfi = 0x9b80101e0a9)>), 6 uses
   [0m  [0m30: Constant(0x09b80101e1e5 <JSFunction tiny (sfi = 0x9b80101e079)>), 4 uses
   [0m  [0m36: Constant(0x09b80101e24d <JSFunction big (sfi = 0x9b80101e0d9)>), 2 uses
   [0m  [0m24: RootConstant(undefined_value), 2 uses
   [0m  [0m17: RootConstant(true_value), 0 uses 🪦
   [0m  [0m16: RootConstant(false_value), 0 uses 🪦
   [0m  [0m48: RootConstant(optimized_out), 0 uses 🪦
   [0m  [0m11: SmiConstant(100000), 2 uses
   [0m  [0m41: Int32Constant(0), 2 uses, cannot truncate to int32
   [0m  [0m21: Int32Constant(3), 2 uses, cannot truncate to int32
   [0m  [0m19: Int32Constant(255), 4 uses, cannot truncate to int32
   [0m  [0m13: Int32Constant(100000), 4 uses, cannot truncate to int32
    [0mBlock b0
   [0m[1;34m0x09b80101dff9 <SharedFunctionInfo> (0x09b80104a7b1 <String[21]: "workloads/inlining.js">:0:0)
[m   [0m[0;34m  16 : 01 0d a0 86 01 00 LdaSmi.ExtraWide [100000]
[m   [0m   [0m1: InitialValue(<this>), 12 uses
   [0m   [0m2: InitialValue(<context>), 14 uses
   [0m   [0m3: InitialValue(<closure>), 12 uses
   [0m   [0m4: InitialValue(r0), 0 uses 🪦
   [0m   [0m5: InitialValue(r1), 6 uses
   [0m   [0m6: InitialValue(r2), 0 uses 🪦
   [0m   [0m7: InitialValue(r3), 0 uses 🪦
   [0m   [0m8: InitialValue(r4), 0 uses 🪦
   [0m   [0m9: FunctionEntryStackCheck
   [0m      ↳ lazy @68 (3 live vars)
   [0m      ↱ eager @68 (3 live vars)
   [0m  [0m10: CheckpointedJump b1
   [0m   ↓
    [0mBlock b1
   [0m[0;34m  22 : 79 f8 01 00       TestLessThan r1, EmbeddedFeedback[0x1]
[m   [0m      ↱ eager @22 (4 live vars)
   [0m  [0m12: CheckedSmiUntag [n5], 5 uses, cannot truncate to int32
   [0m  [0m14: Int32Compare[LessThan] [n12, n13], 0 uses 🪦
   [0m[0;34m  26 : a8 2e             JumpIfFalse [46]
[m[0;31m╭────[0m15: BranchIfInt32Compare(LessThan) [n12, n13] b2 b14
[0;31m│  [0m   ↓
[0;31m│   [0mBlock b2
[0;31m│  [0m[0;34m  34 : 00 57 ff 00 03 00 BitwiseAndSmi.Wide [255], FBV[3]
[m[0;31m│  [0m  [0m20: Int32BitwiseAnd [n12, n19], 10 uses, cannot truncate to int32
[0;31m│  [0m[0;34m  43 : 59 03 05          ShiftRightSmi [3], FBV[5]
[m[0;31m│  [0m  [0m22: Int32ShiftRight [n12, n21], 1 uses, cannot truncate to int32
[0;31m│  [0m[0;34m  46 : 00 57 ff 00 04 00 BitwiseAndSmi.Wide [255], FBV[4]
[m[0;31m│  [0m  [0m23: Int32BitwiseAnd [n22, n19], 9 uses, cannot truncate to int32
[0;31m│  [0m[1;34m0x09b80101e109 <SharedFunctionInfo outer> (0x09b80104a7b1 <String[21]: "workloads/inlining.js">:22:14)
[m[0;31m│  [0m[0;34m   0 : 23 00 01          LdaGlobal [0:"small"], FBV[1]
[m[0;31m│  [0m  [0m27: Jump b3
[0;31m│  [0m   ↓
[0;31m│   [0mBlock b3
[0;31m│  [0m[1;34m0x09b80101e0a9 <SharedFunctionInfo small> (0x09b80104a7b1 <String[21]: "workloads/inlining.js">:7:14)
[m[0;31m│  [0m[0;34m   0 : 23 00 01          LdaGlobal [0:"tiny"], FBV[1]
[m[0;31m│  [0m  [0m29: Jump b4
[0;31m│  [0m   ↓
[0;31m│   [0mBlock b4
[0;31m│  [0m[1;34m0x09b80101e079 <SharedFunctionInfo tiny> (0x09b80104a7b1 <String[21]: "workloads/inlining.js">:3:13)
[m[0;31m│  [0m[0;34m   0 : 0b 03             Ldar a0
[m[0;31m│  [0m  [0m31: Jump b5
[0;31m│  [0m   ↓
[0;31m│   [0mBlock b5
[0;31m│  [0m[1;34m0x09b80101e079 <SharedFunctionInfo tiny> (0x09b80104a7b1 <String[21]: "workloads/inlining.js">:0:0)
[m[0;31m│  [0m[0;34m   2 : 4f 01 00          AddSmi [1], FBV[0]
[m[0;31m│  [0m      ↱ eager @53 (3 live vars)
[0;31m│  [0m      │       @4 (4 live vars)
[0;31m│  [0m      │       @4 (4 live vars)
[0;31m│  [0m      │       @2 (4 live vars)
[0;31m│  [0m  [0m32: Int32IncrementWithOverflow [n20], 3 uses, cannot truncate to int32
[0;31m│  [0m[1;34m0x09b80101e079 <SharedFunctionInfo tiny> (0x09b80104a7b1 <String[21]: "workloads/inlining.js">:3:13)
[m[0;31m│  [0m[0;34m   0 : 0b 03             Ldar a0
[m[0;31m│  [0m  [0m33: Jump b6
[0;31m│  [0m   ↓
[0;31m│   [0mBlock b6
[0;31m│  [0m[1;34m0x09b80101e079 <SharedFunctionInfo tiny> (0x09b80104a7b1 <String[21]: "workloads/inlining.js">:0:0)
[m[0;31m│  [0m[0;34m   2 : 4f 01 00          AddSmi [1], FBV[0]
[m[0;31m│  [0m      ↱ eager @53 (3 live vars)
[0;31m│  [0m      │       @4 (4 live vars)
[0;31m│  [0m      │       @13 (5 live vars)
[0;31m│  [0m      │       @2 (4 live vars)
[0;31m│  [0m  [0m34: Int32IncrementWithOverflow [n23], 2 uses, cannot truncate to int32
[0;31m│  [0m[1;34m0x09b80101e0a9 <SharedFunctionInfo small> (0x09b80104a7b1 <String[21]: "workloads/inlining.js">:0:0)
[m[0;31m│  [0m[0;34m  17 : 44 f9 00          Mul r0, FBV[0]
[m[0;31m│  [0m      ↱ eager @53 (3 live vars)
[0;31m│  [0m      │       @4 (4 live vars)
[0;31m│  [0m      │       @17 (6 live vars)
[0;31m│  [0m  [0m35: Int32MultiplyWithOverflow [n32, n34], 3 uses, cannot truncate to int32
[0;31m│  [0m[1;34m0x09b80101e109 <SharedFunctionInfo outer> (0x09b80104a7b1 <String[21]: "workloads/inlining.js">:0:0)
[m[0;31m│  [0m[0;34m  14 : 6d f8 03 07       CallUndefinedReceiver1 r1, a0, FBV[7]
[m[0;31m│  [0m  [0m37: Int32ToNumber[kCanonicalizeSmi] [n20], 1 uses
[0;31m│  [0m  [0m38: 🐢 CallKnownJSFunction(0x09b80101e0d9 <SharedFunctionInfo big>, {Int32}) [n36, n25, n26, n24, n37], 2 uses
[0;31m│  [0m      │      @53 (3 live vars)
[0;31m│  [0m      ↳ lazy @14 (5 live vars)
[0;31m│  [0m[0;34m  18 : 42 f9 00          Add r0, FBV[0]
[m[0;31m│  [0m      ↱ eager @53 (3 live vars)
[0;31m│  [0m      │       @18 (6 live vars)
[0;31m│  [0m  [0m39: CheckedSmiUntag [n38], 1 uses, cannot truncate to int32
[0;31m│  [0m      ↱ eager @53 (3 live vars)
[0;31m│  [0m      │       @18 (6 live vars)
[0;31m│  [0m  [0m40: Int32AddWithOverflow [n35, n39], 1 uses, can truncate to int32 [-2147483648, 2147483647]
[0;31m│  [0m[1;34m0x09b80101dff9 <SharedFunctionInfo> (0x09b80104a7b1 <String[21]: "workloads/inlining.js">:0:0)
[m[0;31m│  [0m[0;34m  58 : 55 00 00          BitwiseOrSmi [0], FBV[0]
[m[0;31m│  [0m  [0m42: Int32BitwiseOr [n40, n41], 1 uses, cannot truncate to int32
[0;31m│  [0m[0;34m  61 : 29 02             StaCurrentContextSlot [2]
[m[0;31m│  [0m  [0m43: Int32ToNumber[kCanonicalizeSmi] [n42], 1 uses
[0;31m│  [0m  [0m44: StoreContextSlotWithWriteBarrier(2, mutable) [n2, n43]
[0;31m│  [0m      ↳ lazy @61 (3 live vars)
[0;31m│  [0m[0;34m  65 : 5b 08             Inc FBV[8]
[m[0;31m│  [0m      ↱ eager @65 (3 live vars)
[0;31m│  [0m  [0m45: Int32IncrementWithOverflow [n12], 2 uses, cannot truncate to int32
[0;31m│  [0m[0;34m  68 : 97 34 00 09       JumpLoop [52], [0], FBV[9]
[m[0;31m│  [0m  [0m47: ReduceInterruptBudgetForLoop(41) [n46]
[0;31m│  [0m      ↳ lazy @68 (3 live vars)
[0;31m│  [0m  [0m50: Int32ToNumber[kCanonicalizeSmi] [n45], 1 uses
[0;31m│  [0m  [0m49: Jump b7
[0;31m│  [0m   │  with gap moves:
[0;31m│  [0m   │    - n50 → 51: φᵀ r1
[0;31m│  [0m   ▼
[0;31m│[0;32m╭─►[0mBlock b7 peeled (effects: ua c1)
[0;31m│[0;32m│ [0m  [0m51: φᵀ r1 (n50, n75), 5 uses
[0;31m│[0;32m│ [0m[0;34m  22 : 79 f8 01 00       TestLessThan r1, EmbeddedFeedback[0x1]
[m[0;31m│[0;32m│ [0m      ↱ eager @22 (4 live vars)
[0;31m│[0;32m│ [0m  [0m52: CheckedSmiUntag [n51], 5 uses, cannot truncate to int32
[0;31m│[0;32m│ [0m  [0m53: Int32Compare[LessThan] [n52, n13], 0 uses 🪦
[0;31m│[0;32m│ [0m[0;34m  26 : a8 2e             JumpIfFalse [46]
[m[0;31m│[0;32m│[0;33m╭──[0m54: BranchIfInt32Compare(LessThan) [n52, n13] b8 b13
[0;31m│[0;32m│[0;33m│[0m   ↓
[0;31m│[0;32m│[0;33m│ [0mBlock b8
[0;31m│[0;32m│[0;33m│[0m[0;34m  34 : 00 57 ff 00 03 00 BitwiseAndSmi.Wide [255], FBV[3]
[m[0;31m│[0;32m│[0;33m│[0m  [0m55: Int32BitwiseAnd [n52, n19], 10 uses, cannot truncate to int32
[0;31m│[0;32m│[0;33m│[0m[0;34m  43 : 59 03 05          ShiftRightSmi [3], FBV[5]
[m[0;31m│[0;32m│[0;33m│[0m  [0m56: Int32ShiftRight [n52, n21], 1 uses, cannot truncate to int32
[0;31m│[0;32m│[0;33m│[0m[0;34m  46 : 00 57 ff 00 04 00 BitwiseAndSmi.Wide [255], FBV[4]
[m[0;31m│[0;32m│[0;33m│[0m  [0m57: Int32BitwiseAnd [n56, n19], 9 uses, cannot truncate to int32
[0;31m│[0;32m│[0;33m│[0m[1;34m0x09b80101e109 <SharedFunctionInfo outer> (0x09b80104a7b1 <String[21]: "workloads/inlining.js">:22:14)
[m[0;31m│[0;32m│[0;33m│[0m[0;34m   0 : 23 00 01          LdaGlobal [0:"small"], FBV[1]
[m[0;31m│[0;32m│[0;33m│[0m  [0m58: Jump b9
[0;31m│[0;32m│[0;33m│[0m   ↓
[0;31m│[0;32m│[0;33m│ [0mBlock b9
[0;31m│[0;32m│[0;33m│[0m[1;34m0x09b80101e0a9 <SharedFunctionInfo small> (0x09b80104a7b1 <String[21]: "workloads/inlining.js">:7:14)
[m[0;31m│[0;32m│[0;33m│[0m[0;34m   0 : 23 00 01          LdaGlobal [0:"tiny"], FBV[1]
[m[0;31m│[0;32m│[0;33m│[0m  [0m59: Jump b10
[0;31m│[0;32m│[0;33m│[0m   ↓
[0;31m│[0;32m│[0;33m│ [0mBlock b10
[0;31m│[0;32m│[0;33m│[0m[1;34m0x09b80101e079 <SharedFunctionInfo tiny> (0x09b80104a7b1 <String[21]: "workloads/inlining.js">:3:13)
[m[0;31m│[0;32m│[0;33m│[0m[0;34m   0 : 0b 03             Ldar a0
[m[0;31m│[0;32m│[0;33m│[0m  [0m60: Jump b11
[0;31m│[0;32m│[0;33m│[0m   ↓
[0;31m│[0;32m│[0;33m│ [0mBlock b11
[0;31m│[0;32m│[0;33m│[0m[1;34m0x09b80101e079 <SharedFunctionInfo tiny> (0x09b80104a7b1 <String[21]: "workloads/inlining.js">:0:0)
[m[0;31m│[0;32m│[0;33m│[0m[0;34m   2 : 4f 01 00          AddSmi [1], FBV[0]
[m[0;31m│[0;32m│[0;33m│[0m      ↱ eager @53 (3 live vars)
[0;31m│[0;32m│[0;33m│[0m      │       @4 (4 live vars)
[0;31m│[0;32m│[0;33m│[0m      │       @4 (4 live vars)
[0;31m│[0;32m│[0;33m│[0m      │       @2 (4 live vars)
[0;31m│[0;32m│[0;33m│[0m  [0m61: Int32IncrementWithOverflow [n55], 3 uses, cannot truncate to int32
[0;31m│[0;32m│[0;33m│[0m[1;34m0x09b80101e079 <SharedFunctionInfo tiny> (0x09b80104a7b1 <String[21]: "workloads/inlining.js">:3:13)
[m[0;31m│[0;32m│[0;33m│[0m[0;34m   0 : 0b 03             Ldar a0
[m[0;31m│[0;32m│[0;33m│[0m  [0m62: Jump b12
[0;31m│[0;32m│[0;33m│[0m   ↓
[0;31m│[0;32m│[0;33m│ [0mBlock b12
[0;31m│[0;32m│[0;33m│[0m[1;34m0x09b80101e079 <SharedFunctionInfo tiny> (0x09b80104a7b1 <String[21]: "workloads/inlining.js">:0:0)
[m[0;31m│[0;32m│[0;33m│[0m[0;34m   2 : 4f 01 00          AddSmi [1], FBV[0]
[m[0;31m│[0;32m│[0;33m│[0m      ↱ eager @53 (3 live vars)
[0;31m│[0;32m│[0;33m│[0m      │       @4 (4 live vars)
[0;31m│[0;32m│[0;33m│[0m      │       @13 (5 live vars)
[0;31m│[0;32m│[0;33m│[0m      │       @2 (4 live vars)
[0;31m│[0;32m│[0;33m│[0m  [0m63: Int32IncrementWithOverflow [n57], 2 uses, cannot truncate to int32
[0;31m│[0;32m│[0;33m│[0m[1;34m0x09b80101e0a9 <SharedFunctionInfo small> (0x09b80104a7b1 <String[21]: "workloads/inlining.js">:0:0)
[m[0;31m│[0;32m│[0;33m│[0m[0;34m  17 : 44 f9 00          Mul r0, FBV[0]
[m[0;31m│[0;32m│[0;33m│[0m      ↱ eager @53 (3 live vars)
[0;31m│[0;32m│[0;33m│[0m      │       @4 (4 live vars)
[0;31m│[0;32m│[0;33m│[0m      │       @17 (6 live vars)
[0;31m│[0;32m│[0;33m│[0m  [0m64: Int32MultiplyWithOverflow [n61, n63], 3 uses, cannot truncate to int32
[0;31m│[0;32m│[0;33m│[0m[1;34m0x09b80101e109 <SharedFunctionInfo outer> (0x09b80104a7b1 <String[21]: "workloads/inlining.js">:0:0)
[m[0;31m│[0;32m│[0;33m│[0m[0;34m  14 : 6d f8 03 07       CallUndefinedReceiver1 r1, a0, FBV[7]
[m[0;31m│[0;32m│[0;33m│[0m  [0m65: Int32ToNumber[kCanonicalizeSmi] [n55], 1 uses
[0;31m│[0;32m│[0;33m│[0m  [0m66: 🐢 CallKnownJSFunction(0x09b80101e0d9 <SharedFunctionInfo big>, {Int32}) [n36, n25, n26, n24, n65], 2 uses
[0;31m│[0;32m│[0;33m│[0m      │      @53 (3 live vars)
[0;31m│[0;32m│[0;33m│[0m      ↳ lazy @14 (5 live vars)
[0;31m│[0;32m│[0;33m│[0m[0;34m  18 : 42 f9 00          Add r0, FBV[0]
[m[0;31m│[0;32m│[0;33m│[0m      ↱ eager @53 (3 live vars)
[0;31m│[0;32m│[0;33m│[0m      │       @18 (6 live vars)
[0;31m│[0;32m│[0;33m│[0m  [0m67: CheckedSmiUntag [n66], 1 uses, cannot truncate to int32
[0;31m│[0;32m│[0;33m│[0m      ↱ eager @53 (3 live vars)
[0;31m│[0;32m│[0;33m│[0m      │       @18 (6 live vars)
[0;31m│[0;32m│[0;33m│[0m  [0m68: Int32AddWithOverflow [n64, n67], 1 uses, can truncate to int32 [-2147483648, 2147483647]
[0;31m│[0;32m│[0;33m│[0m[1;34m0x09b80101dff9 <SharedFunctionInfo> (0x09b80104a7b1 <String[21]: "workloads/inlining.js">:0:0)
[m[0;31m│[0;32m│[0;33m│[0m[0;34m  58 : 55 00 00          BitwiseOrSmi [0], FBV[0]
[m[0;31m│[0;32m│[0;33m│[0m  [0m69: Int32BitwiseOr [n68, n41], 1 uses, cannot truncate to int32
[0;31m│[0;32m│[0;33m│[0m[0;34m  61 : 29 02             StaCurrentContextSlot [2]
[m[0;31m│[0;32m│[0;33m│[0m  [0m70: Int32ToNumber[kCanonicalizeSmi] [n69], 1 uses
[0;31m│[0;32m│[0;33m│[0m  [0m71: StoreContextSlotWithWriteBarrier(2, mutable) [n2, n70]
[0;31m│[0;32m│[0;33m│[0m      ↳ lazy @61 (3 live vars)
[0;31m│[0;32m│[0;33m│[0m[0;34m  65 : 5b 08             Inc FBV[8]
[m[0;31m│[0;32m│[0;33m│[0m      ↱ eager @65 (3 live vars)
[0;31m│[0;32m│[0;33m│[0m  [0m72: Int32IncrementWithOverflow [n52], 2 uses, cannot truncate to int32
[0;31m│[0;32m│[0;33m│[0m[0;34m  68 : 97 34 00 09       JumpLoop [52], [0], FBV[9]
[m[0;31m│[0;32m│[0;33m│[0m  [0m73: ReduceInterruptBudgetForLoop(41) [n46]
[0;31m│[0;32m│[0;33m│[0m      ↳ lazy @68 (3 live vars)
[0;31m│[0;32m│[0;33m│[0m  [0m75: Int32ToNumber[kCanonicalizeSmi] [n72], 1 uses
[0;31m│[0;32m│[0;33m│[0m      ↱ eager @65 (3 live vars)
[0;31m│[0;32m╰─◄─[0m74: JumpLoop b7
[0;31m│ [0;33m│[0m      with gap moves:
[0;31m│ [0;33m│[0m        - n75 → 51: φᵀ r1
[0;31m│ [0;33m│[0m
[0;31m│ [0;33m╰►[0mBlock b13
[0;31m│  [0m[0;34m  72 : 23 02 0a          LdaGlobal [2:"print"], FBV[10]
[m[0;31m│[0;32m╭───[0m76: Jump b15
[0;31m│[0;32m│ [0m
[0;31m╰──►[0mBlock b14
 [0;32m│ [0m  [0m77: Jump b15
 [0;32m│ [0m   ↓
 [0;32m╰─►[0mBlock b15
   [0m      ↱ eager @72 (2 live vars)
   [0m  [0m78: Deopt(Insufficient type feedback for generic global access)
   [0m

----- After truncation -----
Graph

   [0m  [0m46: Constant(0x09b80101e1c1 <FeedbackCell[one closure]>), 2 uses
   [0m  [0m18: Constant(0x09b80101e281 <JSFunction outer (sfi = 0x9b80101e109)>), 6 uses
   [0m  [0m25: Constant(0x09b80101e1d1 <ScriptContext[3]>), 18 uses
   [0m  [0m26: Constant(0x09b801004925 <JSGlobalProxy>), 18 uses
   [0m  [0m28: Constant(0x09b80101e219 <JSFunction small (sfi = 0x9b80101e0a9)>), 6 uses
   [0m  [0m30: Constant(0x09b80101e1e5 <JSFunction tiny (sfi = 0x9b80101e079)>), 4 uses
   [0m  [0m36: Constant(0x09b80101e24d <JSFunction big (sfi = 0x9b80101e0d9)>), 2 uses
   [0m  [0m24: RootConstant(undefined_value), 2 uses
   [0m  [0m17: RootConstant(true_value), 0 uses 🪦
   [0m  [0m16: RootConstant(false_value), 0 uses 🪦
   [0m  [0m48: RootConstant(optimized_out), 0 uses 🪦
   [0m  [0m11: SmiConstant(100000), 2 uses
   [0m  [0m41: Int32Constant(0), 0 uses 🪦, cannot truncate to int32
   [0m  [0m21: Int32Constant(3), 2 uses, cannot truncate to int32
   [0m  [0m19: Int32Constant(255), 4 uses, cannot truncate to int32
   [0m  [0m13: Int32Constant(100000), 4 uses, cannot truncate to int32
    [0mBlock b0
   [0m[1;34m0x09b80101dff9 <SharedFunctionInfo> (0x09b80104a7b1 <String[21]: "workloads/inlining.js">:0:0)
[m   [0m[0;34m  16 : 01 0d a0 86 01 00 LdaSmi.ExtraWide [100000]
[m   [0m   [0m1: InitialValue(<this>), 12 uses
   [0m   [0m2: InitialValue(<context>), 14 uses
   [0m   [0m3: InitialValue(<closure>), 12 uses
   [0m   [0m4: InitialValue(r0), 0 uses 🪦
   [0m   [0m5: InitialValue(r1), 6 uses
   [0m   [0m6: InitialValue(r2), 0 uses 🪦
   [0m   [0m7: InitialValue(r3), 0 uses 🪦
   [0m   [0m8: InitialValue(r4), 0 uses 🪦
   [0m   [0m9: FunctionEntryStackCheck
   [0m      ↳ lazy @68 (3 live vars)
   [0m      ↱ eager @68 (3 live vars)
   [0m  [0m10: CheckpointedJump b1
   [0m   ↓
    [0mBlock b1
   [0m[0;34m  22 : 79 f8 01 00       TestLessThan r1, EmbeddedFeedback[0x1]
[m   [0m      ↱ eager @22 (4 live vars)
   [0m  [0m12: CheckedSmiUntag [n5], 5 uses, cannot truncate to int32
   [0m  [0m14: Int32Compare[LessThan] [n12, n13], 0 uses 🪦
   [0m[0;34m  26 : a8 2e             JumpIfFalse [46]
[m[0;31m╭────[0m15: BranchIfInt32Compare(LessThan) [n12, n13] b2 b14
[0;31m│  [0m   ↓
[0;31m│   [0mBlock b2
[0;31m│  [0m[0;34m  34 : 00 57 ff 00 03 00 BitwiseAndSmi.Wide [255], FBV[3]
[m[0;31m│  [0m  [0m20: Int32BitwiseAnd [n12, n19], 10 uses, cannot truncate to int32
[0;31m│  [0m[0;34m  43 : 59 03 05          ShiftRightSmi [3], FBV[5]
[m[0;31m│  [0m  [0m22: Int32ShiftRight [n12, n21], 1 uses, cannot truncate to int32
[0;31m│  [0m[0;34m  46 : 00 57 ff 00 04 00 BitwiseAndSmi.Wide [255], FBV[4]
[m[0;31m│  [0m  [0m23: Int32BitwiseAnd [n22, n19], 9 uses, cannot truncate to int32
[0;31m│  [0m[1;34m0x09b80101e109 <SharedFunctionInfo outer> (0x09b80104a7b1 <String[21]: "workloads/inlining.js">:22:14)
[m[0;31m│  [0m[0;34m   0 : 23 00 01          LdaGlobal [0:"small"], FBV[1]
[m[0;31m│  [0m  [0m27: Jump b3
[0;31m│  [0m   ↓
[0;31m│   [0mBlock b3
[0;31m│  [0m[1;34m0x09b80101e0a9 <SharedFunctionInfo small> (0x09b80104a7b1 <String[21]: "workloads/inlining.js">:7:14)
[m[0;31m│  [0m[0;34m   0 : 23 00 01          LdaGlobal [0:"tiny"], FBV[1]
[m[0;31m│  [0m  [0m29: Jump b4
[0;31m│  [0m   ↓
[0;31m│   [0mBlock b4
[0;31m│  [0m[1;34m0x09b80101e079 <SharedFunctionInfo tiny> (0x09b80104a7b1 <String[21]: "workloads/inlining.js">:3:13)
[m[0;31m│  [0m[0;34m   0 : 0b 03             Ldar a0
[m[0;31m│  [0m  [0m31: Jump b5
[0;31m│  [0m   ↓
[0;31m│   [0mBlock b5
[0;31m│  [0m[1;34m0x09b80101e079 <SharedFunctionInfo tiny> (0x09b80104a7b1 <String[21]: "workloads/inlining.js">:0:0)
[m[0;31m│  [0m[0;34m   2 : 4f 01 00          AddSmi [1], FBV[0]
[m[0;31m│  [0m      ↱ eager @53 (3 live vars)
[0;31m│  [0m      │       @4 (4 live vars)
[0;31m│  [0m      │       @4 (4 live vars)
[0;31m│  [0m      │       @2 (4 live vars)
[0;31m│  [0m  [0m32: Int32IncrementWithOverflow [n20], 3 uses, cannot truncate to int32
[0;31m│  [0m[1;34m0x09b80101e079 <SharedFunctionInfo tiny> (0x09b80104a7b1 <String[21]: "workloads/inlining.js">:3:13)
[m[0;31m│  [0m[0;34m   0 : 0b 03             Ldar a0
[m[0;31m│  [0m  [0m33: Jump b6
[0;31m│  [0m   ↓
[0;31m│   [0mBlock b6
[0;31m│  [0m[1;34m0x09b80101e079 <SharedFunctionInfo tiny> (0x09b80104a7b1 <String[21]: "workloads/inlining.js">:0:0)
[m[0;31m│  [0m[0;34m   2 : 4f 01 00          AddSmi [1], FBV[0]
[m[0;31m│  [0m      ↱ eager @53 (3 live vars)
[0;31m│  [0m      │       @4 (4 live vars)
[0;31m│  [0m      │       @13 (5 live vars)
[0;31m│  [0m      │       @2 (4 live vars)
[0;31m│  [0m  [0m34: Int32IncrementWithOverflow [n23], 2 uses, cannot truncate to int32
[0;31m│  [0m[1;34m0x09b80101e0a9 <SharedFunctionInfo small> (0x09b80104a7b1 <String[21]: "workloads/inlining.js">:0:0)
[m[0;31m│  [0m[0;34m  17 : 44 f9 00          Mul r0, FBV[0]
[m[0;31m│  [0m      ↱ eager @53 (3 live vars)
[0;31m│  [0m      │       @4 (4 live vars)
[0;31m│  [0m      │       @17 (6 live vars)
[0;31m│  [0m  [0m35: Int32MultiplyWithOverflow [n32, n34], 3 uses, cannot truncate to int32
[0;31m│  [0m[1;34m0x09b80101e109 <SharedFunctionInfo outer> (0x09b80104a7b1 <String[21]: "workloads/inlining.js">:0:0)
[m[0;31m│  [0m[0;34m  14 : 6d f8 03 07       CallUndefinedReceiver1 r1, a0, FBV[7]
[m[0;31m│  [0m  [0m37: Int32ToNumber[kCanonicalizeSmi] [n20], 1 uses
[0;31m│  [0m  [0m38: 🐢 CallKnownJSFunction(0x09b80101e0d9 <SharedFunctionInfo big>, {Int32}) [n36, n25, n26, n24, n37], 2 uses
[0;31m│  [0m      │      @53 (3 live vars)
[0;31m│  [0m      ↳ lazy @14 (5 live vars)
[0;31m│  [0m[0;34m  18 : 42 f9 00          Add r0, FBV[0]
[m[0;31m│  [0m      ↱ eager @53 (3 live vars)
[0;31m│  [0m      │       @18 (6 live vars)
[0;31m│  [0m  [0m39: CheckedSmiUntag [n38], 1 uses, cannot truncate to int32
[0;31m│  [0m  [0m40: Int32Add [n35, n39], 2 uses, can truncate to int32 [-2147483648, 2147483647]
[0;31m│  [0m[1;34m0x09b80101dff9 <SharedFunctionInfo> (0x09b80104a7b1 <String[21]: "workloads/inlining.js">:0:0)
[m[0;31m│  [0m[0;34m  61 : 29 02             StaCurrentContextSlot [2]
[m[0;31m│  [0m  [0m43: Int32ToNumber[kCanonicalizeSmi] [n40], 1 uses
[0;31m│  [0m  [0m44: StoreContextSlotWithWriteBarrier(2, mutable) [n2, n43]
[0;31m│  [0m      ↳ lazy @61 (3 live vars)
[0;31m│  [0m[0;34m  65 : 5b 08             Inc FBV[8]
[m[0;31m│  [0m      ↱ eager @65 (3 live vars)
[0;31m│  [0m  [0m45: Int32IncrementWithOverflow [n12], 2 uses, cannot truncate to int32
[0;31m│  [0m[0;34m  68 : 97 34 00 09       JumpLoop [52], [0], FBV[9]
[m[0;31m│  [0m  [0m47: ReduceInterruptBudgetForLoop(41) [n46]
[0;31m│  [0m      ↳ lazy @68 (3 live vars)
[0;31m│  [0m  [0m50: Int32ToNumber[kCanonicalizeSmi] [n45], 1 uses
[0;31m│  [0m  [0m49: Jump b7
[0;31m│  [0m   │  with gap moves:
[0;31m│  [0m   │    - n50 → 51: φᵀ r1
[0;31m│  [0m   ▼
[0;31m│[0;32m╭─►[0mBlock b7 peeled (effects: ua c1)
[0;31m│[0;32m│ [0m  [0m51: φᵀ r1 (n50, n75), 5 uses
[0;31m│[0;32m│ [0m[0;34m  22 : 79 f8 01 00       TestLessThan r1, EmbeddedFeedback[0x1]
[m[0;31m│[0;32m│ [0m      ↱ eager @22 (4 live vars)
[0;31m│[0;32m│ [0m  [0m52: CheckedSmiUntag [n51], 5 uses, cannot truncate to int32
[0;31m│[0;32m│ [0m  [0m53: Int32Compare[LessThan] [n52, n13], 0 uses 🪦
[0;31m│[0;32m│ [0m[0;34m  26 : a8 2e             JumpIfFalse [46]
[m[0;31m│[0;32m│[0;33m╭──[0m54: BranchIfInt32Compare(LessThan) [n52, n13] b8 b13
[0;31m│[0;32m│[0;33m│[0m   ↓
[0;31m│[0;32m│[0;33m│ [0mBlock b8
[0;31m│[0;32m│[0;33m│[0m[0;34m  34 : 00 57 ff 00 03 00 BitwiseAndSmi.Wide [255], FBV[3]
[m[0;31m│[0;32m│[0;33m│[0m  [0m55: Int32BitwiseAnd [n52, n19], 10 uses, cannot truncate to int32
[0;31m│[0;32m│[0;33m│[0m[0;34m  43 : 59 03 05          ShiftRightSmi [3], FBV[5]
[m[0;31m│[0;32m│[0;33m│[0m  [0m56: Int32ShiftRight [n52, n21], 1 uses, cannot truncate to int32
[0;31m│[0;32m│[0;33m│[0m[0;34m  46 : 00 57 ff 00 04 00 BitwiseAndSmi.Wide [255], FBV[4]
[m[0;31m│[0;32m│[0;33m│[0m  [0m57: Int32BitwiseAnd [n56, n19], 9 uses, cannot truncate to int32
[0;31m│[0;32m│[0;33m│[0m[1;34m0x09b80101e109 <SharedFunctionInfo outer> (0x09b80104a7b1 <String[21]: "workloads/inlining.js">:22:14)
[m[0;31m│[0;32m│[0;33m│[0m[0;34m   0 : 23 00 01          LdaGlobal [0:"small"], FBV[1]
[m[0;31m│[0;32m│[0;33m│[0m  [0m58: Jump b9
[0;31m│[0;32m│[0;33m│[0m   ↓
[0;31m│[0;32m│[0;33m│ [0mBlock b9
[0;31m│[0;32m│[0;33m│[0m[1;34m0x09b80101e0a9 <SharedFunctionInfo small> (0x09b80104a7b1 <String[21]: "workloads/inlining.js">:7:14)
[m[0;31m│[0;32m│[0;33m│[0m[0;34m   0 : 23 00 01          LdaGlobal [0:"tiny"], FBV[1]
[m[0;31m│[0;32m│[0;33m│[0m  [0m59: Jump b10
[0;31m│[0;32m│[0;33m│[0m   ↓
[0;31m│[0;32m│[0;33m│ [0mBlock b10
[0;31m│[0;32m│[0;33m│[0m[1;34m0x09b80101e079 <SharedFunctionInfo tiny> (0x09b80104a7b1 <String[21]: "workloads/inlining.js">:3:13)
[m[0;31m│[0;32m│[0;33m│[0m[0;34m   0 : 0b 03             Ldar a0
[m[0;31m│[0;32m│[0;33m│[0m  [0m60: Jump b11
[0;31m│[0;32m│[0;33m│[0m   ↓
[0;31m│[0;32m│[0;33m│ [0mBlock b11
[0;31m│[0;32m│[0;33m│[0m[1;34m0x09b80101e079 <SharedFunctionInfo tiny> (0x09b80104a7b1 <String[21]: "workloads/inlining.js">:0:0)
[m[0;31m│[0;32m│[0;33m│[0m[0;34m   2 : 4f 01 00          AddSmi [1], FBV[0]
[m[0;31m│[0;32m│[0;33m│[0m      ↱ eager @53 (3 live vars)
[0;31m│[0;32m│[0;33m│[0m      │       @4 (4 live vars)
[0;31m│[0;32m│[0;33m│[0m      │       @4 (4 live vars)
[0;31m│[0;32m│[0;33m│[0m      │       @2 (4 live vars)
[0;31m│[0;32m│[0;33m│[0m  [0m61: Int32IncrementWithOverflow [n55], 3 uses, cannot truncate to int32
[0;31m│[0;32m│[0;33m│[0m[1;34m0x09b80101e079 <SharedFunctionInfo tiny> (0x09b80104a7b1 <String[21]: "workloads/inlining.js">:3:13)
[m[0;31m│[0;32m│[0;33m│[0m[0;34m   0 : 0b 03             Ldar a0
[m[0;31m│[0;32m│[0;33m│[0m  [0m62: Jump b12
[0;31m│[0;32m│[0;33m│[0m   ↓
[0;31m│[0;32m│[0;33m│ [0mBlock b12
[0;31m│[0;32m│[0;33m│[0m[1;34m0x09b80101e079 <SharedFunctionInfo tiny> (0x09b80104a7b1 <String[21]: "workloads/inlining.js">:0:0)
[m[0;31m│[0;32m│[0;33m│[0m[0;34m   2 : 4f 01 00          AddSmi [1], FBV[0]
[m[0;31m│[0;32m│[0;33m│[0m      ↱ eager @53 (3 live vars)
[0;31m│[0;32m│[0;33m│[0m      │       @4 (4 live vars)
[0;31m│[0;32m│[0;33m│[0m      │       @13 (5 live vars)
[0;31m│[0;32m│[0;33m│[0m      │       @2 (4 live vars)
[0;31m│[0;32m│[0;33m│[0m  [0m63: Int32IncrementWithOverflow [n57], 2 uses, cannot truncate to int32
[0;31m│[0;32m│[0;33m│[0m[1;34m0x09b80101e0a9 <SharedFunctionInfo small> (0x09b80104a7b1 <String[21]: "workloads/inlining.js">:0:0)
[m[0;31m│[0;32m│[0;33m│[0m[0;34m  17 : 44 f9 00          Mul r0, FBV[0]
[m[0;31m│[0;32m│[0;33m│[0m      ↱ eager @53 (3 live vars)
[0;31m│[0;32m│[0;33m│[0m      │       @4 (4 live vars)
[0;31m│[0;32m│[0;33m│[0m      │       @17 (6 live vars)
[0;31m│[0;32m│[0;33m│[0m  [0m64: Int32MultiplyWithOverflow [n61, n63], 3 uses, cannot truncate to int32
[0;31m│[0;32m│[0;33m│[0m[1;34m0x09b80101e109 <SharedFunctionInfo outer> (0x09b80104a7b1 <String[21]: "workloads/inlining.js">:0:0)
[m[0;31m│[0;32m│[0;33m│[0m[0;34m  14 : 6d f8 03 07       CallUndefinedReceiver1 r1, a0, FBV[7]
[m[0;31m│[0;32m│[0;33m│[0m  [0m65: Int32ToNumber[kCanonicalizeSmi] [n55], 1 uses
[0;31m│[0;32m│[0;33m│[0m  [0m66: 🐢 CallKnownJSFunction(0x09b80101e0d9 <SharedFunctionInfo big>, {Int32}) [n36, n25, n26, n24, n65], 2 uses
[0;31m│[0;32m│[0;33m│[0m      │      @53 (3 live vars)
[0;31m│[0;32m│[0;33m│[0m      ↳ lazy @14 (5 live vars)
[0;31m│[0;32m│[0;33m│[0m[0;34m  18 : 42 f9 00          Add r0, FBV[0]
[m[0;31m│[0;32m│[0;33m│[0m      ↱ eager @53 (3 live vars)
[0;31m│[0;32m│[0;33m│[0m      │       @18 (6 live vars)
[0;31m│[0;32m│[0;33m│[0m  [0m67: CheckedSmiUntag [n66], 1 uses, cannot truncate to int32
[0;31m│[0;32m│[0;33m│[0m  [0m68: Int32Add [n64, n67], 2 uses, can truncate to int32 [-2147483648, 2147483647]
[0;31m│[0;32m│[0;33m│[0m[1;34m0x09b80101dff9 <SharedFunctionInfo> (0x09b80104a7b1 <String[21]: "workloads/inlining.js">:0:0)
[m[0;31m│[0;32m│[0;33m│[0m[0;34m  61 : 29 02             StaCurrentContextSlot [2]
[m[0;31m│[0;32m│[0;33m│[0m  [0m70: Int32ToNumber[kCanonicalizeSmi] [n68], 1 uses
[0;31m│[0;32m│[0;33m│[0m  [0m71: StoreContextSlotWithWriteBarrier(2, mutable) [n2, n70]
[0;31m│[0;32m│[0;33m│[0m      ↳ lazy @61 (3 live vars)
[0;31m│[0;32m│[0;33m│[0m[0;34m  65 : 5b 08             Inc FBV[8]
[m[0;31m│[0;32m│[0;33m│[0m      ↱ eager @65 (3 live vars)
[0;31m│[0;32m│[0;33m│[0m  [0m72: Int32IncrementWithOverflow [n52], 2 uses, cannot truncate to int32
[0;31m│[0;32m│[0;33m│[0m[0;34m  68 : 97 34 00 09       JumpLoop [52], [0], FBV[9]
[m[0;31m│[0;32m│[0;33m│[0m  [0m73: ReduceInterruptBudgetForLoop(41) [n46]
[0;31m│[0;32m│[0;33m│[0m      ↳ lazy @68 (3 live vars)
[0;31m│[0;32m│[0;33m│[0m  [0m75: Int32ToNumber[kCanonicalizeSmi] [n72], 1 uses
[0;31m│[0;32m│[0;33m│[0m      ↱ eager @65 (3 live vars)
[0;31m│[0;32m╰─◄─[0m74: JumpLoop b7
[0;31m│ [0;33m│[0m      with gap moves:
[0;31m│ [0;33m│[0m        - n75 → 51: φᵀ r1
[0;31m│ [0;33m│[0m
[0;31m│ [0;33m╰►[0mBlock b13
[0;31m│  [0m[0;34m  72 : 23 02 0a          LdaGlobal [2:"print"], FBV[10]
[m[0;31m│[0;32m╭───[0m76: Jump b15
[0;31m│[0;32m│ [0m
[0;31m╰──►[0mBlock b14
 [0;32m│ [0m  [0m77: Jump b15
 [0;32m│ [0m   ↓
 [0;32m╰─►[0mBlock b15
   [0m      ↱ eager @72 (2 live vars)
   [0m  [0m78: Deopt(Insufficient type feedback for generic global access)
   [0m

----- After use marking -----
Graph

   [0m  [0m46: Constant(0x09b80101e1c1 <FeedbackCell[one closure]>) → (x)
   [0m  [0m18: Constant(0x09b80101e281 <JSFunction outer (sfi = 0x9b80101e109)>) → (x)
   [0m  [0m25: Constant(0x09b80101e1d1 <ScriptContext[3]>) → (x)
   [0m  [0m26: Constant(0x09b801004925 <JSGlobalProxy>) → (x)
   [0m  [0m28: Constant(0x09b80101e219 <JSFunction small (sfi = 0x9b80101e0a9)>) → (x)
   [0m  [0m30: Constant(0x09b80101e1e5 <JSFunction tiny (sfi = 0x9b80101e079)>) → (x)
   [0m  [0m36: Constant(0x09b80101e24d <JSFunction big (sfi = 0x9b80101e0d9)>) → (x)
   [0m  [0m24: RootConstant(undefined_value) → (x)
   [0m  [0m11: SmiConstant(100000) → (x)
   [0m  [0m21: Int32Constant(3) → (x)
   [0m  [0m19: Int32Constant(255) → (x)
   [0m  [0m13: Int32Constant(100000) → (x)
    [0mBlock b0
   [0m[1;34m0x09b80101dff9 <SharedFunctionInfo> (0x09b80104a7b1 <String[21]: "workloads/inlining.js">:0:0)
[m   [0m[0;34m  16 : 01 0d a0 86 01 00 LdaSmi.ExtraWide [100000]
[m   [0m   [0m1: InitialValue(<this>) → (x)
   [0m   [0m2: InitialValue(<context>) → (x)
   [0m   [0m3: InitialValue(<closure>) → (x)
   [0m   [0m5: InitialValue(r1) → (x)
   [0m   [0m9: FunctionEntryStackCheck
   [0m      ↳ lazy @68 (3 live vars)
   [0m      ↱ eager @68 (3 live vars)
   [0m  [0m10: CheckpointedJump b1
   [0m   ↓
    [0mBlock b1
   [0m[0;34m  22 : 79 f8 01 00       TestLessThan r1, EmbeddedFeedback[0x1]
[m   [0m      ↱ eager @22 (4 live vars)
   [0m  [0m12: CheckedSmiUntag [v0/n5:(x)] → (x)
   [0m[0;34m  26 : a8 2e             JumpIfFalse [46]
[m[0;31m╭────[0m15: BranchIfInt32Compare(LessThan) [v0/n12:(x), v0/n13:(x)] b2 b14
[0;31m│  [0m   ↓
[0;31m│   [0mBlock b2
[0;31m│  [0m[0;34m  34 : 00 57 ff 00 03 00 BitwiseAndSmi.Wide [255], FBV[3]
[m[0;31m│  [0m  [0m20: Int32BitwiseAnd [v0/n12:(x), v0/n19:(x)] → (x)
[0;31m│  [0m[0;34m  43 : 59 03 05          ShiftRightSmi [3], FBV[5]
[m[0;31m│  [0m  [0m22: Int32ShiftRight [v0/n12:(x), v0/n21:(x)] → (x)
[0;31m│  [0m[0;34m  46 : 00 57 ff 00 04 00 BitwiseAndSmi.Wide [255], FBV[4]
[m[0;31m│  [0m  [0m23: Int32BitwiseAnd [v0/n22:(x), v0/n19:(x)] → (x)
[0;31m│  [0m[1;34m0x09b80101e109 <SharedFunctionInfo outer> (0x09b80104a7b1 <String[21]: "workloads/inlining.js">:22:14)
[m[0;31m│  [0m[0;34m   0 : 23 00 01          LdaGlobal [0:"small"], FBV[1]
[m[0;31m│  [0m  [0m27: Jump b3
[0;31m│  [0m   ↓
[0;31m│   [0mBlock b3
[0;31m│  [0m[1;34m0x09b80101e0a9 <SharedFunctionInfo small> (0x09b80104a7b1 <String[21]: "workloads/inlining.js">:7:14)
[m[0;31m│  [0m[0;34m   0 : 23 00 01          LdaGlobal [0:"tiny"], FBV[1]
[m[0;31m│  [0m  [0m29: Jump b4
[0;31m│  [0m   ↓
[0;31m│   [0mBlock b4
[0;31m│  [0m[1;34m0x09b80101e079 <SharedFunctionInfo tiny> (0x09b80104a7b1 <String[21]: "workloads/inlining.js">:3:13)
[m[0;31m│  [0m[0;34m   0 : 0b 03             Ldar a0
[m[0;31m│  [0m  [0m31: Jump b5
[0;31m│  [0m   ↓
[0;31m│   [0mBlock b5
[0;31m│  [0m[1;34m0x09b80101e079 <SharedFunctionInfo tiny> (0x09b80104a7b1 <String[21]: "workloads/inlining.js">:0:0)
[m[0;31m│  [0m[0;34m   2 : 4f 01 00          AddSmi [1], FBV[0]
[m[0;31m│  [0m      ↱ eager @53 (3 live vars)
[0;31m│  [0m      │       @4 (4 live vars)
[0;31m│  [0m      │       @4 (4 live vars)
[0;31m│  [0m      │       @2 (4 live vars)
[0;31m│  [0m  [0m32: Int32IncrementWithOverflow [v0/n20:(x)] → (x)
[0;31m│  [0m[1;34m0x09b80101e079 <SharedFunctionInfo tiny> (0x09b80104a7b1 <String[21]: "workloads/inlining.js">:3:13)
[m[0;31m│  [0m[0;34m   0 : 0b 03             Ldar a0
[m[0;31m│  [0m  [0m33: Jump b6
[0;31m│  [0m   ↓
[0;31m│   [0mBlock b6
[0;31m│  [0m[1;34m0x09b80101e079 <SharedFunctionInfo tiny> (0x09b80104a7b1 <String[21]: "workloads/inlining.js">:0:0)
[m[0;31m│  [0m[0;34m   2 : 4f 01 00          AddSmi [1], FBV[0]
[m[0;31m│  [0m      ↱ eager @53 (3 live vars)
[0;31m│  [0m      │       @4 (4 live vars)
[0;31m│  [0m      │       @13 (5 live vars)
[0;31m│  [0m      │       @2 (4 live vars)
[0;31m│  [0m  [0m34: Int32IncrementWithOverflow [v0/n23:(x)] → (x)
[0;31m│  [0m[1;34m0x09b80101e0a9 <SharedFunctionInfo small> (0x09b80104a7b1 <String[21]: "workloads/inlining.js">:0:0)
[m[0;31m│  [0m[0;34m  17 : 44 f9 00          Mul r0, FBV[0]
[m[0;31m│  [0m      ↱ eager @53 (3 live vars)
[0;31m│  [0m      │       @4 (4 live vars)
[0;31m│  [0m      │       @17 (6 live vars)
[0;31m│  [0m  [0m35: Int32MultiplyWithOverflow [v0/n32:(x), v0/n34:(x)] → (x)
[0;31m│  [0m[1;34m0x09b80101e109 <SharedFunctionInfo outer> (0x09b80104a7b1 <String[21]: "workloads/inlining.js">:0:0)
[m[0;31m│  [0m[0;34m  14 : 6d f8 03 07       CallUndefinedReceiver1 r1, a0, FBV[7]
[m[0;31m│  [0m  [0m37: Int32ToNumber[kCanonicalizeSmi] [v0/n20:(x)] → (x)
[0;31m│  [0m  [0m38: 🐢 CallKnownJSFunction(0x09b80101e0d9 <SharedFunctionInfo big>, {Int32}) [v0/n36:(x), v0/n25:(x), v0/n26:(x), v0/n24:(x), v0/n37:(x)] → (x)
[0;31m│  [0m      │      @53 (3 live vars)
[0;31m│  [0m      ↳ lazy @14 (5 live vars)
[0;31m│  [0m[0;34m  18 : 42 f9 00          Add r0, FBV[0]
[m[0;31m│  [0m      ↱ eager @53 (3 live vars)
[0;31m│  [0m      │       @18 (6 live vars)
[0;31m│  [0m  [0m39: CheckedSmiUntag [v0/n38:(x)] → (x)
[0;31m│  [0m  [0m40: Int32Add [v0/n35:(x), v0/n39:(x)] → (x)
[0;31m│  [0m[1;34m0x09b80101dff9 <SharedFunctionInfo> (0x09b80104a7b1 <String[21]: "workloads/inlining.js">:0:0)
[m[0;31m│  [0m[0;34m  61 : 29 02             StaCurrentContextSlot [2]
[m[0;31m│  [0m  [0m43: Int32ToNumber[kCanonicalizeSmi] [v0/n40:(x)] → (x)
[0;31m│  [0m  [0m44: StoreContextSlotWithWriteBarrier(2, mutable) [v0/n2:(x), v0/n43:(x)]
[0;31m│  [0m      ↳ lazy @61 (3 live vars)
[0;31m│  [0m[0;34m  65 : 5b 08             Inc FBV[8]
[m[0;31m│  [0m      ↱ eager @65 (3 live vars)
[0;31m│  [0m  [0m45: Int32IncrementWithOverflow [v0/n12:(x)] → (x)
[0;31m│  [0m[0;34m  68 : 97 34 00 09       JumpLoop [52], [0], FBV[9]
[m[0;31m│  [0m  [0m47: ReduceInterruptBudgetForLoop(41) [v0/n46:(x)]
[0;31m│  [0m      ↳ lazy @68 (3 live vars)
[0;31m│  [0m  [0m50: Int32ToNumber[kCanonicalizeSmi] [v0/n45:(x)] → (x)
[0;31m│  [0m  [0m49: Jump b7
[0;31m│  [0m   │  with gap moves:
[0;31m│  [0m   │    - v0/n50:(x) → 51: φᵀ r1 (x)
[0;31m│  [0m   ▼
[0;31m│[0;32m╭─►[0mBlock b7 peeled (effects: ua c1)
[0;31m│[0;32m│ [0m  [0m51: φᵀ r1 (n50, n75) (compressed) → (x)
[0;31m│[0;32m│ [0m[0;34m  22 : 79 f8 01 00       TestLessThan r1, EmbeddedFeedback[0x1]
[m[0;31m│[0;32m│ [0m      ↱ eager @22 (4 live vars)
[0;31m│[0;32m│ [0m  [0m52: CheckedSmiUntag [v0/n51:(x)] → (x)
[0;31m│[0;32m│ [0m[0;34m  26 : a8 2e             JumpIfFalse [46]
[m[0;31m│[0;32m│[0;33m╭──[0m54: BranchIfInt32Compare(LessThan) [v0/n52:(x), v0/n13:(x)] b8 b13
[0;31m│[0;32m│[0;33m│[0m   ↓
[0;31m│[0;32m│[0;33m│ [0mBlock b8
[0;31m│[0;32m│[0;33m│[0m[0;34m  34 : 00 57 ff 00 03 00 BitwiseAndSmi.Wide [255], FBV[3]
[m[0;31m│[0;32m│[0;33m│[0m  [0m55: Int32BitwiseAnd [v0/n52:(x), v0/n19:(x)] → (x)
[0;31m│[0;32m│[0;33m│[0m[0;34m  43 : 59 03 05          ShiftRightSmi [3], FBV[5]
[m[0;31m│[0;32m│[0;33m│[0m  [0m56: Int32ShiftRight [v0/n52:(x), v0/n21:(x)] → (x)
[0;31m│[0;32m│[0;33m│[0m[0;34m  46 : 00 57 ff 00 04 00 BitwiseAndSmi.Wide [255], FBV[4]
[m[0;31m│[0;32m│[0;33m│[0m  [0m57: Int32BitwiseAnd [v0/n56:(x), v0/n19:(x)] → (x)
[0;31m│[0;32m│[0;33m│[0m[1;34m0x09b80101e109 <SharedFunctionInfo outer> (0x09b80104a7b1 <String[21]: "workloads/inlining.js">:22:14)
[m[0;31m│[0;32m│[0;33m│[0m[0;34m   0 : 23 00 01          LdaGlobal [0:"small"], FBV[1]
[m[0;31m│[0;32m│[0;33m│[0m  [0m58: Jump b9
[0;31m│[0;32m│[0;33m│[0m   ↓
[0;31m│[0;32m│[0;33m│ [0mBlock b9
[0;31m│[0;32m│[0;33m│[0m[1;34m0x09b80101e0a9 <SharedFunctionInfo small> (0x09b80104a7b1 <String[21]: "workloads/inlining.js">:7:14)
[m[0;31m│[0;32m│[0;33m│[0m[0;34m   0 : 23 00 01          LdaGlobal [0:"tiny"], FBV[1]
[m[0;31m│[0;32m│[0;33m│[0m  [0m59: Jump b10
[0;31m│[0;32m│[0;33m│[0m   ↓
[0;31m│[0;32m│[0;33m│ [0mBlock b10
[0;31m│[0;32m│[0;33m│[0m[1;34m0x09b80101e079 <SharedFunctionInfo tiny> (0x09b80104a7b1 <String[21]: "workloads/inlining.js">:3:13)
[m[0;31m│[0;32m│[0;33m│[0m[0;34m   0 : 0b 03             Ldar a0
[m[0;31m│[0;32m│[0;33m│[0m  [0m60: Jump b11
[0;31m│[0;32m│[0;33m│[0m   ↓
[0;31m│[0;32m│[0;33m│ [0mBlock b11
[0;31m│[0;32m│[0;33m│[0m[1;34m0x09b80101e079 <SharedFunctionInfo tiny> (0x09b80104a7b1 <String[21]: "workloads/inlining.js">:0:0)
[m[0;31m│[0;32m│[0;33m│[0m[0;34m   2 : 4f 01 00          AddSmi [1], FBV[0]
[m[0;31m│[0;32m│[0;33m│[0m      ↱ eager @53 (3 live vars)
[0;31m│[0;32m│[0;33m│[0m      │       @4 (4 live vars)
[0;31m│[0;32m│[0;33m│[0m      │       @4 (4 live vars)
[0;31m│[0;32m│[0;33m│[0m      │       @2 (4 live vars)
[0;31m│[0;32m│[0;33m│[0m  [0m61: Int32IncrementWithOverflow [v0/n55:(x)] → (x)
[0;31m│[0;32m│[0;33m│[0m[1;34m0x09b80101e079 <SharedFunctionInfo tiny> (0x09b80104a7b1 <String[21]: "workloads/inlining.js">:3:13)
[m[0;31m│[0;32m│[0;33m│[0m[0;34m   0 : 0b 03             Ldar a0
[m[0;31m│[0;32m│[0;33m│[0m  [0m62: Jump b12
[0;31m│[0;32m│[0;33m│[0m   ↓
[0;31m│[0;32m│[0;33m│ [0mBlock b12
[0;31m│[0;32m│[0;33m│[0m[1;34m0x09b80101e079 <SharedFunctionInfo tiny> (0x09b80104a7b1 <String[21]: "workloads/inlining.js">:0:0)
[m[0;31m│[0;32m│[0;33m│[0m[0;34m   2 : 4f 01 00          AddSmi [1], FBV[0]
[m[0;31m│[0;32m│[0;33m│[0m      ↱ eager @53 (3 live vars)
[0;31m│[0;32m│[0;33m│[0m      │       @4 (4 live vars)
[0;31m│[0;32m│[0;33m│[0m      │       @13 (5 live vars)
[0;31m│[0;32m│[0;33m│[0m      │       @2 (4 live vars)
[0;31m│[0;32m│[0;33m│[0m  [0m63: Int32IncrementWithOverflow [v0/n57:(x)] → (x)
[0;31m│[0;32m│[0;33m│[0m[1;34m0x09b80101e0a9 <SharedFunctionInfo small> (0x09b80104a7b1 <String[21]: "workloads/inlining.js">:0:0)
[m[0;31m│[0;32m│[0;33m│[0m[0;34m  17 : 44 f9 00          Mul r0, FBV[0]
[m[0;31m│[0;32m│[0;33m│[0m      ↱ eager @53 (3 live vars)
[0;31m│[0;32m│[0;33m│[0m      │       @4 (4 live vars)
[0;31m│[0;32m│[0;33m│[0m      │       @17 (6 live vars)
[0;31m│[0;32m│[0;33m│[0m  [0m64: Int32MultiplyWithOverflow [v0/n61:(x), v0/n63:(x)] → (x)
[0;31m│[0;32m│[0;33m│[0m[1;34m0x09b80101e109 <SharedFunctionInfo outer> (0x09b80104a7b1 <String[21]: "workloads/inlining.js">:0:0)
[m[0;31m│[0;32m│[0;33m│[0m[0;34m  14 : 6d f8 03 07       CallUndefinedReceiver1 r1, a0, FBV[7]
[m[0;31m│[0;32m│[0;33m│[0m  [0m65: Int32ToNumber[kCanonicalizeSmi] [v0/n55:(x)] → (x)
[0;31m│[0;32m│[0;33m│[0m  [0m66: 🐢 CallKnownJSFunction(0x09b80101e0d9 <SharedFunctionInfo big>, {Int32}) [v0/n36:(x), v0/n25:(x), v0/n26:(x), v0/n24:(x), v0/n65:(x)] → (x)
[0;31m│[0;32m│[0;33m│[0m      │      @53 (3 live vars)
[0;31m│[0;32m│[0;33m│[0m      ↳ lazy @14 (5 live vars)
[0;31m│[0;32m│[0;33m│[0m[0;34m  18 : 42 f9 00          Add r0, FBV[0]
[m[0;31m│[0;32m│[0;33m│[0m      ↱ eager @53 (3 live vars)
[0;31m│[0;32m│[0;33m│[0m      │       @18 (6 live vars)
[0;31m│[0;32m│[0;33m│[0m  [0m67: CheckedSmiUntag [v0/n66:(x)] → (x)
[0;31m│[0;32m│[0;33m│[0m  [0m68: Int32Add [v0/n64:(x), v0/n67:(x)] → (x)
[0;31m│[0;32m│[0;33m│[0m[1;34m0x09b80101dff9 <SharedFunctionInfo> (0x09b80104a7b1 <String[21]: "workloads/inlining.js">:0:0)
[m[0;31m│[0;32m│[0;33m│[0m[0;34m  61 : 29 02             StaCurrentContextSlot [2]
[m[0;31m│[0;32m│[0;33m│[0m  [0m70: Int32ToNumber[kCanonicalizeSmi] [v0/n68:(x)] → (x)
[0;31m│[0;32m│[0;33m│[0m  [0m71: StoreContextSlotWithWriteBarrier(2, mutable) [v0/n2:(x), v0/n70:(x)]
[0;31m│[0;32m│[0;33m│[0m      ↳ lazy @61 (3 live vars)
[0;31m│[0;32m│[0;33m│[0m[0;34m  65 : 5b 08             Inc FBV[8]
[m[0;31m│[0;32m│[0;33m│[0m      ↱ eager @65 (3 live vars)
[0;31m│[0;32m│[0;33m│[0m  [0m72: Int32IncrementWithOverflow [v0/n52:(x)] → (x)
[0;31m│[0;32m│[0;33m│[0m[0;34m  68 : 97 34 00 09       JumpLoop [52], [0], FBV[9]
[m[0;31m│[0;32m│[0;33m│[0m  [0m73: ReduceInterruptBudgetForLoop(41) [v0/n46:(x)]
[0;31m│[0;32m│[0;33m│[0m      ↳ lazy @68 (3 live vars)
[0;31m│[0;32m│[0;33m│[0m  [0m75: Int32ToNumber[kCanonicalizeSmi] [v0/n72:(x)] → (x)
[0;31m│[0;32m│[0;33m│[0m      ↱ eager @65 (3 live vars)
[0;31m│[0;32m╰─◄─[0m74: JumpLoop b7
[0;31m│ [0;33m│[0m      with gap moves:
[0;31m│ [0;33m│[0m        - v0/n75:(x) → 51: φᵀ r1 (x)
[0;31m│ [0;33m│[0m
[0;31m│ [0;33m╰►[0mBlock b13
[0;31m│  [0m[0;34m  72 : 23 02 0a          LdaGlobal [2:"print"], FBV[10]
[m[0;31m│[0;32m╭───[0m76: Jump b15
[0;31m│[0;32m│ [0m
[0;31m╰──►[0mBlock b14
 [0;32m│ [0m  [0m77: Jump b15
 [0;32m│ [0m   ↓
 [0;32m╰─►[0mBlock b15
   [0m      ↱ eager @72 (2 live vars)
   [0m  [0m78: Deopt(Insufficient type feedback for generic global access)
   [0m

----- After register allocation pre-processing -----
Graph

   [0m   [0m1/46: Constant(0x09b80101e1c1 <FeedbackCell[one closure]>) → v-1, live range: [1-63]
   [0m   [0m2/18: Constant(0x09b80101e281 <JSFunction outer (sfi = 0x9b80101e109)>) → v-1, live range: [2-63]
   [0m   [0m3/25: Constant(0x09b80101e1d1 <ScriptContext[3]>) → v-1, live range: [3-63]
   [0m   [0m4/26: Constant(0x09b801004925 <JSGlobalProxy>) → v-1, live range: [4-63]
   [0m   [0m5/28: Constant(0x09b80101e219 <JSFunction small (sfi = 0x9b80101e0a9)>) → v-1, live range: [5-63]
   [0m   [0m6/30: Constant(0x09b80101e1e5 <JSFunction tiny (sfi = 0x9b80101e079)>) → v-1, live range: [6-63]
   [0m   [0m7/36: Constant(0x09b80101e24d <JSFunction big (sfi = 0x9b80101e0d9)>) → v-1, live range: [7-63]
   [0m   [0m8/24: RootConstant(undefined_value) → v-1, live range: [8-63]
   [0m   [0m9/11: SmiConstant(100000) → v-1, live range: [9-63]
   [0m  [0m10/21: Int32Constant(3) → v-1, live range: [10-63]
   [0m  [0m11/19: Int32Constant(255) → v-1, live range: [11-63]
   [0m  [0m12/13: Int32Constant(100000) → v-1, live range: [12-63]
    [0mBlock b0
   [0m[1;34m0x09b80101dff9 <SharedFunctionInfo> (0x09b80104a7b1 <String[21]: "workloads/inlining.js">:0:0)
[m   [0m[0;34m  16 : 01 0d a0 86 01 00 LdaSmi.ExtraWide [100000]
[m   [0m   [0m13/1: InitialValue(<this>) → v-1(=-6S), live range: [13-66]
   [0m   [0m14/2: InitialValue(<context>) → v-1(=-3S), live range: [14-66]
   [0m   [0m15/3: InitialValue(<closure>) → v-1(=-2S), live range: [15-66]
   [0m   [0m16/5: InitialValue(r1) → v-1(=4S), live range: [16-37]
   [0m   [0m17/9: FunctionEntryStackCheck
   [0m         ↳ lazy @68 (3 live vars)
   [0m         ↱ eager @68 (3 live vars)
   [0m  [0m18/10: CheckpointedJump b1
   [0m      ↓
    [0mBlock b1
   [0m[0;34m  22 : 79 f8 01 00       TestLessThan r1, EmbeddedFeedback[0x1]
[m   [0m         ↱ eager @22 (4 live vars)
   [0m  [0m19/12: CheckedSmiUntag [v16/n5:v-1(R)] → v-1(0), live range: [19-37]
   [0m[0;34m  26 : a8 2e             JumpIfFalse [46]
[m[0;31m╭────[0m20/15: BranchIfInt32Compare(LessThan) [v19/n12:v-1(R), v12/n13:v-1(R)] b2 b14
[0;31m│  [0m      ↓
[0;31m│   [0mBlock b2
[0;31m│  [0m[0;34m  34 : 00 57 ff 00 03 00 BitwiseAndSmi.Wide [255], FBV[3]
[m[0;31m│  [0m  [0m21/20: Int32BitwiseAnd [v19/n12:v-1(R), v11/n19:v-1(*)] → v-1(0), live range: [21-33]
[0;31m│  [0m[0;34m  43 : 59 03 05          ShiftRightSmi [3], FBV[5]
[m[0;31m│  [0m  [0m22/22: Int32ShiftRight [v19/n12:v-1(R), v10/n21:v-1(*)] → v-1(0), live range: [22-23]
[0;31m│  [0m[0;34m  46 : 00 57 ff 00 04 00 BitwiseAndSmi.Wide [255], FBV[4]
[m[0;31m│  [0m  [0m23/23: Int32BitwiseAnd [v22/n22:v-1(R), v11/n19:v-1(*)] → v-1(0), live range: [23-33]
[0;31m│  [0m[1;34m0x09b80101e109 <SharedFunctionInfo outer> (0x09b80104a7b1 <String[21]: "workloads/inlining.js">:22:14)
[m[0;31m│  [0m[0;34m   0 : 23 00 01          LdaGlobal [0:"small"], FBV[1]
[m[0;31m│  [0m  [0m24/27: Jump b3
[0;31m│  [0m      ↓
[0;31m│   [0mBlock b3
[0;31m│  [0m[1;34m0x09b80101e0a9 <SharedFunctionInfo small> (0x09b80104a7b1 <String[21]: "workloads/inlining.js">:7:14)
[m[0;31m│  [0m[0;34m   0 : 23 00 01          LdaGlobal [0:"tiny"], FBV[1]
[m[0;31m│  [0m  [0m25/29: Jump b4
[0;31m│  [0m      ↓
[0;31m│   [0mBlock b4
[0;31m│  [0m[1;34m0x09b80101e079 <SharedFunctionInfo tiny> (0x09b80104a7b1 <String[21]: "workloads/inlining.js">:3:13)
[m[0;31m│  [0m[0;34m   0 : 0b 03             Ldar a0
[m[0;31m│  [0m  [0m26/31: Jump b5
[0;31m│  [0m      ↓
[0;31m│   [0mBlock b5
[0;31m│  [0m[1;34m0x09b80101e079 <SharedFunctionInfo tiny> (0x09b80104a7b1 <String[21]: "workloads/inlining.js">:0:0)
[m[0;31m│  [0m[0;34m   2 : 4f 01 00          AddSmi [1], FBV[0]
[m[0;31m│  [0m         ↱ eager @53 (3 live vars)
[0;31m│  [0m         │       @4 (4 live vars)
[0;31m│  [0m         │       @4 (4 live vars)
[0;31m│  [0m         │       @2 (4 live vars)
[0;31m│  [0m  [0m27/32: Int32IncrementWithOverflow [v21/n20:v-1(R)] → v-1(0), live range: [27-30]
[0;31m│  [0m[1;34m0x09b80101e079 <SharedFunctionInfo tiny> (0x09b80104a7b1 <String[21]: "workloads/inlining.js">:3:13)
[m[0;31m│  [0m[0;34m   0 : 0b 03             Ldar a0
[m[0;31m│  [0m  [0m28/33: Jump b6
[0;31m│  [0m      ↓
[0;31m│   [0mBlock b6
[0;31m│  [0m[1;34m0x09b80101e079 <SharedFunctionInfo tiny> (0x09b80104a7b1 <String[21]: "workloads/inlining.js">:0:0)
[m[0;31m│  [0m[0;34m   2 : 4f 01 00          AddSmi [1], FBV[0]
[m[0;31m│  [0m         ↱ eager @53 (3 live vars)
[0;31m│  [0m         │       @4 (4 live vars)
[0;31m│  [0m         │       @13 (5 live vars)
[0;31m│  [0m         │       @2 (4 live vars)
[0;31m│  [0m  [0m29/34: Int32IncrementWithOverflow [v23/n23:v-1(R)] → v-1(0), live range: [29-30]
[0;31m│  [0m[1;34m0x09b80101e0a9 <SharedFunctionInfo small> (0x09b80104a7b1 <String[21]: "workloads/inlining.js">:0:0)
[m[0;31m│  [0m[0;34m  17 : 44 f9 00          Mul r0, FBV[0]
[m[0;31m│  [0m         ↱ eager @53 (3 live vars)
[0;31m│  [0m         │       @4 (4 live vars)
[0;31m│  [0m         │       @17 (6 live vars)
[0;31m│  [0m  [0m30/35: Int32MultiplyWithOverflow [v27/n32:v-1(R), v29/n34:v-1(R)] → v-1(0), live range: [30-34]
[0;31m│  [0m[1;34m0x09b80101e109 <SharedFunctionInfo outer> (0x09b80104a7b1 <String[21]: "workloads/inlining.js">:0:0)
[m[0;31m│  [0m[0;34m  14 : 6d f8 03 07       CallUndefinedReceiver1 r1, a0, FBV[7]
[m[0;31m│  [0m  [0m31/37: Int32ToNumber[kCanonicalizeSmi] [v21/n20:v-1(R)] → v-1(R), live range: [31-32]
[0;31m│  [0m  [0m32/38: 🐢 CallKnownJSFunction(0x09b80101e0d9 <SharedFunctionInfo big>, {Int32}) [v7/n36:v-1(=rdi), v3/n25:v-1(=rsi), v4/n26:v-1(*), v8/n24:v-1(=rdx), v31/n37:v-1(*)] → v-1(=rax), live range: [32-33]
[0;31m│  [0m         │      @53 (3 live vars)
[0;31m│  [0m         ↳ lazy @14 (5 live vars)
[0;31m│  [0m[0;34m  18 : 42 f9 00          Add r0, FBV[0]
[m[0;31m│  [0m         ↱ eager @53 (3 live vars)
[0;31m│  [0m         │       @18 (6 live vars)
[0;31m│  [0m  [0m33/39: CheckedSmiUntag [v32/n38:v-1(R)] → v-1(0), live range: [33-34]
[0;31m│  [0m  [0m34/40: Int32Add [v30/n35:v-1(R), v33/n39:v-1(R)] → v-1(0), live range: [34-35]
[0;31m│  [0m[1;34m0x09b80101dff9 <SharedFunctionInfo> (0x09b80104a7b1 <String[21]: "workloads/inlining.js">:0:0)
[m[0;31m│  [0m[0;34m  61 : 29 02             StaCurrentContextSlot [2]
[m[0;31m│  [0m  [0m35/43: Int32ToNumber[kCanonicalizeSmi] [v34/n40:v-1(R)] → v-1(R), live range: [35-36]
[0;31m│  [0m  [0m36/44: StoreContextSlotWithWriteBarrier(2, mutable) [v14/n2:v-1(=rdi), v35/n43:v-1(R)]
[0;31m│  [0m         ↳ lazy @61 (3 live vars)
[0;31m│  [0m[0;34m  65 : 5b 08             Inc FBV[8]
[m[0;31m│  [0m         ↱ eager @65 (3 live vars)
[0;31m│  [0m  [0m37/45: Int32IncrementWithOverflow [v19/n12:v-1(R)] → v-1(0), live range: [37-39]
[0;31m│  [0m[0;34m  68 : 97 34 00 09       JumpLoop [52], [0], FBV[9]
[m[0;31m│  [0m  [0m38/47: ReduceInterruptBudgetForLoop(41) [v1/n46:v-1(R)]
[0;31m│  [0m         ↳ lazy @68 (3 live vars)
[0;31m│  [0m  [0m39/50: Int32ToNumber[kCanonicalizeSmi] [v37/n45:v-1(R)] → v-1(R), live range: [39-40]
[0;31m│  [0m  [0m40/49: Jump b7
[0;31m│  [0m      │  with gap moves:
[0;31m│  [0m      │    - v39/n50:v-1(*) → 51: φᵀ r1 v-1(*)
[0;31m│  [0m      ▼
[0;31m│[0;32m╭─►[0mBlock b7 peeled (effects: ua c1)
[0;31m│[0;32m│ [0m  [0m41/51: φᵀ r1 (n50, n75) → v-1(*), live range: [41-60]
[0;31m│[0;32m│ [0m[0;34m  22 : 79 f8 01 00       TestLessThan r1, EmbeddedFeedback[0x1]
[m[0;31m│[0;32m│ [0m         ↱ eager @22 (4 live vars)
[0;31m│[0;32m│ [0m  [0m42/52: CheckedSmiUntag [v41/n51:v-1(R)] → v-1(0), live range: [42-60]
[0;31m│[0;32m│ [0m[0;34m  26 : a8 2e             JumpIfFalse [46]
[m[0;31m│[0;32m│[0;33m╭──[0m43/54: BranchIfInt32Compare(LessThan) [v42/n52:v-1(R), v12/n13:v-1(R)] b8 b13
[0;31m│[0;32m│[0;33m│[0m      ↓
[0;31m│[0;32m│[0;33m│ [0mBlock b8
[0;31m│[0;32m│[0;33m│[0m[0;34m  34 : 00 57 ff 00 03 00 BitwiseAndSmi.Wide [255], FBV[3]
[m[0;31m│[0;32m│[0;33m│[0m  [0m44/55: Int32BitwiseAnd [v42/n52:v-1(R), v11/n19:v-1(*)] → v-1(0), live range: [44-56]
[0;31m│[0;32m│[0;33m│[0m[0;34m  43 : 59 03 05          ShiftRightSmi [3], FBV[5]
[m[0;31m│[0;32m│[0;33m│[0m  [0m45/56: Int32ShiftRight [v42/n52:v-1(R), v10/n21:v-1(*)] → v-1(0), live range: [45-46]
[0;31m│[0;32m│[0;33m│[0m[0;34m  46 : 00 57 ff 00 04 00 BitwiseAndSmi.Wide [255], FBV[4]
[m[0;31m│[0;32m│[0;33m│[0m  [0m46/57: Int32BitwiseAnd [v45/n56:v-1(R), v11/n19:v-1(*)] → v-1(0), live range: [46-56]
[0;31m│[0;32m│[0;33m│[0m[1;34m0x09b80101e109 <SharedFunctionInfo outer> (0x09b80104a7b1 <String[21]: "workloads/inlining.js">:22:14)
[m[0;31m│[0;32m│[0;33m│[0m[0;34m   0 : 23 00 01          LdaGlobal [0:"small"], FBV[1]
[m[0;31m│[0;32m│[0;33m│[0m  [0m47/58: Jump b9
[0;31m│[0;32m│[0;33m│[0m      ↓
[0;31m│[0;32m│[0;33m│ [0mBlock b9
[0;31m│[0;32m│[0;33m│[0m[1;34m0x09b80101e0a9 <SharedFunctionInfo small> (0x09b80104a7b1 <String[21]: "workloads/inlining.js">:7:14)
[m[0;31m│[0;32m│[0;33m│[0m[0;34m   0 : 23 00 01          LdaGlobal [0:"tiny"], FBV[1]
[m[0;31m│[0;32m│[0;33m│[0m  [0m48/59: Jump b10
[0;31m│[0;32m│[0;33m│[0m      ↓
[0;31m│[0;32m│[0;33m│ [0mBlock b10
[0;31m│[0;32m│[0;33m│[0m[1;34m0x09b80101e079 <SharedFunctionInfo tiny> (0x09b80104a7b1 <String[21]: "workloads/inlining.js">:3:13)
[m[0;31m│[0;32m│[0;33m│[0m[0;34m   0 : 0b 03             Ldar a0
[m[0;31m│[0;32m│[0;33m│[0m  [0m49/60: Jump b11
[0;31m│[0;32m│[0;33m│[0m      ↓
[0;31m│[0;32m│[0;33m│ [0mBlock b11
[0;31m│[0;32m│[0;33m│[0m[1;34m0x09b80101e079 <SharedFunctionInfo tiny> (0x09b80104a7b1 <String[21]: "workloads/inlining.js">:0:0)
[m[0;31m│[0;32m│[0;33m│[0m[0;34m   2 : 4f 01 00          AddSmi [1], FBV[0]
[m[0;31m│[0;32m│[0;33m│[0m         ↱ eager @53 (3 live vars)
[0;31m│[0;32m│[0;33m│[0m         │       @4 (4 live vars)
[0;31m│[0;32m│[0;33m│[0m         │       @4 (4 live vars)
[0;31m│[0;32m│[0;33m│[0m         │       @2 (4 live vars)
[0;31m│[0;32m│[0;33m│[0m  [0m50/61: Int32IncrementWithOverflow [v44/n55:v-1(R)] → v-1(0), live range: [50-53]
[0;31m│[0;32m│[0;33m│[0m[1;34m0x09b80101e079 <SharedFunctionInfo tiny> (0x09b80104a7b1 <String[21]: "workloads/inlining.js">:3:13)
[m[0;31m│[0;32m│[0;33m│[0m[0;34m   0 : 0b 03             Ldar a0
[m[0;31m│[0;32m│[0;33m│[0m  [0m51/62: Jump b12
[0;31m│[0;32m│[0;33m│[0m      ↓
[0;31m│[0;32m│[0;33m│ [0mBlock b12
[0;31m│[0;32m│[0;33m│[0m[1;34m0x09b80101e079 <SharedFunctionInfo tiny> (0x09b80104a7b1 <String[21]: "workloads/inlining.js">:0:0)
[m[0;31m│[0;32m│[0;33m│[0m[0;34m   2 : 4f 01 00          AddSmi [1], FBV[0]
[m[0;31m│[0;32m│[0;33m│[0m         ↱ eager @53 (3 live vars)
[0;31m│[0;32m│[0;33m│[0m         │       @4 (4 live vars)
[0;31m│[0;32m│[0;33m│[0m         │       @13 (5 live vars)
[0;31m│[0;32m│[0;33m│[0m         │       @2 (4 live vars)
[0;31m│[0;32m│[0;33m│[0m  [0m52/63: Int32IncrementWithOverflow [v46/n57:v-1(R)] → v-1(0), live range: [52-53]
[0;31m│[0;32m│[0;33m│[0m[1;34m0x09b80101e0a9 <SharedFunctionInfo small> (0x09b80104a7b1 <String[21]: "workloads/inlining.js">:0:0)
[m[0;31m│[0;32m│[0;33m│[0m[0;34m  17 : 44 f9 00          Mul r0, FBV[0]
[m[0;31m│[0;32m│[0;33m│[0m         ↱ eager @53 (3 live vars)
[0;31m│[0;32m│[0;33m│[0m         │       @4 (4 live vars)
[0;31m│[0;32m│[0;33m│[0m         │       @17 (6 live vars)
[0;31m│[0;32m│[0;33m│[0m  [0m53/64: Int32MultiplyWithOverflow [v50/n61:v-1(R), v52/n63:v-1(R)] → v-1(0), live range: [53-57]
[0;31m│[0;32m│[0;33m│[0m[1;34m0x09b80101e109 <SharedFunctionInfo outer> (0x09b80104a7b1 <String[21]: "workloads/inlining.js">:0:0)
[m[0;31m│[0;32m│[0;33m│[0m[0;34m  14 : 6d f8 03 07       CallUndefinedReceiver1 r1, a0, FBV[7]
[m[0;31m│[0;32m│[0;33m│[0m  [0m54/65: Int32ToNumber[kCanonicalizeSmi] [v44/n55:v-1(R)] → v-1(R), live range: [54-55]
[0;31m│[0;32m│[0;33m│[0m  [0m55/66: 🐢 CallKnownJSFunction(0x09b80101e0d9 <SharedFunctionInfo big>, {Int32}) [v7/n36:v-1(=rdi), v3/n25:v-1(=rsi), v4/n26:v-1(*), v8/n24:v-1(=rdx), v54/n65:v-1(*)] → v-1(=rax), live range: [55-56]
[0;31m│[0;32m│[0;33m│[0m         │      @53 (3 live vars)
[0;31m│[0;32m│[0;33m│[0m         ↳ lazy @14 (5 live vars)
[0;31m│[0;32m│[0;33m│[0m[0;34m  18 : 42 f9 00          Add r0, FBV[0]
[m[0;31m│[0;32m│[0;33m│[0m         ↱ eager @53 (3 live vars)
[0;31m│[0;32m│[0;33m│[0m         │       @18 (6 live vars)
[0;31m│[0;32m│[0;33m│[0m  [0m56/67: CheckedSmiUntag [v55/n66:v-1(R)] → v-1(0), live range: [56-57]
[0;31m│[0;32m│[0;33m│[0m  [0m57/68: Int32Add [v53/n64:v-1(R), v56/n67:v-1(R)] → v-1(0), live range: [57-58]
[0;31m│[0;32m│[0;33m│[0m[1;34m0x09b80101dff9 <SharedFunctionInfo> (0x09b80104a7b1 <String[21]: "workloads/inlining.js">:0:0)
[m[0;31m│[0;32m│[0;33m│[0m[0;34m  61 : 29 02             StaCurrentContextSlot [2]
[m[0;31m│[0;32m│[0;33m│[0m  [0m58/70: Int32ToNumber[kCanonicalizeSmi] [v57/n68:v-1(R)] → v-1(R), live range: [58-59]
[0;31m│[0;32m│[0;33m│[0m  [0m59/71: StoreContextSlotWithWriteBarrier(2, mutable) [v14/n2:v-1(=rdi), v58/n70:v-1(R)]
[0;31m│[0;32m│[0;33m│[0m         ↳ lazy @61 (3 live vars)
[0;31m│[0;32m│[0;33m│[0m[0;34m  65 : 5b 08             Inc FBV[8]
[m[0;31m│[0;32m│[0;33m│[0m         ↱ eager @65 (3 live vars)
[0;31m│[0;32m│[0;33m│[0m  [0m60/72: Int32IncrementWithOverflow [v42/n52:v-1(R)] → v-1(0), live range: [60-62]
[0;31m│[0;32m│[0;33m│[0m[0;34m  68 : 97 34 00 09       JumpLoop [52], [0], FBV[9]
[m[0;31m│[0;32m│[0;33m│[0m  [0m61/73: ReduceInterruptBudgetForLoop(41) [v1/n46:v-1(R)]
[0;31m│[0;32m│[0;33m│[0m         ↳ lazy @68 (3 live vars)
[0;31m│[0;32m│[0;33m│[0m  [0m62/75: Int32ToNumber[kCanonicalizeSmi] [v60/n72:v-1(R)] → v-1(R), live range: [62-63]
[0;31m│[0;32m│[0;33m│[0m         ↱ eager @65 (3 live vars)
[0;31m│[0;32m╰─◄─[0m63/74: JumpLoop b7
[0;31m│ [0;33m│[0m         with gap moves:
[0;31m│ [0;33m│[0m           - v62/n75:v-1(*) → 51: φᵀ r1 v-1(*)
[0;31m│ [0;33m│[0m
[0;31m│ [0;33m╰►[0mBlock b13
[0;31m│  [0m[0;34m  72 : 23 02 0a          LdaGlobal [2:"print"], FBV[10]
[m[0;31m│[0;32m╭───[0m64/76: Jump b15
[0;31m│[0;32m│ [0m
[0;31m╰──►[0mBlock b14
 [0;32m│ [0m  [0m65/77: Jump b15
 [0;32m│ [0m      ↓
 [0;32m╰─►[0mBlock b15
   [0m         ↱ eager @72 (2 live vars)
   [0m  [0m66/78: Deopt(Insufficient type feedback for generic global access)
   [0m

----- After register allocation -----
Graph

   [0m    [0m1/46: Constant(0x09b80101e1c1 <FeedbackCell[one closure]>) → v-1, live range: [1-63]
   [0m    [0m2/18: Constant(0x09b80101e281 <JSFunction outer (sfi = 0x9b80101e109)>) → v-1, live range: [2-63]
   [0m    [0m3/25: Constant(0x09b80101e1d1 <ScriptContext[3]>) → v-1, live range: [3-63]
   [0m    [0m4/26: Constant(0x09b801004925 <JSGlobalProxy>) → v-1, live range: [4-63]
   [0m    [0m5/28: Constant(0x09b80101e219 <JSFunction small (sfi = 0x9b80101e0a9)>) → v-1, live range: [5-63]
   [0m    [0m6/30: Constant(0x09b80101e1e5 <JSFunction tiny (sfi = 0x9b80101e079)>) → v-1, live range: [6-63]
   [0m    [0m7/36: Constant(0x09b80101e24d <JSFunction big (sfi = 0x9b80101e0d9)>) → v-1, live range: [7-63]
   [0m    [0m8/24: RootConstant(undefined_value) → v-1, live range: [8-63]
   [0m    [0m9/11: SmiConstant(100000) → v-1, live range: [9-63]
   [0m   [0m10/21: Int32Constant(3) → v-1, live range: [10-63]
   [0m   [0m11/19: Int32Constant(255) → v-1, live range: [11-63]
   [0m   [0m12/13: Int32Constant(100000) → v-1, live range: [12-63]
    [0mBlock b0
   [0m[1;34m0x09b80101dff9 <SharedFunctionInfo> (0x09b80104a7b1 <String[21]: "workloads/inlining.js">:0:0)
[m   [0m[0;34m  16 : 01 0d a0 86 01 00 LdaSmi.ExtraWide [100000]
[m   [0m    [0m13/1: InitialValue(<this>) → [stack:-6|t], live range: [13-66]
   [0m    [0m14/2: InitialValue(<context>) → [stack:-3|t], live range: [14-66]
   [0m    [0m15/3: InitialValue(<closure>) → [stack:-2|t], live range: [15-66]
   [0m    [0m16/5: InitialValue(r1) → [stack:4|t], live range: [16-37]
   [0m    [0m17/9: FunctionEntryStackCheck
   [0m          ↳ lazy @68 (3 live vars)
   [0m          ↱ eager @68 (3 live vars)
   [0m   [0m18/10: CheckpointedJump b1
   [0m       ↓
    [0mBlock b1
   [0m      [0m79: GapMove([stack:4|t] → [rax|R|t])
   [0m[0;34m  22 : 79 f8 01 00       TestLessThan r1, EmbeddedFeedback[0x1]
[m   [0m          ↱ eager @22 (4 live vars)
   [0m   [0m19/12: CheckedSmiUntag [v16/n5:[rax|R|t]] → [rax|R|w32] (spilled: [stack:2|w32]), live range: [19-37]
   [0m      [0m80: ConstantGapMove(n13 → [rcx|R|w32])
   [0m[0;34m  26 : a8 2e             JumpIfFalse [46]
[m[0;31m╭─────[0m20/15: BranchIfInt32Compare(LessThan) [v19/n12:[rax|R|w32], v12/n13:[rcx|R|w32]] b2 b14
[0;31m│  [0m       ↓
[0;31m│   [0mBlock b2
[0;31m│  [0m      [0m81: GapMove([rax|R|w32] → [rdx|R|w32])
[0;31m│  [0m[0;34m  34 : 00 57 ff 00 03 00 BitwiseAndSmi.Wide [255], FBV[3]
[m[0;31m│  [0m   [0m21/20: Int32BitwiseAnd [v19/n12:[rax|R|w32], v11/n19:[constant:v-1]] → [rax|R|w32] (spilled: [stack:4|w32]), live range: [21-33]
[0;31m│  [0m      [0m82: GapMove([rdx|R|w32] → [rbx|R|w32])
[0;31m│  [0m[0;34m  43 : 59 03 05          ShiftRightSmi [3], FBV[5]
[m[0;31m│  [0m   [0m22/22: Int32ShiftRight [v19/n12:[rdx|R|w32], v10/n21:[constant:v-1]] → [rdx|R|w32], live range: [22-23]
[0;31m│  [0m[0;34m  46 : 00 57 ff 00 04 00 BitwiseAndSmi.Wide [255], FBV[4]
[m[0;31m│  [0m   [0m23/23: Int32BitwiseAnd [v22/n22:[rdx|R|w32], v11/n19:[constant:v-1]] → [rdx|R|w32] (spilled: [stack:3|w32]), live range: [23-33]
[0;31m│  [0m[1;34m0x09b80101e109 <SharedFunctionInfo outer> (0x09b80104a7b1 <String[21]: "workloads/inlining.js">:22:14)
[m[0;31m│  [0m[0;34m   0 : 23 00 01          LdaGlobal [0:"small"], FBV[1]
[m[0;31m│  [0m   [0m24/27: Jump b3
[0;31m│  [0m       ↓
[0;31m│   [0mBlock b3
[0;31m│  [0m[1;34m0x09b80101e0a9 <SharedFunctionInfo small> (0x09b80104a7b1 <String[21]: "workloads/inlining.js">:7:14)
[m[0;31m│  [0m[0;34m   0 : 23 00 01          LdaGlobal [0:"tiny"], FBV[1]
[m[0;31m│  [0m   [0m25/29: Jump b4
[0;31m│  [0m       ↓
[0;31m│   [0mBlock b4
[0;31m│  [0m[1;34m0x09b80101e079 <SharedFunctionInfo tiny> (0x09b80104a7b1 <String[21]: "workloads/inlining.js">:3:13)
[m[0;31m│  [0m[0;34m   0 : 0b 03             Ldar a0
[m[0;31m│  [0m   [0m26/31: Jump b5
[0;31m│  [0m       ↓
[0;31m│   [0mBlock b5
[0;31m│  [0m      [0m83: GapMove([rax|R|w32] → [rsi|R|w32])
[0;31m│  [0m[1;34m0x09b80101e079 <SharedFunctionInfo tiny> (0x09b80104a7b1 <String[21]: "workloads/inlining.js">:0:0)
[m[0;31m│  [0m[0;34m   2 : 4f 01 00          AddSmi [1], FBV[0]
[m[0;31m│  [0m          ↱ eager @53 (3 live vars)
[0;31m│  [0m          │       @4 (4 live vars)
[0;31m│  [0m          │       @4 (4 live vars)
[0;31m│  [0m          │       @2 (4 live vars)
[0;31m│  [0m   [0m27/32: Int32IncrementWithOverflow [v21/n20:[rax|R|w32]] → [rax|R|w32] (spilled: [stack:0|w32]), live range: [27-30]
[0;31m│  [0m[1;34m0x09b80101e079 <SharedFunctionInfo tiny> (0x09b80104a7b1 <String[21]: "workloads/inlining.js">:3:13)
[m[0;31m│  [0m[0;34m   0 : 0b 03             Ldar a0
[m[0;31m│  [0m   [0m28/33: Jump b6
[0;31m│  [0m       ↓
[0;31m│   [0mBlock b6
[0;31m│  [0m      [0m84: GapMove([rdx|R|w32] → [rdi|R|w32])
[0;31m│  [0m[1;34m0x09b80101e079 <SharedFunctionInfo tiny> (0x09b80104a7b1 <String[21]: "workloads/inlining.js">:0:0)
[m[0;31m│  [0m[0;34m   2 : 4f 01 00          AddSmi [1], FBV[0]
[m[0;31m│  [0m          ↱ eager @53 (3 live vars)
[0;31m│  [0m          │       @4 (4 live vars)
[0;31m│  [0m          │       @13 (5 live vars)
[0;31m│  [0m          │       @2 (4 live vars)
[0;31m│  [0m   [0m29/34: Int32IncrementWithOverflow [v23/n23:[rdx|R|w32]] → [rdx|R|w32], live range: [29-30]
[0;31m│  [0m[1;34m0x09b80101e0a9 <SharedFunctionInfo small> (0x09b80104a7b1 <String[21]: "workloads/inlining.js">:0:0)
[m[0;31m│  [0m[0;34m  17 : 44 f9 00          Mul r0, FBV[0]
[m[0;31m│  [0m          ↱ eager @53 (3 live vars)
[0;31m│  [0m          │       @4 (4 live vars)
[0;31m│  [0m          │       @17 (6 live vars)
[0;31m│  [0m   [0m30/35: Int32MultiplyWithOverflow [v27/n32:[rax|R|w32], v29/n34:[rdx|R|w32]] → [rax|R|w32] (spilled: [stack:1|w32]), live range: [30-34]
[0;31m│  [0m[1;34m0x09b80101e109 <SharedFunctionInfo outer> (0x09b80104a7b1 <String[21]: "workloads/inlining.js">:0:0)
[m[0;31m│  [0m[0;34m  14 : 6d f8 03 07       CallUndefinedReceiver1 r1, a0, FBV[7]
[m[0;31m│  [0m   [0m31/37: Int32ToNumber[kCanonicalizeSmi] [v21/n20:[rsi|R|w32]] → [rdx|R|t], live range: [31-32]
[0;31m│  [0m      [0m85: GapMove([rdi|R|w32] → [r8|R|w32])
[0;31m│  [0m      [0m86: ConstantGapMove(n36 → [rdi|R|t])
[0;31m│  [0m      [0m87: GapMove([rsi|R|w32] → [r9|R|w32])
[0;31m│  [0m      [0m88: ConstantGapMove(n25 → [rsi|R|t])
[0;31m│  [0m      [0m89: GapMove([rdx|R|t] → [r11|R|t])
[0;31m│  [0m      [0m90: ConstantGapMove(n24 → [rdx|R|t])
[0;31m│  [0m   [0m32/38: 🐢 CallKnownJSFunction(0x09b80101e0d9 <SharedFunctionInfo big>, {Int32}) [v7/n36:[rdi|R|t], v3/n25:[rsi|R|t], v4/n26:[constant:v-1], v8/n24:[rdx|R|t], v31/n37:[r11|R|t]] → [rax|R|t] (spilled: [stack:3|t]), live range: [32-33]
[0;31m│  [0m          │      @53 (3 live vars)
[0;31m│  [0m          ↳ lazy @14 (5 live vars)
[0;31m│  [0m[0;34m  18 : 42 f9 00          Add r0, FBV[0]
[m[0;31m│  [0m          ↱ eager @53 (3 live vars)
[0;31m│  [0m          │       @18 (6 live vars)
[0;31m│  [0m   [0m33/39: CheckedSmiUntag [v32/n38:[rax|R|t]] → [rax|R|w32], live range: [33-34]
[0;31m│  [0m      [0m91: GapMove([stack:1|w32] → [rcx|R|w32])
[0;31m│  [0m   [0m34/40: Int32Add [v30/n35:[rcx|R|w32], v33/n39:[rax|R|w32]] → [rcx|R|w32], live range: [34-35]
[0;31m│  [0m[1;34m0x09b80101dff9 <SharedFunctionInfo> (0x09b80104a7b1 <String[21]: "workloads/inlining.js">:0:0)
[m[0;31m│  [0m[0;34m  61 : 29 02             StaCurrentContextSlot [2]
[m[0;31m│  [0m   [0m35/43: Int32ToNumber[kCanonicalizeSmi] [v34/n40:[rcx|R|w32]] → [rax|R|t], live range: [35-36]
[0;31m│  [0m      [0m92: GapMove([stack:-3|t] → [rdi|R|t])
[0;31m│  [0m   [0m36/44: StoreContextSlotWithWriteBarrier(2, mutable) [v14/n2:[rdi|R|t], v35/n43:[rax|R|t]]
[0;31m│  [0m          ↳ lazy @61 (3 live vars)
[0;31m│  [0m      [0m93: GapMove([stack:2|w32] → [rax|R|w32])
[0;31m│  [0m[0;34m  65 : 5b 08             Inc FBV[8]
[m[0;31m│  [0m          ↱ eager @65 (3 live vars)
[0;31m│  [0m   [0m37/45: Int32IncrementWithOverflow [v19/n12:[rax|R|w32]] → [rax|R|w32] (spilled: [stack:1|w32]), live range: [37-39]
[0;31m│  [0m      [0m94: ConstantGapMove(n46 → [rcx|R|t])
[0;31m│  [0m[0;34m  68 : 97 34 00 09       JumpLoop [52], [0], FBV[9]
[m[0;31m│  [0m   [0m38/47: ReduceInterruptBudgetForLoop(41) [v1/n46:[rcx|R|t]]
[0;31m│  [0m          ↳ lazy @68 (3 live vars)
[0;31m│  [0m   [0m39/50: Int32ToNumber[kCanonicalizeSmi] [v37/n45:[rax|R|w32]] → [rdx|R|t], live range: [39-40]
[0;31m│  [0m   [0m40/49: Jump b7
[0;31m│  [0m       │  with gap moves:
[0;31m│  [0m       │    - v39/n50:[rdx|R|t] → 51: φᵀ r1 [rdx|R|t]
[0;31m│  [0m       │  with register merges:
[0;31m│  [0m       ▼
[0;31m│[0;32m╭─►[0mBlock b7 peeled (effects: ua c1)
[0;31m│[0;32m│ [0m   [0m41/51: φᵀ r1 (n50, n75) (compressed) → [rdx|R|t] (spilled: [stack:4|t]), live range: [41-60]
[0;31m│[0;32m│ [0m      [0m95: GapMove([rdx|R|t] → [rax|R|t])
[0;31m│[0;32m│ [0m[0;34m  22 : 79 f8 01 00       TestLessThan r1, EmbeddedFeedback[0x1]
[m[0;31m│[0;32m│ [0m          ↱ eager @22 (4 live vars)
[0;31m│[0;32m│ [0m   [0m42/52: CheckedSmiUntag [v41/n51:[rdx|R|t]] → [rdx|R|w32] (spilled: [stack:2|w32]), live range: [42-60]
[0;31m│[0;32m│ [0m      [0m96: ConstantGapMove(n13 → [rbx|R|w32])
[0;31m│[0;32m│ [0m[0;34m  26 : a8 2e             JumpIfFalse [46]
[m[0;31m│[0;32m│[0;33m╭───[0m43/54: BranchIfInt32Compare(LessThan) [v42/n52:[rdx|R|w32], v12/n13:[rbx|R|w32]] b8 b13
[0;31m│[0;32m│[0;33m│[0m       ↓
[0;31m│[0;32m│[0;33m│ [0mBlock b8
[0;31m│[0;32m│[0;33m│[0m      [0m97: GapMove([rdx|R|w32] → [rsi|R|w32])
[0;31m│[0;32m│[0;33m│[0m[0;34m  34 : 00 57 ff 00 03 00 BitwiseAndSmi.Wide [255], FBV[3]
[m[0;31m│[0;32m│[0;33m│[0m   [0m44/55: Int32BitwiseAnd [v42/n52:[rdx|R|w32], v11/n19:[constant:v-1]] → [rdx|R|w32] (spilled: [stack:3|w32]), live range: [44-56]
[0;31m│[0;32m│[0;33m│[0m      [0m98: GapMove([rsi|R|w32] → [r8|R|w32])
[0;31m│[0;32m│[0;33m│[0m[0;34m  43 : 59 03 05          ShiftRightSmi [3], FBV[5]
[m[0;31m│[0;32m│[0;33m│[0m   [0m45/56: Int32ShiftRight [v42/n52:[rsi|R|w32], v10/n21:[constant:v-1]] → [rsi|R|w32], live range: [45-46]
[0;31m│[0;32m│[0;33m│[0m[0;34m  46 : 00 57 ff 00 04 00 BitwiseAndSmi.Wide [255], FBV[4]
[m[0;31m│[0;32m│[0;33m│[0m   [0m46/57: Int32BitwiseAnd [v45/n56:[rsi|R|w32], v11/n19:[constant:v-1]] → [rsi|R|w32] (spilled: [stack:5|w32]), live range: [46-56]
[0;31m│[0;32m│[0;33m│[0m[1;34m0x09b80101e109 <SharedFunctionInfo outer> (0x09b80104a7b1 <String[21]: "workloads/inlining.js">:22:14)
[m[0;31m│[0;32m│[0;33m│[0m[0;34m   0 : 23 00 01          LdaGlobal [0:"small"], FBV[1]
[m[0;31m│[0;32m│[0;33m│[0m   [0m47/58: Jump b9
[0;31m│[0;32m│[0;33m│[0m       ↓
[0;31m│[0;32m│[0;33m│ [0mBlock b9
[0;31m│[0;32m│[0;33m│[0m[1;34m0x09b80101e0a9 <SharedFunctionInfo small> (0x09b80104a7b1 <String[21]: "workloads/inlining.js">:7:14)
[m[0;31m│[0;32m│[0;33m│[0m[0;34m   0 : 23 00 01          LdaGlobal [0:"tiny"], FBV[1]
[m[0;31m│[0;32m│[0;33m│[0m   [0m48/59: Jump b10
[0;31m│[0;32m│[0;33m│[0m       ↓
[0;31m│[0;32m│[0;33m│ [0mBlock b10
[0;31m│[0;32m│[0;33m│[0m[1;34m0x09b80101e079 <SharedFunctionInfo tiny> (0x09b80104a7b1 <String[21]: "workloads/inlining.js">:3:13)
[m[0;31m│[0;32m│[0;33m│[0m[0;34m   0 : 0b 03             Ldar a0
[m[0;31m│[0;32m│[0;33m│[0m   [0m49/60: Jump b11
[0;31m│[0;32m│[0;33m│[0m       ↓
[0;31m│[0;32m│[0;33m│ [0mBlock b11
[0;31m│[0;32m│[0;33m│[0m      [0m99: GapMove([rdx|R|w32] → [r9|R|w32])
[0;31m│[0;32m│[0;33m│[0m[1;34m0x09b80101e079 <SharedFunctionInfo tiny> (0x09b80104a7b1 <String[21]: "workloads/inlining.js">:0:0)
[m[0;31m│[0;32m│[0;33m│[0m[0;34m   2 : 4f 01 00          AddSmi [1], FBV[0]
[m[0;31m│[0;32m│[0;33m│[0m          ↱ eager @53 (3 live vars)
[0;31m│[0;32m│[0;33m│[0m          │       @4 (4 live vars)
[0;31m│[0;32m│[0;33m│[0m          │       @4 (4 live vars)
[0;31m│[0;32m│[0;33m│[0m          │       @2 (4 live vars)
[0;31m│[0;32m│[0;33m│[0m   [0m50/61: Int32IncrementWithOverflow [v44/n55:[rdx|R|w32]] → [rdx|R|w32] (spilled: [stack:1|w32]), live range: [50-53]
[0;31m│[0;32m│[0;33m│[0m[1;34m0x09b80101e079 <SharedFunctionInfo tiny> (0x09b80104a7b1 <String[21]: "workloads/inlining.js">:3:13)
[m[0;31m│[0;32m│[0;33m│[0m[0;34m   0 : 0b 03             Ldar a0
[m[0;31m│[0;32m│[0;33m│[0m   [0m51/62: Jump b12
[0;31m│[0;32m│[0;33m│[0m       ↓
[0;31m│[0;32m│[0;33m│ [0mBlock b12
[0;31m│[0;32m│[0;33m│[0m     [0m100: GapMove([rsi|R|w32] → [r11|R|w32])
[0;31m│[0;32m│[0;33m│[0m[1;34m0x09b80101e079 <SharedFunctionInfo tiny> (0x09b80104a7b1 <String[21]: "workloads/inlining.js">:0:0)
[m[0;31m│[0;32m│[0;33m│[0m[0;34m   2 : 4f 01 00          AddSmi [1], FBV[0]
[m[0;31m│[0;32m│[0;33m│[0m          ↱ eager @53 (3 live vars)
[0;31m│[0;32m│[0;33m│[0m          │       @4 (4 live vars)
[0;31m│[0;32m│[0;33m│[0m          │       @13 (5 live vars)
[0;31m│[0;32m│[0;33m│[0m          │       @2 (4 live vars)
[0;31m│[0;32m│[0;33m│[0m   [0m52/63: Int32IncrementWithOverflow [v46/n57:[rsi|R|w32]] → [rsi|R|w32], live range: [52-53]
[0;31m│[0;32m│[0;33m│[0m[1;34m0x09b80101e0a9 <SharedFunctionInfo small> (0x09b80104a7b1 <String[21]: "workloads/inlining.js">:0:0)
[m[0;31m│[0;32m│[0;33m│[0m[0;34m  17 : 44 f9 00          Mul r0, FBV[0]
[m[0;31m│[0;32m│[0;33m│[0m          ↱ eager @53 (3 live vars)
[0;31m│[0;32m│[0;33m│[0m          │       @4 (4 live vars)
[0;31m│[0;32m│[0;33m│[0m          │       @17 (6 live vars)
[0;31m│[0;32m│[0;33m│[0m   [0m53/64: Int32MultiplyWithOverflow [v50/n61:[rdx|R|w32], v52/n63:[rsi|R|w32]] → [rdx|R|w32] (spilled: [stack:6|w32]), live range: [53-57]
[0;31m│[0;32m│[0;33m│[0m[1;34m0x09b80101e109 <SharedFunctionInfo outer> (0x09b80104a7b1 <String[21]: "workloads/inlining.js">:0:0)
[m[0;31m│[0;32m│[0;33m│[0m[0;34m  14 : 6d f8 03 07       CallUndefinedReceiver1 r1, a0, FBV[7]
[m[0;31m│[0;32m│[0;33m│[0m   [0m54/65: Int32ToNumber[kCanonicalizeSmi] [v44/n55:[r9|R|w32]] → [rsi|R|t], live range: [54-55]
[0;31m│[0;32m│[0;33m│[0m     [0m101: ConstantGapMove(n36 → [rdi|R|t])
[0;31m│[0;32m│[0;33m│[0m     [0m102: GapMove([rsi|R|t] → [r12|R|t])
[0;31m│[0;32m│[0;33m│[0m     [0m103: ConstantGapMove(n25 → [rsi|R|t])
[0;31m│[0;32m│[0;33m│[0m     [0m104: GapMove([rdx|R|w32] → [r15|R|w32])
[0;31m│[0;32m│[0;33m│[0m     [0m105: ConstantGapMove(n24 → [rdx|R|t])
[0;31m│[0;32m│[0;33m│[0m   [0m55/66: 🐢 CallKnownJSFunction(0x09b80101e0d9 <SharedFunctionInfo big>, {Int32}) [v7/n36:[rdi|R|t], v3/n25:[rsi|R|t], v4/n26:[constant:v-1], v8/n24:[rdx|R|t], v54/n65:[r12|R|t]] → [rax|R|t] (spilled: [stack:3|t]), live range: [55-56]
[0;31m│[0;32m│[0;33m│[0m          │      @53 (3 live vars)
[0;31m│[0;32m│[0;33m│[0m          ↳ lazy @14 (5 live vars)
[0;31m│[0;32m│[0;33m│[0m[0;34m  18 : 42 f9 00          Add r0, FBV[0]
[m[0;31m│[0;32m│[0;33m│[0m          ↱ eager @53 (3 live vars)
[0;31m│[0;32m│[0;33m│[0m          │       @18 (6 live vars)
[0;31m│[0;32m│[0;33m│[0m   [0m56/67: CheckedSmiUntag [v55/n66:[rax|R|t]] → [rax|R|w32], live range: [56-57]
[0;31m│[0;32m│[0;33m│[0m     [0m106: GapMove([stack:6|w32] → [rcx|R|w32])
[0;31m│[0;32m│[0;33m│[0m   [0m57/68: Int32Add [v53/n64:[rcx|R|w32], v56/n67:[rax|R|w32]] → [rcx|R|w32], live range: [57-58]
[0;31m│[0;32m│[0;33m│[0m[1;34m0x09b80101dff9 <SharedFunctionInfo> (0x09b80104a7b1 <String[21]: "workloads/inlining.js">:0:0)
[m[0;31m│[0;32m│[0;33m│[0m[0;34m  61 : 29 02             StaCurrentContextSlot [2]
[m[0;31m│[0;32m│[0;33m│[0m   [0m58/70: Int32ToNumber[kCanonicalizeSmi] [v57/n68:[rcx|R|w32]] → [rax|R|t], live range: [58-59]
[0;31m│[0;32m│[0;33m│[0m     [0m107: GapMove([stack:-3|t] → [rdi|R|t])
[0;31m│[0;32m│[0;33m│[0m   [0m59/71: StoreContextSlotWithWriteBarrier(2, mutable) [v14/n2:[rdi|R|t], v58/n70:[rax|R|t]]
[0;31m│[0;32m│[0;33m│[0m          ↳ lazy @61 (3 live vars)
[0;31m│[0;32m│[0;33m│[0m     [0m108: GapMove([stack:2|w32] → [rax|R|w32])
[0;31m│[0;32m│[0;33m│[0m[0;34m  65 : 5b 08             Inc FBV[8]
[m[0;31m│[0;32m│[0;33m│[0m          ↱ eager @65 (3 live vars)
[0;31m│[0;32m│[0;33m│[0m   [0m60/72: Int32IncrementWithOverflow [v42/n52:[rax|R|w32]] → [rax|R|w32] (spilled: [stack:6|w32]), live range: [60-62]
[0;31m│[0;32m│[0;33m│[0m     [0m109: ConstantGapMove(n46 → [rcx|R|t])
[0;31m│[0;32m│[0;33m│[0m[0;34m  68 : 97 34 00 09       JumpLoop [52], [0], FBV[9]
[m[0;31m│[0;32m│[0;33m│[0m   [0m61/73: ReduceInterruptBudgetForLoop(41) [v1/n46:[rcx|R|t]]
[0;31m│[0;32m│[0;33m│[0m          ↳ lazy @68 (3 live vars)
[0;31m│[0;32m│[0;33m│[0m   [0m62/75: Int32ToNumber[kCanonicalizeSmi] [v60/n72:[rax|R|w32]] → [rdx|R|t], live range: [62-63]
[0;31m│[0;32m│[0;33m│[0m          ↱ eager @65 (3 live vars)
[0;31m│[0;32m╰─◄──[0m63/74: JumpLoop b7
[0;31m│ [0;33m│[0m          with gap moves:
[0;31m│ [0;33m│[0m            - v62/n75:[rdx|R|t] → 51: φᵀ r1 [rdx|R|t]
[0;31m│ [0;33m│[0m          with register merges:
[0;31m│ [0;33m│[0m
[0;31m│ [0;33m╰►[0mBlock b13
[0;31m│  [0m[0;34m  72 : 23 02 0a          LdaGlobal [2:"print"], FBV[10]
[m[0;31m│[0;32m╭────[0m64/76: Jump b15
[0;31m│[0;32m│ [0m
[0;31m╰──►[0mBlock b14
 [0;32m│ [0m   [0m65/77: Jump b15
 [0;32m│ [0m       ↓
 [0;32m╰─►[0mBlock b15
   [0m          ↱ eager @72 (2 live vars)
   [0m   [0m66/78: Deopt(Insufficient type feedback for generic global access)
   [0m
81635
