Compiling 0x09b80101e1b9 <JSFunction mayThrow (sfi = 0x9b80101e091)> with Maglev
----- Bytecode array -----
Parameter count 2
Register count 3
Frame size 24
         0x31a010001ec @    0 : 0b 03             Ldar a0
         0x31a010001ee @    2 : 00 57 ff 03 00 00 BitwiseAndSmi.Wide [1023], FBV[0]
         0x31a010001f4 @    8 : d3                Star1
         0x31a010001f5 @    9 : 0c                LdaZero
         0x31a010001f6 @   10 : 78 f8 01 00       TestEqualStrict r1, EmbeddedFeedback[0x1]
         0x31a010001fa @   14 : a8 11             JumpIfFalse [17] (0x31a0100020b @ 31)
         0x31a010001fc @   16 : 23 00 01          LdaGlobal [0:"Error"], FBV[1]
         0x31a010001ff @   19 : d3                Star1
         0x31a01000200 @   20 : 13 01             LdaConstant [1:"boom"]
         0x31a01000202 @   22 : d2                Star2
         0x31a01000203 @   23 : 0b f8             Ldar r1
         0x31a01000205 @   25 : 74 f8 f7 01 03    Construct r1, r2-r2, FBV[3]
         0x31a0100020a @   30 : b7                Throw
         0x31a0100020b @   31 : 1b 03 f9          Mov a0, r0
         0x31a0100020e @   34 : 0b f9             Ldar r0
         0x31a01000210 @   36 : 4f 01 05          AddSmi [1], FBV[5]
         0x31a01000213 @   39 : d4                Star0
         0x31a01000214 @   40 : 56 03 06          BitwiseXorSmi [3], FBV[6]
         0x31a01000217 @   43 : d4                Star0
         0x31a01000218 @   44 : 4f 02 07          AddSmi [2], FBV[7]
         0x31a0100021b @   47 : d4                Star0
         0x31a0100021c @   48 : 56 05 08          BitwiseXorSmi [5], FBV[8]
         0x31a0100021f @   51 : d4                Star0
         0x31a01000220 @   52 : 4f 04 09          AddSmi [4], FBV[9]
         0x31a01000223 @   55 : d4                Star0
         0x31a01000224 @   56 : 56 07 0a          BitwiseXorSmi [7], FBV[10]
         0x31a01000227 @   59 : d4                Star0
         0x31a01000228 @   60 : 4f 08 0b          AddSmi [8], FBV[11]
         0x31a0100022b @   63 : d4                Star0
         0x31a0100022c @   64 : 56 0b 0c          BitwiseXorSmi [11], FBV[12]
         0x31a0100022f @   67 : d4                Star0
         0x31a01000230 @   68 : 4f 10 0d          AddSmi [16], FBV[13]
         0x31a01000233 @   71 : d4                Star0
         0x31a01000234 @   72 : 56 0d 0e          BitwiseXorSmi [13], FBV[14]
         0x31a01000237 @   75 : d4                Star0
         0x31a01000238 @   76 : 4f 20 0f          AddSmi [32], FBV[15]
         0x31a0100023b @   79 : d4                Star0
         0x31a0100023c @   80 : 56 11 10          BitwiseXorSmi [17], FBV[16]
         0x31a0100023f @   83 : d4                Star0
         0x31a01000240 @   84 : 4f 40 11          AddSmi [64], FBV[17]
         0x31a01000243 @   87 : d4                Star0
         0x31a01000244 @   88 : 56 13 12          BitwiseXorSmi [19], FBV[18]
         0x31a01000247 @   91 : d4                Star0
         0x31a01000248 @   92 : 00 4f 80 00 13 00 AddSmi.Wide [128], FBV[19]
         0x31a0100024e @   98 : d4                Star0
         0x31a0100024f @   99 : 56 17 14          BitwiseXorSmi [23], FBV[20]
         0x31a01000252 @  102 : d4                Star0
         0x31a01000253 @  103 : 00 4f 00 01 15 00 AddSmi.Wide [256], FBV[21]
         0x31a01000259 @  109 : d4                Star0
         0x31a0100025a @  110 : 56 1d 16          BitwiseXorSmi [29], FBV[22]
         0x31a0100025d @  113 : d4                Star0
         0x31a0100025e @  114 : b9                Return
Constant pool (size = 2)
0x31a010001b5: [TrustedFixedArray]
 - map: 0x09b800000605 <Map(TRUSTED_FIXED_ARRAY_TYPE)>
 - length: 2
           0: 0x09b8000046a1 <String[5]: #Error>
           1: 0x09b80101e311 <String[4]: #boom>
Handler Table (size = 0)
Source Position Table (size = 0)
0x9b80101e3d9: [FeedbackVector] in OldSpace
 - map: 0x09b800000899 <Map(FEEDBACK_VECTOR_TYPE)>
 - length: 23
 - shared function info: 0x09b80101e091 <SharedFunctionInfo mayThrow>
 - tiering_in_progress: 0
 - osr_tiering_in_progress: 0
 - invocation count: 402
 - closure feedback cell array: 0x9b8000021d9: [ClosureFeedbackCellArray] in ReadOnlySpace
 - map: 0x09b800000871 <Map(CLOSURE_FEEDBACK_CELL_ARRAY_TYPE)>
 - length: 0
 - elements:

 - slot #0 BinaryOp BinaryOp:SignedSmall {
     [0]: 1
  }
 - slot #1 LoadGlobalNotInsideTypeof UNINITIALIZED {
     [1]: [cleared]
     [2]: 0x09b800000e95 <Symbol: (uninitialized_symbol)>
  }
 - slot #3 Call UNINITIALIZED {
     [3]: 0x09b800000e95 <Symbol: (uninitialized_symbol)>
     [4]: 0
  }
 - slot #5 BinaryOp BinaryOp:SignedSmall {
     [5]: 1
  }
 - slot #6 BinaryOp BinaryOp:SignedSmall {
     [6]: 1
  }
 - slot #7 BinaryOp BinaryOp:SignedSmall {
     [7]: 1
  }
 - slot #8 BinaryOp BinaryOp:SignedSmall {
     [8]: 1
  }
 - slot #9 BinaryOp BinaryOp:SignedSmall {
     [9]: 1
  }
 - slot #10 BinaryOp BinaryOp:SignedSmall {
     [10]: 1
  }
 - slot #11 BinaryOp BinaryOp:SignedSmall {
     [11]: 1
  }
 - slot #12 BinaryOp BinaryOp:SignedSmall {
     [12]: 1
  }
 - slot #13 BinaryOp BinaryOp:SignedSmall {
     [13]: 1
  }
 - slot #14 BinaryOp BinaryOp:SignedSmall {
     [14]: 1
  }
 - slot #15 BinaryOp BinaryOp:SignedSmall {
     [15]: 1
  }
 - slot #16 BinaryOp BinaryOp:SignedSmall {
     [16]: 1
  }
 - slot #17 BinaryOp BinaryOp:SignedSmall {
     [17]: 1
  }
 - slot #18 BinaryOp BinaryOp:SignedSmall {
     [18]: 1
  }
 - slot #19 BinaryOp BinaryOp:SignedSmall {
     [19]: 1
  }
 - slot #20 BinaryOp BinaryOp:SignedSmall {
     [20]: 1
  }
 - slot #21 BinaryOp BinaryOp:SignedSmall {
     [21]: 1
  }
 - slot #22 BinaryOp BinaryOp:SignedSmall {
     [22]: 1
  }

----- After graph building -----
Graph

 [0m  [0m53: Constant(0x09b80101e165 <FeedbackCell[one closure]>), 1 uses
 [0m   [0m3: Constant(0x09b80101e1b9 <JSFunction mayThrow (sfi = 0x9b80101e091)>), 3 uses
 [0m   [0m4: Constant(0x09b80101e1a5 <ScriptContext[3]>), 3 uses
 [0m   [0m5: RootConstant(undefined_value), 0 uses 🪦
 [0m  [0m16: RootConstant(true_value), 0 uses 🪦
 [0m  [0m15: RootConstant(false_value), 0 uses 🪦
 [0m  [0m11: SmiConstant(0), 0 uses 🪦
 [0m  [0m12: Int32Constant(0), 2 uses, cannot truncate to int32
 [0m  [0m21: Int32Constant(2), 1 uses, cannot truncate to int32
 [0m  [0m19: Int32Constant(3), 1 uses, cannot truncate to int32
 [0m  [0m25: Int32Constant(4), 1 uses, cannot truncate to int32
 [0m  [0m23: Int32Constant(5), 1 uses, cannot truncate to int32
 [0m  [0m27: Int32Constant(7), 1 uses, cannot truncate to int32
 [0m  [0m29: Int32Constant(8), 1 uses, cannot truncate to int32
 [0m  [0m31: Int32Constant(11), 1 uses, cannot truncate to int32
 [0m  [0m35: Int32Constant(13), 1 uses, cannot truncate to int32
 [0m  [0m33: Int32Constant(16), 1 uses, cannot truncate to int32
 [0m  [0m39: Int32Constant(17), 1 uses, cannot truncate to int32
 [0m  [0m43: Int32Constant(19), 1 uses, cannot truncate to int32
 [0m  [0m47: Int32Constant(23), 1 uses, cannot truncate to int32
 [0m  [0m51: Int32Constant(29), 1 uses, cannot truncate to int32
 [0m  [0m37: Int32Constant(32), 1 uses, cannot truncate to int32
 [0m  [0m41: Int32Constant(64), 1 uses, cannot truncate to int32
 [0m  [0m45: Int32Constant(128), 1 uses, cannot truncate to int32
 [0m  [0m49: Int32Constant(256), 1 uses, cannot truncate to int32
 [0m   [0m9: Int32Constant(1023), 1 uses, cannot truncate to int32
  [0mBlock b0
 [0m[1;34m0x09b80101e091 <SharedFunctionInfo mayThrow> (0x09b80104a7b1 <String[18]: "workloads/throw.js">:17:17)
[m [0m[0;34m   0 : 0b 03             Ldar a0
[m [0m   [0m1: InitialValue(<this>), 3 uses
 [0m   [0m2: InitialValue(a0), 6 uses
 [0m   [0m6: FunctionEntryStackCheck
 [0m      ↳ lazy @-1 : {<closure>:n3:, <this>:n1:, a0:n2:, <context>:n4:} (addr:0x10c00fa1450)
 [0m   [0m7: Jump b1
 [0m   ↓
  [0mBlock b1
 [0m[1;34m0x09b80101e091 <SharedFunctionInfo mayThrow> (0x09b80104a7b1 <String[18]: "workloads/throw.js">:0:0)
[m [0m[0;34m   2 : 00 57 ff 03 00 00 BitwiseAndSmi.Wide [1023], FBV[0]
[m [0m      ↱ eager @2 : {<closure>:n3:, <this>:n1:, a0:n2:, <context>:n4:, <accumulator>:n2:} (addr:0x10c00fa19f8)
 [0m   [0m8: CheckedSmiUntag [n2], 2 uses, cannot truncate to int32
 [0m  [0m10: Int32BitwiseAnd [n8, n9], 2 uses, cannot truncate to int32
 [0m[0;34m  10 : 78 f8 01 00       TestEqualStrict r1, EmbeddedFeedback[0x1]
[m [0m  [0m13: Int32Compare[StrictEqual] [n10, n12], 0 uses 🪦
 [0m[0;34m  14 : a8 11             JumpIfFalse [17]
[m[0;31m╭──[0m14: BranchIfInt32Compare(StrictEqual) [n10, n12] b2 b3
[0;31m│[0m   ↓
[0;31m│ [0mBlock b2
[0;31m│[0m[0;34m  16 : 23 00 01          LdaGlobal [0:"Error"], FBV[1]
[m[0;31m│[0m      ↱ eager @2 : {<closure>:n3:, <this>:n1:, a0:n2:, <context>:n4:, <accumulator>:n2:} (addr:0x10c00fa19f8)
[0;31m│[0m  [0m17: Deopt(Insufficient type feedback for generic global access)
[0;31m│[0m
[0;31m╰►[0mBlock b3
 [0m[0;34m  36 : 4f 01 05          AddSmi [1], FBV[5]
[m [0m      ↱ eager @36 : {<closure>:n3:, <this>:n1:, a0:n2:, <context>:n4:, <accumulator>:n2:} (addr:0x10c00fa2378)
 [0m  [0m18: Int32IncrementWithOverflow [n8], 1 uses, cannot truncate to int32
 [0m[0;34m  40 : 56 03 06          BitwiseXorSmi [3], FBV[6]
[m [0m  [0m20: Int32BitwiseXor [n18, n19], 1 uses, cannot truncate to int32
 [0m[0;34m  44 : 4f 02 07          AddSmi [2], FBV[7]
[m [0m      ↱ eager @36 : {<closure>:n3:, <this>:n1:, a0:n2:, <context>:n4:, <accumulator>:n2:} (addr:0x10c00fa2378)
 [0m  [0m22: Int32AddWithOverflow [n20, n21], 1 uses, can truncate to int32 [-2147483648, 2147483647]
 [0m[0;34m  48 : 56 05 08          BitwiseXorSmi [5], FBV[8]
[m [0m  [0m24: Int32BitwiseXor [n22, n23], 1 uses, cannot truncate to int32
 [0m[0;34m  52 : 4f 04 09          AddSmi [4], FBV[9]
[m [0m      ↱ eager @36 : {<closure>:n3:, <this>:n1:, a0:n2:, <context>:n4:, <accumulator>:n2:} (addr:0x10c00fa2378)
 [0m  [0m26: Int32AddWithOverflow [n24, n25], 1 uses, can truncate to int32 [-2147483648, 2147483647]
 [0m[0;34m  56 : 56 07 0a          BitwiseXorSmi [7], FBV[10]
[m [0m  [0m28: Int32BitwiseXor [n26, n27], 1 uses, cannot truncate to int32
 [0m[0;34m  60 : 4f 08 0b          AddSmi [8], FBV[11]
[m [0m      ↱ eager @36 : {<closure>:n3:, <this>:n1:, a0:n2:, <context>:n4:, <accumulator>:n2:} (addr:0x10c00fa2378)
 [0m  [0m30: Int32AddWithOverflow [n28, n29], 1 uses, can truncate to int32 [-2147483648, 2147483647]
 [0m[0;34m  64 : 56 0b 0c          BitwiseXorSmi [11], FBV[12]
[m [0m  [0m32: Int32BitwiseXor [n30, n31], 1 uses, cannot truncate to int32
 [0m[0;34m  68 : 4f 10 0d          AddSmi [16], FBV[13]
[m [0m      ↱ eager @36 : {<closure>:n3:, <this>:n1:, a0:n2:, <context>:n4:, <accumulator>:n2:} (addr:0x10c00fa2378)
 [0m  [0m34: Int32AddWithOverflow [n32, n33], 1 uses, can truncate to int32 [-2147483648, 2147483647]
 [0m[0;34m  72 : 56 0d 0e          BitwiseXorSmi [13], FBV[14]
[m [0m  [0m36: Int32BitwiseXor [n34, n35], 1 uses, cannot truncate to int32
 [0m[0;34m  76 : 4f 20 0f          AddSmi [32], FBV[15]
[m [0m      ↱ eager @36 : {<closure>:n3:, <this>:n1:, a0:n2:, <context>:n4:, <accumulator>:n2:} (addr:0x10c00fa2378)
 [0m  [0m38: Int32AddWithOverflow [n36, n37], 1 uses, can truncate to int32 [-2147483648, 2147483647]
 [0m[0;34m  80 : 56 11 10          BitwiseXorSmi [17], FBV[16]
[m [0m  [0m40: Int32BitwiseXor [n38, n39], 1 uses, cannot truncate to int32
 [0m[0;34m  84 : 4f 40 11          AddSmi [64], FBV[17]
[m [0m      ↱ eager @36 : {<closure>:n3:, <this>:n1:, a0:n2:, <context>:n4:, <accumulator>:n2:} (addr:0x10c00fa2378)
 [0m  [0m42: Int32AddWithOverflow [n40, n41], 1 uses, can truncate to int32 [-2147483648, 2147483647]
 [0m[0;34m  88 : 56 13 12          BitwiseXorSmi [19], FBV[18]
[m [0m  [0m44: Int32BitwiseXor [n42, n43], 1 uses, cannot truncate to int32
 [0m[0;34m  92 : 00 4f 80 00 13 00 AddSmi.Wide [128], FBV[19]
[m [0m      ↱ eager @36 : {<closure>:n3:, <this>:n1:, a0:n2:, <context>:n4:, <accumulator>:n2:} (addr:0x10c00fa2378)
 [0m  [0m46: Int32AddWithOverflow [n44, n45], 1 uses, can truncate to int32 [-2147483648, 2147483647]
 [0m[0;34m  99 : 56 17 14          BitwiseXorSmi [23], FBV[20]
[m [0m  [0m48: Int32BitwiseXor [n46, n47], 1 uses, cannot truncate to int32
 [0m[0;34m 103 : 00 4f 00 01 15 00 AddSmi.Wide [256], FBV[21]
[m [0m      ↱ eager @36 : {<closure>:n3:, <this>:n1:, a0:n2:, <context>:n4:, <accumulator>:n2:} (addr:0x10c00fa2378)
 [0m  [0m50: Int32AddWithOverflow [n48, n49], 1 uses, can truncate to int32 [-2147483648, 2147483647]
 [0m[0;34m 110 : 56 1d 16          BitwiseXorSmi [29], FBV[22]
[m [0m  [0m52: Int32BitwiseXor [n50, n51], 1 uses, cannot truncate to int32
 [0m[0;34m 114 : b9                Return
[m [0m  [0m54: ReduceInterruptBudgetForReturn(114) [n53]
 [0m  [0m55: Int32ToNumber[kCanonicalizeSmi] [n52], 1 uses
 [0m  [0m56: Return [n55]
 [0m

----- After propagating truncation -----
Graph

 [0m  [0m53: Constant(0x09b80101e165 <FeedbackCell[one closure]>), 1 uses
 [0m   [0m3: Constant(0x09b80101e1b9 <JSFunction mayThrow (sfi = 0x9b80101e091)>), 3 uses
 [0m   [0m4: Constant(0x09b80101e1a5 <ScriptContext[3]>), 3 uses
 [0m   [0m5: RootConstant(undefined_value), 0 uses 🪦
 [0m  [0m16: RootConstant(true_value), 0 uses 🪦
 [0m  [0m15: RootConstant(false_value), 0 uses 🪦
 [0m  [0m11: SmiConstant(0), 0 uses 🪦
 [0m  [0m12: Int32Constant(0), 2 uses, cannot truncate to int32
 [0m  [0m21: Int32Constant(2), 1 uses, cannot truncate to int32
 [0m  [0m19: Int32Constant(3), 1 uses, cannot truncate to int32
 [0m  [0m25: Int32Constant(4), 1 uses, cannot truncate to int32
 [0m  [0m23: Int32Constant(5), 1 uses, cannot truncate to int32
 [0m  [0m27: Int32Constant(7), 1 uses, cannot truncate to int32
 [0m  [0m29: Int32Constant(8), 1 uses, cannot truncate to int32
 [0m  [0m31: Int32Constant(11), 1 uses, cannot truncate to int32
 [0m  [0m35: Int32Constant(13), 1 uses, cannot truncate to int32
 [0m  [0m33: Int32Constant(16), 1 uses, cannot truncate to int32
 [0m  [0m39: Int32Constant(17), 1 uses, cannot truncate to int32
 [0m  [0m43: Int32Constant(19), 1 uses, cannot truncate to int32
 [0m  [0m47: Int32Constant(23), 1 uses, cannot truncate to int32
 [0m  [0m51: Int32Constant(29), 1 uses, cannot truncate to int32
 [0m  [0m37: Int32Constant(32), 1 uses, cannot truncate to int32
 [0m  [0m41: Int32Constant(64), 1 uses, cannot truncate to int32
 [0m  [0m45: Int32Constant(128), 1 uses, cannot truncate to int32
 [0m  [0m49: Int32Constant(256), 1 uses, cannot truncate to int32
 [0m   [0m9: Int32Constant(1023), 1 uses, cannot truncate to int32
  [0mBlock b0
 [0m[1;34m0x09b80101e091 <SharedFunctionInfo mayThrow> (0x09b80104a7b1 <String[18]: "workloads/throw.js">:17:17)
[m [0m[0;34m   0 : 0b 03             Ldar a0
[m [0m   [0m1: InitialValue(<this>), 3 uses
 [0m   [0m2: InitialValue(a0), 6 uses
 [0m   [0m6: FunctionEntryStackCheck
 [0m      ↳ lazy @-1 : {<closure>:n3:, <this>:n1:, a0:n2:, <context>:n4:} (addr:0x10c00fa1450)
 [0m   [0m7: Jump b1
 [0m   ↓
  [0mBlock b1
 [0m[1;34m0x09b80101e091 <SharedFunctionInfo mayThrow> (0x09b80104a7b1 <String[18]: "workloads/throw.js">:0:0)
[m [0m[0;34m   2 : 00 57 ff 03 00 00 BitwiseAndSmi.Wide [1023], FBV[0]
[m [0m      ↱ eager @2 : {<closure>:n3:, <this>:n1:, a0:n2:, <context>:n4:, <accumulator>:n2:} (addr:0x10c00fa19f8)
 [0m   [0m8: CheckedSmiUntag [n2], 2 uses, cannot truncate to int32
 [0m  [0m10: Int32BitwiseAnd [n8, n9], 2 uses, cannot truncate to int32
 [0m[0;34m  10 : 78 f8 01 00       TestEqualStrict r1, EmbeddedFeedback[0x1]
[m [0m  [0m13: Int32Compare[StrictEqual] [n10, n12], 0 uses 🪦
 [0m[0;34m  14 : a8 11             JumpIfFalse [17]
[m[0;31m╭──[0m14: BranchIfInt32Compare(StrictEqual) [n10, n12] b2 b3
[0;31m│[0m   ↓
[0;31m│ [0mBlock b2
[0;31m│[0m[0;34m  16 : 23 00 01          LdaGlobal [0:"Error"], FBV[1]
[m[0;31m│[0m      ↱ eager @2 : {<closure>:n3:, <this>:n1:, a0:n2:, <context>:n4:, <accumulator>:n2:} (addr:0x10c00fa19f8)
[0;31m│[0m  [0m17: Deopt(Insufficient type feedback for generic global access)
[0;31m│[0m
[0;31m╰►[0mBlock b3
 [0m[0;34m  36 : 4f 01 05          AddSmi [1], FBV[5]
[m [0m      ↱ eager @36 : {<closure>:n3:, <this>:n1:, a0:n2:, <context>:n4:, <accumulator>:n2:} (addr:0x10c00fa2378)
 [0m  [0m18: Int32IncrementWithOverflow [n8], 1 uses, cannot truncate to int32
 [0m[0;34m  40 : 56 03 06          BitwiseXorSmi [3], FBV[6]
[m [0m  [0m20: Int32BitwiseXor [n18, n19], 1 uses, cannot truncate to int32
 [0m[0;34m  44 : 4f 02 07          AddSmi [2], FBV[7]
[m [0m      ↱ eager @36 : {<closure>:n3:, <this>:n1:, a0:n2:, <context>:n4:, <accumulator>:n2:} (addr:0x10c00fa2378)
 [0m  [0m22: Int32AddWithOverflow [n20, n21], 1 uses, can truncate to int32 [-2147483648, 2147483647]
 [0m[0;34m  48 : 56 05 08          BitwiseXorSmi [5], FBV[8]
[m [0m  [0m24: Int32BitwiseXor [n22, n23], 1 uses, cannot truncate to int32
 [0m[0;34m  52 : 4f 04 09          AddSmi [4], FBV[9]
[m [0m      ↱ eager @36 : {<closure>:n3:, <this>:n1:, a0:n2:, <context>:n4:, <accumulator>:n2:} (addr:0x10c00fa2378)
 [0m  [0m26: Int32AddWithOverflow [n24, n25], 1 uses, can truncate to int32 [-2147483648, 2147483647]
 [0m[0;34m  56 : 56 07 0a          BitwiseXorSmi [7], FBV[10]
[m [0m  [0m28: Int32BitwiseXor [n26, n27], 1 uses, cannot truncate to int32
 [0m[0;34m  60 : 4f 08 0b          AddSmi [8], FBV[11]
[m [0m      ↱ eager @36 : {<closure>:n3:, <this>:n1:, a0:n2:, <context>:n4:, <accumulator>:n2:} (addr:0x10c00fa2378)
 [0m  [0m30: Int32AddWithOverflow [n28, n29], 1 uses, can truncate to int32 [-2147483648, 2147483647]
 [0m[0;34m  64 : 56 0b 0c          BitwiseXorSmi [11], FBV[12]
[m [0m  [0m32: Int32BitwiseXor [n30, n31], 1 uses, cannot truncate to int32
 [0m[0;34m  68 : 4f 10 0d          AddSmi [16], FBV[13]
[m [0m      ↱ eager @36 : {<closure>:n3:, <this>:n1:, a0:n2:, <context>:n4:, <accumulator>:n2:} (addr:0x10c00fa2378)
 [0m  [0m34: Int32AddWithOverflow [n32, n33], 1 uses, can truncate to int32 [-2147483648, 2147483647]
 [0m[0;34m  72 : 56 0d 0e          BitwiseXorSmi [13], FBV[14]
[m [0m  [0m36: Int32BitwiseXor [n34, n35], 1 uses, cannot truncate to int32
 [0m[0;34m  76 : 4f 20 0f          AddSmi [32], FBV[15]
[m [0m      ↱ eager @36 : {<closure>:n3:, <this>:n1:, a0:n2:, <context>:n4:, <accumulator>:n2:} (addr:0x10c00fa2378)
 [0m  [0m38: Int32AddWithOverflow [n36, n37], 1 uses, can truncate to int32 [-2147483648, 2147483647]
 [0m[0;34m  80 : 56 11 10          BitwiseXorSmi [17], FBV[16]
[m [0m  [0m40: Int32BitwiseXor [n38, n39], 1 uses, cannot truncate to int32
 [0m[0;34m  84 : 4f 40 11          AddSmi [64], FBV[17]
[m [0m      ↱ eager @36 : {<closure>:n3:, <this>:n1:, a0:n2:, <context>:n4:, <accumulator>:n2:} (addr:0x10c00fa2378)
 [0m  [0m42: Int32AddWithOverflow [n40, n41], 1 uses, can truncate to int32 [-2147483648, 2147483647]
 [0m[0;34m  88 : 56 13 12          BitwiseXorSmi [19], FBV[18]
[m [0m  [0m44: Int32BitwiseXor [n42, n43], 1 uses, cannot truncate to int32
 [0m[0;34m  92 : 00 4f 80 00 13 00 AddSmi.Wide [128], FBV[19]
[m [0m      ↱ eager @36 : {<closure>:n3:, <this>:n1:, a0:n2:, <context>:n4:, <accumulator>:n2:} (addr:0x10c00fa2378)
 [0m  [0m46: Int32AddWithOverflow [n44, n45], 1 uses, can truncate to int32 [-2147483648, 2147483647]
 [0m[0;34m  99 : 56 17 14          BitwiseXorSmi [23], FBV[20]
[m [0m  [0m48: Int32BitwiseXor [n46, n47], 1 uses, cannot truncate to int32
 [0m[0;34m 103 : 00 4f 00 01 15 00 AddSmi.Wide [256], FBV[21]
[m [0m      ↱ eager @36 : {<closure>:n3:, <this>:n1:, a0:n2:, <context>:n4:, <accumulator>:n2:} (addr:0x10c00fa2378)
 [0m  [0m50: Int32AddWithOverflow [n48, n49], 1 uses, can truncate to int32 [-2147483648, 2147483647]
 [0m[0;34m 110 : 56 1d 16          BitwiseXorSmi [29], FBV[22]
[m [0m  [0m52: Int32BitwiseXor [n50, n51], 1 uses, cannot truncate to int32
 [0m[0;34m 114 : b9                Return
[m [0m  [0m54: ReduceInterruptBudgetForReturn(114) [n53]
 [0m  [0m55: Int32ToNumber[kCanonicalizeSmi] [n52], 1 uses
 [0m  [0m56: Return [n55]
 [0m

----- After truncation -----
Graph

 [0m  [0m53: Constant(0x09b80101e165 <FeedbackCell[one closure]>), 1 uses
 [0m   [0m3: Constant(0x09b80101e1b9 <JSFunction mayThrow (sfi = 0x9b80101e091)>), 3 uses
 [0m   [0m4: Constant(0x09b80101e1a5 <ScriptContext[3]>), 3 uses
 [0m   [0m5: RootConstant(undefined_value), 0 uses 🪦
 [0m  [0m16: RootConstant(true_value), 0 uses 🪦
 [0m  [0m15: RootConstant(false_value), 0 uses 🪦
 [0m  [0m11: SmiConstant(0), 0 uses 🪦
 [0m  [0m12: Int32Constant(0), 2 uses, cannot truncate to int32
 [0m  [0m21: Int32Constant(2), 1 uses, cannot truncate to int32
 [0m  [0m19: Int32Constant(3), 1 uses, cannot truncate to int32
 [0m  [0m25: Int32Constant(4), 1 uses, cannot truncate to int32
 [0m  [0m23: Int32Constant(5), 1 uses, cannot truncate to int32
 [0m  [0m27: Int32Constant(7), 1 uses, cannot truncate to int32
 [0m  [0m29: Int32Constant(8), 1 uses, cannot truncate to int32
 [0m  [0m31: Int32Constant(11), 1 uses, cannot truncate to int32
 [0m  [0m35: Int32Constant(13), 1 uses, cannot truncate to int32
 [0m  [0m33: Int32Constant(16), 1 uses, cannot truncate to int32
 [0m  [0m39: Int32Constant(17), 1 uses, cannot truncate to int32
 [0m  [0m43: Int32Constant(19), 1 uses, cannot truncate to int32
 [0m  [0m47: Int32Constant(23), 1 uses, cannot truncate to int32
 [0m  [0m51: Int32Constant(29), 1 uses, cannot truncate to int32
 [0m  [0m37: Int32Constant(32), 1 uses, cannot truncate to int32
 [0m  [0m41: Int32Constant(64), 1 uses, cannot truncate to int32
 [0m  [0m45: Int32Constant(128), 1 uses, cannot truncate to int32
 [0m  [0m49: Int32Constant(256), 1 uses, cannot truncate to int32
 [0m   [0m9: Int32Constant(1023), 1 uses, cannot truncate to int32
  [0mBlock b0
 [0m[1;34m0x09b80101e091 <SharedFunctionInfo mayThrow> (0x09b80104a7b1 <String[18]: "workloads/throw.js">:17:17)
[m [0m[0;34m   0 : 0b 03             Ldar a0
[m [0m   [0m1: InitialValue(<this>), 3 uses
 [0m   [0m2: InitialValue(a0), 6 uses
 [0m   [0m6: FunctionEntryStackCheck
 [0m      ↳ lazy @-1 : {<closure>:n3:, <this>:n1:, a0:n2:, <context>:n4:} (addr:0x10c00fa1450)
 [0m   [0m7: Jump b1
 [0m   ↓
  [0mBlock b1
 [0m[1;34m0x09b80101e091 <SharedFunctionInfo mayThrow> (0x09b80104a7b1 <String[18]: "workloads/throw.js">:0:0)
[m [0m[0;34m   2 : 00 57 ff 03 00 00 BitwiseAndSmi.Wide [1023], FBV[0]
[m [0m      ↱ eager @2 : {<closure>:n3:, <this>:n1:, a0:n2:, <context>:n4:, <accumulator>:n2:} (addr:0x10c00fa19f8)
 [0m   [0m8: CheckedSmiUntag [n2], 2 uses, cannot truncate to int32
 [0m  [0m10: Int32BitwiseAnd [n8, n9], 2 uses, cannot truncate to int32
 [0m[0;34m  10 : 78 f8 01 00       TestEqualStrict r1, EmbeddedFeedback[0x1]
[m [0m  [0m13: Int32Compare[StrictEqual] [n10, n12], 0 uses 🪦
 [0m[0;34m  14 : a8 11             JumpIfFalse [17]
[m[0;31m╭──[0m14: BranchIfInt32Compare(StrictEqual) [n10, n12] b2 b3
[0;31m│[0m   ↓
[0;31m│ [0mBlock b2
[0;31m│[0m[0;34m  16 : 23 00 01          LdaGlobal [0:"Error"], FBV[1]
[m[0;31m│[0m      ↱ eager @2 : {<closure>:n3:, <this>:n1:, a0:n2:, <context>:n4:, <accumulator>:n2:} (addr:0x10c00fa19f8)
[0;31m│[0m  [0m17: Deopt(Insufficient type feedback for generic global access)
[0;31m│[0m
[0;31m╰►[0mBlock b3
 [0m[0;34m  36 : 4f 01 05          AddSmi [1], FBV[5]
[m [0m      ↱ eager @36 : {<closure>:n3:, <this>:n1:, a0:n2:, <context>:n4:, <accumulator>:n2:} (addr:0x10c00fa2378)
 [0m  [0m18: Int32IncrementWithOverflow [n8], 1 uses, cannot truncate to int32
 [0m[0;34m  40 : 56 03 06          BitwiseXorSmi [3], FBV[6]
[m [0m  [0m20: Int32BitwiseXor [n18, n19], 1 uses, cannot truncate to int32
 [0m[0;34m  44 : 4f 02 07          AddSmi [2], FBV[7]
[m [0m  [0m22: Int32Add [n20, n21], 1 uses, can truncate to int32 [-2147483648, 2147483647]
 [0m[0;34m  48 : 56 05 08          BitwiseXorSmi [5], FBV[8]
[m [0m  [0m24: Int32BitwiseXor [n22, n23], 1 uses, cannot truncate to int32
 [0m[0;34m  52 : 4f 04 09          AddSmi [4], FBV[9]
[m [0m  [0m26: Int32Add [n24, n25], 1 uses, can truncate to int32 [-2147483648, 2147483647]
 [0m[0;34m  56 : 56 07 0a          BitwiseXorSmi [7], FBV[10]
[m [0m  [0m28: Int32BitwiseXor [n26, n27], 1 uses, cannot truncate to int32
 [0m[0;34m  60 : 4f 08 0b          AddSmi [8], FBV[11]
[m [0m  [0m30: Int32Add [n28, n29], 1 uses, can truncate to int32 [-2147483648, 2147483647]
 [0m[0;34m  64 : 56 0b 0c          BitwiseXorSmi [11], FBV[12]
[m [0m  [0m32: Int32BitwiseXor [n30, n31], 1 uses, cannot truncate to int32
 [0m[0;34m  68 : 4f 10 0d          AddSmi [16], FBV[13]
[m [0m  [0m34: Int32Add [n32, n33], 1 uses, can truncate to int32 [-2147483648, 2147483647]
 [0m[0;34m  72 : 56 0d 0e          BitwiseXorSmi [13], FBV[14]
[m [0m  [0m36: Int32BitwiseXor [n34, n35], 1 uses, cannot truncate to int32
 [0m[0;34m  76 : 4f 20 0f          AddSmi [32], FBV[15]
[m [0m  [0m38: Int32Add [n36, n37], 1 uses, can truncate to int32 [-2147483648, 2147483647]
 [0m[0;34m  80 : 56 11 10          BitwiseXorSmi [17], FBV[16]
[m [0m  [0m40: Int32BitwiseXor [n38, n39], 1 uses, cannot truncate to int32
 [0m[0;34m  84 : 4f 40 11          AddSmi [64], FBV[17]
[m [0m  [0m42: Int32Add [n40, n41], 1 uses, can truncate to int32 [-2147483648, 2147483647]
 [0m[0;34m  88 : 56 13 12          BitwiseXorSmi [19], FBV[18]
[m [0m  [0m44: Int32BitwiseXor [n42, n43], 1 uses, cannot truncate to int32
 [0m[0;34m  92 : 00 4f 80 00 13 00 AddSmi.Wide [128], FBV[19]
[m [0m  [0m46: Int32Add [n44, n45], 1 uses, can truncate to int32 [-2147483648, 2147483647]
 [0m[0;34m  99 : 56 17 14          BitwiseXorSmi [23], FBV[20]
[m [0m  [0m48: Int32BitwiseXor [n46, n47], 1 uses, cannot truncate to int32
 [0m[0;34m 103 : 00 4f 00 01 15 00 AddSmi.Wide [256], FBV[21]
[m [0m  [0m50: Int32Add [n48, n49], 1 uses, can truncate to int32 [-2147483648, 2147483647]
 [0m[0;34m 110 : 56 1d 16          BitwiseXorSmi [29], FBV[22]
[m [0m  [0m52: Int32BitwiseXor [n50, n51], 1 uses, cannot truncate to int32
 [0m[0;34m 114 : b9                Return
[m [0m  [0m54: ReduceInterruptBudgetForReturn(114) [n53]
 [0m  [0m55: Int32ToNumber[kCanonicalizeSmi] [n52], 1 uses
 [0m  [0m56: Return [n55]
 [0m

----- After use marking -----
Graph

 [0m  [0m53: Constant(0x09b80101e165 <FeedbackCell[one closure]>) → (x)
 [0m   [0m3: Constant(0x09b80101e1b9 <JSFunction mayThrow (sfi = 0x9b80101e091)>) → (x)
 [0m   [0m4: Constant(0x09b80101e1a5 <ScriptContext[3]>) → (x)
 [0m  [0m12: Int32Constant(0) → (x)
 [0m  [0m21: Int32Constant(2) → (x)
 [0m  [0m19: Int32Constant(3) → (x)
 [0m  [0m25: Int32Constant(4) → (x)
 [0m  [0m23: Int32Constant(5) → (x)
 [0m  [0m27: Int32Constant(7) → (x)
 [0m  [0m29: Int32Constant(8) → (x)
 [0m  [0m31: Int32Constant(11) → (x)
 [0m  [0m35: Int32Constant(13) → (x)
 [0m  [0m33: Int32Constant(16) → (x)
 [0m  [0m39: Int32Constant(17) → (x)
 [0m  [0m43: Int32Constant(19) → (x)
 [0m  [0m47: Int32Constant(23) → (x)
 [0m  [0m51: Int32Constant(29) → (x)
 [0m  [0m37: Int32Constant(32) → (x)
 [0m  [0m41: Int32Constant(64) → (x)
 [0m  [0m45: Int32Constant(128) → (x)
 [0m  [0m49: Int32Constant(256) → (x)
 [0m   [0m9: Int32Constant(1023) → (x)
  [0mBlock b0
 [0m[1;34m0x09b80101e091 <SharedFunctionInfo mayThrow> (0x09b80104a7b1 <String[18]: "workloads/throw.js">:17:17)
[m [0m[0;34m   0 : 0b 03             Ldar a0
[m [0m   [0m1: InitialValue(<this>) → (x)
 [0m   [0m2: InitialValue(a0) → (x)
 [0m   [0m6: FunctionEntryStackCheck
 [0m      ↳ lazy @-1 : {<closure>:n3:, <this>:n1:, a0:n2:, <context>:n4:} (addr:0x10c00fa1450)
 [0m   [0m7: Jump b1
 [0m   ↓
  [0mBlock b1
 [0m[1;34m0x09b80101e091 <SharedFunctionInfo mayThrow> (0x09b80104a7b1 <String[18]: "workloads/throw.js">:0:0)
[m [0m[0;34m   2 : 00 57 ff 03 00 00 BitwiseAndSmi.Wide [1023], FBV[0]
[m [0m      ↱ eager @2 : {<closure>:n3:, <this>:n1:, a0:n2:, <context>:n4:, <accumulator>:n2:} (addr:0x10c00fa19f8)
 [0m   [0m8: CheckedSmiUntag [v0/n2:(x)] → (x)
 [0m  [0m10: Int32BitwiseAnd [v0/n8:(x), v0/n9:(x)] → (x)
 [0m[0;34m  14 : a8 11             JumpIfFalse [17]
[m[0;31m╭──[0m14: BranchIfInt32Compare(StrictEqual) [v0/n10:(x), v0/n12:(x)] b2 b3
[0;31m│[0m   ↓
[0;31m│ [0mBlock b2
[0;31m│[0m[0;34m  16 : 23 00 01          LdaGlobal [0:"Error"], FBV[1]
[m[0;31m│[0m      ↱ eager @2 : {<closure>:n3:, <this>:n1:, a0:n2:, <context>:n4:, <accumulator>:n2:} (addr:0x10c00fa19f8)
[0;31m│[0m  [0m17: Deopt(Insufficient type feedback for generic global access)
[0;31m│[0m
[0;31m╰►[0mBlock b3
 [0m[0;34m  36 : 4f 01 05          AddSmi [1], FBV[5]
[m [0m      ↱ eager @36 : {<closure>:n3:, <this>:n1:, a0:n2:, <context>:n4:, <accumulator>:n2:} (addr:0x10c00fa2378)
 [0m  [0m18: Int32IncrementWithOverflow [v0/n8:(x)] → (x)
 [0m[0;34m  40 : 56 03 06          BitwiseXorSmi [3], FBV[6]
[m [0m  [0m20: Int32BitwiseXor [v0/n18:(x), v0/n19:(x)] → (x)
 [0m[0;34m  44 : 4f 02 07          AddSmi [2], FBV[7]
[m [0m  [0m22: Int32Add [v0/n20:(x), v0/n21:(x)] → (x)
 [0m[0;34m  48 : 56 05 08          BitwiseXorSmi [5], FBV[8]
[m [0m  [0m24: Int32BitwiseXor [v0/n22:(x), v0/n23:(x)] → (x)
 [0m[0;34m  52 : 4f 04 09          AddSmi [4], FBV[9]
[m [0m  [0m26: Int32Add [v0/n24:(x), v0/n25:(x)] → (x)
 [0m[0;34m  56 : 56 07 0a          BitwiseXorSmi [7], FBV[10]
[m [0m  [0m28: Int32BitwiseXor [v0/n26:(x), v0/n27:(x)] → (x)
 [0m[0;34m  60 : 4f 08 0b          AddSmi [8], FBV[11]
[m [0m  [0m30: Int32Add [v0/n28:(x), v0/n29:(x)] → (x)
 [0m[0;34m  64 : 56 0b 0c          BitwiseXorSmi [11], FBV[12]
[m [0m  [0m32: Int32BitwiseXor [v0/n30:(x), v0/n31:(x)] → (x)
 [0m[0;34m  68 : 4f 10 0d          AddSmi [16], FBV[13]
[m [0m  [0m34: Int32Add [v0/n32:(x), v0/n33:(x)] → (x)
 [0m[0;34m  72 : 56 0d 0e          BitwiseXorSmi [13], FBV[14]
[m [0m  [0m36: Int32BitwiseXor [v0/n34:(x), v0/n35:(x)] → (x)
 [0m[0;34m  76 : 4f 20 0f          AddSmi [32], FBV[15]
[m [0m  [0m38: Int32Add [v0/n36:(x), v0/n37:(x)] → (x)
 [0m[0;34m  80 : 56 11 10          BitwiseXorSmi [17], FBV[16]
[m [0m  [0m40: Int32BitwiseXor [v0/n38:(x), v0/n39:(x)] → (x)
 [0m[0;34m  84 : 4f 40 11          AddSmi [64], FBV[17]
[m [0m  [0m42: Int32Add [v0/n40:(x), v0/n41:(x)] → (x)
 [0m[0;34m  88 : 56 13 12          BitwiseXorSmi [19], FBV[18]
[m [0m  [0m44: Int32BitwiseXor [v0/n42:(x), v0/n43:(x)] → (x)
 [0m[0;34m  92 : 00 4f 80 00 13 00 AddSmi.Wide [128], FBV[19]
[m [0m  [0m46: Int32Add [v0/n44:(x), v0/n45:(x)] → (x)
 [0m[0;34m  99 : 56 17 14          BitwiseXorSmi [23], FBV[20]
[m [0m  [0m48: Int32BitwiseXor [v0/n46:(x), v0/n47:(x)] → (x)
 [0m[0;34m 103 : 00 4f 00 01 15 00 AddSmi.Wide [256], FBV[21]
[m [0m  [0m50: Int32Add [v0/n48:(x), v0/n49:(x)] → (x)
 [0m[0;34m 110 : 56 1d 16          BitwiseXorSmi [29], FBV[22]
[m [0m  [0m52: Int32BitwiseXor [v0/n50:(x), v0/n51:(x)] → (x)
 [0m[0;34m 114 : b9                Return
[m [0m  [0m54: ReduceInterruptBudgetForReturn(114) [v0/n53:(x)]
 [0m  [0m55: Int32ToNumber[kCanonicalizeSmi] [v0/n52:(x)] → (x)
 [0m  [0m56: Return [v0/n55:(x)]
 [0m

----- After register allocation pre-processing -----
Graph

 [0m   [0m1/53: Constant(0x09b80101e165 <FeedbackCell[one closure]>) → v-1, live range: [1-49]
 [0m    [0m2/3: Constant(0x09b80101e1b9 <JSFunction mayThrow (sfi = 0x9b80101e091)>) → v-1, live range: [2-31]
 [0m    [0m3/4: Constant(0x09b80101e1a5 <ScriptContext[3]>) → v-1, live range: [3-31]
 [0m   [0m4/12: Int32Constant(0) → v-1, live range: [4-29]
 [0m   [0m5/21: Int32Constant(2) → v-1, live range: [5-33]
 [0m   [0m6/19: Int32Constant(3) → v-1, live range: [6-32]
 [0m   [0m7/25: Int32Constant(4) → v-1, live range: [7-35]
 [0m   [0m8/23: Int32Constant(5) → v-1, live range: [8-34]
 [0m   [0m9/27: Int32Constant(7) → v-1, live range: [9-36]
 [0m  [0m10/29: Int32Constant(8) → v-1, live range: [10-37]
 [0m  [0m11/31: Int32Constant(11) → v-1, live range: [11-38]
 [0m  [0m12/35: Int32Constant(13) → v-1, live range: [12-40]
 [0m  [0m13/33: Int32Constant(16) → v-1, live range: [13-39]
 [0m  [0m14/39: Int32Constant(17) → v-1, live range: [14-42]
 [0m  [0m15/43: Int32Constant(19) → v-1, live range: [15-44]
 [0m  [0m16/47: Int32Constant(23) → v-1, live range: [16-46]
 [0m  [0m17/51: Int32Constant(29) → v-1, live range: [17-48]
 [0m  [0m18/37: Int32Constant(32) → v-1, live range: [18-41]
 [0m  [0m19/41: Int32Constant(64) → v-1, live range: [19-43]
 [0m  [0m20/45: Int32Constant(128) → v-1, live range: [20-45]
 [0m  [0m21/49: Int32Constant(256) → v-1, live range: [21-47]
 [0m   [0m22/9: Int32Constant(1023) → v-1, live range: [22-28]
  [0mBlock b0
 [0m[1;34m0x09b80101e091 <SharedFunctionInfo mayThrow> (0x09b80104a7b1 <String[18]: "workloads/throw.js">:17:17)
[m [0m[0;34m   0 : 0b 03             Ldar a0
[m [0m   [0m23/1: InitialValue(<this>) → v-1(=-6S), live range: [23-31]
 [0m   [0m24/2: InitialValue(a0) → v-1(=-7S), live range: [24-31]
 [0m   [0m25/6: FunctionEntryStackCheck
 [0m         ↳ lazy @-1 : {<closure>:n3:(x), <this>:n1:(x), a0:n2:(x), <context>:n4:(x)} (addr:0x10c00fa1450)
 [0m   [0m26/7: Jump b1
 [0m      ↓
  [0mBlock b1
 [0m[1;34m0x09b80101e091 <SharedFunctionInfo mayThrow> (0x09b80104a7b1 <String[18]: "workloads/throw.js">:0:0)
[m [0m[0;34m   2 : 00 57 ff 03 00 00 BitwiseAndSmi.Wide [1023], FBV[0]
[m [0m         ↱ eager @2 : {<closure>:n3:(x), <this>:n1:(x), a0:n2:(x), <context>:n4:(x), <accumulator>:n2:(x)} (addr:0x10c00fa19f8)
 [0m   [0m27/8: CheckedSmiUntag [v24/n2:v-1(R)] → v-1(0), live range: [27-31]
 [0m  [0m28/10: Int32BitwiseAnd [v27/n8:v-1(R), v22/n9:v-1(*)] → v-1(0), live range: [28-29]
 [0m[0;34m  14 : a8 11             JumpIfFalse [17]
[m[0;31m╭──[0m29/14: BranchIfInt32Compare(StrictEqual) [v28/n10:v-1(R), v4/n12:v-1(R)] b2 b3
[0;31m│[0m      ↓
[0;31m│ [0mBlock b2
[0;31m│[0m[0;34m  16 : 23 00 01          LdaGlobal [0:"Error"], FBV[1]
[m[0;31m│[0m         ↱ eager @2 : {<closure>:n3:(x), <this>:n1:(x), a0:n2:(x), <context>:n4:(x), <accumulator>:n2:(x)} (addr:0x10c00fa19f8)
[0;31m│[0m  [0m30/17: Deopt(Insufficient type feedback for generic global access)
[0;31m│[0m
[0;31m╰►[0mBlock b3
 [0m[0;34m  36 : 4f 01 05          AddSmi [1], FBV[5]
[m [0m         ↱ eager @36 : {<closure>:n3:(x), <this>:n1:(x), a0:n2:(x), <context>:n4:(x), <accumulator>:n2:(x)} (addr:0x10c00fa2378)
 [0m  [0m31/18: Int32IncrementWithOverflow [v27/n8:v-1(R)] → v-1(0), live range: [31-32]
 [0m[0;34m  40 : 56 03 06          BitwiseXorSmi [3], FBV[6]
[m [0m  [0m32/20: Int32BitwiseXor [v31/n18:v-1(R), v6/n19:v-1(*)] → v-1(0), live range: [32-33]
 [0m[0;34m  44 : 4f 02 07          AddSmi [2], FBV[7]
[m [0m  [0m33/22: Int32Add [v32/n20:v-1(R), v5/n21:v-1(*)] → v-1(0), live range: [33-34]
 [0m[0;34m  48 : 56 05 08          BitwiseXorSmi [5], FBV[8]
[m [0m  [0m34/24: Int32BitwiseXor [v33/n22:v-1(R), v8/n23:v-1(*)] → v-1(0), live range: [34-35]
 [0m[0;34m  52 : 4f 04 09          AddSmi [4], FBV[9]
[m [0m  [0m35/26: Int32Add [v34/n24:v-1(R), v7/n25:v-1(*)] → v-1(0), live range: [35-36]
 [0m[0;34m  56 : 56 07 0a          BitwiseXorSmi [7], FBV[10]
[m [0m  [0m36/28: Int32BitwiseXor [v35/n26:v-1(R), v9/n27:v-1(*)] → v-1(0), live range: [36-37]
 [0m[0;34m  60 : 4f 08 0b          AddSmi [8], FBV[11]
[m [0m  [0m37/30: Int32Add [v36/n28:v-1(R), v10/n29:v-1(*)] → v-1(0), live range: [37-38]
 [0m[0;34m  64 : 56 0b 0c          BitwiseXorSmi [11], FBV[12]
[m [0m  [0m38/32: Int32BitwiseXor [v37/n30:v-1(R), v11/n31:v-1(*)] → v-1(0), live range: [38-39]
 [0m[0;34m  68 : 4f 10 0d          AddSmi [16], FBV[13]
[m [0m  [0m39/34: Int32Add [v38/n32:v-1(R), v13/n33:v-1(*)] → v-1(0), live range: [39-40]
 [0m[0;34m  72 : 56 0d 0e          BitwiseXorSmi [13], FBV[14]
[m [0m  [0m40/36: Int32BitwiseXor [v39/n34:v-1(R), v12/n35:v-1(*)] → v-1(0), live range: [40-41]
 [0m[0;34m  76 : 4f 20 0f          AddSmi [32], FBV[15]
[m [0m  [0m41/38: Int32Add [v40/n36:v-1(R), v18/n37:v-1(*)] → v-1(0), live range: [41-42]
 [0m[0;34m  80 : 56 11 10          BitwiseXorSmi [17], FBV[16]
[m [0m  [0m42/40: Int32BitwiseXor [v41/n38:v-1(R), v14/n39:v-1(*)] → v-1(0), live range: [42-43]
 [0m[0;34m  84 : 4f 40 11          AddSmi [64], FBV[17]
[m [0m  [0m43/42: Int32Add [v42/n40:v-1(R), v19/n41:v-1(*)] → v-1(0), live range: [43-44]
 [0m[0;34m  88 : 56 13 12          BitwiseXorSmi [19], FBV[18]
[m [0m  [0m44/44: Int32BitwiseXor [v43/n42:v-1(R), v15/n43:v-1(*)] → v-1(0), live range: [44-45]
 [0m[0;34m  92 : 00 4f 80 00 13 00 AddSmi.Wide [128], FBV[19]
[m [0m  [0m45/46: Int32Add [v44/n44:v-1(R), v20/n45:v-1(*)] → v-1(0), live range: [45-46]
 [0m[0;34m  99 : 56 17 14          BitwiseXorSmi [23], FBV[20]
[m [0m  [0m46/48: Int32BitwiseXor [v45/n46:v-1(R), v16/n47:v-1(*)] → v-1(0), live range: [46-47]
 [0m[0;34m 103 : 00 4f 00 01 15 00 AddSmi.Wide [256], FBV[21]
[m [0m  [0m47/50: Int32Add [v46/n48:v-1(R), v21/n49:v-1(*)] → v-1(0), live range: [47-48]
 [0m[0;34m 110 : 56 1d 16          BitwiseXorSmi [29], FBV[22]
[m [0m  [0m48/52: Int32BitwiseXor [v47/n50:v-1(R), v17/n51:v-1(*)] → v-1(0), live range: [48-50]
 [0m[0;34m 114 : b9                Return
[m [0m  [0m49/54: ReduceInterruptBudgetForReturn(114) [v1/n53:v-1(R)]
 [0m  [0m50/55: Int32ToNumber[kCanonicalizeSmi] [v48/n52:v-1(R)] → v-1(R), live range: [50-51]
 [0m  [0m51/56: Return [v50/n55:v-1(=rax)]
 [0m

----- After register allocation -----
Graph

 [0m   [0m1/53: Constant(0x09b80101e165 <FeedbackCell[one closure]>) → v-1, live range: [1-49]
 [0m    [0m2/3: Constant(0x09b80101e1b9 <JSFunction mayThrow (sfi = 0x9b80101e091)>) → v-1, live range: [2-31]
 [0m    [0m3/4: Constant(0x09b80101e1a5 <ScriptContext[3]>) → v-1, live range: [3-31]
 [0m   [0m4/12: Int32Constant(0) → v-1, live range: [4-29]
 [0m   [0m5/21: Int32Constant(2) → v-1, live range: [5-33]
 [0m   [0m6/19: Int32Constant(3) → v-1, live range: [6-32]
 [0m   [0m7/25: Int32Constant(4) → v-1, live range: [7-35]
 [0m   [0m8/23: Int32Constant(5) → v-1, live range: [8-34]
 [0m   [0m9/27: Int32Constant(7) → v-1, live range: [9-36]
 [0m  [0m10/29: Int32Constant(8) → v-1, live range: [10-37]
 [0m  [0m11/31: Int32Constant(11) → v-1, live range: [11-38]
 [0m  [0m12/35: Int32Constant(13) → v-1, live range: [12-40]
 [0m  [0m13/33: Int32Constant(16) → v-1, live range: [13-39]
 [0m  [0m14/39: Int32Constant(17) → v-1, live range: [14-42]
 [0m  [0m15/43: Int32Constant(19) → v-1, live range: [15-44]
 [0m  [0m16/47: Int32Constant(23) → v-1, live range: [16-46]
 [0m  [0m17/51: Int32Constant(29) → v-1, live range: [17-48]
 [0m  [0m18/37: Int32Constant(32) → v-1, live range: [18-41]
 [0m  [0m19/41: Int32Constant(64) → v-1, live range: [19-43]
 [0m  [0m20/45: Int32Constant(128) → v-1, live range: [20-45]
 [0m  [0m21/49: Int32Constant(256) → v-1, live range: [21-47]
 [0m   [0m22/9: Int32Constant(1023) → v-1, live range: [22-28]
  [0mBlock b0
 [0m[1;34m0x09b80101e091 <SharedFunctionInfo mayThrow> (0x09b80104a7b1 <String[18]: "workloads/throw.js">:17:17)
[m [0m[0;34m   0 : 0b 03             Ldar a0
[m [0m   [0m23/1: InitialValue(<this>) → [stack:-6|t], live range: [23-31]
 [0m   [0m24/2: InitialValue(a0) → [stack:-7|t], live range: [24-31]
 [0m   [0m25/6: FunctionEntryStackCheck
 [0m         ↳ lazy @-1 : {<closure>:n3:[constant:v-1], <this>:n1:[stack:-6|t], a0:n2:[stack:-7|t], <context>:n4:[constant:v-1]} (addr:0x10c00fa1450)
 [0m   [0m26/7: Jump b1
 [0m      ↓
  [0mBlock b1
 [0m     [0m57: GapMove([stack:-7|t] → [rax|R|t])
 [0m[1;34m0x09b80101e091 <SharedFunctionInfo mayThrow> (0x09b80104a7b1 <String[18]: "workloads/throw.js">:0:0)
[m [0m[0;34m   2 : 00 57 ff 03 00 00 BitwiseAndSmi.Wide [1023], FBV[0]
[m [0m         ↱ eager @2 : {<closure>:n3:[constant:v-1], <this>:n1:[stack:-6|t], a0:n2:[stack:-7|t], <context>:n4:[constant:v-1], <accumulator>:n2:[stack:-7|t]} (addr:0x10c00fa19f8)
 [0m   [0m27/8: CheckedSmiUntag [v24/n2:[rax|R|t]] → [rax|R|w32], live range: [27-31]
 [0m     [0m58: GapMove([rax|R|w32] → [rcx|R|w32])
 [0m  [0m28/10: Int32BitwiseAnd [v27/n8:[rax|R|w32], v22/n9:[constant:v-1]] → [rax|R|w32], live range: [28-29]
 [0m     [0m59: ConstantGapMove(n12 → [rdx|R|w32])
 [0m[0;34m  14 : a8 11             JumpIfFalse [17]
[m[0;31m╭──[0m29/14: BranchIfInt32Compare(StrictEqual) [v28/n10:[rax|R|w32], v4/n12:[rdx|R|w32]] b2 b3
[0;31m│[0m      ↓
[0;31m│ [0mBlock b2
[0;31m│[0m[0;34m  16 : 23 00 01          LdaGlobal [0:"Error"], FBV[1]
[m[0;31m│[0m         ↱ eager @2 : {<closure>:n3:[constant:v-1], <this>:n1:[stack:-6|t], a0:n2:[stack:-7|t], <context>:n4:[constant:v-1], <accumulator>:n2:[stack:-7|t]} (addr:0x10c00fa19f8)
[0;31m│[0m  [0m30/17: Deopt(Insufficient type feedback for generic global access)
[0;31m│[0m
[0;31m╰►[0mBlock b3
 [0m[0;34m  36 : 4f 01 05          AddSmi [1], FBV[5]
[m [0m         ↱ eager @36 : {<closure>:n3:[constant:v-1], <this>:n1:[stack:-6|t], a0:n2:[stack:-7|t], <context>:n4:[constant:v-1], <accumulator>:n2:[stack:-7|t]} (addr:0x10c00fa2378)
 [0m  [0m31/18: Int32IncrementWithOverflow [v27/n8:[rcx|R|w32]] → [rcx|R|w32], live range: [31-32]
 [0m[0;34m  40 : 56 03 06          BitwiseXorSmi [3], FBV[6]
[m [0m  [0m32/20: Int32BitwiseXor [v31/n18:[rcx|R|w32], v6/n19:[constant:v-1]] → [rcx|R|w32], live range: [32-33]
 [0m[0;34m  44 : 4f 02 07          AddSmi [2], FBV[7]
[m [0m  [0m33/22: Int32Add [v32/n20:[rcx|R|w32], v5/n21:[constant:v-1]] → [rcx|R|w32], live range: [33-34]
 [0m[0;34m  48 : 56 05 08          BitwiseXorSmi [5], FBV[8]
[m [0m  [0m34/24: Int32BitwiseXor [v33/n22:[rcx|R|w32], v8/n23:[constant:v-1]] → [rcx|R|w32], live range: [34-35]
 [0m[0;34m  52 : 4f 04 09          AddSmi [4], FBV[9]
[m [0m  [0m35/26: Int32Add [v34/n24:[rcx|R|w32], v7/n25:[constant:v-1]] → [rcx|R|w32], live range: [35-36]
 [0m[0;34m  56 : 56 07 0a          BitwiseXorSmi [7], FBV[10]
[m [0m  [0m36/28: Int32BitwiseXor [v35/n26:[rcx|R|w32], v9/n27:[constant:v-1]] → [rcx|R|w32], live range: [36-37]
 [0m[0;34m  60 : 4f 08 0b          AddSmi [8], FBV[11]
[m [0m  [0m37/30: Int32Add [v36/n28:[rcx|R|w32], v10/n29:[constant:v-1]] → [rcx|R|w32], live range: [37-38]
 [0m[0;34m  64 : 56 0b 0c          BitwiseXorSmi [11], FBV[12]
[m [0m  [0m38/32: Int32BitwiseXor [v37/n30:[rcx|R|w32], v11/n31:[constant:v-1]] → [rcx|R|w32], live range: [38-39]
 [0m[0;34m  68 : 4f 10 0d          AddSmi [16], FBV[13]
[m [0m  [0m39/34: Int32Add [v38/n32:[rcx|R|w32], v13/n33:[constant:v-1]] → [rcx|R|w32], live range: [39-40]
 [0m[0;34m  72 : 56 0d 0e          BitwiseXorSmi [13], FBV[14]
[m [0m  [0m40/36: Int32BitwiseXor [v39/n34:[rcx|R|w32], v12/n35:[constant:v-1]] → [rcx|R|w32], live range: [40-41]
 [0m[0;34m  76 : 4f 20 0f          AddSmi [32], FBV[15]
[m [0m  [0m41/38: Int32Add [v40/n36:[rcx|R|w32], v18/n37:[constant:v-1]] → [rcx|R|w32], live range: [41-42]
 [0m[0;34m  80 : 56 11 10          BitwiseXorSmi [17], FBV[16]
[m [0m  [0m42/40: Int32BitwiseXor [v41/n38:[rcx|R|w32], v14/n39:[constant:v-1]] → [rcx|R|w32], live range: [42-43]
 [0m[0;34m  84 : 4f 40 11          AddSmi [64], FBV[17]
[m [0m  [0m43/42: Int32Add [v42/n40:[rcx|R|w32], v19/n41:[constant:v-1]] → [rcx|R|w32], live range: [43-44]
 [0m[0;34m  88 : 56 13 12          BitwiseXorSmi [19], FBV[18]
[m [0m  [0m44/44: Int32BitwiseXor [v43/n42:[rcx|R|w32], v15/n43:[constant:v-1]] → [rcx|R|w32], live range: [44-45]
 [0m[0;34m  92 : 00 4f 80 00 13 00 AddSmi.Wide [128], FBV[19]
[m [0m  [0m45/46: Int32Add [v44/n44:[rcx|R|w32], v20/n45:[constant:v-1]] → [rcx|R|w32], live range: [45-46]
 [0m[0;34m  99 : 56 17 14          BitwiseXorSmi [23], FBV[20]
[m [0m  [0m46/48: Int32BitwiseXor [v45/n46:[rcx|R|w32], v16/n47:[constant:v-1]] → [rcx|R|w32], live range: [46-47]
 [0m[0;34m 103 : 00 4f 00 01 15 00 AddSmi.Wide [256], FBV[21]
[m [0m  [0m47/50: Int32Add [v46/n48:[rcx|R|w32], v21/n49:[constant:v-1]] → [rcx|R|w32], live range: [47-48]
 [0m[0;34m 110 : 56 1d 16          BitwiseXorSmi [29], FBV[22]
[m [0m  [0m48/52: Int32BitwiseXor [v47/n50:[rcx|R|w32], v17/n51:[constant:v-1]] → [rcx|R|w32], live range: [48-50]
 [0m     [0m60: ConstantGapMove(n53 → [rax|R|t])
 [0m[0;34m 114 : b9                Return
[m [0m  [0m49/54: ReduceInterruptBudgetForReturn(114) [v1/n53:[rax|R|t]]
 [0m  [0m50/55: Int32ToNumber[kCanonicalizeSmi] [v48/n52:[rcx|R|w32]] → [rax|R|t], live range: [50-51]
 [0m  [0m51/56: Return [v50/n55:[rax|R|t]]
 [0m
Compiling 0x09b80101e1ed <JSFunction risky (sfi = 0x9b80101e0c1)> with Maglev
----- Bytecode array -----
Parameter count 2
Register count 4
Frame size 32
         0x31a01000184 @    0 : 0b 03             Ldar a0
         0x31a01000186 @    2 : 51 02 00          MulSmi [2], FBV[0]
         0x31a01000189 @    5 : d4                Star0
         0x31a0100018a @    6 : 1b ff f8          Mov <context>, r1
         0x31a0100018d @    9 : 23 00 02          LdaGlobal [0:"mayThrow"], FBV[2]
         0x31a01000190 @   12 : d1                Star3
         0x31a01000191 @   13 : 6d f6 03 04       CallUndefinedReceiver1 r3, a0, FBV[4]
         0x31a01000195 @   17 : 42 f9 01          Add r0, FBV[1]
         0x31a01000198 @   20 : 1b f9 f7          Mov r0, r2
         0x31a0100019b @   23 : d4                Star0
         0x31a0100019c @   24 : 98 15             Jump [21] (0x31a010001b1 @ 45)
         0x31a0100019e @   26 : d2                Star2
         0x31a0100019f @   27 : 8f f7 01          CreateCatchContext r2, [1:0x09b80101e2d1 <ScopeInfo CATCH_SCOPE>]
         0x31a010001a2 @   30 : d3                Star1
         0x31a010001a3 @   31 : 10                LdaTheHole
         0x31a010001a4 @   32 : b6                SetPendingMessage
         0x31a010001a5 @   33 : 0b f8             Ldar r1
         0x31a010001a7 @   35 : 1c f7             PushContext r2
         0x31a010001a9 @   37 : 0b f9             Ldar r0
         0x31a010001ab @   39 : 50 01 06          SubSmi [1], FBV[6]
         0x31a010001ae @   42 : d4                Star0
         0x31a010001af @   43 : 1d f7             PopContext r2
         0x31a010001b1 @   45 : 0b f9             Ldar r0
         0x31a010001b3 @   47 : b9                Return
Constant pool (size = 2)
0x31a0100014d: [TrustedFixedArray]
 - map: 0x09b800000605 <Map(TRUSTED_FIXED_ARRAY_TYPE)>
 - length: 2
           0: 0x09b80101dfa9 <String[8]: #mayThrow>
           1: 0x09b80101e2d1 <ScopeInfo CATCH_SCOPE>
Handler Table (size = 16)
   from   to       hdlr (prediction,   data)
  (   9,  24)  ->    26 (prediction=1, data=1)
Source Position Table (size = 0)
0x9b80101e4d9: [FeedbackVector] in OldSpace
 - map: 0x09b800000899 <Map(FEEDBACK_VECTOR_TYPE)>
 - length: 7
 - shared function info: 0x09b80101e0c1 <SharedFunctionInfo risky>
 - tiering_in_progress: 0
 - osr_tiering_in_progress: 0
 - invocation count: 402
 - closure feedback cell array: 0x9b8000021d9: [ClosureFeedbackCellArray] in ReadOnlySpace
 - map: 0x09b800000871 <Map(CLOSURE_FEEDBACK_CELL_ARRAY_TYPE)>
 - length: 0
 - elements:

 - slot #0 BinaryOp BinaryOp:SignedSmall {
     [0]: 1
  }
 - slot #1 BinaryOp BinaryOp:SignedSmall {
     [1]: 1
  }
 - slot #2 LoadGlobalNotInsideTypeof MONOMORPHIC
   [weak] 0x09b80101e1d9 <PropertyCell name=0x09b80101dfa9 <String[8]: #mayThrow> value=0x09b80101e1b9 <JSFunction mayThrow (sfi = 0x9b80101e091)>> {
     [2]: [weak] 0x09b80101e1d9 <PropertyCell name=0x09b80101dfa9 <String[8]: #mayThrow> value=0x09b80101e1b9 <JSFunction mayThrow (sfi = 0x9b80101e091)>>
     [3]: 0x09b800000e95 <Symbol: (uninitialized_symbol)>
  }
 - slot #4 Call MONOMORPHIC {
     [4]: [weak] 0x09b80101e1b9 <JSFunction mayThrow (sfi = 0x9b80101e091)>
     [5]: 3208
  }
 - slot #6 BinaryOp BinaryOp:None {
     [6]: 0
  }

----- After graph building -----
Graph

[0m  [0m17: Constant(0x09b80101e175 <FeedbackCell[one closure]>), 1 uses
[0m   [0m3: Constant(0x09b80101e1ed <JSFunction risky (sfi = 0x9b80101e0c1)>), 4 uses
[0m   [0m4: Constant(0x09b80101e1a5 <ScriptContext[3]>), 7 uses
[0m  [0m11: Constant(0x09b80101e1b9 <JSFunction mayThrow (sfi = 0x9b80101e091)>), 1 uses
[0m  [0m12: Constant(0x09b801004925 <JSGlobalProxy>), 1 uses
[0m   [0m5: RootConstant(undefined_value), 1 uses
[0m   [0m8: Int32Constant(2), 1 uses, cannot truncate to int32
 [0mBlock b0
[0m[1;34m0x09b80101e0c1 <SharedFunctionInfo risky> (0x09b80104a7b1 <String[18]: "workloads/throw.js">:27:14)
[m[0m[0;34m   0 : 0b 03             Ldar a0
[m[0m   [0m1: InitialValue(<this>), 4 uses
[0m   [0m2: InitialValue(a0), 7 uses
[0m   [0m6: FunctionEntryStackCheck
[0m      ↳ lazy @-1 : {<closure>:n3:, <this>:n1:, a0:n2:, <context>:n4:} (addr:0x10c00fa0678)
[0m   [0m7: Jump b1
[0m   ↓
 [0mBlock b1
[0m[1;34m0x09b80101e0c1 <SharedFunctionInfo risky> (0x09b80104a7b1 <String[18]: "workloads/throw.js">:0:0)
[m[0m[0;34m   2 : 51 02 00          MulSmi [2], FBV[0]
[m[0m      ↱ eager @2 : {<closure>:n3:, <this>:n1:, a0:n2:, <context>:n4:, <accumulator>:n2:} (addr:0x10c00fa0e50)
[0m   [0m9: CheckedSmiUntag [n2], 1 uses, cannot truncate to int32
[0m      ↱ eager @2 : {<closure>:n3:, <this>:n1:, a0:n2:, <context>:n4:, <accumulator>:n2:} (addr:0x10c00fa0e50)
[0m  [0m10: Int32MultiplyWithOverflow [n9, n8], 3 uses, cannot truncate to int32
[0m[0;34m  13 : 6d f6 03 04       CallUndefinedReceiver1 r3, a0, FBV[4]
[m[0m  [0m13: 🐢 CallKnownJSFunction(0x09b80101e091 <SharedFunctionInfo mayThrow>, {Int32}) [n11, n4, n12, n5, n2], 2 uses
[0m      ↳ lazy @13 : {<closure>:n3:, <this>:n1:, a0:n2:, <context>:n4:, r0:n10:, r1:n4:} (addr:0x10c00fa2b40)
[0m[0;34m  17 : 42 f9 01          Add r0, FBV[1]
[m[0m      ↱ eager @17 : {<closure>:n3:, <this>:n1:, a0:n2:, <context>:n4:, r0:n10:, r1:n4:, <accumulator>:n13:} (addr:0x10c00fa2cb8)
[0m  [0m14: CheckedSmiUntag [n13], 1 uses, cannot truncate to int32
[0m      ↱ eager @17 : {<closure>:n3:, <this>:n1:, a0:n2:, <context>:n4:, r0:n10:, r1:n4:, <accumulator>:n13:} (addr:0x10c00fa2cb8)
[0m  [0m15: Int32AddWithOverflow [n10, n14], 1 uses, can truncate to int32 [-2147483648, 2147483647]
[0m[0;34m  24 : 98 15             Jump [21]
[m[0m  [0m16: Jump b2
[0m   ↓
 [0mBlock b2
[0m[0;34m  47 : b9                Return
[m[0m  [0m18: ReduceInterruptBudgetForReturn(47) [n17]
[0m  [0m19: Int32ToNumber[kCanonicalizeSmi] [n15], 1 uses
[0m  [0m20: Return [n19]
[0m

----- After use marking -----
Graph

[0m  [0m17: Constant(0x09b80101e175 <FeedbackCell[one closure]>) → (x)
[0m   [0m3: Constant(0x09b80101e1ed <JSFunction risky (sfi = 0x9b80101e0c1)>) → (x)
[0m   [0m4: Constant(0x09b80101e1a5 <ScriptContext[3]>) → (x)
[0m  [0m11: Constant(0x09b80101e1b9 <JSFunction mayThrow (sfi = 0x9b80101e091)>) → (x)
[0m  [0m12: Constant(0x09b801004925 <JSGlobalProxy>) → (x)
[0m   [0m5: RootConstant(undefined_value) → (x)
[0m   [0m8: Int32Constant(2) → (x)
 [0mBlock b0
[0m[1;34m0x09b80101e0c1 <SharedFunctionInfo risky> (0x09b80104a7b1 <String[18]: "workloads/throw.js">:27:14)
[m[0m[0;34m   0 : 0b 03             Ldar a0
[m[0m   [0m1: InitialValue(<this>) → (x)
[0m   [0m2: InitialValue(a0) → (x)
[0m   [0m6: FunctionEntryStackCheck
[0m      ↳ lazy @-1 : {<closure>:n3:, <this>:n1:, a0:n2:, <context>:n4:} (addr:0x10c00fa0678)
[0m   [0m7: Jump b1
[0m   ↓
 [0mBlock b1
[0m[1;34m0x09b80101e0c1 <SharedFunctionInfo risky> (0x09b80104a7b1 <String[18]: "workloads/throw.js">:0:0)
[m[0m[0;34m   2 : 51 02 00          MulSmi [2], FBV[0]
[m[0m      ↱ eager @2 : {<closure>:n3:, <this>:n1:, a0:n2:, <context>:n4:, <accumulator>:n2:} (addr:0x10c00fa0e50)
[0m   [0m9: CheckedSmiUntag [v0/n2:(x)] → (x)
[0m      ↱ eager @2 : {<closure>:n3:, <this>:n1:, a0:n2:, <context>:n4:, <accumulator>:n2:} (addr:0x10c00fa0e50)
[0m  [0m10: Int32MultiplyWithOverflow [v0/n9:(x), v0/n8:(x)] → (x)
[0m[0;34m  13 : 6d f6 03 04       CallUndefinedReceiver1 r3, a0, FBV[4]
[m[0m  [0m13: 🐢 CallKnownJSFunction(0x09b80101e091 <SharedFunctionInfo mayThrow>, {Int32}) [v0/n11:(x), v0/n4:(x), v0/n12:(x), v0/n5:(x), v0/n2:(x)] → (x)
[0m      ↳ lazy @13 : {<closure>:n3:, <this>:n1:, a0:n2:, <context>:n4:, r0:n10:, r1:n4:} (addr:0x10c00fa2b40)
[0m[0;34m  17 : 42 f9 01          Add r0, FBV[1]
[m[0m      ↱ eager @17 : {<closure>:n3:, <this>:n1:, a0:n2:, <context>:n4:, r0:n10:, r1:n4:, <accumulator>:n13:} (addr:0x10c00fa2cb8)
[0m  [0m14: CheckedSmiUntag [v0/n13:(x)] → (x)
[0m      ↱ eager @17 : {<closure>:n3:, <this>:n1:, a0:n2:, <context>:n4:, r0:n10:, r1:n4:, <accumulator>:n13:} (addr:0x10c00fa2cb8)
[0m  [0m15: Int32AddWithOverflow [v0/n10:(x), v0/n14:(x)] → (x)
[0m[0;34m  24 : 98 15             Jump [21]
[m[0m  [0m16: Jump b2
[0m   ↓
 [0mBlock b2
[0m[0;34m  47 : b9                Return
[m[0m  [0m18: ReduceInterruptBudgetForReturn(47) [v0/n17:(x)]
[0m  [0m19: Int32ToNumber[kCanonicalizeSmi] [v0/n15:(x)] → (x)
[0m  [0m20: Return [v0/n19:(x)]
[0m

----- After register allocation pre-processing -----
Graph

[0m   [0m1/17: Constant(0x09b80101e175 <FeedbackCell[one closure]>) → v-1, live range: [1-18]
[0m    [0m2/3: Constant(0x09b80101e1ed <JSFunction risky (sfi = 0x9b80101e0c1)>) → v-1, live range: [2-16]
[0m    [0m3/4: Constant(0x09b80101e1a5 <ScriptContext[3]>) → v-1, live range: [3-16]
[0m   [0m4/11: Constant(0x09b80101e1b9 <JSFunction mayThrow (sfi = 0x9b80101e091)>) → v-1, live range: [4-14]
[0m   [0m5/12: Constant(0x09b801004925 <JSGlobalProxy>) → v-1, live range: [5-14]
[0m    [0m6/5: RootConstant(undefined_value) → v-1, live range: [6-14]
[0m    [0m7/8: Int32Constant(2) → v-1, live range: [7-13]
 [0mBlock b0
[0m[1;34m0x09b80101e0c1 <SharedFunctionInfo risky> (0x09b80104a7b1 <String[18]: "workloads/throw.js">:27:14)
[m[0m[0;34m   0 : 0b 03             Ldar a0
[m[0m    [0m8/1: InitialValue(<this>) → v-1(=-6S), live range: [8-16]
[0m    [0m9/2: InitialValue(a0) → v-1(=-7S), live range: [9-16]
[0m   [0m10/6: FunctionEntryStackCheck
[0m         ↳ lazy @-1 : {<closure>:n3:(x), <this>:n1:(x), a0:n2:(x), <context>:n4:(x)} (addr:0x10c00fa0678)
[0m   [0m11/7: Jump b1
[0m      ↓
 [0mBlock b1
[0m[1;34m0x09b80101e0c1 <SharedFunctionInfo risky> (0x09b80104a7b1 <String[18]: "workloads/throw.js">:0:0)
[m[0m[0;34m   2 : 51 02 00          MulSmi [2], FBV[0]
[m[0m         ↱ eager @2 : {<closure>:n3:(x), <this>:n1:(x), a0:n2:(x), <context>:n4:(x), <accumulator>:n2:(x)} (addr:0x10c00fa0e50)
[0m   [0m12/9: CheckedSmiUntag [v9/n2:v-1(R)] → v-1(0), live range: [12-13]
[0m         ↱ eager @2 : {<closure>:n3:(x), <this>:n1:(x), a0:n2:(x), <context>:n4:(x), <accumulator>:n2:(x)} (addr:0x10c00fa0e50)
[0m  [0m13/10: Int32MultiplyWithOverflow [v12/n9:v-1(R), v7/n8:v-1(R)] → v-1(0), live range: [13-16]
[0m[0;34m  13 : 6d f6 03 04       CallUndefinedReceiver1 r3, a0, FBV[4]
[m[0m  [0m14/13: 🐢 CallKnownJSFunction(0x09b80101e091 <SharedFunctionInfo mayThrow>, {Int32}) [v4/n11:v-1(=rdi), v3/n4:v-1(=rsi), v5/n12:v-1(*), v6/n5:v-1(=rdx), v9/n2:v-1(*)] → v-1(=rax), live range: [14-16]
[0m         ↳ lazy @13 : {<closure>:n3:(x), <this>:n1:(x), a0:n2:(x), <context>:n4:(x), r0:n10:(x), r1:n4:(x)} (addr:0x10c00fa2b40)
[0m[0;34m  17 : 42 f9 01          Add r0, FBV[1]
[m[0m         ↱ eager @17 : {<closure>:n3:(x), <this>:n1:(x), a0:n2:(x), <context>:n4:(x), r0:n10:(x), r1:n4:(x), <accumulator>:n13:(x)} (addr:0x10c00fa2cb8)
[0m  [0m15/14: CheckedSmiUntag [v14/n13:v-1(R)] → v-1(0), live range: [15-16]
[0m         ↱ eager @17 : {<closure>:n3:(x), <this>:n1:(x), a0:n2:(x), <context>:n4:(x), r0:n10:(x), r1:n4:(x), <accumulator>:n13:(x)} (addr:0x10c00fa2cb8)
[0m  [0m16/15: Int32AddWithOverflow [v13/n10:v-1(R), v15/n14:v-1(R)] → v-1(0), live range: [16-19]
[0m[0;34m  24 : 98 15             Jump [21]
[m[0m  [0m17/16: Jump b2
[0m      ↓
 [0mBlock b2
[0m[0;34m  47 : b9                Return
[m[0m  [0m18/18: ReduceInterruptBudgetForReturn(47) [v1/n17:v-1(R)]
[0m  [0m19/19: Int32ToNumber[kCanonicalizeSmi] [v16/n15:v-1(R)] → v-1(R), live range: [19-20]
[0m  [0m20/20: Return [v19/n19:v-1(=rax)]
[0m

----- After register allocation -----
Graph

[0m   [0m1/17: Constant(0x09b80101e175 <FeedbackCell[one closure]>) → v-1, live range: [1-18]
[0m    [0m2/3: Constant(0x09b80101e1ed <JSFunction risky (sfi = 0x9b80101e0c1)>) → v-1, live range: [2-16]
[0m    [0m3/4: Constant(0x09b80101e1a5 <ScriptContext[3]>) → v-1, live range: [3-16]
[0m   [0m4/11: Constant(0x09b80101e1b9 <JSFunction mayThrow (sfi = 0x9b80101e091)>) → v-1, live range: [4-14]
[0m   [0m5/12: Constant(0x09b801004925 <JSGlobalProxy>) → v-1, live range: [5-14]
[0m    [0m6/5: RootConstant(undefined_value) → v-1, live range: [6-14]
[0m    [0m7/8: Int32Constant(2) → v-1, live range: [7-13]
 [0mBlock b0
[0m[1;34m0x09b80101e0c1 <SharedFunctionInfo risky> (0x09b80104a7b1 <String[18]: "workloads/throw.js">:27:14)
[m[0m[0;34m   0 : 0b 03             Ldar a0
[m[0m    [0m8/1: InitialValue(<this>) → [stack:-6|t], live range: [8-16]
[0m    [0m9/2: InitialValue(a0) → [stack:-7|t], live range: [9-16]
[0m   [0m10/6: FunctionEntryStackCheck
[0m         ↳ lazy @-1 : {<closure>:n3:[constant:v-1], <this>:n1:[stack:-6|t], a0:n2:[stack:-7|t], <context>:n4:[constant:v-1]} (addr:0x10c00fa0678)
[0m   [0m11/7: Jump b1
[0m      ↓
 [0mBlock b1
[0m     [0m21: GapMove([stack:-7|t] → [rax|R|t])
[0m[1;34m0x09b80101e0c1 <SharedFunctionInfo risky> (0x09b80104a7b1 <String[18]: "workloads/throw.js">:0:0)
[m[0m[0;34m   2 : 51 02 00          MulSmi [2], FBV[0]
[m[0m         ↱ eager @2 : {<closure>:n3:[constant:v-1], <this>:n1:[stack:-6|t], a0:n2:[stack:-7|t], <context>:n4:[constant:v-1], <accumulator>:n2:[stack:-7|t]} (addr:0x10c00fa0e50)
[0m   [0m12/9: CheckedSmiUntag [v9/n2:[rax|R|t]] → [rax|R|w32], live range: [12-13]
[0m     [0m22: ConstantGapMove(n8 → [rcx|R|w32])
[0m         ↱ eager @2 : {<closure>:n3:[constant:v-1], <this>:n1:[stack:-6|t], a0:n2:[stack:-7|t], <context>:n4:[constant:v-1], <accumulator>:n2:[stack:-7|t]} (addr:0x10c00fa0e50)
[0m  [0m13/10: Int32MultiplyWithOverflow [v12/n9:[rax|R|w32], v7/n8:[rcx|R|w32]] → [rax|R|w32] (spilled: [stack:0|w32]), live range: [13-16]
[0m     [0m23: ConstantGapMove(n11 → [rdi|R|t])
[0m     [0m24: ConstantGapMove(n4 → [rsi|R|t])
[0m     [0m25: ConstantGapMove(n5 → [rdx|R|t])
[0m[0;34m  13 : 6d f6 03 04       CallUndefinedReceiver1 r3, a0, FBV[4]
[m[0m  [0m14/13: 🐢 CallKnownJSFunction(0x09b80101e091 <SharedFunctionInfo mayThrow>, {Int32}) [v4/n11:[rdi|R|t], v3/n4:[rsi|R|t], v5/n12:[constant:v-1], v6/n5:[rdx|R|t], v9/n2:[stack:-7|t]] → [rax|R|t], live range: [14-16]
[0m         ↳ lazy @13 : {<closure>:n3:[constant:v-1], <this>:n1:[stack:-6|t], a0:n2:[stack:-7|t], <context>:n4:[constant:v-1], r0:n10:[stack:0|w32], r1:n4:[constant:v-1]} (addr:0x10c00fa2b40)
[0m     [0m26: GapMove([rax|R|t] → [rcx|R|t])
[0m[0;34m  17 : 42 f9 01          Add r0, FBV[1]
[m[0m         ↱ eager @17 : {<closure>:n3:[constant:v-1], <this>:n1:[stack:-6|t], a0:n2:[stack:-7|t], <context>:n4:[constant:v-1], r0:n10:[stack:0|w32], r1:n4:[constant:v-1], <accumulator>:n13:[rcx|R|t]} (addr:0x10c00fa2cb8)
[0m  [0m15/14: CheckedSmiUntag [v14/n13:[rax|R|t]] → [rax|R|w32], live range: [15-16]
[0m     [0m27: GapMove([stack:0|w32] → [rdx|R|w32])
[0m         ↱ eager @17 : {<closure>:n3:[constant:v-1], <this>:n1:[stack:-6|t], a0:n2:[stack:-7|t], <context>:n4:[constant:v-1], r0:n10:[stack:0|w32], r1:n4:[constant:v-1], <accumulator>:n13:[rcx|R|t]} (addr:0x10c00fa2cb8)
[0m  [0m16/15: Int32AddWithOverflow [v13/n10:[rdx|R|w32], v15/n14:[rax|R|w32]] → [rdx|R|w32], live range: [16-19]
[0m[0;34m  24 : 98 15             Jump [21]
[m[0m  [0m17/16: Jump b2
[0m      ↓
 [0mBlock b2
[0m     [0m28: ConstantGapMove(n17 → [rax|R|t])
[0m[0;34m  47 : b9                Return
[m[0m  [0m18/18: ReduceInterruptBudgetForReturn(47) [v1/n17:[rax|R|t]]
[0m  [0m19/19: Int32ToNumber[kCanonicalizeSmi] [v16/n15:[rdx|R|w32]] → [rax|R|t], live range: [19-20]
[0m  [0m20/20: Return [v19/n19:[rax|R|t]]
[0m
Compiling 0x09b80101e221 <JSFunction bare (sfi = 0x9b80101e0f1)> with Maglev
----- Bytecode array -----
Parameter count 2
Register count 2
Frame size 16
         0x31a010002b0 @    0 : 1b ff f9          Mov <context>, r0
         0x31a010002b3 @    3 : 23 00 00          LdaGlobal [0:"mayThrow"], FBV[0]
         0x31a010002b6 @    6 : d3                Star1
         0x31a010002b7 @    7 : 6d f8 03 02       CallUndefinedReceiver1 r1, a0, FBV[2]
         0x31a010002bb @   11 : 98 0f             Jump [15] (0x31a010002ca @ 26)
         0x31a010002bd @   13 : d3                Star1
         0x31a010002be @   14 : 8f f8 01          CreateCatchContext r1, [1:0x09b80101e39d <ScopeInfo CATCH_SCOPE>]
         0x31a010002c1 @   17 : d4                Star0
         0x31a010002c2 @   18 : 10                LdaTheHole
         0x31a010002c3 @   19 : b6                SetPendingMessage
         0x31a010002c4 @   20 : 0b f9             Ldar r0
         0x31a010002c6 @   22 : 1c f8             PushContext r1
         0x31a010002c8 @   24 : 1d f8             PopContext r1
         0x31a010002ca @   26 : 0c                LdaZero
         0x31a010002cb @   27 : b9                Return
Constant pool (size = 2)
0x31a01000279: [TrustedFixedArray]
 - map: 0x09b800000605 <Map(TRUSTED_FIXED_ARRAY_TYPE)>
 - length: 2
           0: 0x09b80101dfa9 <String[8]: #mayThrow>
           1: 0x09b80101e39d <ScopeInfo CATCH_SCOPE>
Handler Table (size = 16)
   from   to       hdlr (prediction,   data)
  (   3,  11)  ->    13 (prediction=1, data=0)
Source Position Table (size = 0)
0x9b80101e511: [FeedbackVector] in OldSpace
 - map: 0x09b800000899 <Map(FEEDBACK_VECTOR_TYPE)>
 - length: 4
 - shared function info: 0x09b80101e0f1 <SharedFunctionInfo bare>
 - tiering_in_progress: 0
 - osr_tiering_in_progress: 0
 - invocation count: 402
 - closure feedback cell array: 0x9b8000021d9: [ClosureFeedbackCellArray] in ReadOnlySpace
 - map: 0x09b800000871 <Map(CLOSURE_FEEDBACK_CELL_ARRAY_TYPE)>
 - length: 0
 - elements:

 - slot #0 LoadGlobalNotInsideTypeof MONOMORPHIC
   [weak] 0x09b80101e1d9 <PropertyCell name=0x09b80101dfa9 <String[8]: #mayThrow> value=0x09b80101e1b9 <JSFunction mayThrow (sfi = 0x9b80101e091)>> {
     [0]: [weak] 0x09b80101e1d9 <PropertyCell name=0x09b80101dfa9 <String[8]: #mayThrow> value=0x09b80101e1b9 <JSFunction mayThrow (sfi = 0x9b80101e091)>>
     [1]: 0x09b800000e95 <Symbol: (uninitialized_symbol)>
  }
 - slot #2 Call MONOMORPHIC {
     [2]: [weak] 0x09b80101e1b9 <JSFunction mayThrow (sfi = 0x9b80101e091)>
     [3]: 3208
  }

----- After graph building -----
Graph

[0m  [0m13: Constant(0x09b80101e185 <FeedbackCell[one closure]>), 1 uses
[0m   [0m3: Constant(0x09b80101e221 <JSFunction bare (sfi = 0x9b80101e0f1)>), 2 uses
[0m   [0m4: Constant(0x09b80101e1a5 <ScriptContext[3]>), 4 uses
[0m   [0m8: Constant(0x09b80101e1b9 <JSFunction mayThrow (sfi = 0x9b80101e091)>), 1 uses
[0m   [0m9: Constant(0x09b801004925 <JSGlobalProxy>), 1 uses
[0m   [0m5: RootConstant(undefined_value), 1 uses
[0m  [0m12: SmiConstant(0), 1 uses
 [0mBlock b0
[0m[1;34m0x09b80101e0f1 <SharedFunctionInfo bare> (0x09b80104a7b1 <String[18]: "workloads/throw.js">:34:13)
[m[0m[0;34m   0 : 1b ff f9          Mov <context>, r0
[m[0m   [0m1: InitialValue(<this>), 2 uses
[0m   [0m2: InitialValue(a0), 3 uses
[0m   [0m6: FunctionEntryStackCheck
[0m      ↳ lazy @-1 : {<closure>:n3:, <this>:n1:, a0:n2:, <context>:n4:} (addr:0x10c00fa0400)
[0m   [0m7: Jump b1
[0m   ↓
 [0mBlock b1
[0m[1;34m0x09b80101e0f1 <SharedFunctionInfo bare> (0x09b80104a7b1 <String[18]: "workloads/throw.js">:0:0)
[m[0m[0;34m   7 : 6d f8 03 02       CallUndefinedReceiver1 r1, a0, FBV[2]
[m[0m  [0m10: 🐢 CallKnownJSFunction(0x09b80101e091 <SharedFunctionInfo mayThrow>, {}) [n8, n4, n9, n5, n2], 0 uses, but required
[0m      ↳ lazy @7 : {<closure>:n3:, <this>:n1:, a0:n2:, <context>:n4:, r0:n4:} (addr:0x10c00fa2660)
[0m[0;34m  11 : 98 0f             Jump [15]
[m[0m  [0m11: Jump b2
[0m   ↓
 [0mBlock b2
[0m[0;34m  27 : b9                Return
[m[0m  [0m14: ReduceInterruptBudgetForReturn(27) [n13]
[0m  [0m15: Return [n12]
[0m

----- After use marking -----
Graph

[0m  [0m13: Constant(0x09b80101e185 <FeedbackCell[one closure]>) → (x)
[0m   [0m3: Constant(0x09b80101e221 <JSFunction bare (sfi = 0x9b80101e0f1)>) → (x)
[0m   [0m4: Constant(0x09b80101e1a5 <ScriptContext[3]>) → (x)
[0m   [0m8: Constant(0x09b80101e1b9 <JSFunction mayThrow (sfi = 0x9b80101e091)>) → (x)
[0m   [0m9: Constant(0x09b801004925 <JSGlobalProxy>) → (x)
[0m   [0m5: RootConstant(undefined_value) → (x)
[0m  [0m12: SmiConstant(0) → (x)
 [0mBlock b0
[0m[1;34m0x09b80101e0f1 <SharedFunctionInfo bare> (0x09b80104a7b1 <String[18]: "workloads/throw.js">:34:13)
[m[0m[0;34m   0 : 1b ff f9          Mov <context>, r0
[m[0m   [0m1: InitialValue(<this>) → (x)
[0m   [0m2: InitialValue(a0) → (x)
[0m   [0m6: FunctionEntryStackCheck
[0m      ↳ lazy @-1 : {<closure>:n3:, <this>:n1:, a0:n2:, <context>:n4:} (addr:0x10c00fa0400)
[0m   [0m7: Jump b1
[0m   ↓
 [0mBlock b1
[0m[1;34m0x09b80101e0f1 <SharedFunctionInfo bare> (0x09b80104a7b1 <String[18]: "workloads/throw.js">:0:0)
[m[0m[0;34m   7 : 6d f8 03 02       CallUndefinedReceiver1 r1, a0, FBV[2]
[m[0m  [0m10: 🐢 CallKnownJSFunction(0x09b80101e091 <SharedFunctionInfo mayThrow>, {}) [v0/n8:(x), v0/n4:(x), v0/n9:(x), v0/n5:(x), v0/n2:(x)] → (x)
[0m      ↳ lazy @7 : {<closure>:n3:, <this>:n1:, a0:n2:, <context>:n4:, r0:n4:} (addr:0x10c00fa2660)
[0m[0;34m  11 : 98 0f             Jump [15]
[m[0m  [0m11: Jump b2
[0m   ↓
 [0mBlock b2
[0m[0;34m  27 : b9                Return
[m[0m  [0m14: ReduceInterruptBudgetForReturn(27) [v0/n13:(x)]
[0m  [0m15: Return [v0/n12:(x)]
[0m

----- After register allocation pre-processing -----
Graph

[0m   [0m1/13: Constant(0x09b80101e185 <FeedbackCell[one closure]>) → v-1, live range: [1-14]
[0m    [0m2/3: Constant(0x09b80101e221 <JSFunction bare (sfi = 0x9b80101e0f1)>) → v-1, live range: [2-12]
[0m    [0m3/4: Constant(0x09b80101e1a5 <ScriptContext[3]>) → v-1, live range: [3-12]
[0m    [0m4/8: Constant(0x09b80101e1b9 <JSFunction mayThrow (sfi = 0x9b80101e091)>) → v-1, live range: [4-12]
[0m    [0m5/9: Constant(0x09b801004925 <JSGlobalProxy>) → v-1, live range: [5-12]
[0m    [0m6/5: RootConstant(undefined_value) → v-1, live range: [6-12]
[0m   [0m7/12: SmiConstant(0) → v-1, live range: [7-15]
 [0mBlock b0
[0m[1;34m0x09b80101e0f1 <SharedFunctionInfo bare> (0x09b80104a7b1 <String[18]: "workloads/throw.js">:34:13)
[m[0m[0;34m   0 : 1b ff f9          Mov <context>, r0
[m[0m    [0m8/1: InitialValue(<this>) → v-1(=-6S), live range: [8-12]
[0m    [0m9/2: InitialValue(a0) → v-1(=-7S), live range: [9-12]
[0m   [0m10/6: FunctionEntryStackCheck
[0m         ↳ lazy @-1 : {<closure>:n3:(x), <this>:n1:(x), a0:n2:(x), <context>:n4:(x)} (addr:0x10c00fa0400)
[0m   [0m11/7: Jump b1
[0m      ↓
 [0mBlock b1
[0m[1;34m0x09b80101e0f1 <SharedFunctionInfo bare> (0x09b80104a7b1 <String[18]: "workloads/throw.js">:0:0)
[m[0m[0;34m   7 : 6d f8 03 02       CallUndefinedReceiver1 r1, a0, FBV[2]
[m[0m  [0m12/10: 🐢 CallKnownJSFunction(0x09b80101e091 <SharedFunctionInfo mayThrow>, {}) [v4/n8:v-1(=rdi), v3/n4:v-1(=rsi), v5/n9:v-1(*), v6/n5:v-1(=rdx), v9/n2:v-1(*)] → v-1(=rax)
[0m         ↳ lazy @7 : {<closure>:n3:(x), <this>:n1:(x), a0:n2:(x), <context>:n4:(x), r0:n4:(x)} (addr:0x10c00fa2660)
[0m[0;34m  11 : 98 0f             Jump [15]
[m[0m  [0m13/11: Jump b2
[0m      ↓
 [0mBlock b2
[0m[0;34m  27 : b9                Return
[m[0m  [0m14/14: ReduceInterruptBudgetForReturn(27) [v1/n13:v-1(R)]
[0m  [0m15/15: Return [v7/n12:v-1(=rax)]
[0m

----- After register allocation -----
Graph

[0m   [0m1/13: Constant(0x09b80101e185 <FeedbackCell[one closure]>) → v-1, live range: [1-14]
[0m    [0m2/3: Constant(0x09b80101e221 <JSFunction bare (sfi = 0x9b80101e0f1)>) → v-1, live range: [2-12]
[0m    [0m3/4: Constant(0x09b80101e1a5 <ScriptContext[3]>) → v-1, live range: [3-12]
[0m    [0m4/8: Constant(0x09b80101e1b9 <JSFunction mayThrow (sfi = 0x9b80101e091)>) → v-1, live range: [4-12]
[0m    [0m5/9: Constant(0x09b801004925 <JSGlobalProxy>) → v-1, live range: [5-12]
[0m    [0m6/5: RootConstant(undefined_value) → v-1, live range: [6-12]
[0m   [0m7/12: SmiConstant(0) → v-1, live range: [7-15]
 [0mBlock b0
[0m[1;34m0x09b80101e0f1 <SharedFunctionInfo bare> (0x09b80104a7b1 <String[18]: "workloads/throw.js">:34:13)
[m[0m[0;34m   0 : 1b ff f9          Mov <context>, r0
[m[0m    [0m8/1: InitialValue(<this>) → [stack:-6|t], live range: [8-12]
[0m    [0m9/2: InitialValue(a0) → [stack:-7|t], live range: [9-12]
[0m   [0m10/6: FunctionEntryStackCheck
[0m         ↳ lazy @-1 : {<closure>:n3:[constant:v-1], <this>:n1:[stack:-6|t], a0:n2:[stack:-7|t], <context>:n4:[constant:v-1]} (addr:0x10c00fa0400)
[0m   [0m11/7: Jump b1
[0m      ↓
 [0mBlock b1
[0m     [0m16: ConstantGapMove(n8 → [rdi|R|t])
[0m     [0m17: ConstantGapMove(n4 → [rsi|R|t])
[0m     [0m18: ConstantGapMove(n5 → [rdx|R|t])
[0m[1;34m0x09b80101e0f1 <SharedFunctionInfo bare> (0x09b80104a7b1 <String[18]: "workloads/throw.js">:0:0)
[m[0m[0;34m   7 : 6d f8 03 02       CallUndefinedReceiver1 r1, a0, FBV[2]
[m[0m  [0m12/10: 🐢 CallKnownJSFunction(0x09b80101e091 <SharedFunctionInfo mayThrow>, {}) [v4/n8:[rdi|R|t], v3/n4:[rsi|R|t], v5/n9:[constant:v-1], v6/n5:[rdx|R|t], v9/n2:[stack:-7|t]] → [rax|R|t]
[0m         ↳ lazy @7 : {<closure>:n3:[constant:v-1], <this>:n1:[stack:-6|t], a0:n2:[stack:-7|t], <context>:n4:[constant:v-1], r0:n4:[constant:v-1]} (addr:0x10c00fa2660)
[0m[0;34m  11 : 98 0f             Jump [15]
[m[0m  [0m13/11: Jump b2
[0m      ↓
 [0mBlock b2
[0m     [0m19: ConstantGapMove(n13 → [rax|R|t])
[0m[0;34m  27 : b9                Return
[m[0m  [0m14/14: ReduceInterruptBudgetForReturn(27) [v1/n13:[rax|R|t]]
[0m     [0m20: ConstantGapMove(n12 → [rax|R|t])
[0m  [0m15/15: Return [v7/n12:[rax|R|t]]
[0m
Compiling 0x09b80101e1b9 <JSFunction mayThrow (sfi = 0x9b80101e091)> with Maglev
----- Bytecode array -----
Parameter count 2
Register count 3
Frame size 24
         0x31a010001ec @    0 : 0b 03             Ldar a0
         0x31a010001ee @    2 : 00 57 ff 03 00 00 BitwiseAndSmi.Wide [1023], FBV[0]
         0x31a010001f4 @    8 : d3                Star1
         0x31a010001f5 @    9 : 0c                LdaZero
         0x31a010001f6 @   10 : 78 f8 01 00       TestEqualStrict r1, EmbeddedFeedback[0x1]
         0x31a010001fa @   14 : a8 11             JumpIfFalse [17] (0x31a0100020b @ 31)
         0x31a010001fc @   16 : 23 00 01          LdaGlobal [0:"Error"], FBV[1]
         0x31a010001ff @   19 : d3                Star1
         0x31a01000200 @   20 : 13 01             LdaConstant [1:"boom"]
         0x31a01000202 @   22 : d2                Star2
         0x31a01000203 @   23 : 0b f8             Ldar r1
         0x31a01000205 @   25 : 74 f8 f7 01 03    Construct r1, r2-r2, FBV[3]
         0x31a0100020a @   30 : b7                Throw
         0x31a0100020b @   31 : 1b 03 f9          Mov a0, r0
         0x31a0100020e @   34 : 0b f9             Ldar r0
         0x31a01000210 @   36 : 4f 01 05          AddSmi [1], FBV[5]
         0x31a01000213 @   39 : d4                Star0
         0x31a01000214 @   40 : 56 03 06          BitwiseXorSmi [3], FBV[6]
         0x31a01000217 @   43 : d4                Star0
         0x31a01000218 @   44 : 4f 02 07          AddSmi [2], FBV[7]
         0x31a0100021b @   47 : d4                Star0
         0x31a0100021c @   48 : 56 05 08          BitwiseXorSmi [5], FBV[8]
         0x31a0100021f @   51 : d4                Star0
         0x31a01000220 @   52 : 4f 04 09          AddSmi [4], FBV[9]
         0x31a01000223 @   55 : d4                Star0
         0x31a01000224 @   56 : 56 07 0a          BitwiseXorSmi [7], FBV[10]
         0x31a01000227 @   59 : d4                Star0
         0x31a01000228 @   60 : 4f 08 0b          AddSmi [8], FBV[11]
         0x31a0100022b @   63 : d4                Star0
         0x31a0100022c @   64 : 56 0b 0c          BitwiseXorSmi [11], FBV[12]
         0x31a0100022f @   67 : d4                Star0
         0x31a01000230 @   68 : 4f 10 0d          AddSmi [16], FBV[13]
         0x31a01000233 @   71 : d4                Star0
         0x31a01000234 @   72 : 56 0d 0e          BitwiseXorSmi [13], FBV[14]
         0x31a01000237 @   75 : d4                Star0
         0x31a01000238 @   76 : 4f 20 0f          AddSmi [32], FBV[15]
         0x31a0100023b @   79 : d4                Star0
         0x31a0100023c @   80 : 56 11 10          BitwiseXorSmi [17], FBV[16]
         0x31a0100023f @   83 : d4                Star0
         0x31a01000240 @   84 : 4f 40 11          AddSmi [64], FBV[17]
         0x31a01000243 @   87 : d4                Star0
         0x31a01000244 @   88 : 56 13 12          BitwiseXorSmi [19], FBV[18]
         0x31a01000247 @   91 : d4                Star0
         0x31a01000248 @   92 : 00 4f 80 00 13 00 AddSmi.Wide [128], FBV[19]
         0x31a0100024e @   98 : d4                Star0
         0x31a0100024f @   99 : 56 17 14          BitwiseXorSmi [23], FBV[20]
         0x31a01000252 @  102 : d4                Star0
         0x31a01000253 @  103 : 00 4f 00 01 15 00 AddSmi.Wide [256], FBV[21]
         0x31a01000259 @  109 : d4                Star0
         0x31a0100025a @  110 : 56 1d 16          BitwiseXorSmi [29], FBV[22]
         0x31a0100025d @  113 : d4                Star0
         0x31a0100025e @  114 : b9                Return
Constant pool (size = 2)
0x31a010001b5: [TrustedFixedArray]
 - map: 0x09b800000605 <Map(TRUSTED_FIXED_ARRAY_TYPE)>
 - length: 2
           0: 0x09b8000046a1 <String[5]: #Error>
           1: 0x09b80101e311 <String[4]: #boom>
Handler Table (size = 0)
Source Position Table (size = 0)
0x9b80101e3d9: [FeedbackVector] in OldSpace
 - map: 0x09b800000899 <Map(FEEDBACK_VECTOR_TYPE)>
 - length: 23
 - shared function info: 0x09b80101e091 <SharedFunctionInfo mayThrow>
 - tiering_in_progress: 0
 - osr_tiering_in_progress: 0
 - invocation count: 803
 - closure feedback cell array: 0x9b8000021d9: [ClosureFeedbackCellArray] in ReadOnlySpace
 - map: 0x09b800000871 <Map(CLOSURE_FEEDBACK_CELL_ARRAY_TYPE)>
 - length: 0
 - elements:

 - slot #0 BinaryOp BinaryOp:SignedSmall {
     [0]: 1
  }
 - slot #1 LoadGlobalNotInsideTypeof MONOMORPHIC
   [weak] 0x09b801017995 <PropertyCell name=0x09b8000046a1 <String[5]: #Error> value=0x09b801006e19 <JSFunction Error (sfi = 0x9b8001af1e9)>> {
     [1]: [weak] 0x09b801017995 <PropertyCell name=0x09b8000046a1 <String[5]: #Error> value=0x09b801006e19 <JSFunction Error (sfi = 0x9b8001af1e9)>>
     [2]: 0x09b800000e95 <Symbol: (uninitialized_symbol)>
  }
 - slot #3 Call MONOMORPHIC {
     [3]: [weak] 0x09b801006e19 <JSFunction Error (sfi = 0x9b8001af1e9)>
     [4]: 16
  }
 - slot #5 BinaryOp BinaryOp:SignedSmall {
     [5]: 1
  }
 - slot #6 BinaryOp BinaryOp:SignedSmall {
     [6]: 1
  }
 - slot #7 BinaryOp BinaryOp:SignedSmall {
     [7]: 1
  }
 - slot #8 BinaryOp BinaryOp:SignedSmall {
     [8]: 1
  }
 - slot #9 BinaryOp BinaryOp:SignedSmall {
     [9]: 1
  }
 - slot #10 BinaryOp BinaryOp:SignedSmall {
     [10]: 1
  }
 - slot #11 BinaryOp BinaryOp:SignedSmall {
     [11]: 1
  }
 - slot #12 BinaryOp BinaryOp:SignedSmall {
     [12]: 1
  }
 - slot #13 BinaryOp BinaryOp:SignedSmall {
     [13]: 1
  }
 - slot #14 BinaryOp BinaryOp:SignedSmall {
     [14]: 1
  }
 - slot #15 BinaryOp BinaryOp:SignedSmall {
     [15]: 1
  }
 - slot #16 BinaryOp BinaryOp:SignedSmall {
     [16]: 1
  }
 - slot #17 BinaryOp BinaryOp:SignedSmall {
     [17]: 1
  }
 - slot #18 BinaryOp BinaryOp:SignedSmall {
     [18]: 1
  }
 - slot #19 BinaryOp BinaryOp:SignedSmall {
     [19]: 1
  }
 - slot #20 BinaryOp BinaryOp:SignedSmall {
     [20]: 1
  }
 - slot #21 BinaryOp BinaryOp:SignedSmall {
     [21]: 1
  }
 - slot #22 BinaryOp BinaryOp:SignedSmall {
     [22]: 1
  }

----- After graph building -----
Graph

 [0m  [0m20: Constant(0x09b801004985 <NativeContext[307]>), 1 uses
 [0m  [0m58: Constant(0x09b80101e165 <FeedbackCell[one closure]>), 1 uses
 [0m   [0m3: Constant(0x09b80101e1b9 <JSFunction mayThrow (sfi = 0x9b80101e091)>), 5 uses
 [0m   [0m4: Constant(0x09b80101e1a5 <ScriptContext[3]>), 6 uses
 [0m  [0m17: Constant(0x09b801006e19 <JSFunction Error (sfi = 0x9b8001af1e9)>), 2 uses
 [0m  [0m18: Constant(0x09b80101e311 <String[4]: #boom>), 1 uses
 [0m   [0m5: RootConstant(undefined_value), 0 uses 🪦
 [0m  [0m19: RootConstant(the_hole_value), 2 uses
 [0m  [0m16: RootConstant(true_value), 0 uses 🪦
 [0m  [0m15: RootConstant(false_value), 0 uses 🪦
 [0m  [0m11: SmiConstant(0), 0 uses 🪦
 [0m  [0m12: Int32Constant(0), 2 uses, cannot truncate to int32
 [0m  [0m26: Int32Constant(2), 1 uses, cannot truncate to int32
 [0m  [0m24: Int32Constant(3), 1 uses, cannot truncate to int32
 [0m  [0m30: Int32Constant(4), 1 uses, cannot truncate to int32
 [0m  [0m28: Int32Constant(5), 1 uses, cannot truncate to int32
 [0m  [0m32: Int32Constant(7), 1 uses, cannot truncate to int32
 [0m  [0m34: Int32Constant(8), 1 uses, cannot truncate to int32
 [0m  [0m36: Int32Constant(11), 1 uses, cannot truncate to int32
 [0m  [0m40: Int32Constant(13), 1 uses, cannot truncate to int32
 [0m  [0m38: Int32Constant(16), 1 uses, cannot truncate to int32
 [0m  [0m44: Int32Constant(17), 1 uses, cannot truncate to int32
 [0m  [0m48: Int32Constant(19), 1 uses, cannot truncate to int32
 [0m  [0m52: Int32Constant(23), 1 uses, cannot truncate to int32
 [0m  [0m56: Int32Constant(29), 1 uses, cannot truncate to int32
 [0m  [0m42: Int32Constant(32), 1 uses, cannot truncate to int32
 [0m  [0m46: Int32Constant(64), 1 uses, cannot truncate to int32
 [0m  [0m50: Int32Constant(128), 1 uses, cannot truncate to int32
 [0m  [0m54: Int32Constant(256), 1 uses, cannot truncate to int32
 [0m   [0m9: Int32Constant(1023), 1 uses, cannot truncate to int32
  [0mBlock b0
 [0m[1;34m0x09b80101e091 <SharedFunctionInfo mayThrow> (0x09b80104a7b1 <String[18]: "workloads/throw.js">:17:17)
[m [0m[0;34m   0 : 0b 03             Ldar a0
[m [0m   [0m1: InitialValue(<this>), 5 uses
 [0m   [0m2: InitialValue(a0), 8 uses
 [0m   [0m6: FunctionEntryStackCheck
 [0m      ↳ lazy @-1 : {<closure>:n3:, <this>:n1:, a0:n2:, <context>:n4:} (addr:0x10c00fa1450)
 [0m   [0m7: Jump b1
 [0m   ↓
  [0mBlock b1
 [0m[1;34m0x09b80101e091 <SharedFunctionInfo mayThrow> (0x09b80104a7b1 <String[18]: "workloads/throw.js">:0:0)
[m [0m[0;34m   2 : 00 57 ff 03 00 00 BitwiseAndSmi.Wide [1023], FBV[0]
[m [0m      ↱ eager @2 : {<closure>:n3:, <this>:n1:, a0:n2:, <context>:n4:, <accumulator>:n2:} (addr:0x10c00fa19f8)
 [0m   [0m8: CheckedSmiUntag [n2], 2 uses, cannot truncate to int32
 [0m  [0m10: Int32BitwiseAnd [n8, n9], 2 uses, cannot truncate to int32
 [0m[0;34m  10 : 78 f8 01 00       TestEqualStrict r1, EmbeddedFeedback[0x1]
[m [0m  [0m13: Int32Compare[StrictEqual] [n10, n12], 0 uses 🪦
 [0m[0;34m  14 : a8 11             JumpIfFalse [17]
[m[0;31m╭──[0m14: BranchIfInt32Compare(StrictEqual) [n10, n12] b2 b3
[0;31m│[0m   ↓
[0;31m│ [0mBlock b2
[0;31m│[0m[0;34m  25 : 74 f8 f7 01 03    Construct r1, r2-r2, FBV[3]
[m[0;31m│[0m  [0m21: 🐢 CallKnownJSFunction(0x09b8001af1e9 <SharedFunctionInfo Error>, {}) [n17, n20, n19, n17, n18], 1 uses
[0;31m│[0m      │      @25 : {<closure>:n3:, <this>:n1:, a0:n2:, <context>:n4:} (addr:0x10c00fa2ea8)
[0;31m│[0m      ↳ lazy @ConstructInvokeStub : {<this>:n19:, <context>:n4:} (addr:0x10c00fa2ee8)
[0;31m│[0m[0;34m  30 : b7                Throw
[m[0;31m│[0m  [0m22: Throw(Throw, has_input=1) [n21]
[0;31m│[0m      ↳ lazy @30 : {<closure>:n3:, <this>:n1:, a0:n2:, <context>:n4:} (addr:0x10c00fa3060)
[0;31m│[0m
[0;31m╰►[0mBlock b3
 [0m[0;34m  36 : 4f 01 05          AddSmi [1], FBV[5]
[m [0m      ↱ eager @36 : {<closure>:n3:, <this>:n1:, a0:n2:, <context>:n4:, <accumulator>:n2:} (addr:0x10c00fa3238)
 [0m  [0m23: Int32IncrementWithOverflow [n8], 1 uses, cannot truncate to int32
 [0m[0;34m  40 : 56 03 06          BitwiseXorSmi [3], FBV[6]
[m [0m  [0m25: Int32BitwiseXor [n23, n24], 1 uses, cannot truncate to int32
 [0m[0;34m  44 : 4f 02 07          AddSmi [2], FBV[7]
[m [0m      ↱ eager @36 : {<closure>:n3:, <this>:n1:, a0:n2:, <context>:n4:, <accumulator>:n2:} (addr:0x10c00fa3238)
 [0m  [0m27: Int32AddWithOverflow [n25, n26], 1 uses, can truncate to int32 [-2147483648, 2147483647]
 [0m[0;34m  48 : 56 05 08          BitwiseXorSmi [5], FBV[8]
[m [0m  [0m29: Int32BitwiseXor [n27, n28], 1 uses, cannot truncate to int32
 [0m[0;34m  52 : 4f 04 09          AddSmi [4], FBV[9]
[m [0m      ↱ eager @36 : {<closure>:n3:, <this>:n1:, a0:n2:, <context>:n4:, <accumulator>:n2:} (addr:0x10c00fa3238)
 [0m  [0m31: Int32AddWithOverflow [n29, n30], 1 uses, can truncate to int32 [-2147483648, 2147483647]
 [0m[0;34m  56 : 56 07 0a          BitwiseXorSmi [7], FBV[10]
[m [0m  [0m33: Int32BitwiseXor [n31, n32], 1 uses, cannot truncate to int32
 [0m[0;34m  60 : 4f 08 0b          AddSmi [8], FBV[11]
[m [0m      ↱ eager @36 : {<closure>:n3:, <this>:n1:, a0:n2:, <context>:n4:, <accumulator>:n2:} (addr:0x10c00fa3238)
 [0m  [0m35: Int32AddWithOverflow [n33, n34], 1 uses, can truncate to int32 [-2147483648, 2147483647]
 [0m[0;34m  64 : 56 0b 0c          BitwiseXorSmi [11], FBV[12]
[m [0m  [0m37: Int32BitwiseXor [n35, n36], 1 uses, cannot truncate to int32
 [0m[0;34m  68 : 4f 10 0d          AddSmi [16], FBV[13]
[m [0m      ↱ eager @36 : {<closure>:n3:, <this>:n1:, a0:n2:, <context>:n4:, <accumulator>:n2:} (addr:0x10c00fa3238)
 [0m  [0m39: Int32AddWithOverflow [n37, n38], 1 uses, can truncate to int32 [-2147483648, 2147483647]
 [0m[0;34m  72 : 56 0d 0e          BitwiseXorSmi [13], FBV[14]
[m [0m  [0m41: Int32BitwiseXor [n39, n40], 1 uses, cannot truncate to int32
 [0m[0;34m  76 : 4f 20 0f          AddSmi [32], FBV[15]
[m [0m      ↱ eager @36 : {<closure>:n3:, <this>:n1:, a0:n2:, <context>:n4:, <accumulator>:n2:} (addr:0x10c00fa3238)
 [0m  [0m43: Int32AddWithOverflow [n41, n42], 1 uses, can truncate to int32 [-2147483648, 2147483647]
 [0m[0;34m  80 : 56 11 10          BitwiseXorSmi [17], FBV[16]
[m [0m  [0m45: Int32BitwiseXor [n43, n44], 1 uses, cannot truncate to int32
 [0m[0;34m  84 : 4f 40 11          AddSmi [64], FBV[17]
[m [0m      ↱ eager @36 : {<closure>:n3:, <this>:n1:, a0:n2:, <context>:n4:, <accumulator>:n2:} (addr:0x10c00fa3238)
 [0m  [0m47: Int32AddWithOverflow [n45, n46], 1 uses, can truncate to int32 [-2147483648, 2147483647]
 [0m[0;34m  88 : 56 13 12          BitwiseXorSmi [19], FBV[18]
[m [0m  [0m49: Int32BitwiseXor [n47, n48], 1 uses, cannot truncate to int32
 [0m[0;34m  92 : 00 4f 80 00 13 00 AddSmi.Wide [128], FBV[19]
[m [0m      ↱ eager @36 : {<closure>:n3:, <this>:n1:, a0:n2:, <context>:n4:, <accumulator>:n2:} (addr:0x10c00fa3238)
 [0m  [0m51: Int32AddWithOverflow [n49, n50], 1 uses, can truncate to int32 [-2147483648, 2147483647]
 [0m[0;34m  99 : 56 17 14          BitwiseXorSmi [23], FBV[20]
[m [0m  [0m53: Int32BitwiseXor [n51, n52], 1 uses, cannot truncate to int32
 [0m[0;34m 103 : 00 4f 00 01 15 00 AddSmi.Wide [256], FBV[21]
[m [0m      ↱ eager @36 : {<closure>:n3:, <this>:n1:, a0:n2:, <context>:n4:, <accumulator>:n2:} (addr:0x10c00fa3238)
 [0m  [0m55: Int32AddWithOverflow [n53, n54], 1 uses, can truncate to int32 [-2147483648, 2147483647]
 [0m[0;34m 110 : 56 1d 16          BitwiseXorSmi [29], FBV[22]
[m [0m  [0m57: Int32BitwiseXor [n55, n56], 1 uses, cannot truncate to int32
 [0m[0;34m 114 : b9                Return
[m [0m  [0m59: ReduceInterruptBudgetForReturn(114) [n58]
 [0m  [0m60: Int32ToNumber[kCanonicalizeSmi] [n57], 1 uses
 [0m  [0m61: Return [n60]
 [0m

----- After propagating truncation -----
Graph

 [0m  [0m20: Constant(0x09b801004985 <NativeContext[307]>), 1 uses
 [0m  [0m58: Constant(0x09b80101e165 <FeedbackCell[one closure]>), 1 uses
 [0m   [0m3: Constant(0x09b80101e1b9 <JSFunction mayThrow (sfi = 0x9b80101e091)>), 5 uses
 [0m   [0m4: Constant(0x09b80101e1a5 <ScriptContext[3]>), 6 uses
 [0m  [0m17: Constant(0x09b801006e19 <JSFunction Error (sfi = 0x9b8001af1e9)>), 2 uses
 [0m  [0m18: Constant(0x09b80101e311 <String[4]: #boom>), 1 uses
 [0m   [0m5: RootConstant(undefined_value), 0 uses 🪦
 [0m  [0m19: RootConstant(the_hole_value), 2 uses
 [0m  [0m16: RootConstant(true_value), 0 uses 🪦
 [0m  [0m15: RootConstant(false_value), 0 uses 🪦
 [0m  [0m11: SmiConstant(0), 0 uses 🪦
 [0m  [0m12: Int32Constant(0), 2 uses, cannot truncate to int32
 [0m  [0m26: Int32Constant(2), 1 uses, cannot truncate to int32
 [0m  [0m24: Int32Constant(3), 1 uses, cannot truncate to int32
 [0m  [0m30: Int32Constant(4), 1 uses, cannot truncate to int32
 [0m  [0m28: Int32Constant(5), 1 uses, cannot truncate to int32
 [0m  [0m32: Int32Constant(7), 1 uses, cannot truncate to int32
 [0m  [0m34: Int32Constant(8), 1 uses, cannot truncate to int32
 [0m  [0m36: Int32Constant(11), 1 uses, cannot truncate to int32
 [0m  [0m40: Int32Constant(13), 1 uses, cannot truncate to int32
 [0m  [0m38: Int32Constant(16), 1 uses, cannot truncate to int32
 [0m  [0m44: Int32Constant(17), 1 uses, cannot truncate to int32
 [0m  [0m48: Int32Constant(19), 1 uses, cannot truncate to int32
 [0m  [0m52: Int32Constant(23), 1 uses, cannot truncate to int32
 [0m  [0m56: Int32Constant(29), 1 uses, cannot truncate to int32
 [0m  [0m42: Int32Constant(32), 1 uses, cannot truncate to int32
 [0m  [0m46: Int32Constant(64), 1 uses, cannot truncate to int32
 [0m  [0m50: Int32Constant(128), 1 uses, cannot truncate to int32
 [0m  [0m54: Int32Constant(256), 1 uses, cannot truncate to int32
 [0m   [0m9: Int32Constant(1023), 1 uses, cannot truncate to int32
  [0mBlock b0
 [0m[1;34m0x09b80101e091 <SharedFunctionInfo mayThrow> (0x09b80104a7b1 <String[18]: "workloads/throw.js">:17:17)
[m [0m[0;34m   0 : 0b 03             Ldar a0
[m [0m   [0m1: InitialValue(<this>), 5 uses
 [0m   [0m2: InitialValue(a0), 8 uses
 [0m   [0m6: FunctionEntryStackCheck
 [0m      ↳ lazy @-1 : {<closure>:n3:, <this>:n1:, a0:n2:, <context>:n4:} (addr:0x10c00fa1450)
 [0m   [0m7: Jump b1
 [0m   ↓
  [0mBlock b1
 [0m[1;34m0x09b80101e091 <SharedFunctionInfo mayThrow> (0x09b80104a7b1 <String[18]: "workloads/throw.js">:0:0)
[m [0m[0;34m   2 : 00 57 ff 03 00 00 BitwiseAndSmi.Wide [1023], FBV[0]
[m [0m      ↱ eager @2 : {<closure>:n3:, <this>:n1:, a0:n2:, <context>:n4:, <accumulator>:n2:} (addr:0x10c00fa19f8)
 [0m   [0m8: CheckedSmiUntag [n2], 2 uses, cannot truncate to int32
 [0m  [0m10: Int32BitwiseAnd [n8, n9], 2 uses, cannot truncate to int32
 [0m[0;34m  10 : 78 f8 01 00       TestEqualStrict r1, EmbeddedFeedback[0x1]
[m [0m  [0m13: Int32Compare[StrictEqual] [n10, n12], 0 uses 🪦
 [0m[0;34m  14 : a8 11             JumpIfFalse [17]
[m[0;31m╭──[0m14: BranchIfInt32Compare(StrictEqual) [n10, n12] b2 b3
[0;31m│[0m   ↓
[0;31m│ [0mBlock b2
[0;31m│[0m[0;34m  25 : 74 f8 f7 01 03    Construct r1, r2-r2, FBV[3]
[m[0;31m│[0m  [0m21: 🐢 CallKnownJSFunction(0x09b8001af1e9 <SharedFunctionInfo Error>, {}) [n17, n20, n19, n17, n18], 1 uses
[0;31m│[0m      │      @25 : {<closure>:n3:, <this>:n1:, a0:n2:, <context>:n4:} (addr:0x10c00fa2ea8)
[0;31m│[0m      ↳ lazy @ConstructInvokeStub : {<this>:n19:, <context>:n4:} (addr:0x10c00fa2ee8)
[0;31m│[0m[0;34m  30 : b7                Throw
[m[0;31m│[0m  [0m22: Throw(Throw, has_input=1) [n21]
[0;31m│[0m      ↳ lazy @30 : {<closure>:n3:, <this>:n1:, a0:n2:, <context>:n4:} (addr:0x10c00fa3060)
[0;31m│[0m
[0;31m╰►[0mBlock b3
 [0m[0;34m  36 : 4f 01 05          AddSmi [1], FBV[5]
[m [0m      ↱ eager @36 : {<closure>:n3:, <this>:n1:, a0:n2:, <context>:n4:, <accumulator>:n2:} (addr:0x10c00fa3238)
 [0m  [0m23: Int32IncrementWithOverflow [n8], 1 uses, cannot truncate to int32
 [0m[0;34m  40 : 56 03 06          BitwiseXorSmi [3], FBV[6]
[m [0m  [0m25: Int32BitwiseXor [n23, n24], 1 uses, cannot truncate to int32
 [0m[0;34m  44 : 4f 02 07          AddSmi [2], FBV[7]
[m [0m      ↱ eager @36 : {<closure>:n3:, <this>:n1:, a0:n2:, <context>:n4:, <accumulator>:n2:} (addr:0x10c00fa3238)
 [0m  [0m27: Int32AddWithOverflow [n25, n26], 1 uses, can truncate to int32 [-2147483648, 2147483647]
 [0m[0;34m  48 : 56 05 08          BitwiseXorSmi [5], FBV[8]
[m [0m  [0m29: Int32BitwiseXor [n27, n28], 1 uses, cannot truncate to int32
 [0m[0;34m  52 : 4f 04 09          AddSmi [4], FBV[9]
[m [0m      ↱ eager @36 : {<closure>:n3:, <this>:n1:, a0:n2:, <context>:n4:, <accumulator>:n2:} (addr:0x10c00fa3238)
 [0m  [0m31: Int32AddWithOverflow [n29, n30], 1 uses, can truncate to int32 [-2147483648, 2147483647]
 [0m[0;34m  56 : 56 07 0a          BitwiseXorSmi [7], FBV[10]
[m [0m  [0m33: Int32BitwiseXor [n31, n32], 1 uses, cannot truncate to int32
 [0m[0;34m  60 : 4f 08 0b          AddSmi [8], FBV[11]
[m [0m      ↱ eager @36 : {<closure>:n3:, <this>:n1:, a0:n2:, <context>:n4:, <accumulator>:n2:} (addr:0x10c00fa3238)
 [0m  [0m35: Int32AddWithOverflow [n33, n34], 1 uses, can truncate to int32 [-2147483648, 2147483647]
 [0m[0;34m  64 : 56 0b 0c          BitwiseXorSmi [11], FBV[12]
[m [0m  [0m37: Int32BitwiseXor [n35, n36], 1 uses, cannot truncate to int32
 [0m[0;34m  68 : 4f 10 0d          AddSmi [16], FBV[13]
[m [0m      ↱ eager @36 : {<closure>:n3:, <this>:n1:, a0:n2:, <context>:n4:, <accumulator>:n2:} (addr:0x10c00fa3238)
 [0m  [0m39: Int32AddWithOverflow [n37, n38], 1 uses, can truncate to int32 [-2147483648, 2147483647]
 [0m[0;34m  72 : 56 0d 0e          BitwiseXorSmi [13], FBV[14]
[m [0m  [0m41: Int32BitwiseXor [n39, n40], 1 uses, cannot truncate to int32
 [0m[0;34m  76 : 4f 20 0f          AddSmi [32], FBV[15]
[m [0m      ↱ eager @36 : {<closure>:n3:, <this>:n1:, a0:n2:, <context>:n4:, <accumulator>:n2:} (addr:0x10c00fa3238)
 [0m  [0m43: Int32AddWithOverflow [n41, n42], 1 uses, can truncate to int32 [-2147483648, 2147483647]
 [0m[0;34m  80 : 56 11 10          BitwiseXorSmi [17], FBV[16]
[m [0m  [0m45: Int32BitwiseXor [n43, n44], 1 uses, cannot truncate to int32
 [0m[0;34m  84 : 4f 40 11          AddSmi [64], FBV[17]
[m [0m      ↱ eager @36 : {<closure>:n3:, <this>:n1:, a0:n2:, <context>:n4:, <accumulator>:n2:} (addr:0x10c00fa3238)
 [0m  [0m47: Int32AddWithOverflow [n45, n46], 1 uses, can truncate to int32 [-2147483648, 2147483647]
 [0m[0;34m  88 : 56 13 12          BitwiseXorSmi [19], FBV[18]
[m [0m  [0m49: Int32BitwiseXor [n47, n48], 1 uses, cannot truncate to int32
 [0m[0;34m  92 : 00 4f 80 00 13 00 AddSmi.Wide [128], FBV[19]
[m [0m      ↱ eager @36 : {<closure>:n3:, <this>:n1:, a0:n2:, <context>:n4:, <accumulator>:n2:} (addr:0x10c00fa3238)
 [0m  [0m51: Int32AddWithOverflow [n49, n50], 1 uses, can truncate to int32 [-2147483648, 2147483647]
 [0m[0;34m  99 : 56 17 14          BitwiseXorSmi [23], FBV[20]
[m [0m  [0m53: Int32BitwiseXor [n51, n52], 1 uses, cannot truncate to int32
 [0m[0;34m 103 : 00 4f 00 01 15 00 AddSmi.Wide [256], FBV[21]
[m [0m      ↱ eager @36 : {<closure>:n3:, <this>:n1:, a0:n2:, <context>:n4:, <accumulator>:n2:} (addr:0x10c00fa3238)
 [0m  [0m55: Int32AddWithOverflow [n53, n54], 1 uses, can truncate to int32 [-2147483648, 2147483647]
 [0m[0;34m 110 : 56 1d 16          BitwiseXorSmi [29], FBV[22]
[m [0m  [0m57: Int32BitwiseXor [n55, n56], 1 uses, cannot truncate to int32
 [0m[0;34m 114 : b9                Return
[m [0m  [0m59: ReduceInterruptBudgetForReturn(114) [n58]
 [0m  [0m60: Int32ToNumber[kCanonicalizeSmi] [n57], 1 uses
 [0m  [0m61: Return [n60]
 [0m

----- After truncation -----
Graph

 [0m  [0m20: Constant(0x09b801004985 <NativeContext[307]>), 1 uses
 [0m  [0m58: Constant(0x09b80101e165 <FeedbackCell[one closure]>), 1 uses
 [0m   [0m3: Constant(0x09b80101e1b9 <JSFunction mayThrow (sfi = 0x9b80101e091)>), 5 uses
 [0m   [0m4: Constant(0x09b80101e1a5 <ScriptContext[3]>), 6 uses
 [0m  [0m17: Constant(0x09b801006e19 <JSFunction Error (sfi = 0x9b8001af1e9)>), 2 uses
 [0m  [0m18: Constant(0x09b80101e311 <String[4]: #boom>), 1 uses
 [0m   [0m5: RootConstant(undefined_value), 0 uses 🪦
 [0m  [0m19: RootConstant(the_hole_value), 2 uses
 [0m  [0m16: RootConstant(true_value), 0 uses 🪦
 [0m  [0m15: RootConstant(false_value), 0 uses 🪦
 [0m  [0m11: SmiConstant(0), 0 uses 🪦
 [0m  [0m12: Int32Constant(0), 2 uses, cannot truncate to int32
 [0m  [0m26: Int32Constant(2), 1 uses, cannot truncate to int32
 [0m  [0m24: Int32Constant(3), 1 uses, cannot truncate to int32
 [0m  [0m30: Int32Constant(4), 1 uses, cannot truncate to int32
 [0m  [0m28: Int32Constant(5), 1 uses, cannot truncate to int32
 [0m  [0m32: Int32Constant(7), 1 uses, cannot truncate to int32
 [0m  [0m34: Int32Constant(8), 1 uses, cannot truncate to int32
 [0m  [0m36: Int32Constant(11), 1 uses, cannot truncate to int32
 [0m  [0m40: Int32Constant(13), 1 uses, cannot truncate to int32
 [0m  [0m38: Int32Constant(16), 1 uses, cannot truncate to int32
 [0m  [0m44: Int32Constant(17), 1 uses, cannot truncate to int32
 [0m  [0m48: Int32Constant(19), 1 uses, cannot truncate to int32
 [0m  [0m52: Int32Constant(23), 1 uses, cannot truncate to int32
 [0m  [0m56: Int32Constant(29), 1 uses, cannot truncate to int32
 [0m  [0m42: Int32Constant(32), 1 uses, cannot truncate to int32
 [0m  [0m46: Int32Constant(64), 1 uses, cannot truncate to int32
 [0m  [0m50: Int32Constant(128), 1 uses, cannot truncate to int32
 [0m  [0m54: Int32Constant(256), 1 uses, cannot truncate to int32
 [0m   [0m9: Int32Constant(1023), 1 uses, cannot truncate to int32
  [0mBlock b0
 [0m[1;34m0x09b80101e091 <SharedFunctionInfo mayThrow> (0x09b80104a7b1 <String[18]: "workloads/throw.js">:17:17)
[m [0m[0;34m   0 : 0b 03             Ldar a0
[m [0m   [0m1: InitialValue(<this>), 5 uses
 [0m   [0m2: InitialValue(a0), 8 uses
 [0m   [0m6: FunctionEntryStackCheck
 [0m      ↳ lazy @-1 : {<closure>:n3:, <this>:n1:, a0:n2:, <context>:n4:} (addr:0x10c00fa1450)
 [0m   [0m7: Jump b1
 [0m   ↓
  [0mBlock b1
 [0m[1;34m0x09b80101e091 <SharedFunctionInfo mayThrow> (0x09b80104a7b1 <String[18]: "workloads/throw.js">:0:0)
[m [0m[0;34m   2 : 00 57 ff 03 00 00 BitwiseAndSmi.Wide [1023], FBV[0]
[m [0m      ↱ eager @2 : {<closure>:n3:, <this>:n1:, a0:n2:, <context>:n4:, <accumulator>:n2:} (addr:0x10c00fa19f8)
 [0m   [0m8: CheckedSmiUntag [n2], 2 uses, cannot truncate to int32
 [0m  [0m10: Int32BitwiseAnd [n8, n9], 2 uses, cannot truncate to int32
 [0m[0;34m  10 : 78 f8 01 00       TestEqualStrict r1, EmbeddedFeedback[0x1]
[m [0m  [0m13: Int32Compare[StrictEqual] [n10, n12], 0 uses 🪦
 [0m[0;34m  14 : a8 11             JumpIfFalse [17]
[m[0;31m╭──[0m14: BranchIfInt32Compare(StrictEqual) [n10, n12] b2 b3
[0;31m│[0m   ↓
[0;31m│ [0mBlock b2
[0;31m│[0m[0;34m  25 : 74 f8 f7 01 03    Construct r1, r2-r2, FBV[3]
[m[0;31m│[0m  [0m21: 🐢 CallKnownJSFunction(0x09b8001af1e9 <SharedFunctionInfo Error>, {}) [n17, n20, n19, n17, n18], 1 uses
[0;31m│[0m      │      @25 : {<closure>:n3:, <this>:n1:, a0:n2:, <context>:n4:} (addr:0x10c00fa2ea8)
[0;31m│[0m      ↳ lazy @ConstructInvokeStub : {<this>:n19:, <context>:n4:} (addr:0x10c00fa2ee8)
[0;31m│[0m[0;34m  30 : b7                Throw
[m[0;31m│[0m  [0m22: Throw(Throw, has_input=1) [n21]
[0;31m│[0m      ↳ lazy @30 : {<closure>:n3:, <this>:n1:, a0:n2:, <context>:n4:} (addr:0x10c00fa3060)
[0;31m│[0m
[0;31m╰►[0mBlock b3
 [0m[0;34m  36 : 4f 01 05          AddSmi [1], FBV[5]
[m [0m      ↱ eager @36 : {<closure>:n3:, <this>:n1:, a0:n2:, <context>:n4:, <accumulator>:n2:} (addr:0x10c00fa3238)
 [0m  [0m23: Int32IncrementWithOverflow [n8], 1 uses, cannot truncate to int32
 [0m[0;34m  40 : 56 03 06          BitwiseXorSmi [3], FBV[6]
[m [0m  [0m25: Int32BitwiseXor [n23, n24], 1 uses, cannot truncate to int32
 [0m[0;34m  44 : 4f 02 07          AddSmi [2], FBV[7]
[m [0m  [0m27: Int32Add [n25, n26], 1 uses, can truncate to int32 [-2147483648, 2147483647]
 [0m[0;34m  48 : 56 05 08          BitwiseXorSmi [5], FBV[8]
[m [0m  [0m29: Int32BitwiseXor [n27, n28], 1 uses, cannot truncate to int32
 [0m[0;34m  52 : 4f 04 09          AddSmi [4], FBV[9]
[m [0m  [0m31: Int32Add [n29, n30], 1 uses, can truncate to int32 [-2147483648, 2147483647]
 [0m[0;34m  56 : 56 07 0a          BitwiseXorSmi [7], FBV[10]
[m [0m  [0m33: Int32BitwiseXor [n31, n32], 1 uses, cannot truncate to int32
 [0m[0;34m  60 : 4f 08 0b          AddSmi [8], FBV[11]
[m [0m  [0m35: Int32Add [n33, n34], 1 uses, can truncate to int32 [-2147483648, 2147483647]
 [0m[0;34m  64 : 56 0b 0c          BitwiseXorSmi [11], FBV[12]
[m [0m  [0m37: Int32BitwiseXor [n35, n36], 1 uses, cannot truncate to int32
 [0m[0;34m  68 : 4f 10 0d          AddSmi [16], FBV[13]
[m [0m  [0m39: Int32Add [n37, n38], 1 uses, can truncate to int32 [-2147483648, 2147483647]
 [0m[0;34m  72 : 56 0d 0e          BitwiseXorSmi [13], FBV[14]
[m [0m  [0m41: Int32BitwiseXor [n39, n40], 1 uses, cannot truncate to int32
 [0m[0;34m  76 : 4f 20 0f          AddSmi [32], FBV[15]
[m [0m  [0m43: Int32Add [n41, n42], 1 uses, can truncate to int32 [-2147483648, 2147483647]
 [0m[0;34m  80 : 56 11 10          BitwiseXorSmi [17], FBV[16]
[m [0m  [0m45: Int32BitwiseXor [n43, n44], 1 uses, cannot truncate to int32
 [0m[0;34m  84 : 4f 40 11          AddSmi [64], FBV[17]
[m [0m  [0m47: Int32Add [n45, n46], 1 uses, can truncate to int32 [-2147483648, 2147483647]
 [0m[0;34m  88 : 56 13 12          BitwiseXorSmi [19], FBV[18]
[m [0m  [0m49: Int32BitwiseXor [n47, n48], 1 uses, cannot truncate to int32
 [0m[0;34m  92 : 00 4f 80 00 13 00 AddSmi.Wide [128], FBV[19]
[m [0m  [0m51: Int32Add [n49, n50], 1 uses, can truncate to int32 [-2147483648, 2147483647]
 [0m[0;34m  99 : 56 17 14          BitwiseXorSmi [23], FBV[20]
[m [0m  [0m53: Int32BitwiseXor [n51, n52], 1 uses, cannot truncate to int32
 [0m[0;34m 103 : 00 4f 00 01 15 00 AddSmi.Wide [256], FBV[21]
[m [0m  [0m55: Int32Add [n53, n54], 1 uses, can truncate to int32 [-2147483648, 2147483647]
 [0m[0;34m 110 : 56 1d 16          BitwiseXorSmi [29], FBV[22]
[m [0m  [0m57: Int32BitwiseXor [n55, n56], 1 uses, cannot truncate to int32
 [0m[0;34m 114 : b9                Return
[m [0m  [0m59: ReduceInterruptBudgetForReturn(114) [n58]
 [0m  [0m60: Int32ToNumber[kCanonicalizeSmi] [n57], 1 uses
 [0m  [0m61: Return [n60]
 [0m

----- After use marking -----
Graph

 [0m  [0m20: Constant(0x09b801004985 <NativeContext[307]>) → (x)
 [0m  [0m58: Constant(0x09b80101e165 <FeedbackCell[one closure]>) → (x)
 [0m   [0m3: Constant(0x09b80101e1b9 <JSFunction mayThrow (sfi = 0x9b80101e091)>) → (x)
 [0m   [0m4: Constant(0x09b80101e1a5 <ScriptContext[3]>) → (x)
 [0m  [0m17: Constant(0x09b801006e19 <JSFunction Error (sfi = 0x9b8001af1e9)>) → (x)
 [0m  [0m18: Constant(0x09b80101e311 <String[4]: #boom>) → (x)
 [0m  [0m19: RootConstant(the_hole_value) → (x)
 [0m  [0m12: Int32Constant(0) → (x)
 [0m  [0m26: Int32Constant(2) → (x)
 [0m  [0m24: Int32Constant(3) → (x)
 [0m  [0m30: Int32Constant(4) → (x)
 [0m  [0m28: Int32Constant(5) → (x)
 [0m  [0m32: Int32Constant(7) → (x)
 [0m  [0m34: Int32Constant(8) → (x)
 [0m  [0m36: Int32Constant(11) → (x)
 [0m  [0m40: Int32Constant(13) → (x)
 [0m  [0m38: Int32Constant(16) → (x)
 [0m  [0m44: Int32Constant(17) → (x)
 [0m  [0m48: Int32Constant(19) → (x)
 [0m  [0m52: Int32Constant(23) → (x)
 [0m  [0m56: Int32Constant(29) → (x)
 [0m  [0m42: Int32Constant(32) → (x)
 [0m  [0m46: Int32Constant(64) → (x)
 [0m  [0m50: Int32Constant(128) → (x)
 [0m  [0m54: Int32Constant(256) → (x)
 [0m   [0m9: Int32Constant(1023) → (x)
  [0mBlock b0
 [0m[1;34m0x09b80101e091 <SharedFunctionInfo mayThrow> (0x09b80104a7b1 <String[18]: "workloads/throw.js">:17:17)
[m [0m[0;34m   0 : 0b 03             Ldar a0
[m [0m   [0m1: InitialValue(<this>) → (x)
 [0m   [0m2: InitialValue(a0) → (x)
 [0m   [0m6: FunctionEntryStackCheck
 [0m      ↳ lazy @-1 : {<closure>:n3:, <this>:n1:, a0:n2:, <context>:n4:} (addr:0x10c00fa1450)
 [0m   [0m7: Jump b1
 [0m   ↓
  [0mBlock b1
 [0m[1;34m0x09b80101e091 <SharedFunctionInfo mayThrow> (0x09b80104a7b1 <String[18]: "workloads/throw.js">:0:0)
[m [0m[0;34m   2 : 00 57 ff 03 00 00 BitwiseAndSmi.Wide [1023], FBV[0]
[m [0m      ↱ eager @2 : {<closure>:n3:, <this>:n1:, a0:n2:, <context>:n4:, <accumulator>:n2:} (addr:0x10c00fa19f8)
 [0m   [0m8: CheckedSmiUntag [v0/n2:(x)] → (x)
 [0m  [0m10: Int32BitwiseAnd [v0/n8:(x), v0/n9:(x)] → (x)
 [0m[0;34m  14 : a8 11             JumpIfFalse [17]
[m[0;31m╭──[0m14: BranchIfInt32Compare(StrictEqual) [v0/n10:(x), v0/n12:(x)] b2 b3
[0;31m│[0m   ↓
[0;31m│ [0mBlock b2
[0;31m│[0m[0;34m  25 : 74 f8 f7 01 03    Construct r1, r2-r2, FBV[3]
[m[0;31m│[0m  [0m21: 🐢 CallKnownJSFunction(0x09b8001af1e9 <SharedFunctionInfo Error>, {}) [v0/n17:(x), v0/n20:(x), v0/n19:(x), v0/n17:(x), v0/n18:(x)] → (x)
[0;31m│[0m      │      @25 : {<closure>:n3:, <this>:n1:, a0:n2:, <context>:n4:} (addr:0x10c00fa2ea8)
[0;31m│[0m      ↳ lazy @ConstructInvokeStub : {<this>:n19:, <context>:n4:} (addr:0x10c00fa2ee8)
[0;31m│[0m[0;34m  30 : b7                Throw
[m[0;31m│[0m  [0m22: Throw(Throw, has_input=1) [v0/n21:(x)]
[0;31m│[0m      ↳ lazy @30 : {<closure>:n3:, <this>:n1:, a0:n2:, <context>:n4:} (addr:0x10c00fa3060)
[0;31m│[0m
[0;31m╰►[0mBlock b3
 [0m[0;34m  36 : 4f 01 05          AddSmi [1], FBV[5]
[m [0m      ↱ eager @36 : {<closure>:n3:, <this>:n1:, a0:n2:, <context>:n4:, <accumulator>:n2:} (addr:0x10c00fa3238)
 [0m  [0m23: Int32IncrementWithOverflow [v0/n8:(x)] → (x)
 [0m[0;34m  40 : 56 03 06          BitwiseXorSmi [3], FBV[6]
[m [0m  [0m25: Int32BitwiseXor [v0/n23:(x), v0/n24:(x)] → (x)
 [0m[0;34m  44 : 4f 02 07          AddSmi [2], FBV[7]
[m [0m  [0m27: Int32Add [v0/n25:(x), v0/n26:(x)] → (x)
 [0m[0;34m  48 : 56 05 08          BitwiseXorSmi [5], FBV[8]
[m [0m  [0m29: Int32BitwiseXor [v0/n27:(x), v0/n28:(x)] → (x)
 [0m[0;34m  52 : 4f 04 09          AddSmi [4], FBV[9]
[m [0m  [0m31: Int32Add [v0/n29:(x), v0/n30:(x)] → (x)
 [0m[0;34m  56 : 56 07 0a          BitwiseXorSmi [7], FBV[10]
[m [0m  [0m33: Int32BitwiseXor [v0/n31:(x), v0/n32:(x)] → (x)
 [0m[0;34m  60 : 4f 08 0b          AddSmi [8], FBV[11]
[m [0m  [0m35: Int32Add [v0/n33:(x), v0/n34:(x)] → (x)
 [0m[0;34m  64 : 56 0b 0c          BitwiseXorSmi [11], FBV[12]
[m [0m  [0m37: Int32BitwiseXor [v0/n35:(x), v0/n36:(x)] → (x)
 [0m[0;34m  68 : 4f 10 0d          AddSmi [16], FBV[13]
[m [0m  [0m39: Int32Add [v0/n37:(x), v0/n38:(x)] → (x)
 [0m[0;34m  72 : 56 0d 0e          BitwiseXorSmi [13], FBV[14]
[m [0m  [0m41: Int32BitwiseXor [v0/n39:(x), v0/n40:(x)] → (x)
 [0m[0;34m  76 : 4f 20 0f          AddSmi [32], FBV[15]
[m [0m  [0m43: Int32Add [v0/n41:(x), v0/n42:(x)] → (x)
 [0m[0;34m  80 : 56 11 10          BitwiseXorSmi [17], FBV[16]
[m [0m  [0m45: Int32BitwiseXor [v0/n43:(x), v0/n44:(x)] → (x)
 [0m[0;34m  84 : 4f 40 11          AddSmi [64], FBV[17]
[m [0m  [0m47: Int32Add [v0/n45:(x), v0/n46:(x)] → (x)
 [0m[0;34m  88 : 56 13 12          BitwiseXorSmi [19], FBV[18]
[m [0m  [0m49: Int32BitwiseXor [v0/n47:(x), v0/n48:(x)] → (x)
 [0m[0;34m  92 : 00 4f 80 00 13 00 AddSmi.Wide [128], FBV[19]
[m [0m  [0m51: Int32Add [v0/n49:(x), v0/n50:(x)] → (x)
 [0m[0;34m  99 : 56 17 14          BitwiseXorSmi [23], FBV[20]
[m [0m  [0m53: Int32BitwiseXor [v0/n51:(x), v0/n52:(x)] → (x)
 [0m[0;34m 103 : 00 4f 00 01 15 00 AddSmi.Wide [256], FBV[21]
[m [0m  [0m55: Int32Add [v0/n53:(x), v0/n54:(x)] → (x)
 [0m[0;34m 110 : 56 1d 16          BitwiseXorSmi [29], FBV[22]
[m [0m  [0m57: Int32BitwiseXor [v0/n55:(x), v0/n56:(x)] → (x)
 [0m[0;34m 114 : b9                Return
[m [0m  [0m59: ReduceInterruptBudgetForReturn(114) [v0/n58:(x)]
 [0m  [0m60: Int32ToNumber[kCanonicalizeSmi] [v0/n57:(x)] → (x)
 [0m  [0m61: Return [v0/n60:(x)]
 [0m

----- After register allocation pre-processing -----
Graph

 [0m   [0m1/20: Constant(0x09b801004985 <NativeContext[307]>) → v-1, live range: [1-34]
 [0m   [0m2/58: Constant(0x09b80101e165 <FeedbackCell[one closure]>) → v-1, live range: [2-54]
 [0m    [0m3/3: Constant(0x09b80101e1b9 <JSFunction mayThrow (sfi = 0x9b80101e091)>) → v-1, live range: [3-36]
 [0m    [0m4/4: Constant(0x09b80101e1a5 <ScriptContext[3]>) → v-1, live range: [4-36]
 [0m   [0m5/17: Constant(0x09b801006e19 <JSFunction Error (sfi = 0x9b8001af1e9)>) → v-1, live range: [5-34]
 [0m   [0m6/18: Constant(0x09b80101e311 <String[4]: #boom>) → v-1, live range: [6-34]
 [0m   [0m7/19: RootConstant(the_hole_value) → v-1, live range: [7-34]
 [0m   [0m8/12: Int32Constant(0) → v-1, live range: [8-33]
 [0m   [0m9/26: Int32Constant(2) → v-1, live range: [9-38]
 [0m  [0m10/24: Int32Constant(3) → v-1, live range: [10-37]
 [0m  [0m11/30: Int32Constant(4) → v-1, live range: [11-40]
 [0m  [0m12/28: Int32Constant(5) → v-1, live range: [12-39]
 [0m  [0m13/32: Int32Constant(7) → v-1, live range: [13-41]
 [0m  [0m14/34: Int32Constant(8) → v-1, live range: [14-42]
 [0m  [0m15/36: Int32Constant(11) → v-1, live range: [15-43]
 [0m  [0m16/40: Int32Constant(13) → v-1, live range: [16-45]
 [0m  [0m17/38: Int32Constant(16) → v-1, live range: [17-44]
 [0m  [0m18/44: Int32Constant(17) → v-1, live range: [18-47]
 [0m  [0m19/48: Int32Constant(19) → v-1, live range: [19-49]
 [0m  [0m20/52: Int32Constant(23) → v-1, live range: [20-51]
 [0m  [0m21/56: Int32Constant(29) → v-1, live range: [21-53]
 [0m  [0m22/42: Int32Constant(32) → v-1, live range: [22-46]
 [0m  [0m23/46: Int32Constant(64) → v-1, live range: [23-48]
 [0m  [0m24/50: Int32Constant(128) → v-1, live range: [24-50]
 [0m  [0m25/54: Int32Constant(256) → v-1, live range: [25-52]
 [0m   [0m26/9: Int32Constant(1023) → v-1, live range: [26-32]
  [0mBlock b0
 [0m[1;34m0x09b80101e091 <SharedFunctionInfo mayThrow> (0x09b80104a7b1 <String[18]: "workloads/throw.js">:17:17)
[m [0m[0;34m   0 : 0b 03             Ldar a0
[m [0m   [0m27/1: InitialValue(<this>) → v-1(=-6S), live range: [27-36]
 [0m   [0m28/2: InitialValue(a0) → v-1(=-7S), live range: [28-36]
 [0m   [0m29/6: FunctionEntryStackCheck
 [0m         ↳ lazy @-1 : {<closure>:n3:(x), <this>:n1:(x), a0:n2:(x), <context>:n4:(x)} (addr:0x10c00fa1450)
 [0m   [0m30/7: Jump b1
 [0m      ↓
  [0mBlock b1
 [0m[1;34m0x09b80101e091 <SharedFunctionInfo mayThrow> (0x09b80104a7b1 <String[18]: "workloads/throw.js">:0:0)
[m [0m[0;34m   2 : 00 57 ff 03 00 00 BitwiseAndSmi.Wide [1023], FBV[0]
[m [0m         ↱ eager @2 : {<closure>:n3:(x), <this>:n1:(x), a0:n2:(x), <context>:n4:(x), <accumulator>:n2:(x)} (addr:0x10c00fa19f8)
 [0m   [0m31/8: CheckedSmiUntag [v28/n2:v-1(R)] → v-1(0), live range: [31-36]
 [0m  [0m32/10: Int32BitwiseAnd [v31/n8:v-1(R), v26/n9:v-1(*)] → v-1(0), live range: [32-33]
 [0m[0;34m  14 : a8 11             JumpIfFalse [17]
[m[0;31m╭──[0m33/14: BranchIfInt32Compare(StrictEqual) [v32/n10:v-1(R), v8/n12:v-1(R)] b2 b3
[0;31m│[0m      ↓
[0;31m│ [0mBlock b2
[0;31m│[0m[0;34m  25 : 74 f8 f7 01 03    Construct r1, r2-r2, FBV[3]
[m[0;31m│[0m  [0m34/21: 🐢 CallKnownJSFunction(0x09b8001af1e9 <SharedFunctionInfo Error>, {}) [v5/n17:v-1(=rdi), v1/n20:v-1(=rsi), v7/n19:v-1(*), v5/n17:v-1(=rdx), v6/n18:v-1(*)] → v-1(=rax), live range: [34-35]
[0;31m│[0m         │      @25 : {<closure>:n3:(x), <this>:n1:(x), a0:n2:(x), <context>:n4:(x)} (addr:0x10c00fa2ea8)
[0;31m│[0m         ↳ lazy @ConstructInvokeStub : {<this>:n19:(x), <context>:n4:(x)} (addr:0x10c00fa2ee8)
[0;31m│[0m[0;34m  30 : b7                Throw
[m[0;31m│[0m  [0m35/22: Throw(Throw, has_input=1) [v34/n21:v-1(*)]
[0;31m│[0m         ↳ lazy @30 : {<closure>:n3:(x), <this>:n1:(x), a0:n2:(x), <context>:n4:(x)} (addr:0x10c00fa3060)
[0;31m│[0m
[0;31m╰►[0mBlock b3
 [0m[0;34m  36 : 4f 01 05          AddSmi [1], FBV[5]
[m [0m         ↱ eager @36 : {<closure>:n3:(x), <this>:n1:(x), a0:n2:(x), <context>:n4:(x), <accumulator>:n2:(x)} (addr:0x10c00fa3238)
 [0m  [0m36/23: Int32IncrementWithOverflow [v31/n8:v-1(R)] → v-1(0), live range: [36-37]
 [0m[0;34m  40 : 56 03 06          BitwiseXorSmi [3], FBV[6]
[m [0m  [0m37/25: Int32BitwiseXor [v36/n23:v-1(R), v10/n24:v-1(*)] → v-1(0), live range: [37-38]
 [0m[0;34m  44 : 4f 02 07          AddSmi [2], FBV[7]
[m [0m  [0m38/27: Int32Add [v37/n25:v-1(R), v9/n26:v-1(*)] → v-1(0), live range: [38-39]
 [0m[0;34m  48 : 56 05 08          BitwiseXorSmi [5], FBV[8]
[m [0m  [0m39/29: Int32BitwiseXor [v38/n27:v-1(R), v12/n28:v-1(*)] → v-1(0), live range: [39-40]
 [0m[0;34m  52 : 4f 04 09          AddSmi [4], FBV[9]
[m [0m  [0m40/31: Int32Add [v39/n29:v-1(R), v11/n30:v-1(*)] → v-1(0), live range: [40-41]
 [0m[0;34m  56 : 56 07 0a          BitwiseXorSmi [7], FBV[10]
[m [0m  [0m41/33: Int32BitwiseXor [v40/n31:v-1(R), v13/n32:v-1(*)] → v-1(0), live range: [41-42]
 [0m[0;34m  60 : 4f 08 0b          AddSmi [8], FBV[11]
[m [0m  [0m42/35: Int32Add [v41/n33:v-1(R), v14/n34:v-1(*)] → v-1(0), live range: [42-43]
 [0m[0;34m  64 : 56 0b 0c          BitwiseXorSmi [11], FBV[12]
[m [0m  [0m43/37: Int32BitwiseXor [v42/n35:v-1(R), v15/n36:v-1(*)] → v-1(0), live range: [43-44]
 [0m[0;34m  68 : 4f 10 0d          AddSmi [16], FBV[13]
[m [0m  [0m44/39: Int32Add [v43/n37:v-1(R), v17/n38:v-1(*)] → v-1(0), live range: [44-45]
 [0m[0;34m  72 : 56 0d 0e          BitwiseXorSmi [13], FBV[14]
[m [0m  [0m45/41: Int32BitwiseXor [v44/n39:v-1(R), v16/n40:v-1(*)] → v-1(0), live range: [45-46]
 [0m[0;34m  76 : 4f 20 0f          AddSmi [32], FBV[15]
[m [0m  [0m46/43: Int32Add [v45/n41:v-1(R), v22/n42:v-1(*)] → v-1(0), live range: [46-47]
 [0m[0;34m  80 : 56 11 10          BitwiseXorSmi [17], FBV[16]
[m [0m  [0m47/45: Int32BitwiseXor [v46/n43:v-1(R), v18/n44:v-1(*)] → v-1(0), live range: [47-48]
 [0m[0;34m  84 : 4f 40 11          AddSmi [64], FBV[17]
[m [0m  [0m48/47: Int32Add [v47/n45:v-1(R), v23/n46:v-1(*)] → v-1(0), live range: [48-49]
 [0m[0;34m  88 : 56 13 12          BitwiseXorSmi [19], FBV[18]
[m [0m  [0m49/49: Int32BitwiseXor [v48/n47:v-1(R), v19/n48:v-1(*)] → v-1(0), live range: [49-50]
 [0m[0;34m  92 : 00 4f 80 00 13 00 AddSmi.Wide [128], FBV[19]
[m [0m  [0m50/51: Int32Add [v49/n49:v-1(R), v24/n50:v-1(*)] → v-1(0), live range: [50-51]
 [0m[0;34m  99 : 56 17 14          BitwiseXorSmi [23], FBV[20]
[m [0m  [0m51/53: Int32BitwiseXor [v50/n51:v-1(R), v20/n52:v-1(*)] → v-1(0), live range: [51-52]
 [0m[0;34m 103 : 00 4f 00 01 15 00 AddSmi.Wide [256], FBV[21]
[m [0m  [0m52/55: Int32Add [v51/n53:v-1(R), v25/n54:v-1(*)] → v-1(0), live range: [52-53]
 [0m[0;34m 110 : 56 1d 16          BitwiseXorSmi [29], FBV[22]
[m [0m  [0m53/57: Int32BitwiseXor [v52/n55:v-1(R), v21/n56:v-1(*)] → v-1(0), live range: [53-55]
 [0m[0;34m 114 : b9                Return
[m [0m  [0m54/59: ReduceInterruptBudgetForReturn(114) [v2/n58:v-1(R)]
 [0m  [0m55/60: Int32ToNumber[kCanonicalizeSmi] [v53/n57:v-1(R)] → v-1(R), live range: [55-56]
 [0m  [0m56/61: Return [v55/n60:v-1(=rax)]
 [0m

----- After register allocation -----
Graph

 [0m   [0m1/20: Constant(0x09b801004985 <NativeContext[307]>) → v-1, live range: [1-34]
 [0m   [0m2/58: Constant(0x09b80101e165 <FeedbackCell[one closure]>) → v-1, live range: [2-54]
 [0m    [0m3/3: Constant(0x09b80101e1b9 <JSFunction mayThrow (sfi = 0x9b80101e091)>) → v-1, live range: [3-36]
 [0m    [0m4/4: Constant(0x09b80101e1a5 <ScriptContext[3]>) → v-1, live range: [4-36]
 [0m   [0m5/17: Constant(0x09b801006e19 <JSFunction Error (sfi = 0x9b8001af1e9)>) → v-1, live range: [5-34]
 [0m   [0m6/18: Constant(0x09b80101e311 <String[4]: #boom>) → v-1, live range: [6-34]
 [0m   [0m7/19: RootConstant(the_hole_value) → v-1, live range: [7-34]
 [0m   [0m8/12: Int32Constant(0) → v-1, live range: [8-33]
 [0m   [0m9/26: Int32Constant(2) → v-1, live range: [9-38]
 [0m  [0m10/24: Int32Constant(3) → v-1, live range: [10-37]
 [0m  [0m11/30: Int32Constant(4) → v-1, live range: [11-40]
 [0m  [0m12/28: Int32Constant(5) → v-1, live range: [12-39]
 [0m  [0m13/32: Int32Constant(7) → v-1, live range: [13-41]
 [0m  [0m14/34: Int32Constant(8) → v-1, live range: [14-42]
 [0m  [0m15/36: Int32Constant(11) → v-1, live range: [15-43]
 [0m  [0m16/40: Int32Constant(13) → v-1, live range: [16-45]
 [0m  [0m17/38: Int32Constant(16) → v-1, live range: [17-44]
 [0m  [0m18/44: Int32Constant(17) → v-1, live range: [18-47]
 [0m  [0m19/48: Int32Constant(19) → v-1, live range: [19-49]
 [0m  [0m20/52: Int32Constant(23) → v-1, live range: [20-51]
 [0m  [0m21/56: Int32Constant(29) → v-1, live range: [21-53]
 [0m  [0m22/42: Int32Constant(32) → v-1, live range: [22-46]
 [0m  [0m23/46: Int32Constant(64) → v-1, live range: [23-48]
 [0m  [0m24/50: Int32Constant(128) → v-1, live range: [24-50]
 [0m  [0m25/54: Int32Constant(256) → v-1, live range: [25-52]
 [0m   [0m26/9: Int32Constant(1023) → v-1, live range: [26-32]
  [0mBlock b0
 [0m[1;34m0x09b80101e091 <SharedFunctionInfo mayThrow> (0x09b80104a7b1 <String[18]: "workloads/throw.js">:17:17)
[m [0m[0;34m   0 : 0b 03             Ldar a0
[m [0m   [0m27/1: InitialValue(<this>) → [stack:-6|t], live range: [27-36]
 [0m   [0m28/2: InitialValue(a0) → [stack:-7|t], live range: [28-36]
 [0m   [0m29/6: FunctionEntryStackCheck
 [0m         ↳ lazy @-1 : {<closure>:n3:[constant:v-1], <this>:n1:[stack:-6|t], a0:n2:[stack:-7|t], <context>:n4:[constant:v-1]} (addr:0x10c00fa1450)
 [0m   [0m30/7: Jump b1
 [0m      ↓
  [0mBlock b1
 [0m     [0m62: GapMove([stack:-7|t] → [rax|R|t])
 [0m[1;34m0x09b80101e091 <SharedFunctionInfo mayThrow> (0x09b80104a7b1 <String[18]: "workloads/throw.js">:0:0)
[m [0m[0;34m   2 : 00 57 ff 03 00 00 BitwiseAndSmi.Wide [1023], FBV[0]
[m [0m         ↱ eager @2 : {<closure>:n3:[constant:v-1], <this>:n1:[stack:-6|t], a0:n2:[stack:-7|t], <context>:n4:[constant:v-1], <accumulator>:n2:[stack:-7|t]} (addr:0x10c00fa19f8)
 [0m   [0m31/8: CheckedSmiUntag [v28/n2:[rax|R|t]] → [rax|R|w32] (spilled: [stack:0|w32]), live range: [31-36]
 [0m     [0m63: GapMove([rax|R|w32] → [rcx|R|w32])
 [0m  [0m32/10: Int32BitwiseAnd [v31/n8:[rax|R|w32], v26/n9:[constant:v-1]] → [rax|R|w32], live range: [32-33]
 [0m     [0m64: ConstantGapMove(n12 → [rdx|R|w32])
 [0m[0;34m  14 : a8 11             JumpIfFalse [17]
[m[0;31m╭──[0m33/14: BranchIfInt32Compare(StrictEqual) [v32/n10:[rax|R|w32], v8/n12:[rdx|R|w32]] b2 b3
[0;31m│[0m      ↓
[0;31m│ [0mBlock b2
[0;31m│[0m     [0m65: ConstantGapMove(n17 → [rdi|R|t])
[0;31m│[0m     [0m66: ConstantGapMove(n20 → [rsi|R|t])
[0;31m│[0m     [0m67: GapMove([rdi|R|t] → [rdx|R|t])
[0;31m│[0m[0;34m  25 : 74 f8 f7 01 03    Construct r1, r2-r2, FBV[3]
[m[0;31m│[0m  [0m34/21: 🐢 CallKnownJSFunction(0x09b8001af1e9 <SharedFunctionInfo Error>, {}) [v5/n17:[rdi|R|t], v1/n20:[rsi|R|t], v7/n19:[constant:v-1], v5/n17:[rdx|R|t], v6/n18:[constant:v-1]] → [rax|R|t], live range: [34-35]
[0;31m│[0m         │      @25 : {<closure>:n3:[constant:v-1], <this>:n1:[stack:-6|t], a0:n2:[stack:-7|t], <context>:n4:[constant:v-1]} (addr:0x10c00fa2ea8)
[0;31m│[0m         ↳ lazy @ConstructInvokeStub : {<this>:n19:[constant:v-1], <context>:n4:[constant:v-1]} (addr:0x10c00fa2ee8)
[0;31m│[0m[0;34m  30 : b7                Throw
[m[0;31m│[0m  [0m35/22: Throw(Throw, has_input=1) [v34/n21:[rax|R|t]]
[0;31m│[0m         ↳ lazy @30 : {<closure>:n3:[constant:v-1], <this>:n1:[stack:-6|t], a0:n2:[stack:-7|t], <context>:n4:[constant:v-1]} (addr:0x10c00fa3060)
[0;31m│[0m
[0;31m╰►[0mBlock b3
 [0m[0;34m  36 : 4f 01 05          AddSmi [1], FBV[5]
[m [0m         ↱ eager @36 : {<closure>:n3:[constant:v-1], <this>:n1:[stack:-6|t], a0:n2:[stack:-7|t], <context>:n4:[constant:v-1], <accumulator>:n2:[stack:-7|t]} (addr:0x10c00fa3238)
 [0m  [0m36/23: Int32IncrementWithOverflow [v31/n8:[rcx|R|w32]] → [rcx|R|w32], live range: [36-37]
 [0m[0;34m  40 : 56 03 06          BitwiseXorSmi [3], FBV[6]
[m [0m  [0m37/25: Int32BitwiseXor [v36/n23:[rcx|R|w32], v10/n24:[constant:v-1]] → [rcx|R|w32], live range: [37-38]
 [0m[0;34m  44 : 4f 02 07          AddSmi [2], FBV[7]
[m [0m  [0m38/27: Int32Add [v37/n25:[rcx|R|w32], v9/n26:[constant:v-1]] → [rcx|R|w32], live range: [38-39]
 [0m[0;34m  48 : 56 05 08          BitwiseXorSmi [5], FBV[8]
[m [0m  [0m39/29: Int32BitwiseXor [v38/n27:[rcx|R|w32], v12/n28:[constant:v-1]] → [rcx|R|w32], live range: [39-40]
 [0m[0;34m  52 : 4f 04 09          AddSmi [4], FBV[9]
[m [0m  [0m40/31: Int32Add [v39/n29:[rcx|R|w32], v11/n30:[constant:v-1]] → [rcx|R|w32], live range: [40-41]
 [0m[0;34m  56 : 56 07 0a          BitwiseXorSmi [7], FBV[10]
[m [0m  [0m41/33: Int32BitwiseXor [v40/n31:[rcx|R|w32], v13/n32:[constant:v-1]] → [rcx|R|w32], live range: [41-42]
 [0m[0;34m  60 : 4f 08 0b          AddSmi [8], FBV[11]
[m [0m  [0m42/35: Int32Add [v41/n33:[rcx|R|w32], v14/n34:[constant:v-1]] → [rcx|R|w32], live range: [42-43]
 [0m[0;34m  64 : 56 0b 0c          BitwiseXorSmi [11], FBV[12]
[m [0m  [0m43/37: Int32BitwiseXor [v42/n35:[rcx|R|w32], v15/n36:[constant:v-1]] → [rcx|R|w32], live range: [43-44]
 [0m[0;34m  68 : 4f 10 0d          AddSmi [16], FBV[13]
[m [0m  [0m44/39: Int32Add [v43/n37:[rcx|R|w32], v17/n38:[constant:v-1]] → [rcx|R|w32], live range: [44-45]
 [0m[0;34m  72 : 56 0d 0e          BitwiseXorSmi [13], FBV[14]
[m [0m  [0m45/41: Int32BitwiseXor [v44/n39:[rcx|R|w32], v16/n40:[constant:v-1]] → [rcx|R|w32], live range: [45-46]
 [0m[0;34m  76 : 4f 20 0f          AddSmi [32], FBV[15]
[m [0m  [0m46/43: Int32Add [v45/n41:[rcx|R|w32], v22/n42:[constant:v-1]] → [rcx|R|w32], live range: [46-47]
 [0m[0;34m  80 : 56 11 10          BitwiseXorSmi [17], FBV[16]
[m [0m  [0m47/45: Int32BitwiseXor [v46/n43:[rcx|R|w32], v18/n44:[constant:v-1]] → [rcx|R|w32], live range: [47-48]
 [0m[0;34m  84 : 4f 40 11          AddSmi [64], FBV[17]
[m [0m  [0m48/47: Int32Add [v47/n45:[rcx|R|w32], v23/n46:[constant:v-1]] → [rcx|R|w32], live range: [48-49]
 [0m[0;34m  88 : 56 13 12          BitwiseXorSmi [19], FBV[18]
[m [0m  [0m49/49: Int32BitwiseXor [v48/n47:[rcx|R|w32], v19/n48:[constant:v-1]] → [rcx|R|w32], live range: [49-50]
 [0m[0;34m  92 : 00 4f 80 00 13 00 AddSmi.Wide [128], FBV[19]
[m [0m  [0m50/51: Int32Add [v49/n49:[rcx|R|w32], v24/n50:[constant:v-1]] → [rcx|R|w32], live range: [50-51]
 [0m[0;34m  99 : 56 17 14          BitwiseXorSmi [23], FBV[20]
[m [0m  [0m51/53: Int32BitwiseXor [v50/n51:[rcx|R|w32], v20/n52:[constant:v-1]] → [rcx|R|w32], live range: [51-52]
 [0m[0;34m 103 : 00 4f 00 01 15 00 AddSmi.Wide [256], FBV[21]
[m [0m  [0m52/55: Int32Add [v51/n53:[rcx|R|w32], v25/n54:[constant:v-1]] → [rcx|R|w32], live range: [52-53]
 [0m[0;34m 110 : 56 1d 16          BitwiseXorSmi [29], FBV[22]
[m [0m  [0m53/57: Int32BitwiseXor [v52/n55:[rcx|R|w32], v21/n56:[constant:v-1]] → [rcx|R|w32], live range: [53-55]
 [0m     [0m68: ConstantGapMove(n58 → [rax|R|t])
 [0m[0;34m 114 : b9                Return
[m [0m  [0m54/59: ReduceInterruptBudgetForReturn(114) [v2/n58:[rax|R|t]]
 [0m  [0m55/60: Int32ToNumber[kCanonicalizeSmi] [v53/n57:[rcx|R|w32]] → [rax|R|t], live range: [55-56]
 [0m  [0m56/61: Return [v55/n60:[rax|R|t]]
 [0m
Compiling 0x09b80101e1ed <JSFunction risky (sfi = 0x9b80101e0c1)> with Maglev
----- Bytecode array -----
Parameter count 2
Register count 4
Frame size 32
         0x31a01000184 @    0 : 0b 03             Ldar a0
         0x31a01000186 @    2 : 51 02 00          MulSmi [2], FBV[0]
         0x31a01000189 @    5 : d4                Star0
         0x31a0100018a @    6 : 1b ff f8          Mov <context>, r1
         0x31a0100018d @    9 : 23 00 02          LdaGlobal [0:"mayThrow"], FBV[2]
         0x31a01000190 @   12 : d1                Star3
         0x31a01000191 @   13 : 6d f6 03 04       CallUndefinedReceiver1 r3, a0, FBV[4]
         0x31a01000195 @   17 : 42 f9 01          Add r0, FBV[1]
         0x31a01000198 @   20 : 1b f9 f7          Mov r0, r2
         0x31a0100019b @   23 : d4                Star0
         0x31a0100019c @   24 : 98 15             Jump [21] (0x31a010001b1 @ 45)
         0x31a0100019e @   26 : d2                Star2
         0x31a0100019f @   27 : 8f f7 01          CreateCatchContext r2, [1:0x09b80101e2d1 <ScopeInfo CATCH_SCOPE>]
         0x31a010001a2 @   30 : d3                Star1
         0x31a010001a3 @   31 : 10                LdaTheHole
         0x31a010001a4 @   32 : b6                SetPendingMessage
         0x31a010001a5 @   33 : 0b f8             Ldar r1
         0x31a010001a7 @   35 : 1c f7             PushContext r2
         0x31a010001a9 @   37 : 0b f9             Ldar r0
         0x31a010001ab @   39 : 50 01 06          SubSmi [1], FBV[6]
         0x31a010001ae @   42 : d4                Star0
         0x31a010001af @   43 : 1d f7             PopContext r2
         0x31a010001b1 @   45 : 0b f9             Ldar r0
         0x31a010001b3 @   47 : b9                Return
Constant pool (size = 2)
0x31a0100014d: [TrustedFixedArray]
 - map: 0x09b800000605 <Map(TRUSTED_FIXED_ARRAY_TYPE)>
 - length: 2
           0: 0x09b80101dfa9 <String[8]: #mayThrow>
           1: 0x09b80101e2d1 <ScopeInfo CATCH_SCOPE>
Handler Table (size = 16)
   from   to       hdlr (prediction,   data)
  (   9,  24)  ->    26 (prediction=1, data=1)
Source Position Table (size = 0)
0x9b80101e4d9: [FeedbackVector] in OldSpace
 - map: 0x09b800000899 <Map(FEEDBACK_VECTOR_TYPE)>
 - length: 7
 - shared function info: 0x09b80101e0c1 <SharedFunctionInfo risky>
 - tiering_in_progress: 0
 - osr_tiering_in_progress: 0
 - invocation count: 15802
 - closure feedback cell array: 0x9b8000021d9: [ClosureFeedbackCellArray] in ReadOnlySpace
 - map: 0x09b800000871 <Map(CLOSURE_FEEDBACK_CELL_ARRAY_TYPE)>
 - length: 0
 - elements:

 - slot #0 BinaryOp BinaryOp:SignedSmall {
     [0]: 1
  }
 - slot #1 BinaryOp BinaryOp:SignedSmall {
     [1]: 1
  }
 - slot #2 LoadGlobalNotInsideTypeof MONOMORPHIC
   [weak] 0x09b80101e1d9 <PropertyCell name=0x09b80101dfa9 <String[8]: #mayThrow> value=0x09b80101e1b9 <JSFunction mayThrow (sfi = 0x9b80101e091)>> {
     [2]: [weak] 0x09b80101e1d9 <PropertyCell name=0x09b80101dfa9 <String[8]: #mayThrow> value=0x09b80101e1b9 <JSFunction mayThrow (sfi = 0x9b80101e091)>>
     [3]: 0x09b800000e95 <Symbol: (uninitialized_symbol)>
  }
 - slot #4 Call MONOMORPHIC {
     [4]: [weak] 0x09b80101e1b9 <JSFunction mayThrow (sfi = 0x9b80101e091)>
     [5]: 126408
  }
 - slot #6 BinaryOp BinaryOp:SignedSmall {
     [6]: 1
  }

----- After graph building -----
Graph

 [0m  [0m36: Constant(0x09b80101e175 <FeedbackCell[one closure]>), 1 uses
 [0m   [0m3: Constant(0x09b80101e1ed <JSFunction risky (sfi = 0x9b80101e0c1)>), 5 uses
 [0m   [0m4: Constant(0x09b80101e1a5 <ScriptContext[3]>), 9 uses
 [0m  [0m11: Constant(0x09b80101e1b9 <JSFunction mayThrow (sfi = 0x9b80101e091)>), 1 uses
 [0m  [0m12: Constant(0x09b801004925 <JSGlobalProxy>), 1 uses
 [0m  [0m20: Constant(0x09b80101e2d1 <ScopeInfo CATCH_SCOPE>), 1 uses
 [0m  [0m18: Constant(0x09b801014a9d <Map(CATCH_CONTEXT_TYPE)>), 0 uses 🪦
 [0m   [0m5: RootConstant(undefined_value), 1 uses
 [0m  [0m29: RootConstant(the_hole_value), 1 uses
 [0m  [0m21: SmiConstant(3), 1 uses
 [0m   [0m8: Int32Constant(2), 1 uses, cannot truncate to int32
 [0m  [0m19: Int32Constant(3), 0 uses 🪦, cannot truncate to int32
  [0mBlock b0
 [0m[1;34m0x09b80101e0c1 <SharedFunctionInfo risky> (0x09b80104a7b1 <String[18]: "workloads/throw.js">:27:14)
[m [0m[0;34m   0 : 0b 03             Ldar a0
[m [0m   [0m1: InitialValue(<this>), 5 uses
 [0m   [0m2: InitialValue(a0), 8 uses
 [0m   [0m6: FunctionEntryStackCheck
 [0m      ↳ lazy @-1 : {<closure>:n3:, <this>:n1:, a0:n2:, <context>:n4:} (addr:0x10c00fa6678)
 [0m   [0m7: Jump b1
 [0m   ↓
  [0mBlock b1
 [0m[1;34m0x09b80101e0c1 <SharedFunctionInfo risky> (0x09b80104a7b1 <String[18]: "workloads/throw.js">:0:0)
[m [0m[0;34m   2 : 51 02 00          MulSmi [2], FBV[0]
[m [0m      ↱ eager @2 : {<closure>:n3:, <this>:n1:, a0:n2:, <context>:n4:, <accumulator>:n2:} (addr:0x10c00fa6e00)
 [0m   [0m9: CheckedSmiUntag [n2], 1 uses, cannot truncate to int32
 [0m      ↱ eager @2 : {<closure>:n3:, <this>:n1:, a0:n2:, <context>:n4:, <accumulator>:n2:} (addr:0x10c00fa6e00)
 [0m  [0m10: Int32MultiplyWithOverflow [n9, n8], 5 uses, cannot truncate to int32
 [0m[0;34m  13 : 6d f6 03 04       CallUndefinedReceiver1 r3, a0, FBV[4]
[m [0m  [0m13: 🐢 CallKnownJSFunction(0x09b80101e091 <SharedFunctionInfo mayThrow>, {Int32}) [n11, n4, n12, n5, n2], 2 uses
 [0m      ↳ lazy @13 : {<closure>:n3:, <this>:n1:, a0:n2:, <context>:n4:, r0:n10:, r1:n4:} (addr:0x10c00fa8af0)
 [0m      ↳ throw @26 (b2) : {<this>:n1, a0:n2, <context>:n4, r0:n10}
 [0m[0;34m  17 : 42 f9 01          Add r0, FBV[1]
[m [0m      ↱ eager @17 : {<closure>:n3:, <this>:n1:, a0:n2:, <context>:n4:, r0:n10:, r1:n4:, <accumulator>:n13:} (addr:0x10c00fa8ee8)
 [0m  [0m14: CheckedSmiUntag [n13], 1 uses, cannot truncate to int32
 [0m      ↱ eager @17 : {<closure>:n3:, <this>:n1:, a0:n2:, <context>:n4:, r0:n10:, r1:n4:, <accumulator>:n13:} (addr:0x10c00fa8ee8)
 [0m  [0m15: Int32AddWithOverflow [n10, n14], 1 uses, can truncate to int32 [-2147483648, 2147483647]
 [0m  [0m33: Int32ToNumber[kCanonicalizeSmi] [n15], 1 uses
 [0m[0;34m  24 : 98 15             Jump [21]
[m[0;31m╭──[0m16: Jump b3
[0;31m│[0m      with gap moves:
[0;31m│[0m        - n33 → 35: φᵀ r0
[0;31m│[0m
[0;31m│ [0mBlock b2 (exception handler)
[0;31m│[0m  [0m17: φᵀₑ <accumulator>, 2 uses
[0;31m│[0m[0;34m  27 : 8f f7 01          CreateCatchContext r2, [1:0x09b80101e2d1 <ScopeInfo CATCH_SCOPE>]
[m[0;31m│[0m  [0m22: AllocationBlock(Young), 1 uses
[0;31m│[0m  [0m23: InlinedAllocation(object 0x09b801014a9d <Map(CATCH_CONTEXT_TYPE)>) [n22], 6 uses (6 non escaping uses)
[0;31m│[0m  [0m24: StoreMap(0x09b801014a9d <Map(CATCH_CONTEXT_TYPE)>, InlinedAllocation) [n23]
[0;31m│[0m  [0m25: StoreTaggedFieldNoWriteBarrier(0x4, mutable) [n23, n21]
[0;31m│[0m  [0m26: StoreTaggedFieldWithWriteBarrier(0x8, constant, maybe_smi:0) [n23, n20]
[0;31m│[0m  [0m27: StoreTaggedFieldWithWriteBarrier(0xc, constant, maybe_smi:0) [n23, n4]
[0;31m│[0m  [0m28: StoreTaggedFieldWithWriteBarrier(0x10, constant, maybe_smi:1) [n23, n17]
[0;31m│[0m[0;34m  32 : b6                SetPendingMessage
[m[0;31m│[0m  [0m30: SetPendingMessage [n29], 0 uses, but required
[0;31m│[0m[0;34m  39 : 50 01 06          SubSmi [1], FBV[6]
[m[0;31m│[0m      ↱ eager @39 : {<closure>:n3:, <this>:n1:, a0:n2:, <context>:n23:, r2:n4:, <accumulator>:n10:} (addr:0x10c00fa9be0)
[0;31m│[0m  [0m31: Int32DecrementWithOverflow [n10], 1 uses, cannot truncate to int32
[0;31m│[0m  [0m34: Int32ToNumber[kCanonicalizeSmi] [n31], 1 uses
[0;31m│[0m[0;34m  45 : 0b f9             Ldar r0
[m[0;31m│[0m  [0m32: Jump b3
[0;31m│[0m   │  with gap moves:
[0;31m│[0m   │    - n34 → 35: φᵀ r0
[0;31m│[0m   ▼
[0;31m╰►[0mBlock b3
 [0m  [0m35: φᵀ r0 (n33, n34), 1 uses
 [0m[0;34m  47 : b9                Return
[m [0m  [0m37: ReduceInterruptBudgetForReturn(47) [n36]
 [0m  [0m38: Return [n35]
 [0m

----- After use marking -----
Graph

 [0m  [0m36: Constant(0x09b80101e175 <FeedbackCell[one closure]>) → (x)
 [0m   [0m3: Constant(0x09b80101e1ed <JSFunction risky (sfi = 0x9b80101e0c1)>) → (x)
 [0m   [0m4: Constant(0x09b80101e1a5 <ScriptContext[3]>) → (x)
 [0m  [0m11: Constant(0x09b80101e1b9 <JSFunction mayThrow (sfi = 0x9b80101e091)>) → (x)
 [0m  [0m12: Constant(0x09b801004925 <JSGlobalProxy>) → (x)
 [0m  [0m20: Constant(0x09b80101e2d1 <ScopeInfo CATCH_SCOPE>) → (x)
 [0m   [0m5: RootConstant(undefined_value) → (x)
 [0m  [0m29: RootConstant(the_hole_value) → (x)
 [0m  [0m21: SmiConstant(3) → (x)
 [0m   [0m8: Int32Constant(2) → (x)
  [0mBlock b0
 [0m[1;34m0x09b80101e0c1 <SharedFunctionInfo risky> (0x09b80104a7b1 <String[18]: "workloads/throw.js">:27:14)
[m [0m[0;34m   0 : 0b 03             Ldar a0
[m [0m   [0m1: InitialValue(<this>) → (x)
 [0m   [0m2: InitialValue(a0) → (x)
 [0m   [0m6: FunctionEntryStackCheck
 [0m      ↳ lazy @-1 : {<closure>:n3:, <this>:n1:, a0:n2:, <context>:n4:} (addr:0x10c00fa6678)
 [0m   [0m7: Jump b1
 [0m   ↓
  [0mBlock b1
 [0m[1;34m0x09b80101e0c1 <SharedFunctionInfo risky> (0x09b80104a7b1 <String[18]: "workloads/throw.js">:0:0)
[m [0m[0;34m   2 : 51 02 00          MulSmi [2], FBV[0]
[m [0m      ↱ eager @2 : {<closure>:n3:, <this>:n1:, a0:n2:, <context>:n4:, <accumulator>:n2:} (addr:0x10c00fa6e00)
 [0m   [0m9: CheckedSmiUntag [v0/n2:(x)] → (x)
 [0m      ↱ eager @2 : {<closure>:n3:, <this>:n1:, a0:n2:, <context>:n4:, <accumulator>:n2:} (addr:0x10c00fa6e00)
 [0m  [0m10: Int32MultiplyWithOverflow [v0/n9:(x), v0/n8:(x)] → (x)
 [0m[0;34m  13 : 6d f6 03 04       CallUndefinedReceiver1 r3, a0, FBV[4]
[m [0m  [0m13: 🐢 CallKnownJSFunction(0x09b80101e091 <SharedFunctionInfo mayThrow>, {Int32}) [v0/n11:(x), v0/n4:(x), v0/n12:(x), v0/n5:(x), v0/n2:(x)] → (x)
 [0m      ↳ lazy @13 : {<closure>:n3:, <this>:n1:, a0:n2:, <context>:n4:, r0:n10:, r1:n4:} (addr:0x10c00fa8af0)
 [0m      ↳ throw @26 (b2) : {<this>:n1, a0:n2, <context>:n4, r0:n10}
 [0m[0;34m  17 : 42 f9 01          Add r0, FBV[1]
[m [0m      ↱ eager @17 : {<closure>:n3:, <this>:n1:, a0:n2:, <context>:n4:, r0:n10:, r1:n4:, <accumulator>:n13:} (addr:0x10c00fa8ee8)
 [0m  [0m14: CheckedSmiUntag [v0/n13:(x)] → (x)
 [0m      ↱ eager @17 : {<closure>:n3:, <this>:n1:, a0:n2:, <context>:n4:, r0:n10:, r1:n4:, <accumulator>:n13:} (addr:0x10c00fa8ee8)
 [0m  [0m15: Int32AddWithOverflow [v0/n10:(x), v0/n14:(x)] → (x)
 [0m  [0m33: Int32ToNumber[kCanonicalizeSmi] [v0/n15:(x)] → (x)
 [0m[0;34m  24 : 98 15             Jump [21]
[m[0;31m╭──[0m16: Jump b3
[0;31m│[0m      with gap moves:
[0;31m│[0m        - v0/n33:(x) → 35: φᵀ r0 (x)
[0;31m│[0m
[0;31m│ [0mBlock b2 (exception handler)
[0;31m│[0m  [0m17: φᵀₑ <accumulator> (compressed) → (x)
[0;31m│[0m[0;34m  27 : 8f f7 01          CreateCatchContext r2, [1:0x09b80101e2d1 <ScopeInfo CATCH_SCOPE>]
[m[0;31m│[0m  [0m22: AllocationBlock(Young) → (x)
[0;31m│[0m  [0m23: InlinedAllocation(object 0x09b801014a9d <Map(CATCH_CONTEXT_TYPE)>) [v0/n22:(x)] → (x)
[0;31m│[0m  [0m24: StoreMap(0x09b801014a9d <Map(CATCH_CONTEXT_TYPE)>, InlinedAllocation) [v0/n23:(x)] 🪦
[0;31m│[0m  [0m25: StoreTaggedFieldNoWriteBarrier(0x4, mutable) [v0/n23:(x), v0/n21:(x)] 🪦
[0;31m│[0m  [0m26: StoreTaggedFieldWithWriteBarrier(0x8, constant, maybe_smi:0) [v0/n23:(x), v0/n20:(x)] 🪦
[0;31m│[0m  [0m27: StoreTaggedFieldWithWriteBarrier(0xc, constant, maybe_smi:0) [v0/n23:(x), v0/n4:(x)] 🪦
[0;31m│[0m  [0m28: StoreTaggedFieldWithWriteBarrier(0x10, constant, maybe_smi:1) [v0/n23:(x), v0/n17:(x)] 🪦
[0;31m│[0m[0;34m  32 : b6                SetPendingMessage
[m[0;31m│[0m  [0m30: SetPendingMessage [v0/n29:(x)] → (x)
[0;31m│[0m[0;34m  39 : 50 01 06          SubSmi [1], FBV[6]
[m[0;31m│[0m      ↱ eager @39 : {<closure>:n3:, <this>:n1:, a0:n2:, <context>:n23:(elided), r2:n4:, <accumulator>:n10:} (addr:0x10c00fa9be0)
[0;31m│[0m  [0m31: Int32DecrementWithOverflow [v0/n10:(x)] → (x)
[0;31m│[0m  [0m34: Int32ToNumber[kCanonicalizeSmi] [v0/n31:(x)] → (x)
[0;31m│[0m[0;34m  45 : 0b f9             Ldar r0
[m[0;31m│[0m  [0m32: Jump b3
[0;31m│[0m   │  with gap moves:
[0;31m│[0m   │    - v0/n34:(x) → 35: φᵀ r0 (x)
[0;31m│[0m   ▼
[0;31m╰►[0mBlock b3
 [0m  [0m35: φᵀ r0 (n33, n34) (compressed) → (x)
 [0m[0;34m  47 : b9                Return
[m [0m  [0m37: ReduceInterruptBudgetForReturn(47) [v0/n36:(x)]
 [0m  [0m38: Return [v0/n35:(x)]
 [0m

----- After register allocation pre-processing -----
Graph

 [0m   [0m1/36: Constant(0x09b80101e175 <FeedbackCell[one closure]>) → v-1, live range: [1-26]
 [0m    [0m2/3: Constant(0x09b80101e1ed <JSFunction risky (sfi = 0x9b80101e0c1)>) → v-1, live range: [2-22]
 [0m    [0m3/4: Constant(0x09b80101e1a5 <ScriptContext[3]>) → v-1, live range: [3-22]
 [0m   [0m4/11: Constant(0x09b80101e1b9 <JSFunction mayThrow (sfi = 0x9b80101e091)>) → v-1, live range: [4-15]
 [0m   [0m5/12: Constant(0x09b801004925 <JSGlobalProxy>) → v-1, live range: [5-15]
 [0m    [0m6/5: RootConstant(undefined_value) → v-1, live range: [6-15]
 [0m   [0m7/29: RootConstant(the_hole_value) → v-1, live range: [7-21]
 [0m    [0m8/8: Int32Constant(2) → v-1, live range: [8-14]
  [0mBlock b0
 [0m[1;34m0x09b80101e0c1 <SharedFunctionInfo risky> (0x09b80104a7b1 <String[18]: "workloads/throw.js">:27:14)
[m [0m[0;34m   0 : 0b 03             Ldar a0
[m [0m    [0m9/1: InitialValue(<this>) → v-1(=-6S), live range: [9-22]
 [0m   [0m10/2: InitialValue(a0) → v-1(=-7S), live range: [10-22]
 [0m   [0m11/6: FunctionEntryStackCheck
 [0m         ↳ lazy @-1 : {<closure>:n3:(x), <this>:n1:(x), a0:n2:(x), <context>:n4:(x)} (addr:0x10c00fa6678)
 [0m   [0m12/7: Jump b1
 [0m      ↓
  [0mBlock b1
 [0m[1;34m0x09b80101e0c1 <SharedFunctionInfo risky> (0x09b80104a7b1 <String[18]: "workloads/throw.js">:0:0)
[m [0m[0;34m   2 : 51 02 00          MulSmi [2], FBV[0]
[m [0m         ↱ eager @2 : {<closure>:n3:(x), <this>:n1:(x), a0:n2:(x), <context>:n4:(x), <accumulator>:n2:(x)} (addr:0x10c00fa6e00)
 [0m   [0m13/9: CheckedSmiUntag [v10/n2:v-1(R)] → v-1(0), live range: [13-14]
 [0m         ↱ eager @2 : {<closure>:n3:(x), <this>:n1:(x), a0:n2:(x), <context>:n4:(x), <accumulator>:n2:(x)} (addr:0x10c00fa6e00)
 [0m  [0m14/10: Int32MultiplyWithOverflow [v13/n9:v-1(R), v8/n8:v-1(R)] → v-1(0), live range: [14-22]
 [0m[0;34m  13 : 6d f6 03 04       CallUndefinedReceiver1 r3, a0, FBV[4]
[m [0m  [0m15/13: 🐢 CallKnownJSFunction(0x09b80101e091 <SharedFunctionInfo mayThrow>, {Int32}) [v4/n11:v-1(=rdi), v3/n4:v-1(=rsi), v5/n12:v-1(*), v6/n5:v-1(=rdx), v10/n2:v-1(*)] → v-1(=rax), live range: [15-17]
 [0m         ↳ lazy @13 : {<closure>:n3:(x), <this>:n1:(x), a0:n2:(x), <context>:n4:(x), r0:n10:(x), r1:n4:(x)} (addr:0x10c00fa8af0)
 [0m         ↳ throw @26 (b2) : {<this>:n1, a0:n2, <context>:n4, r0:n10}
 [0m[0;34m  17 : 42 f9 01          Add r0, FBV[1]
[m [0m         ↱ eager @17 : {<closure>:n3:(x), <this>:n1:(x), a0:n2:(x), <context>:n4:(x), r0:n10:(x), r1:n4:(x), <accumulator>:n13:(x)} (addr:0x10c00fa8ee8)
 [0m  [0m16/14: CheckedSmiUntag [v15/n13:v-1(R)] → v-1(0), live range: [16-17]
 [0m         ↱ eager @17 : {<closure>:n3:(x), <this>:n1:(x), a0:n2:(x), <context>:n4:(x), r0:n10:(x), r1:n4:(x), <accumulator>:n13:(x)} (addr:0x10c00fa8ee8)
 [0m  [0m17/15: Int32AddWithOverflow [v14/n10:v-1(R), v16/n14:v-1(R)] → v-1(0), live range: [17-18]
 [0m  [0m18/33: Int32ToNumber[kCanonicalizeSmi] [v17/n15:v-1(R)] → v-1(R), live range: [18-19]
 [0m[0;34m  24 : 98 15             Jump [21]
[m[0;31m╭──[0m19/16: Jump b3
[0;31m│[0m         with gap moves:
[0;31m│[0m           - v18/n33:v-1(*) → 35: φᵀ r0 v-1(*)
[0;31m│[0m
[0;31m│ [0mBlock b2 (exception handler)
[0;31m│[0m  [0m20/17: φᵀₑ <accumulator> → v-1(*), live range: [20-22]
[0;31m│[0m[0;34m  32 : b6                SetPendingMessage
[m[0;31m│[0m  [0m21/30: SetPendingMessage [v7/n29:v-1(R)] → v-1(R)
[0;31m│[0m[0;34m  39 : 50 01 06          SubSmi [1], FBV[6]
[m[0;31m│[0m         ↱ eager @39 : {<closure>:n3:(x), <this>:n1:(x), a0:n2:(x), <context>:n23:(elided), r2:n4:(x), <accumulator>:n10:(x)} (addr:0x10c00fa9be0)
[0;31m│[0m  [0m22/31: Int32DecrementWithOverflow [v14/n10:v-1(R)] → v-1(0), live range: [22-23]
[0;31m│[0m  [0m23/34: Int32ToNumber[kCanonicalizeSmi] [v22/n31:v-1(R)] → v-1(R), live range: [23-24]
[0;31m│[0m[0;34m  45 : 0b f9             Ldar r0
[m[0;31m│[0m  [0m24/32: Jump b3
[0;31m│[0m      │  with gap moves:
[0;31m│[0m      │    - v23/n34:v-1(*) → 35: φᵀ r0 v-1(*)
[0;31m│[0m      ▼
[0;31m╰►[0mBlock b3
 [0m  [0m25/35: φᵀ r0 (n33, n34) → v-1(*), live range: [25-27]
 [0m[0;34m  47 : b9                Return
[m [0m  [0m26/37: ReduceInterruptBudgetForReturn(47) [v1/n36:v-1(R)]
 [0m  [0m27/38: Return [v25/n35:v-1(=rax)]
 [0m

----- After register allocation -----
Graph

 [0m   [0m1/36: Constant(0x09b80101e175 <FeedbackCell[one closure]>) → v-1, live range: [1-26]
 [0m    [0m2/3: Constant(0x09b80101e1ed <JSFunction risky (sfi = 0x9b80101e0c1)>) → v-1, live range: [2-22]
 [0m    [0m3/4: Constant(0x09b80101e1a5 <ScriptContext[3]>) → v-1, live range: [3-22]
 [0m   [0m4/11: Constant(0x09b80101e1b9 <JSFunction mayThrow (sfi = 0x9b80101e091)>) → v-1, live range: [4-15]
 [0m   [0m5/12: Constant(0x09b801004925 <JSGlobalProxy>) → v-1, live range: [5-15]
 [0m    [0m6/5: RootConstant(undefined_value) → v-1, live range: [6-15]
 [0m   [0m7/29: RootConstant(the_hole_value) → v-1, live range: [7-21]
 [0m    [0m8/8: Int32Constant(2) → v-1, live range: [8-14]
  [0mBlock b0
 [0m[1;34m0x09b80101e0c1 <SharedFunctionInfo risky> (0x09b80104a7b1 <String[18]: "workloads/throw.js">:27:14)
[m [0m[0;34m   0 : 0b 03             Ldar a0
[m [0m    [0m9/1: InitialValue(<this>) → [stack:-6|t], live range: [9-22]
 [0m   [0m10/2: InitialValue(a0) → [stack:-7|t], live range: [10-22]
 [0m   [0m11/6: FunctionEntryStackCheck
 [0m         ↳ lazy @-1 : {<closure>:n3:[constant:v-1], <this>:n1:[stack:-6|t], a0:n2:[stack:-7|t], <context>:n4:[constant:v-1]} (addr:0x10c00fa6678)
 [0m   [0m12/7: Jump b1
 [0m      ↓
  [0mBlock b1
 [0m     [0m39: GapMove([stack:-7|t] → [rax|R|t])
 [0m[1;34m0x09b80101e0c1 <SharedFunctionInfo risky> (0x09b80104a7b1 <String[18]: "workloads/throw.js">:0:0)
[m [0m[0;34m   2 : 51 02 00          MulSmi [2], FBV[0]
[m [0m         ↱ eager @2 : {<closure>:n3:[constant:v-1], <this>:n1:[stack:-6|t], a0:n2:[stack:-7|t], <context>:n4:[constant:v-1], <accumulator>:n2:[stack:-7|t]} (addr:0x10c00fa6e00)
 [0m   [0m13/9: CheckedSmiUntag [v10/n2:[rax|R|t]] → [rax|R|w32], live range: [13-14]
 [0m     [0m40: ConstantGapMove(n8 → [rcx|R|w32])
 [0m         ↱ eager @2 : {<closure>:n3:[constant:v-1], <this>:n1:[stack:-6|t], a0:n2:[stack:-7|t], <context>:n4:[constant:v-1], <accumulator>:n2:[stack:-7|t]} (addr:0x10c00fa6e00)
 [0m  [0m14/10: Int32MultiplyWithOverflow [v13/n9:[rax|R|w32], v8/n8:[rcx|R|w32]] → [rax|R|w32] (spilled: [stack:0|w32]), live range: [14-22]
 [0m     [0m41: ConstantGapMove(n11 → [rdi|R|t])
 [0m     [0m42: ConstantGapMove(n4 → [rsi|R|t])
 [0m     [0m43: ConstantGapMove(n5 → [rdx|R|t])
 [0m[0;34m  13 : 6d f6 03 04       CallUndefinedReceiver1 r3, a0, FBV[4]
[m [0m  [0m15/13: 🐢 CallKnownJSFunction(0x09b80101e091 <SharedFunctionInfo mayThrow>, {Int32}) [v4/n11:[rdi|R|t], v3/n4:[rsi|R|t], v5/n12:[constant:v-1], v6/n5:[rdx|R|t], v10/n2:[stack:-7|t]] → [rax|R|t], live range: [15-17]
 [0m         ↳ lazy @13 : {<closure>:n3:[constant:v-1], <this>:n1:[stack:-6|t], a0:n2:[stack:-7|t], <context>:n4:[constant:v-1], r0:n10:[stack:0|w32], r1:n4:[constant:v-1]} (addr:0x10c00fa8af0)
 [0m         ↳ throw @26 (b2) : {<this>:n1, a0:n2, <context>:n4, r0:n10}
 [0m     [0m44: GapMove([rax|R|t] → [rcx|R|t])
 [0m[0;34m  17 : 42 f9 01          Add r0, FBV[1]
[m [0m         ↱ eager @17 : {<closure>:n3:[constant:v-1], <this>:n1:[stack:-6|t], a0:n2:[stack:-7|t], <context>:n4:[constant:v-1], r0:n10:[stack:0|w32], r1:n4:[constant:v-1], <accumulator>:n13:[rcx|R|t]} (addr:0x10c00fa8ee8)
 [0m  [0m16/14: CheckedSmiUntag [v15/n13:[rax|R|t]] → [rax|R|w32], live range: [16-17]
 [0m     [0m45: GapMove([stack:0|w32] → [rdx|R|w32])
 [0m         ↱ eager @17 : {<closure>:n3:[constant:v-1], <this>:n1:[stack:-6|t], a0:n2:[stack:-7|t], <context>:n4:[constant:v-1], r0:n10:[stack:0|w32], r1:n4:[constant:v-1], <accumulator>:n13:[rcx|R|t]} (addr:0x10c00fa8ee8)
 [0m  [0m17/15: Int32AddWithOverflow [v14/n10:[rdx|R|w32], v16/n14:[rax|R|w32]] → [rdx|R|w32], live range: [17-18]
 [0m  [0m18/33: Int32ToNumber[kCanonicalizeSmi] [v17/n15:[rdx|R|w32]] → [rax|R|t], live range: [18-19]
 [0m[0;34m  24 : 98 15             Jump [21]
[m[0;31m╭──[0m19/16: Jump b3
[0;31m│[0m         with gap moves:
[0;31m│[0m           - v18/n33:[rax|R|t] → 35: φᵀ r0 [rax|R|t]
[0;31m│[0m         with register merges:
[0;31m│[0m
[0;31m│ [0mBlock b2 (exception handler)
[0;31m│[0m  [0m20/17: φᵀₑ <accumulator> (compressed) → [rax|R|t], live range: [20-22]
[0;31m│[0m     [0m46: ConstantGapMove(n29 → [rcx|R|t])
[0;31m│[0m[0;34m  32 : b6                SetPendingMessage
[m[0;31m│[0m  [0m21/30: SetPendingMessage [v7/n29:[rcx|R|t]] → [rdx|R|t]
[0;31m│[0m     [0m47: GapMove([stack:0|w32] → [rcx|R|w32])
[0;31m│[0m[0;34m  39 : 50 01 06          SubSmi [1], FBV[6]
[m[0;31m│[0m         ↱ eager @39 : {<closure>:n3:[constant:v-1], <this>:n1:[stack:-6|t], a0:n2:[stack:-7|t], <context>:n23:(elided), r2:n4:[rax|R|t], <accumulator>:n10:[constant:v-1]} (addr:0x10c00fa9be0)
[0;31m│[0m  [0m22/31: Int32DecrementWithOverflow [v14/n10:[rcx|R|w32]] → [rcx|R|w32], live range: [22-23]
[0;31m│[0m  [0m23/34: Int32ToNumber[kCanonicalizeSmi] [v22/n31:[rcx|R|w32]] → [rax|R|t], live range: [23-24]
[0;31m│[0m[0;34m  45 : 0b f9             Ldar r0
[m[0;31m│[0m  [0m24/32: Jump b3
[0;31m│[0m      │  with gap moves:
[0;31m│[0m      │    - v23/n34:[rax|R|t] → 35: φᵀ r0 [rax|R|t]
[0;31m│[0m      │  with register merges:
[0;31m│[0m      ▼
[0;31m╰►[0mBlock b3
 [0m  [0m25/35: φᵀ r0 (n33, n34) (decompressed) → [rax|R|t], live range: [25-27]
 [0m     [0m48: ConstantGapMove(n36 → [rcx|R|t])
 [0m[0;34m  47 : b9                Return
[m [0m  [0m26/37: ReduceInterruptBudgetForReturn(47) [v1/n36:[rcx|R|t]]
 [0m  [0m27/38: Return [v25/n35:[rax|R|t]]
 [0m
Compiling 0x09b80101e221 <JSFunction bare (sfi = 0x9b80101e0f1)> with Maglev
----- Bytecode array -----
Parameter count 2
Register count 2
Frame size 16
         0x31a010002b0 @    0 : 1b ff f9          Mov <context>, r0
         0x31a010002b3 @    3 : 23 00 00          LdaGlobal [0:"mayThrow"], FBV[0]
         0x31a010002b6 @    6 : d3                Star1
         0x31a010002b7 @    7 : 6d f8 03 02       CallUndefinedReceiver1 r1, a0, FBV[2]
         0x31a010002bb @   11 : 98 0f             Jump [15] (0x31a010002ca @ 26)
         0x31a010002bd @   13 : d3                Star1
         0x31a010002be @   14 : 8f f8 01          CreateCatchContext r1, [1:0x09b80101e39d <ScopeInfo CATCH_SCOPE>]
         0x31a010002c1 @   17 : d4                Star0
         0x31a010002c2 @   18 : 10                LdaTheHole
         0x31a010002c3 @   19 : b6                SetPendingMessage
         0x31a010002c4 @   20 : 0b f9             Ldar r0
         0x31a010002c6 @   22 : 1c f8             PushContext r1
         0x31a010002c8 @   24 : 1d f8             PopContext r1
         0x31a010002ca @   26 : 0c                LdaZero
         0x31a010002cb @   27 : b9                Return
Constant pool (size = 2)
0x31a01000279: [TrustedFixedArray]
 - map: 0x09b800000605 <Map(TRUSTED_FIXED_ARRAY_TYPE)>
 - length: 2
           0: 0x09b80101dfa9 <String[8]: #mayThrow>
           1: 0x09b80101e39d <ScopeInfo CATCH_SCOPE>
Handler Table (size = 16)
   from   to       hdlr (prediction,   data)
  (   3,  11)  ->    13 (prediction=1, data=0)
Source Position Table (size = 0)
0x9b80101e511: [FeedbackVector] in OldSpace
 - map: 0x09b800000899 <Map(FEEDBACK_VECTOR_TYPE)>
 - length: 4
 - shared function info: 0x09b80101e0f1 <SharedFunctionInfo bare>
 - tiering_in_progress: 0
 - osr_tiering_in_progress: 0
 - invocation count: 15811
 - closure feedback cell array: 0x9b8000021d9: [ClosureFeedbackCellArray] in ReadOnlySpace
 - map: 0x09b800000871 <Map(CLOSURE_FEEDBACK_CELL_ARRAY_TYPE)>
 - length: 0
 - elements:

 - slot #0 LoadGlobalNotInsideTypeof MONOMORPHIC
   [weak] 0x09b80101e1d9 <PropertyCell name=0x09b80101dfa9 <String[8]: #mayThrow> value=0x09b80101e1b9 <JSFunction mayThrow (sfi = 0x9b80101e091)>> {
     [0]: [weak] 0x09b80101e1d9 <PropertyCell name=0x09b80101dfa9 <String[8]: #mayThrow> value=0x09b80101e1b9 <JSFunction mayThrow (sfi = 0x9b80101e091)>>
     [1]: 0x09b800000e95 <Symbol: (uninitialized_symbol)>
  }
 - slot #2 Call MONOMORPHIC {
     [2]: [weak] 0x09b80101e1b9 <JSFunction mayThrow (sfi = 0x9b80101e091)>
     [3]: 126480
  }

----- After graph building -----
Graph

 [0m  [0m28: Constant(0x09b80101e185 <FeedbackCell[one closure]>), 1 uses
 [0m   [0m3: Constant(0x09b80101e221 <JSFunction bare (sfi = 0x9b80101e0f1)>), 2 uses
 [0m   [0m4: Constant(0x09b80101e1a5 <ScriptContext[3]>), 5 uses
 [0m   [0m8: Constant(0x09b80101e1b9 <JSFunction mayThrow (sfi = 0x9b80101e091)>), 1 uses
 [0m   [0m9: Constant(0x09b801004925 <JSGlobalProxy>), 1 uses
 [0m  [0m15: Constant(0x09b80101e39d <ScopeInfo CATCH_SCOPE>), 1 uses
 [0m  [0m13: Constant(0x09b801014a9d <Map(CATCH_CONTEXT_TYPE)>), 0 uses 🪦
 [0m   [0m5: RootConstant(undefined_value), 1 uses
 [0m  [0m24: RootConstant(the_hole_value), 1 uses
 [0m  [0m27: SmiConstant(0), 1 uses
 [0m  [0m16: SmiConstant(3), 1 uses
 [0m  [0m14: Int32Constant(3), 0 uses 🪦, cannot truncate to int32
  [0mBlock b0
 [0m[1;34m0x09b80101e0f1 <SharedFunctionInfo bare> (0x09b80104a7b1 <String[18]: "workloads/throw.js">:34:13)
[m [0m[0;34m   0 : 1b ff f9          Mov <context>, r0
[m [0m   [0m1: InitialValue(<this>), 2 uses
 [0m   [0m2: InitialValue(a0), 3 uses
 [0m   [0m6: FunctionEntryStackCheck
 [0m      ↳ lazy @-1 : {<closure>:n3:, <this>:n1:, a0:n2:, <context>:n4:} (addr:0x10c00fa6400)
 [0m   [0m7: Jump b1
 [0m   ↓
  [0mBlock b1
 [0m[1;34m0x09b80101e0f1 <SharedFunctionInfo bare> (0x09b80104a7b1 <String[18]: "workloads/throw.js">:0:0)
[m [0m[0;34m   7 : 6d f8 03 02       CallUndefinedReceiver1 r1, a0, FBV[2]
[m [0m  [0m10: 🐢 CallKnownJSFunction(0x09b80101e091 <SharedFunctionInfo mayThrow>, {}) [n8, n4, n9, n5, n2], 0 uses, but required
 [0m      ↳ lazy @7 : {<closure>:n3:, <this>:n1:, a0:n2:, <context>:n4:, r0:n4:} (addr:0x10c00fa8620)
 [0m      ↳ throw @13 (b2) : {<this>:n1, a0:n2, <context>:n4}
 [0m[0;34m  11 : 98 0f             Jump [15]
[m[0;31m╭──[0m11: Jump b3
[0;31m│[0m
[0;31m│ [0mBlock b2 (exception handler)
[0;31m│[0m  [0m12: φᵀₑ <accumulator>, 1 uses
[0;31m│[0m[0;34m  14 : 8f f8 01          CreateCatchContext r1, [1:0x09b80101e39d <ScopeInfo CATCH_SCOPE>]
[m[0;31m│[0m  [0m17: AllocationBlock(Young), 1 uses
[0;31m│[0m  [0m18: InlinedAllocation(object 0x09b801014a9d <Map(CATCH_CONTEXT_TYPE)>) [n17], 5 uses (5 non escaping uses)
[0;31m│[0m  [0m19: StoreMap(0x09b801014a9d <Map(CATCH_CONTEXT_TYPE)>, InlinedAllocation) [n18]
[0;31m│[0m  [0m20: StoreTaggedFieldNoWriteBarrier(0x4, mutable) [n18, n16]
[0;31m│[0m  [0m21: StoreTaggedFieldWithWriteBarrier(0x8, constant, maybe_smi:0) [n18, n15]
[0;31m│[0m  [0m22: StoreTaggedFieldWithWriteBarrier(0xc, constant, maybe_smi:0) [n18, n4]
[0;31m│[0m  [0m23: StoreTaggedFieldWithWriteBarrier(0x10, constant, maybe_smi:1) [n18, n12]
[0;31m│[0m[0;34m  19 : b6                SetPendingMessage
[m[0;31m│[0m  [0m25: SetPendingMessage [n24], 0 uses, but required
[0;31m│[0m[0;34m  26 : 0c                LdaZero
[m[0;31m│[0m  [0m26: Jump b3
[0;31m│[0m   ↓
[0;31m╰►[0mBlock b3
 [0m[0;34m  27 : b9                Return
[m [0m  [0m29: ReduceInterruptBudgetForReturn(27) [n28]
 [0m  [0m30: Return [n27]
 [0m

----- After use marking -----
Graph

 [0m  [0m28: Constant(0x09b80101e185 <FeedbackCell[one closure]>) → (x)
 [0m   [0m3: Constant(0x09b80101e221 <JSFunction bare (sfi = 0x9b80101e0f1)>) → (x)
 [0m   [0m4: Constant(0x09b80101e1a5 <ScriptContext[3]>) → (x)
 [0m   [0m8: Constant(0x09b80101e1b9 <JSFunction mayThrow (sfi = 0x9b80101e091)>) → (x)
 [0m   [0m9: Constant(0x09b801004925 <JSGlobalProxy>) → (x)
 [0m  [0m15: Constant(0x09b80101e39d <ScopeInfo CATCH_SCOPE>) → (x)
 [0m   [0m5: RootConstant(undefined_value) → (x)
 [0m  [0m24: RootConstant(the_hole_value) → (x)
 [0m  [0m27: SmiConstant(0) → (x)
 [0m  [0m16: SmiConstant(3) → (x)
  [0mBlock b0
 [0m[1;34m0x09b80101e0f1 <SharedFunctionInfo bare> (0x09b80104a7b1 <String[18]: "workloads/throw.js">:34:13)
[m [0m[0;34m   0 : 1b ff f9          Mov <context>, r0
[m [0m   [0m1: InitialValue(<this>) → (x)
 [0m   [0m2: InitialValue(a0) → (x)
 [0m   [0m6: FunctionEntryStackCheck
 [0m      ↳ lazy @-1 : {<closure>:n3:, <this>:n1:, a0:n2:, <context>:n4:} (addr:0x10c00fa6400)
 [0m   [0m7: Jump b1
 [0m   ↓
  [0mBlock b1
 [0m[1;34m0x09b80101e0f1 <SharedFunctionInfo bare> (0x09b80104a7b1 <String[18]: "workloads/throw.js">:0:0)
[m [0m[0;34m   7 : 6d f8 03 02       CallUndefinedReceiver1 r1, a0, FBV[2]
[m [0m  [0m10: 🐢 CallKnownJSFunction(0x09b80101e091 <SharedFunctionInfo mayThrow>, {}) [v0/n8:(x), v0/n4:(x), v0/n9:(x), v0/n5:(x), v0/n2:(x)] → (x)
 [0m      ↳ lazy @7 : {<closure>:n3:, <this>:n1:, a0:n2:, <context>:n4:, r0:n4:} (addr:0x10c00fa8620)
 [0m      ↳ throw @13 (b2) : {<this>:n1, a0:n2, <context>:n4}
 [0m[0;34m  11 : 98 0f             Jump [15]
[m[0;31m╭──[0m11: Jump b3
[0;31m│[0m
[0;31m│ [0mBlock b2 (exception handler)
[0;31m│[0m  [0m12: φᵀₑ <accumulator> (compressed) → (x)
[0;31m│[0m[0;34m  14 : 8f f8 01          CreateCatchContext r1, [1:0x09b80101e39d <ScopeInfo CATCH_SCOPE>]
[m[0;31m│[0m  [0m17: AllocationBlock(Young) → (x)
[0;31m│[0m  [0m18: InlinedAllocation(object 0x09b801014a9d <Map(CATCH_CONTEXT_TYPE)>) [v0/n17:(x)] → (x)
[0;31m│[0m  [0m19: StoreMap(0x09b801014a9d <Map(CATCH_CONTEXT_TYPE)>, InlinedAllocation) [v0/n18:(x)] 🪦
[0;31m│[0m  [0m20: StoreTaggedFieldNoWriteBarrier(0x4, mutable) [v0/n18:(x), v0/n16:(x)] 🪦
[0;31m│[0m  [0m21: StoreTaggedFieldWithWriteBarrier(0x8, constant, maybe_smi:0) [v0/n18:(x), v0/n15:(x)] 🪦
[0;31m│[0m  [0m22: StoreTaggedFieldWithWriteBarrier(0xc, constant, maybe_smi:0) [v0/n18:(x), v0/n4:(x)] 🪦
[0;31m│[0m  [0m23: StoreTaggedFieldWithWriteBarrier(0x10, constant, maybe_smi:1) [v0/n18:(x), v0/n12:(x)] 🪦
[0;31m│[0m[0;34m  19 : b6                SetPendingMessage
[m[0;31m│[0m  [0m25: SetPendingMessage [v0/n24:(x)] → (x)
[0;31m│[0m[0;34m  26 : 0c                LdaZero
[m[0;31m│[0m  [0m26: Jump b3
[0;31m│[0m   ↓
[0;31m╰►[0mBlock b3
 [0m[0;34m  27 : b9                Return
[m [0m  [0m29: ReduceInterruptBudgetForReturn(27) [v0/n28:(x)]
 [0m  [0m30: Return [v0/n27:(x)]
 [0m

----- After register allocation pre-processing -----
Graph

 [0m   [0m1/28: Constant(0x09b80101e185 <FeedbackCell[one closure]>) → v-1, live range: [1-17]
 [0m    [0m2/3: Constant(0x09b80101e221 <JSFunction bare (sfi = 0x9b80101e0f1)>) → v-1, live range: [2-13]
 [0m    [0m3/4: Constant(0x09b80101e1a5 <ScriptContext[3]>) → v-1, live range: [3-13]
 [0m    [0m4/8: Constant(0x09b80101e1b9 <JSFunction mayThrow (sfi = 0x9b80101e091)>) → v-1, live range: [4-13]
 [0m    [0m5/9: Constant(0x09b801004925 <JSGlobalProxy>) → v-1, live range: [5-13]
 [0m    [0m6/5: RootConstant(undefined_value) → v-1, live range: [6-13]
 [0m   [0m7/24: RootConstant(the_hole_value) → v-1, live range: [7-15]
 [0m   [0m8/27: SmiConstant(0) → v-1, live range: [8-18]
  [0mBlock b0
 [0m[1;34m0x09b80101e0f1 <SharedFunctionInfo bare> (0x09b80104a7b1 <String[18]: "workloads/throw.js">:34:13)
[m [0m[0;34m   0 : 1b ff f9          Mov <context>, r0
[m [0m    [0m9/1: InitialValue(<this>) → v-1(=-6S), live range: [9-13]
 [0m   [0m10/2: InitialValue(a0) → v-1(=-7S), live range: [10-13]
 [0m   [0m11/6: FunctionEntryStackCheck
 [0m         ↳ lazy @-1 : {<closure>:n3:(x), <this>:n1:(x), a0:n2:(x), <context>:n4:(x)} (addr:0x10c00fa6400)
 [0m   [0m12/7: Jump b1
 [0m      ↓
  [0mBlock b1
 [0m[1;34m0x09b80101e0f1 <SharedFunctionInfo bare> (0x09b80104a7b1 <String[18]: "workloads/throw.js">:0:0)
[m [0m[0;34m   7 : 6d f8 03 02       CallUndefinedReceiver1 r1, a0, FBV[2]
[m [0m  [0m13/10: 🐢 CallKnownJSFunction(0x09b80101e091 <SharedFunctionInfo mayThrow>, {}) [v4/n8:v-1(=rdi), v3/n4:v-1(=rsi), v5/n9:v-1(*), v6/n5:v-1(=rdx), v10/n2:v-1(*)] → v-1(=rax)
 [0m         ↳ lazy @7 : {<closure>:n3:(x), <this>:n1:(x), a0:n2:(x), <context>:n4:(x), r0:n4:(x)} (addr:0x10c00fa8620)
 [0m         ↳ throw (b2)
 [0m[0;34m  11 : 98 0f             Jump [15]
[m[0;31m╭──[0m14/11: Jump b3
[0;31m│[0m
[0;31m│ [0mBlock b2 (exception handler)
[0;31m│[0m[0;34m  19 : b6                SetPendingMessage
[m[0;31m│[0m  [0m15/25: SetPendingMessage [v7/n24:v-1(R)] → v-1(R)
[0;31m│[0m[0;34m  26 : 0c                LdaZero
[m[0;31m│[0m  [0m16/26: Jump b3
[0;31m│[0m      ↓
[0;31m╰►[0mBlock b3
 [0m[0;34m  27 : b9                Return
[m [0m  [0m17/29: ReduceInterruptBudgetForReturn(27) [v1/n28:v-1(R)]
 [0m  [0m18/30: Return [v8/n27:v-1(=rax)]
 [0m

----- After register allocation -----
Graph

 [0m   [0m1/28: Constant(0x09b80101e185 <FeedbackCell[one closure]>) → v-1, live range: [1-17]
 [0m    [0m2/3: Constant(0x09b80101e221 <JSFunction bare (sfi = 0x9b80101e0f1)>) → v-1, live range: [2-13]
 [0m    [0m3/4: Constant(0x09b80101e1a5 <ScriptContext[3]>) → v-1, live range: [3-13]
 [0m    [0m4/8: Constant(0x09b80101e1b9 <JSFunction mayThrow (sfi = 0x9b80101e091)>) → v-1, live range: [4-13]
 [0m    [0m5/9: Constant(0x09b801004925 <JSGlobalProxy>) → v-1, live range: [5-13]
 [0m    [0m6/5: RootConstant(undefined_value) → v-1, live range: [6-13]
 [0m   [0m7/24: RootConstant(the_hole_value) → v-1, live range: [7-15]
 [0m   [0m8/27: SmiConstant(0) → v-1, live range: [8-18]
  [0mBlock b0
 [0m[1;34m0x09b80101e0f1 <SharedFunctionInfo bare> (0x09b80104a7b1 <String[18]: "workloads/throw.js">:34:13)
[m [0m[0;34m   0 : 1b ff f9          Mov <context>, r0
[m [0m    [0m9/1: InitialValue(<this>) → [stack:-6|t], live range: [9-13]
 [0m   [0m10/2: InitialValue(a0) → [stack:-7|t], live range: [10-13]
 [0m   [0m11/6: FunctionEntryStackCheck
 [0m         ↳ lazy @-1 : {<closure>:n3:[constant:v-1], <this>:n1:[stack:-6|t], a0:n2:[stack:-7|t], <context>:n4:[constant:v-1]} (addr:0x10c00fa6400)
 [0m   [0m12/7: Jump b1
 [0m      ↓
  [0mBlock b1
 [0m     [0m31: ConstantGapMove(n8 → [rdi|R|t])
 [0m     [0m32: ConstantGapMove(n4 → [rsi|R|t])
 [0m     [0m33: ConstantGapMove(n5 → [rdx|R|t])
 [0m[1;34m0x09b80101e0f1 <SharedFunctionInfo bare> (0x09b80104a7b1 <String[18]: "workloads/throw.js">:0:0)
[m [0m[0;34m   7 : 6d f8 03 02       CallUndefinedReceiver1 r1, a0, FBV[2]
[m [0m  [0m13/10: 🐢 CallKnownJSFunction(0x09b80101e091 <SharedFunctionInfo mayThrow>, {}) [v4/n8:[rdi|R|t], v3/n4:[rsi|R|t], v5/n9:[constant:v-1], v6/n5:[rdx|R|t], v10/n2:[stack:-7|t]] → [rax|R|t]
 [0m         ↳ lazy @7 : {<closure>:n3:[constant:v-1], <this>:n1:[stack:-6|t], a0:n2:[stack:-7|t], <context>:n4:[constant:v-1], r0:n4:[constant:v-1]} (addr:0x10c00fa8620)
 [0m         ↳ throw (b2)
 [0m[0;34m  11 : 98 0f             Jump [15]
[m[0;31m╭──[0m14/11: Jump b3
[0;31m│[0m
[0;31m│ [0mBlock b2 (exception handler)
[0;31m│[0m     [0m34: ConstantGapMove(n24 → [rax|R|t])
[0;31m│[0m[0;34m  19 : b6                SetPendingMessage
[m[0;31m│[0m  [0m15/25: SetPendingMessage [v7/n24:[rax|R|t]] → [rcx|R|t]
[0;31m│[0m[0;34m  26 : 0c                LdaZero
[m[0;31m│[0m  [0m16/26: Jump b3
[0;31m│[0m      ↓
[0;31m╰►[0mBlock b3
 [0m     [0m35: ConstantGapMove(n28 → [rax|R|t])
 [0m[0;34m  27 : b9                Return
[m [0m  [0m17/29: ReduceInterruptBudgetForReturn(27) [v1/n28:[rax|R|t]]
 [0m     [0m36: ConstantGapMove(n27 → [rax|R|t])
 [0m  [0m18/30: Return [v8/n27:[rax|R|t]]
 [0m
Compiling 0x09b80101e145 <JSFunction (sfi = 0x9b80101e019)> with Maglev
----- Bytecode array -----
Parameter count 1
Register count 4
Frame size 32
         0x31a010000e8 @    0 : 13 00             LdaConstant [0:0x09b80101e071 <FixedArray[6]>]
         0x31a010000ea @    2 : d2                Star2
         0x31a010000eb @    3 : 1b fe f6          Mov <closure>, r3
         0x31a010000ee @    6 : 70 75 01 f7 02    CallRuntime [DeclareGlobals], r2-r3
         0x31a010000f3 @   11 : 0c                LdaZero
         0x31a010000f4 @   12 : 29 02             StaCurrentContextSlot [2]
         0x31a010000f6 @   14 : 0d 01             LdaSmi [1]
         0x31a010000f8 @   16 : d3                Star1
         0x31a010000f9 @   17 : 0e                LdaUndefined
         0x31a010000fa @   18 : d4                Star0
         0x31a010000fb @   19 : 01 0d 80 1a 06 00 LdaSmi.ExtraWide [400000]
         0x31a01000101 @   25 : 79 f8 01 00       TestLessThan r1, EmbeddedFeedback[0x1]
         0x31a01000105 @   29 : a8 2c             JumpIfFalse [44] (0x31a01000131 @ 73)
         0x31a01000107 @   31 : 18 02             LdaCurrentContextSlot [2]
         0x31a01000109 @   33 : d2                Star2
         0x31a0100010a @   34 : 23 01 01          LdaGlobal [1:"risky"], FBV[1]
         0x31a0100010d @   37 : d1                Star3
         0x31a0100010e @   38 : 6d f6 f8 03       CallUndefinedReceiver1 r3, r1, FBV[3]
         0x31a01000112 @   42 : 42 f7 00          Add r2, FBV[0]
         0x31a01000115 @   45 : 29 02             StaCurrentContextSlot [2]
         0x31a01000117 @   47 : 18 02             LdaCurrentContextSlot [2]
         0x31a01000119 @   49 : d2                Star2
         0x31a0100011a @   50 : 23 02 06          LdaGlobal [2:"bare"], FBV[6]
         0x31a0100011d @   53 : d1                Star3
         0x31a0100011e @   54 : 6d f6 f8 08       CallUndefinedReceiver1 r3, r1, FBV[8]
         0x31a01000122 @   58 : 42 f7 05          Add r2, FBV[5]
         0x31a01000125 @   61 : 29 02             StaCurrentContextSlot [2]
         0x31a01000127 @   63 : d4                Star0
         0x31a01000128 @   64 : 0b f8             Ldar r1
         0x31a0100012a @   66 : 5b 0a             Inc FBV[10]
         0x31a0100012c @   68 : d3                Star1
         0x31a0100012d @   69 : 97 32 00 0b       JumpLoop [50], [0], FBV[11] (0x31a010000fb @ 19)
         0x31a01000131 @   73 : 0b f9             Ldar r0
         0x31a01000133 @   75 : b9                Return
Constant pool (size = 3)
0x31a010000ad: [TrustedFixedArray]
 - map: 0x09b800000605 <Map(TRUSTED_FIXED_ARRAY_TYPE)>
 - length: 3
           0: 0x09b80101e071 <FixedArray[6]>
           1: 0x09b80101dfbd <String[5]: #risky>
           2: 0x09b80101dfe1 <String[4]: #bare>
Handler Table (size = 0)
Source Position Table (size = 0)
0x9b80101e53d: [FeedbackVector] in OldSpace
 - map: 0x09b800000899 <Map(FEEDBACK_VECTOR_TYPE)>
 - length: 12
 - shared function info: 0x09b80101e019 <SharedFunctionInfo>
 - tiering_in_progress: 0
 - osr_tiering_in_progress: 0
 - invocation count: 1
 - closure feedback cell array: 0x9b80104c0d1: [ClosureFeedbackCellArray]
 - map: 0x09b800000871 <Map(CLOSURE_FEEDBACK_CELL_ARRAY_TYPE)>
 - length: 3
 - elements:
           0: 0x09b80101e165 <FeedbackCell[one closure]>
           1: 0x09b80101e175 <FeedbackCell[one closure]>
           2: 0x09b80101e185 <FeedbackCell[one closure]>

 - slot #0 BinaryOp BinaryOp:SignedSmall {
     [0]: 1
  }
 - slot #1 LoadGlobalNotInsideTypeof MONOMORPHIC
   [weak] 0x09b80101e20d <PropertyCell name=0x09b80101dfbd <String[5]: #risky> value=0x09b80101e1ed <JSFunction risky (sfi = 0x9b80101e0c1)>> {
     [1]: [weak] 0x09b80101e20d <PropertyCell name=0x09b80101dfbd <String[5]: #risky> value=0x09b80101e1ed <JSFunction risky (sfi = 0x9b80101e0c1)>>
     [2]: 0x09b800000e95 <Symbol: (uninitialized_symbol)>
  }
 - slot #3 Call MONOMORPHIC {
     [3]: [weak] 0x09b80101e1ed <JSFunction risky (sfi = 0x9b80101e0c1)>
     [4]: 184664
  }
 - slot #5 BinaryOp BinaryOp:SignedSmall {
     [5]: 1
  }
 - slot #6 LoadGlobalNotInsideTypeof MONOMORPHIC
   [weak] 0x09b80101e241 <PropertyCell name=0x09b80101dfe1 <String[4]: #bare> value=0x09b80101e221 <JSFunction bare (sfi = 0x9b80101e0f1)>> {
     [6]: [weak] 0x09b80101e241 <PropertyCell name=0x09b80101dfe1 <String[4]: #bare> value=0x09b80101e221 <JSFunction bare (sfi = 0x9b80101e0f1)>>
     [7]: 0x09b800000e95 <Symbol: (uninitialized_symbol)>
  }
 - slot #8 Call MONOMORPHIC {
     [8]: [weak] 0x09b80101e221 <JSFunction bare (sfi = 0x9b80101e0f1)>
     [9]: 184664
  }
 - slot #10 BinaryOp BinaryOp:SignedSmall {
     [10]: 1
  }
 - slot #11 JumpLoop JumpLoop {
     [11]: [cleared]
  }

----- Inlining 0x09b80101e0c1 <SharedFunctionInfo risky> with bytecode -----
Parameter count 2
Register count 4
Frame size 32
         0x31a01000184 @    0 : 0b 03             Ldar a0
         0x31a01000186 @    2 : 51 02 00          MulSmi [2], FBV[0]
         0x31a01000189 @    5 : d4                Star0
         0x31a0100018a @    6 : 1b ff f8          Mov <context>, r1
         0x31a0100018d @    9 : 23 00 02          LdaGlobal [0:"mayThrow"], FBV[2]
         0x31a01000190 @   12 : d1                Star3
         0x31a01000191 @   13 : 6d f6 03 04       CallUndefinedReceiver1 r3, a0, FBV[4]
         0x31a01000195 @   17 : 42 f9 01          Add r0, FBV[1]
         0x31a01000198 @   20 : 1b f9 f7          Mov r0, r2
         0x31a0100019b @   23 : d4                Star0
         0x31a0100019c @   24 : 98 15             Jump [21] (0x31a010001b1 @ 45)
         0x31a0100019e @   26 : d2                Star2
         0x31a0100019f @   27 : 8f f7 01          CreateCatchContext r2, [1:0x09b80101e2d1 <ScopeInfo CATCH_SCOPE>]
         0x31a010001a2 @   30 : d3                Star1
         0x31a010001a3 @   31 : 10                LdaTheHole
         0x31a010001a4 @   32 : b6                SetPendingMessage
         0x31a010001a5 @   33 : 0b f8             Ldar r1
         0x31a010001a7 @   35 : 1c f7             PushContext r2
         0x31a010001a9 @   37 : 0b f9             Ldar r0
         0x31a010001ab @   39 : 50 01 06          SubSmi [1], FBV[6]
         0x31a010001ae @   42 : d4                Star0
         0x31a010001af @   43 : 1d f7             PopContext r2
         0x31a010001b1 @   45 : 0b f9             Ldar r0
         0x31a010001b3 @   47 : b9                Return
Constant pool (size = 2)
0x31a0100014d: [TrustedFixedArray]
 - map: 0x09b800000605 <Map(TRUSTED_FIXED_ARRAY_TYPE)>
 - length: 2
           0: 0x09b80101dfa9 <String[8]: #mayThrow>
           1: 0x09b80101e2d1 <ScopeInfo CATCH_SCOPE>
Handler Table (size = 16)
   from   to       hdlr (prediction,   data)
  (   9,  24)  ->    26 (prediction=1, data=1)
Source Position Table (size = 0)
0x9b80101e4d9: [FeedbackVector] in OldSpace
 - map: 0x09b800000899 <Map(FEEDBACK_VECTOR_TYPE)>
 - length: 7
 - shared function info: 0x09b80101e0c1 <SharedFunctionInfo risky>
 - tiering_in_progress: 0
 - osr_tiering_in_progress: 0
 - invocation count: 15802
 - closure feedback cell array: 0x9b8000021d9: [ClosureFeedbackCellArray] in ReadOnlySpace
 - map: 0x09b800000871 <Map(CLOSURE_FEEDBACK_CELL_ARRAY_TYPE)>
 - length: 0
 - elements:

 - slot #0 BinaryOp BinaryOp:SignedSmall {
     [0]: 1
  }
 - slot #1 BinaryOp BinaryOp:SignedSmall {
     [1]: 1
  }
 - slot #2 LoadGlobalNotInsideTypeof MONOMORPHIC
   [weak] 0x09b80101e1d9 <PropertyCell name=0x09b80101dfa9 <String[8]: #mayThrow> value=0x09b80101e1b9 <JSFunction mayThrow (sfi = 0x9b80101e091)>> {
     [2]: [weak] 0x09b80101e1d9 <PropertyCell name=0x09b80101dfa9 <String[8]: #mayThrow> value=0x09b80101e1b9 <JSFunction mayThrow (sfi = 0x9b80101e091)>>
     [3]: 0x09b800000e95 <Symbol: (uninitialized_symbol)>
  }
 - slot #4 Call MONOMORPHIC {
     [4]: [weak] 0x09b80101e1b9 <JSFunction mayThrow (sfi = 0x9b80101e091)>
     [5]: 126408
  }
 - slot #6 BinaryOp BinaryOp:SignedSmall {
     [6]: 1
  }

----- Inlining 0x09b80101e0f1 <SharedFunctionInfo bare> with bytecode -----
Parameter count 2
Register count 2
Frame size 16
         0x31a010002b0 @    0 : 1b ff f9          Mov <context>, r0
         0x31a010002b3 @    3 : 23 00 00          LdaGlobal [0:"mayThrow"], FBV[0]
         0x31a010002b6 @    6 : d3                Star1
         0x31a010002b7 @    7 : 6d f8 03 02       CallUndefinedReceiver1 r1, a0, FBV[2]
         0x31a010002bb @   11 : 98 0f             Jump [15] (0x31a010002ca @ 26)
         0x31a010002bd @   13 : d3                Star1
         0x31a010002be @   14 : 8f f8 01          CreateCatchContext r1, [1:0x09b80101e39d <ScopeInfo CATCH_SCOPE>]
         0x31a010002c1 @   17 : d4                Star0
         0x31a010002c2 @   18 : 10                LdaTheHole
         0x31a010002c3 @   19 : b6                SetPendingMessage
         0x31a010002c4 @   20 : 0b f9             Ldar r0
         0x31a010002c6 @   22 : 1c f8             PushContext r1
         0x31a010002c8 @   24 : 1d f8             PopContext r1
         0x31a010002ca @   26 : 0c                LdaZero
         0x31a010002cb @   27 : b9                Return
Constant pool (size = 2)
0x31a01000279: [TrustedFixedArray]
 - map: 0x09b800000605 <Map(TRUSTED_FIXED_ARRAY_TYPE)>
 - length: 2
           0: 0x09b80101dfa9 <String[8]: #mayThrow>
           1: 0x09b80101e39d <ScopeInfo CATCH_SCOPE>
Handler Table (size = 16)
   from   to       hdlr (prediction,   data)
  (   3,  11)  ->    13 (prediction=1, data=0)
Source Position Table (size = 0)
0x9b80101e511: [FeedbackVector] in OldSpace
 - map: 0x09b800000899 <Map(FEEDBACK_VECTOR_TYPE)>
 - length: 4
 - shared function info: 0x09b80101e0f1 <SharedFunctionInfo bare>
 - tiering_in_progress: 0
 - osr_tiering_in_progress: 0
 - invocation count: 15811
 - closure feedback cell array: 0x9b8000021d9: [ClosureFeedbackCellArray] in ReadOnlySpace
 - map: 0x09b800000871 <Map(CLOSURE_FEEDBACK_CELL_ARRAY_TYPE)>
 - length: 0
 - elements:

 - slot #0 LoadGlobalNotInsideTypeof MONOMORPHIC
   [weak] 0x09b80101e1d9 <PropertyCell name=0x09b80101dfa9 <String[8]: #mayThrow> value=0x09b80101e1b9 <JSFunction mayThrow (sfi = 0x9b80101e091)>> {
     [0]: [weak] 0x09b80101e1d9 <PropertyCell name=0x09b80101dfa9 <String[8]: #mayThrow> value=0x09b80101e1b9 <JSFunction mayThrow (sfi = 0x9b80101e091)>>
     [1]: 0x09b800000e95 <Symbol: (uninitialized_symbol)>
  }
 - slot #2 Call MONOMORPHIC {
     [2]: [weak] 0x09b80101e1b9 <JSFunction mayThrow (sfi = 0x9b80101e091)>
     [3]: 126480
  }

----- Inlining 0x09b80101e0c1 <SharedFunctionInfo risky> with bytecode -----
Parameter count 2
Register count 4
Frame size 32
         0x31a01000184 @    0 : 0b 03             Ldar a0
         0x31a01000186 @    2 : 51 02 00          MulSmi [2], FBV[0]
         0x31a01000189 @    5 : d4                Star0
         0x31a0100018a @    6 : 1b ff f8          Mov <context>, r1
         0x31a0100018d @    9 : 23 00 02          LdaGlobal [0:"mayThrow"], FBV[2]
         0x31a01000190 @   12 : d1                Star3
         0x31a01000191 @   13 : 6d f6 03 04       CallUndefinedReceiver1 r3, a0, FBV[4]
         0x31a01000195 @   17 : 42 f9 01          Add r0, FBV[1]
         0x31a01000198 @   20 : 1b f9 f7          Mov r0, r2
         0x31a0100019b @   23 : d4                Star0
         0x31a0100019c @   24 : 98 15             Jump [21] (0x31a010001b1 @ 45)
         0x31a0100019e @   26 : d2                Star2
         0x31a0100019f @   27 : 8f f7 01          CreateCatchContext r2, [1:0x09b80101e2d1 <ScopeInfo CATCH_SCOPE>]
         0x31a010001a2 @   30 : d3                Star1
         0x31a010001a3 @   31 : 10                LdaTheHole
         0x31a010001a4 @   32 : b6                SetPendingMessage
         0x31a010001a5 @   33 : 0b f8             Ldar r1
         0x31a010001a7 @   35 : 1c f7             PushContext r2
         0x31a010001a9 @   37 : 0b f9             Ldar r0
         0x31a010001ab @   39 : 50 01 06          SubSmi [1], FBV[6]
         0x31a010001ae @   42 : d4                Star0
         0x31a010001af @   43 : 1d f7             PopContext r2
         0x31a010001b1 @   45 : 0b f9             Ldar r0
         0x31a010001b3 @   47 : b9                Return
Constant pool (size = 2)
0x31a0100014d: [TrustedFixedArray]
 - map: 0x09b800000605 <Map(TRUSTED_FIXED_ARRAY_TYPE)>
 - length: 2
           0: 0x09b80101dfa9 <String[8]: #mayThrow>
           1: 0x09b80101e2d1 <ScopeInfo CATCH_SCOPE>
Handler Table (size = 16)
   from   to       hdlr (prediction,   data)
  (   9,  24)  ->    26 (prediction=1, data=1)
Source Position Table (size = 0)
0x9b80101e4d9: [FeedbackVector] in OldSpace
 - map: 0x09b800000899 <Map(FEEDBACK_VECTOR_TYPE)>
 - length: 7
 - shared function info: 0x09b80101e0c1 <SharedFunctionInfo risky>
 - tiering_in_progress: 0
 - osr_tiering_in_progress: 0
 - invocation count: 15802
 - closure feedback cell array: 0x9b8000021d9: [ClosureFeedbackCellArray] in ReadOnlySpace
 - map: 0x09b800000871 <Map(CLOSURE_FEEDBACK_CELL_ARRAY_TYPE)>
 - length: 0
 - elements:

 - slot #0 BinaryOp BinaryOp:SignedSmall {
     [0]: 1
  }
 - slot #1 BinaryOp BinaryOp:SignedSmall {
     [1]: 1
  }
 - slot #2 LoadGlobalNotInsideTypeof MONOMORPHIC
   [weak] 0x09b80101e1d9 <PropertyCell name=0x09b80101dfa9 <String[8]: #mayThrow> value=0x09b80101e1b9 <JSFunction mayThrow (sfi = 0x9b80101e091)>> {
     [2]: [weak] 0x09b80101e1d9 <PropertyCell name=0x09b80101dfa9 <String[8]: #mayThrow> value=0x09b80101e1b9 <JSFunction mayThrow (sfi = 0x9b80101e091)>>
     [3]: 0x09b800000e95 <Symbol: (uninitialized_symbol)>
  }
 - slot #4 Call MONOMORPHIC {
     [4]: [weak] 0x09b80101e1b9 <JSFunction mayThrow (sfi = 0x9b80101e091)>
     [5]: 126408
  }
 - slot #6 BinaryOp BinaryOp:SignedSmall {
     [6]: 1
  }

----- Inlining 0x09b80101e0f1 <SharedFunctionInfo bare> with bytecode -----
Parameter count 2
Register count 2
Frame size 16
         0x31a010002b0 @    0 : 1b ff f9          Mov <context>, r0
         0x31a010002b3 @    3 : 23 00 00          LdaGlobal [0:"mayThrow"], FBV[0]
         0x31a010002b6 @    6 : d3                Star1
         0x31a010002b7 @    7 : 6d f8 03 02       CallUndefinedReceiver1 r1, a0, FBV[2]
         0x31a010002bb @   11 : 98 0f             Jump [15] (0x31a010002ca @ 26)
         0x31a010002bd @   13 : d3                Star1
         0x31a010002be @   14 : 8f f8 01          CreateCatchContext r1, [1:0x09b80101e39d <ScopeInfo CATCH_SCOPE>]
         0x31a010002c1 @   17 : d4                Star0
         0x31a010002c2 @   18 : 10                LdaTheHole
         0x31a010002c3 @   19 : b6                SetPendingMessage
         0x31a010002c4 @   20 : 0b f9             Ldar r0
         0x31a010002c6 @   22 : 1c f8             PushContext r1
         0x31a010002c8 @   24 : 1d f8             PopContext r1
         0x31a010002ca @   26 : 0c                LdaZero
         0x31a010002cb @   27 : b9                Return
Constant pool (size = 2)
0x31a01000279: [TrustedFixedArray]
 - map: 0x09b800000605 <Map(TRUSTED_FIXED_ARRAY_TYPE)>
 - length: 2
           0: 0x09b80101dfa9 <String[8]: #mayThrow>
           1: 0x09b80101e39d <ScopeInfo CATCH_SCOPE>
Handler Table (size = 16)
   from   to       hdlr (prediction,   data)
  (   3,  11)  ->    13 (prediction=1, data=0)
Source Position Table (size = 0)
0x9b80101e511: [FeedbackVector] in OldSpace
 - map: 0x09b800000899 <Map(FEEDBACK_VECTOR_TYPE)>
 - length: 4
 - shared function info: 0x09b80101e0f1 <SharedFunctionInfo bare>
 - tiering_in_progress: 0
 - osr_tiering_in_progress: 0
 - invocation count: 15811
 - closure feedback cell array: 0x9b8000021d9: [ClosureFeedbackCellArray] in ReadOnlySpace
 - map: 0x09b800000871 <Map(CLOSURE_FEEDBACK_CELL_ARRAY_TYPE)>
 - length: 0
 - elements:

 - slot #0 LoadGlobalNotInsideTypeof MONOMORPHIC
   [weak] 0x09b80101e1d9 <PropertyCell name=0x09b80101dfa9 <String[8]: #mayThrow> value=0x09b80101e1b9 <JSFunction mayThrow (sfi = 0x9b80101e091)>> {
     [0]: [weak] 0x09b80101e1d9 <PropertyCell name=0x09b80101dfa9 <String[8]: #mayThrow> value=0x09b80101e1b9 <JSFunction mayThrow (sfi = 0x9b80101e091)>>
     [1]: 0x09b800000e95 <Symbol: (uninitialized_symbol)>
  }
 - slot #2 Call MONOMORPHIC {
     [2]: [weak] 0x09b80101e1b9 <JSFunction mayThrow (sfi = 0x9b80101e091)>
     [3]: 126480
  }

----- After graph building -----
Graph

    [0m   [0m72: Constant(0x09b80101e195 <FeedbackCell[one closure]>), 3 uses
    [0m   [0m18: Constant(0x09b80101e1ed <JSFunction risky (sfi = 0x9b80101e0c1)>), 8 uses
    [0m   [0m20: Constant(0x09b80101e1a5 <ScriptContext[3]>), 24 uses
    [0m   [0m21: Constant(0x09b801004925 <JSGlobalProxy>), 14 uses
    [0m   [0m25: Constant(0x09b80101e1b9 <JSFunction mayThrow (sfi = 0x9b80101e091)>), 4 uses
    [0m   [0m33: Constant(0x09b80101e2d1 <ScopeInfo CATCH_SCOPE>), 2 uses
    [0m   [0m31: Constant(0x09b801014a9d <Map(CATCH_CONTEXT_TYPE)>), 0 uses 🪦
    [0m   [0m54: Constant(0x09b80101e221 <JSFunction bare (sfi = 0x9b80101e0f1)>), 2 uses
    [0m   [0m59: Constant(0x09b80101e39d <ScopeInfo CATCH_SCOPE>), 2 uses
    [0m   [0m19: RootConstant(undefined_value), 4 uses
    [0m   [0m42: RootConstant(the_hole_value), 4 uses
    [0m   [0m16: RootConstant(true_value), 0 uses 🪦
    [0m   [0m15: RootConstant(false_value), 0 uses 🪦
    [0m   [0m74: RootConstant(optimized_out), 0 uses 🪦
    [0m   [0m69: SmiConstant(0), 0 uses 🪦
    [0m   [0m34: SmiConstant(3), 4 uses
    [0m   [0m10: SmiConstant(400000), 2 uses
    [0m   [0m23: Int32Constant(2), 2 uses, cannot truncate to int32
    [0m   [0m32: Int32Constant(3), 0 uses 🪦, cannot truncate to int32
    [0m   [0m12: Int32Constant(400000), 4 uses, cannot truncate to int32
     [0mBlock b0
    [0m[1;34m0x09b80101e019 <SharedFunctionInfo> (0x09b80104a7b1 <String[18]: "workloads/throw.js">:0:0)
[m    [0m[0;34m  19 : 01 0d 80 1a 06 00 LdaSmi.ExtraWide [400000]
[m    [0m    [0m1: InitialValue(<this>), 17 uses
    [0m    [0m2: InitialValue(<context>), 23 uses
    [0m    [0m3: InitialValue(<closure>), 17 uses
    [0m    [0m4: InitialValue(r0), 3 uses
    [0m    [0m5: InitialValue(r1), 17 uses
    [0m    [0m6: InitialValue(r2), 0 uses 🪦
    [0m    [0m7: InitialValue(r3), 0 uses 🪦
    [0m    [0m8: FunctionEntryStackCheck
    [0m       ↳ lazy @69 : {<closure>:n3:, <this>:n1:, <context>:n2:, r0:n4:, r1:n5:} (addr:0x10c00fa69f0)
    [0m       ↱ eager @69 : {<closure>:n3:, <this>:n1:, <context>:n2:, r0:n4:, r1:n5:} (addr:0x10c00fa69f0)
    [0m    [0m9: CheckpointedJump b1
    [0m    ↓
     [0mBlock b1
    [0m[0;34m  25 : 79 f8 01 00       TestLessThan r1, EmbeddedFeedback[0x1]
[m    [0m       ↱ eager @25 : {<closure>:n3:, <this>:n1:, <context>:n2:, r0:n4:, r1:n5:, <accumulator>:n10:} (addr:0x10c00fa82e8)
    [0m   [0m11: CheckedSmiUntag [n5], 4 uses, cannot truncate to int32
    [0m   [0m13: Int32Compare[LessThan] [n11, n12], 0 uses 🪦
    [0m[0;34m  29 : a8 2c             JumpIfFalse [44]
[m[0;31m╭──────[0m14: BranchIfInt32Compare(LessThan) [n11, n12] b2 b18
[0;31m│   [0m    ↓
[0;31m│    [0mBlock b2
[0;31m│   [0m[0;34m  31 : 18 02             LdaCurrentContextSlot [2]
[m[0;31m│   [0m   [0m17: LoadContextSlot(0x10, mutable) [n2], 3 uses
[0;31m│   [0m[1;34m0x09b80101e0c1 <SharedFunctionInfo risky> (0x09b80104a7b1 <String[18]: "workloads/throw.js">:27:14)
[m[0;31m│   [0m[0;34m   0 : 0b 03             Ldar a0
[m[0;31m│   [0m   [0m22: Jump b3
[0;31m│   [0m    ↓
[0;31m│    [0mBlock b3
[0;31m│   [0m[1;34m0x09b80101e0c1 <SharedFunctionInfo risky> (0x09b80104a7b1 <String[18]: "workloads/throw.js">:0:0)
[m[0;31m│   [0m[0;34m   2 : 51 02 00          MulSmi [2], FBV[0]
[m[0;31m│   [0m       ↱ eager @38 : {<closure>:n3:, <this>:n1:, <context>:n2:, r1:n5:, r2:n17:} (addr:0x10c00fa9710)
[0;31m│   [0m       │       @2 : {<closure>:n18:, <this>:n21:, a0:n5:, <context>:n20:, <accumulator>:n5:} (addr:0x10c00fbe168)
[0;31m│   [0m   [0m24: Int32MultiplyWithOverflow [n11, n23], 5 uses, cannot truncate to int32
[0;31m│   [0m[0;34m  13 : 6d f6 03 04       CallUndefinedReceiver1 r3, a0, FBV[4]
[m[0;31m│   [0m   [0m26: 🐢 CallKnownJSFunction(0x09b80101e091 <SharedFunctionInfo mayThrow>, {Int32}) [n25, n20, n21, n19, n5], 2 uses
[0;31m│   [0m       │      @38 : {<closure>:n3:, <this>:n1:, <context>:n2:, r1:n5:, r2:n17:} (addr:0x10c00fa9710)
[0;31m│   [0m       ↳ lazy @13 : {<closure>:n18:, <this>:n21:, a0:n5:, <context>:n20:, r0:n24:, r1:n20:} (addr:0x10c00fbf940)
[0;31m│   [0m       ↳ throw @26 (b4) : {<this>:n21, a0:n5, <context>:n20, r0:n24}
[0;31m│   [0m[0;34m  17 : 42 f9 01          Add r0, FBV[1]
[m[0;31m│   [0m       ↱ eager @38 : {<closure>:n3:, <this>:n1:, <context>:n2:, r1:n5:, r2:n17:} (addr:0x10c00fa9710)
[0;31m│   [0m       │       @17 : {<closure>:n18:, <this>:n21:, a0:n5:, <context>:n20:, r0:n24:, r1:n20:, <accumulator>:n26:} (addr:0x10c00fbffc8)
[0;31m│   [0m   [0m27: CheckedSmiUntag [n26], 1 uses, cannot truncate to int32
[0;31m│   [0m       ↱ eager @38 : {<closure>:n3:, <this>:n1:, <context>:n2:, r1:n5:, r2:n17:} (addr:0x10c00fa9710)
[0;31m│   [0m       │       @17 : {<closure>:n18:, <this>:n21:, a0:n5:, <context>:n20:, r0:n24:, r1:n20:, <accumulator>:n26:} (addr:0x10c00fbffc8)
[0;31m│   [0m   [0m28: Int32AddWithOverflow [n24, n27], 1 uses, can truncate to int32 [-2147483648, 2147483647]
[0;31m│   [0m   [0m46: Int32ToNumber[kCanonicalizeSmi] [n28], 1 uses
[0;31m│   [0m[0;34m  24 : 98 15             Jump [21]
[m[0;31m│[0;32m╭─────[0m29: Jump b5
[0;31m│[0;32m│  [0m       with gap moves:
[0;31m│[0;32m│  [0m         - n46 → 48: φᵀ r0
[0;31m│[0;32m│  [0m
[0;31m│[0;32m│   [0mBlock b4 (exception handler)
[0;31m│[0;32m│  [0m   [0m30: φᵀₑ <accumulator>, 2 uses
[0;31m│[0;32m│  [0m[0;34m  27 : 8f f7 01          CreateCatchContext r2, [1:0x09b80101e2d1 <ScopeInfo CATCH_SCOPE>]
[m[0;31m│[0;32m│  [0m   [0m35: AllocationBlock(Young), 1 uses
[0;31m│[0;32m│  [0m   [0m36: InlinedAllocation(object 0x09b801014a9d <Map(CATCH_CONTEXT_TYPE)>) [n35], 6 uses (6 non escaping uses)
[0;31m│[0;32m│  [0m   [0m37: StoreMap(0x09b801014a9d <Map(CATCH_CONTEXT_TYPE)>, InlinedAllocation) [n36]
[0;31m│[0;32m│  [0m   [0m38: StoreTaggedFieldNoWriteBarrier(0x4, mutable) [n36, n34]
[0;31m│[0;32m│  [0m   [0m39: StoreTaggedFieldWithWriteBarrier(0x8, constant, maybe_smi:0) [n36, n33]
[0;31m│[0;32m│  [0m   [0m40: StoreTaggedFieldWithWriteBarrier(0xc, constant, maybe_smi:0) [n36, n20]
[0;31m│[0;32m│  [0m   [0m41: StoreTaggedFieldWithWriteBarrier(0x10, constant, maybe_smi:1) [n36, n30]
[0;31m│[0;32m│  [0m[0;34m  32 : b6                SetPendingMessage
[m[0;31m│[0;32m│  [0m   [0m43: SetPendingMessage [n42], 0 uses, but required
[0;31m│[0;32m│  [0m[0;34m  39 : 50 01 06          SubSmi [1], FBV[6]
[m[0;31m│[0;32m│  [0m       ↱ eager @38 : {<closure>:n3:, <this>:n1:, <context>:n2:, r1:n5:, r2:n17:} (addr:0x10c00fa9710)
[0;31m│[0;32m│  [0m       │       @39 : {<closure>:n18:, <this>:n21:, a0:n5:, <context>:n36:, r2:n20:, <accumulator>:n24:} (addr:0x10c00fc0f58)
[0;31m│[0;32m│  [0m   [0m44: Int32DecrementWithOverflow [n24], 1 uses, cannot truncate to int32
[0;31m│[0;32m│  [0m   [0m47: Int32ToNumber[kCanonicalizeSmi] [n44], 1 uses
[0;31m│[0;32m│  [0m[0;34m  45 : 0b f9             Ldar r0
[m[0;31m│[0;32m│  [0m   [0m45: Jump b5
[0;31m│[0;32m│  [0m    │  with gap moves:
[0;31m│[0;32m│  [0m    │    - n47 → 48: φᵀ r0
[0;31m│[0;32m│  [0m    ▼
[0;31m│[0;32m╰──►[0mBlock b5
[0;31m│   [0m   [0m48: φᵀ r0 (n46, n47), 2 uses
[0;31m│   [0m[1;34m0x09b80101e019 <SharedFunctionInfo> (0x09b80104a7b1 <String[18]: "workloads/throw.js">:0:0)
[m[0;31m│   [0m[0;34m  42 : 42 f7 00          Add r2, FBV[0]
[m[0;31m│   [0m       ↱ eager @42 : {<closure>:n3:, <this>:n1:, <context>:n2:, r1:n5:, r2:n17:, <accumulator>:n48:} (addr:0x10c00fc1380)
[0;31m│   [0m   [0m49: CheckedSmiUntag [n17], 1 uses, cannot truncate to int32
[0;31m│   [0m       ↱ eager @42 : {<closure>:n3:, <this>:n1:, <context>:n2:, r1:n5:, r2:n17:, <accumulator>:n48:} (addr:0x10c00fc1380)
[0;31m│   [0m   [0m50: CheckedSmiUntag [n48], 1 uses, cannot truncate to int32
[0;31m│   [0m       ↱ eager @42 : {<closure>:n3:, <this>:n1:, <context>:n2:, r1:n5:, r2:n17:, <accumulator>:n48:} (addr:0x10c00fc1380)
[0;31m│   [0m   [0m51: Int32AddWithOverflow [n49, n50], 5 uses, can truncate to int32 [-2147483648, 2147483647]
[0;31m│   [0m[0;34m  45 : 29 02             StaCurrentContextSlot [2]
[m[0;31m│   [0m   [0m52: Int32ToNumber[kCanonicalizeSmi] [n51], 3 uses
[0;31m│   [0m   [0m53: StoreContextSlotWithWriteBarrier(2, mutable) [n2, n52]
[0;31m│   [0m       ↳ lazy @45 : {<closure>:n3:, <this>:n1:, <context>:n2:, r1:n5:} (addr:0x10c00fc16d8)
[0;31m│   [0m[1;34m0x09b80101e0f1 <SharedFunctionInfo bare> (0x09b80104a7b1 <String[18]: "workloads/throw.js">:34:13)
[m[0;31m│   [0m[0;34m   0 : 1b ff f9          Mov <context>, r0
[m[0;31m│   [0m   [0m55: Jump b6
[0;31m│   [0m    ↓
[0;31m│    [0mBlock b6
[0;31m│   [0m[1;34m0x09b80101e0f1 <SharedFunctionInfo bare> (0x09b80104a7b1 <String[18]: "workloads/throw.js">:0:0)
[m[0;31m│   [0m[0;34m   7 : 6d f8 03 02       CallUndefinedReceiver1 r1, a0, FBV[2]
[m[0;31m│   [0m   [0m56: 🐢 CallKnownJSFunction(0x09b80101e091 <SharedFunctionInfo mayThrow>, {}) [n25, n20, n21, n19, n5], 0 uses, but required
[0;31m│   [0m       │      @54 : {<closure>:n3:, <this>:n1:, <context>:n2:, r1:n5:, r2:n51:} (addr:0x10c00fc1b70)
[0;31m│   [0m       ↳ lazy @7 : {<closure>:n54:, <this>:n21:, a0:n5:, <context>:n20:, r0:n20:} (addr:0x10c00fd6b70)
[0;31m│   [0m       ↳ throw @13 (b7) : {<this>:n21, a0:n5, <context>:n20}
[0;31m│   [0m[0;34m  11 : 98 0f             Jump [15]
[m[0;31m│[0;32m╭─────[0m57: Jump b8
[0;31m│[0;32m│  [0m
[0;31m│[0;32m│   [0mBlock b7 (exception handler)
[0;31m│[0;32m│  [0m   [0m58: φᵀₑ <accumulator>, 1 uses
[0;31m│[0;32m│  [0m[0;34m  14 : 8f f8 01          CreateCatchContext r1, [1:0x09b80101e39d <ScopeInfo CATCH_SCOPE>]
[m[0;31m│[0;32m│  [0m   [0m60: AllocationBlock(Young), 1 uses
[0;31m│[0;32m│  [0m   [0m61: InlinedAllocation(object 0x09b801014a9d <Map(CATCH_CONTEXT_TYPE)>) [n60], 5 uses (5 non escaping uses)
[0;31m│[0;32m│  [0m   [0m62: StoreMap(0x09b801014a9d <Map(CATCH_CONTEXT_TYPE)>, InlinedAllocation) [n61]
[0;31m│[0;32m│  [0m   [0m63: StoreTaggedFieldNoWriteBarrier(0x4, mutable) [n61, n34]
[0;31m│[0;32m│  [0m   [0m64: StoreTaggedFieldWithWriteBarrier(0x8, constant, maybe_smi:0) [n61, n59]
[0;31m│[0;32m│  [0m   [0m65: StoreTaggedFieldWithWriteBarrier(0xc, constant, maybe_smi:0) [n61, n20]
[0;31m│[0;32m│  [0m   [0m66: StoreTaggedFieldWithWriteBarrier(0x10, constant, maybe_smi:1) [n61, n58]
[0;31m│[0;32m│  [0m[0;34m  19 : b6                SetPendingMessage
[m[0;31m│[0;32m│  [0m   [0m67: SetPendingMessage [n42], 0 uses, but required
[0;31m│[0;32m│  [0m[0;34m  26 : 0c                LdaZero
[m[0;31m│[0;32m│  [0m   [0m68: Jump b8
[0;31m│[0;32m│  [0m    ↓
[0;31m│[0;32m╰──►[0mBlock b8
[0;31m│   [0m[1;34m0x09b80101e019 <SharedFunctionInfo> (0x09b80104a7b1 <String[18]: "workloads/throw.js">:0:0)
[m[0;31m│   [0m[0;34m  61 : 29 02             StaCurrentContextSlot [2]
[m[0;31m│   [0m   [0m70: StoreContextSlotWithWriteBarrier(2, mutable) [n2, n52]
[0;31m│   [0m       ↳ lazy @61 : {<closure>:n3:, <this>:n1:, <context>:n2:, r1:n5:, <accumulator>:n51:} (addr:0x10c00fd7d48)
[0;31m│   [0m[0;34m  66 : 5b 0a             Inc FBV[10]
[m[0;31m│   [0m       ↱ eager @66 : {<closure>:n3:, <this>:n1:, <context>:n2:, r0:n51:, <accumulator>:n5:} (addr:0x10c00fd7f38)
[0;31m│   [0m   [0m71: Int32IncrementWithOverflow [n11], 2 uses, cannot truncate to int32
[0;31m│   [0m[0;34m  69 : 97 32 00 0b       JumpLoop [50], [0], FBV[11]
[m[0;31m│   [0m   [0m73: ReduceInterruptBudgetForLoop(40) [n72]
[0;31m│   [0m       ↳ lazy @69 : {<closure>:n3:, <this>:n1:, <context>:n2:, r0:n51:, r1:n71:} (addr:0x10c00fd8088)
[0;31m│   [0m   [0m76: Int32ToNumber[kCanonicalizeSmi] [n71], 1 uses
[0;31m│   [0m   [0m75: Jump b9
[0;31m│   [0m    │  with gap moves:
[0;31m│   [0m    │    - n52 → 77: φᵀ r0
[0;31m│   [0m    │    - n76 → 78: φᵀ r1
[0;31m│   [0m    ▼
[0;31m│[0;32m╭──►[0mBlock b9 peeled (effects: ua c1)
[0;31m│[0;32m│  [0m   [0m77: φᵀ r0 (n52, n106), 2 uses
[0;31m│[0;32m│  [0m   [0m78: φᵀ r1 (n76, n125), 16 uses
[0;31m│[0;32m│  [0m[0;34m  25 : 79 f8 01 00       TestLessThan r1, EmbeddedFeedback[0x1]
[m[0;31m│[0;32m│  [0m       ↱ eager @25 : {<closure>:n3:, <this>:n1:, <context>:n2:, r0:n77:, r1:n78:, <accumulator>:n10:} (addr:0x10c00fd8e60)
[0;31m│[0;32m│  [0m   [0m79: CheckedSmiUntag [n78], 4 uses, cannot truncate to int32
[0;31m│[0;32m│  [0m   [0m80: Int32Compare[LessThan] [n79, n12], 0 uses 🪦
[0;31m│[0;32m│  [0m[0;34m  29 : a8 2c             JumpIfFalse [44]
[m[0;31m│[0;32m│[0;33m╭────[0m81: BranchIfInt32Compare(LessThan) [n79, n12] b10 b17
[0;31m│[0;32m│[0;33m│ [0m    ↓
[0;31m│[0;32m│[0;33m│  [0mBlock b10
[0;31m│[0;32m│[0;33m│ [0m[0;34m  31 : 18 02             LdaCurrentContextSlot [2]
[m[0;31m│[0;32m│[0;33m│ [0m   [0m82: LoadContextSlot(0x10, mutable) [n2], 3 uses
[0;31m│[0;32m│[0;33m│ [0m[1;34m0x09b80101e0c1 <SharedFunctionInfo risky> (0x09b80104a7b1 <String[18]: "workloads/throw.js">:27:14)
[m[0;31m│[0;32m│[0;33m│ [0m[0;34m   0 : 0b 03             Ldar a0
[m[0;31m│[0;32m│[0;33m│ [0m   [0m83: Jump b11
[0;31m│[0;32m│[0;33m│ [0m    ↓
[0;31m│[0;32m│[0;33m│  [0mBlock b11
[0;31m│[0;32m│[0;33m│ [0m[1;34m0x09b80101e0c1 <SharedFunctionInfo risky> (0x09b80104a7b1 <String[18]: "workloads/throw.js">:0:0)
[m[0;31m│[0;32m│[0;33m│ [0m[0;34m   2 : 51 02 00          MulSmi [2], FBV[0]
[m[0;31m│[0;32m│[0;33m│ [0m       ↱ eager @38 : {<closure>:n3:, <this>:n1:, <context>:n2:, r1:n78:, r2:n82:} (addr:0x10c00fd9220)
[0;31m│[0;32m│[0;33m│ [0m       │       @2 : {<closure>:n18:, <this>:n21:, a0:n78:, <context>:n20:, <accumulator>:n78:} (addr:0x10c00fc9b48)
[0;31m│[0;32m│[0;33m│ [0m   [0m84: Int32MultiplyWithOverflow [n79, n23], 5 uses, cannot truncate to int32
[0;31m│[0;32m│[0;33m│ [0m[0;34m  13 : 6d f6 03 04       CallUndefinedReceiver1 r3, a0, FBV[4]
[m[0;31m│[0;32m│[0;33m│ [0m   [0m85: 🐢 CallKnownJSFunction(0x09b80101e091 <SharedFunctionInfo mayThrow>, {Int32}) [n25, n20, n21, n19, n78], 2 uses
[0;31m│[0;32m│[0;33m│ [0m       │      @38 : {<closure>:n3:, <this>:n1:, <context>:n2:, r1:n78:, r2:n82:} (addr:0x10c00fd9220)
[0;31m│[0;32m│[0;33m│ [0m       ↳ lazy @13 : {<closure>:n18:, <this>:n21:, a0:n78:, <context>:n20:, r0:n84:, r1:n20:} (addr:0x10c00fcacd8)
[0;31m│[0;32m│[0;33m│ [0m       ↳ throw @26 (b12) : {<this>:n21, a0:n78, <context>:n20, r0:n84}
[0;31m│[0;32m│[0;33m│ [0m[0;34m  17 : 42 f9 01          Add r0, FBV[1]
[m[0;31m│[0;32m│[0;33m│ [0m       ↱ eager @38 : {<closure>:n3:, <this>:n1:, <context>:n2:, r1:n78:, r2:n82:} (addr:0x10c00fd9220)
[0;31m│[0;32m│[0;33m│ [0m       │       @17 : {<closure>:n18:, <this>:n21:, a0:n78:, <context>:n20:, r0:n84:, r1:n20:, <accumulator>:n85:} (addr:0x10c00fcb3b0)
[0;31m│[0;32m│[0;33m│ [0m   [0m86: CheckedSmiUntag [n85], 1 uses, cannot truncate to int32
[0;31m│[0;32m│[0;33m│ [0m       ↱ eager @38 : {<closure>:n3:, <this>:n1:, <context>:n2:, r1:n78:, r2:n82:} (addr:0x10c00fd9220)
[0;31m│[0;32m│[0;33m│ [0m       │       @17 : {<closure>:n18:, <this>:n21:, a0:n78:, <context>:n20:, r0:n84:, r1:n20:, <accumulator>:n85:} (addr:0x10c00fcb3b0)
[0;31m│[0;32m│[0;33m│ [0m   [0m87: Int32AddWithOverflow [n84, n86], 1 uses, can truncate to int32 [-2147483648, 2147483647]
[0;31m│[0;32m│[0;33m│ [0m  [0m100: Int32ToNumber[kCanonicalizeSmi] [n87], 1 uses
[0;31m│[0;32m│[0;33m│ [0m[0;34m  24 : 98 15             Jump [21]
[m[0;31m│[0;32m│[0;33m│[0;34m╭───[0m88: Jump b13
[0;31m│[0;32m│[0;33m│[0;34m│[0m       with gap moves:
[0;31m│[0;32m│[0;33m│[0;34m│[0m         - n100 → 102: φᵀ r0
[0;31m│[0;32m│[0;33m│[0;34m│[0m
[0;31m│[0;32m│[0;33m│[0;34m│ [0mBlock b12 (exception handler)
[0;31m│[0;32m│[0;33m│[0;34m│[0m   [0m89: φᵀₑ <accumulator>, 2 uses
[0;31m│[0;32m│[0;33m│[0;34m│[0m[0;34m  27 : 8f f7 01          CreateCatchContext r2, [1:0x09b80101e2d1 <ScopeInfo CATCH_SCOPE>]
[m[0;31m│[0;32m│[0;33m│[0;34m│[0m   [0m90: AllocationBlock(Young), 1 uses
[0;31m│[0;32m│[0;33m│[0;34m│[0m   [0m91: InlinedAllocation(object 0x09b801014a9d <Map(CATCH_CONTEXT_TYPE)>) [n90], 6 uses (6 non escaping uses)
[0;31m│[0;32m│[0;33m│[0;34m│[0m   [0m92: StoreMap(0x09b801014a9d <Map(CATCH_CONTEXT_TYPE)>, InlinedAllocation) [n91]
[0;31m│[0;32m│[0;33m│[0;34m│[0m   [0m93: StoreTaggedFieldNoWriteBarrier(0x4, mutable) [n91, n34]
[0;31m│[0;32m│[0;33m│[0;34m│[0m   [0m94: StoreTaggedFieldWithWriteBarrier(0x8, constant, maybe_smi:0) [n91, n33]
[0;31m│[0;32m│[0;33m│[0;34m│[0m   [0m95: StoreTaggedFieldWithWriteBarrier(0xc, constant, maybe_smi:0) [n91, n20]
[0;31m│[0;32m│[0;33m│[0;34m│[0m   [0m96: StoreTaggedFieldWithWriteBarrier(0x10, constant, maybe_smi:1) [n91, n89]
[0;31m│[0;32m│[0;33m│[0;34m│[0m[0;34m  32 : b6                SetPendingMessage
[m[0;31m│[0;32m│[0;33m│[0;34m│[0m   [0m97: SetPendingMessage [n42], 0 uses, but required
[0;31m│[0;32m│[0;33m│[0;34m│[0m[0;34m  39 : 50 01 06          SubSmi [1], FBV[6]
[m[0;31m│[0;32m│[0;33m│[0;34m│[0m       ↱ eager @38 : {<closure>:n3:, <this>:n1:, <context>:n2:, r1:n78:, r2:n82:} (addr:0x10c00fd9220)
[0;31m│[0;32m│[0;33m│[0;34m│[0m       │       @39 : {<closure>:n18:, <this>:n21:, a0:n78:, <context>:n91:, r2:n20:, <accumulator>:n84:} (addr:0x10c00fcc160)
[0;31m│[0;32m│[0;33m│[0;34m│[0m   [0m98: Int32DecrementWithOverflow [n84], 1 uses, cannot truncate to int32
[0;31m│[0;32m│[0;33m│[0;34m│[0m  [0m101: Int32ToNumber[kCanonicalizeSmi] [n98], 1 uses
[0;31m│[0;32m│[0;33m│[0;34m│[0m[0;34m  45 : 0b f9             Ldar r0
[m[0;31m│[0;32m│[0;33m│[0;34m│[0m   [0m99: Jump b13
[0;31m│[0;32m│[0;33m│[0;34m│[0m    │  with gap moves:
[0;31m│[0;32m│[0;33m│[0;34m│[0m    │    - n101 → 102: φᵀ r0
[0;31m│[0;32m│[0;33m│[0;34m│[0m    ▼
[0;31m│[0;32m│[0;33m│[0;34m╰►[0mBlock b13
[0;31m│[0;32m│[0;33m│ [0m  [0m102: φᵀ r0 (n100, n101), 2 uses
[0;31m│[0;32m│[0;33m│ [0m[1;34m0x09b80101e019 <SharedFunctionInfo> (0x09b80104a7b1 <String[18]: "workloads/throw.js">:0:0)
[m[0;31m│[0;32m│[0;33m│ [0m[0;34m  42 : 42 f7 00          Add r2, FBV[0]
[m[0;31m│[0;32m│[0;33m│ [0m       ↱ eager @42 : {<closure>:n3:, <this>:n1:, <context>:n2:, r1:n78:, r2:n82:, <accumulator>:n102:} (addr:0x10c00fcc548)
[0;31m│[0;32m│[0;33m│ [0m  [0m103: CheckedSmiUntag [n82], 1 uses, cannot truncate to int32
[0;31m│[0;32m│[0;33m│ [0m       ↱ eager @42 : {<closure>:n3:, <this>:n1:, <context>:n2:, r1:n78:, r2:n82:, <accumulator>:n102:} (addr:0x10c00fcc548)
[0;31m│[0;32m│[0;33m│ [0m  [0m104: CheckedSmiUntag [n102], 1 uses, cannot truncate to int32
[0;31m│[0;32m│[0;33m│ [0m       ↱ eager @42 : {<closure>:n3:, <this>:n1:, <context>:n2:, r1:n78:, r2:n82:, <accumulator>:n102:} (addr:0x10c00fcc548)
[0;31m│[0;32m│[0;33m│ [0m  [0m105: Int32AddWithOverflow [n103, n104], 5 uses, can truncate to int32 [-2147483648, 2147483647]
[0;31m│[0;32m│[0;33m│ [0m[0;34m  45 : 29 02             StaCurrentContextSlot [2]
[m[0;31m│[0;32m│[0;33m│ [0m  [0m106: Int32ToNumber[kCanonicalizeSmi] [n105], 3 uses
[0;31m│[0;32m│[0;33m│ [0m  [0m107: StoreContextSlotWithWriteBarrier(2, mutable) [n2, n106]
[0;31m│[0;32m│[0;33m│ [0m       ↳ lazy @45 : {<closure>:n3:, <this>:n1:, <context>:n2:, r1:n78:} (addr:0x10c00fcc8a0)
[0;31m│[0;32m│[0;33m│ [0m[1;34m0x09b80101e0f1 <SharedFunctionInfo bare> (0x09b80104a7b1 <String[18]: "workloads/throw.js">:34:13)
[m[0;31m│[0;32m│[0;33m│ [0m[0;34m   0 : 1b ff f9          Mov <context>, r0
[m[0;31m│[0;32m│[0;33m│ [0m  [0m108: Jump b14
[0;31m│[0;32m│[0;33m│ [0m    ↓
[0;31m│[0;32m│[0;33m│  [0mBlock b14
[0;31m│[0;32m│[0;33m│ [0m[1;34m0x09b80101e0f1 <SharedFunctionInfo bare> (0x09b80104a7b1 <String[18]: "workloads/throw.js">:0:0)
[m[0;31m│[0;32m│[0;33m│ [0m[0;34m   7 : 6d f8 03 02       CallUndefinedReceiver1 r1, a0, FBV[2]
[m[0;31m│[0;32m│[0;33m│ [0m  [0m109: 🐢 CallKnownJSFunction(0x09b80101e091 <SharedFunctionInfo mayThrow>, {}) [n25, n20, n21, n19, n78], 0 uses, but required
[0;31m│[0;32m│[0;33m│ [0m       │      @54 : {<closure>:n3:, <this>:n1:, <context>:n2:, r1:n78:, r2:n105:} (addr:0x10c00fcca30)
[0;31m│[0;32m│[0;33m│ [0m       ↳ lazy @7 : {<closure>:n54:, <this>:n21:, a0:n78:, <context>:n20:, r0:n20:} (addr:0x10c00ff1158)
[0;31m│[0;32m│[0;33m│ [0m       ↳ throw @13 (b15) : {<this>:n21, a0:n78, <context>:n20}
[0;31m│[0;32m│[0;33m│ [0m[0;34m  11 : 98 0f             Jump [15]
[m[0;31m│[0;32m│[0;33m│[0;34m╭──[0m110: Jump b16
[0;31m│[0;32m│[0;33m│[0;34m│[0m
[0;31m│[0;32m│[0;33m│[0;34m│ [0mBlock b15 (exception handler)
[0;31m│[0;32m│[0;33m│[0;34m│[0m  [0m111: φᵀₑ <accumulator>, 1 uses
[0;31m│[0;32m│[0;33m│[0;34m│[0m[0;34m  14 : 8f f8 01          CreateCatchContext r1, [1:0x09b80101e39d <ScopeInfo CATCH_SCOPE>]
[m[0;31m│[0;32m│[0;33m│[0;34m│[0m  [0m112: AllocationBlock(Young), 1 uses
[0;31m│[0;32m│[0;33m│[0;34m│[0m  [0m113: InlinedAllocation(object 0x09b801014a9d <Map(CATCH_CONTEXT_TYPE)>) [n112], 5 uses (5 non escaping uses)
[0;31m│[0;32m│[0;33m│[0;34m│[0m  [0m114: StoreMap(0x09b801014a9d <Map(CATCH_CONTEXT_TYPE)>, InlinedAllocation) [n113]
[0;31m│[0;32m│[0;33m│[0;34m│[0m  [0m115: StoreTaggedFieldNoWriteBarrier(0x4, mutable) [n113, n34]
[0;31m│[0;32m│[0;33m│[0;34m│[0m  [0m116: StoreTaggedFieldWithWriteBarrier(0x8, constant, maybe_smi:0) [n113, n59]
[0;31m│[0;32m│[0;33m│[0;34m│[0m  [0m117: StoreTaggedFieldWithWriteBarrier(0xc, constant, maybe_smi:0) [n113, n20]
[0;31m│[0;32m│[0;33m│[0;34m│[0m  [0m118: StoreTaggedFieldWithWriteBarrier(0x10, constant, maybe_smi:1) [n113, n111]
[0;31m│[0;32m│[0;33m│[0;34m│[0m[0;34m  19 : b6                SetPendingMessage
[m[0;31m│[0;32m│[0;33m│[0;34m│[0m  [0m119: SetPendingMessage [n42], 0 uses, but required
[0;31m│[0;32m│[0;33m│[0;34m│[0m[0;34m  26 : 0c                LdaZero
[m[0;31m│[0;32m│[0;33m│[0;34m│[0m  [0m120: Jump b16
[0;31m│[0;32m│[0;33m│[0;34m│[0m    ↓
[0;31m│[0;32m│[0;33m│[0;34m╰►[0mBlock b16
[0;31m│[0;32m│[0;33m│ [0m[1;34m0x09b80101e019 <SharedFunctionInfo> (0x09b80104a7b1 <String[18]: "workloads/throw.js">:0:0)
[m[0;31m│[0;32m│[0;33m│ [0m[0;34m  61 : 29 02             StaCurrentContextSlot [2]
[m[0;31m│[0;32m│[0;33m│ [0m  [0m121: StoreContextSlotWithWriteBarrier(2, mutable) [n2, n106]
[0;31m│[0;32m│[0;33m│ [0m       ↳ lazy @61 : {<closure>:n3:, <this>:n1:, <context>:n2:, r1:n78:, <accumulator>:n105:} (addr:0x10c00ff26d8)
[0;31m│[0;32m│[0;33m│ [0m[0;34m  66 : 5b 0a             Inc FBV[10]
[m[0;31m│[0;32m│[0;33m│ [0m       ↱ eager @66 : {<closure>:n3:, <this>:n1:, <context>:n2:, r0:n105:, <accumulator>:n78:} (addr:0x10c00ff2838)
[0;31m│[0;32m│[0;33m│ [0m  [0m122: Int32IncrementWithOverflow [n79], 2 uses, cannot truncate to int32
[0;31m│[0;32m│[0;33m│ [0m[0;34m  69 : 97 32 00 0b       JumpLoop [50], [0], FBV[11]
[m[0;31m│[0;32m│[0;33m│ [0m  [0m123: ReduceInterruptBudgetForLoop(40) [n72]
[0;31m│[0;32m│[0;33m│ [0m       ↳ lazy @69 : {<closure>:n3:, <this>:n1:, <context>:n2:, r0:n105:, r1:n122:} (addr:0x10c00ff2938)
[0;31m│[0;32m│[0;33m│ [0m  [0m125: Int32ToNumber[kCanonicalizeSmi] [n122], 1 uses
[0;31m│[0;32m│[0;33m│ [0m       ↱ eager @66 : {<closure>:n3:, <this>:n1:, <context>:n2:, r0:n105:, <accumulator>:n78:} (addr:0x10c00ff2838)
[0;31m│[0;32m╰──◄─[0m124: JumpLoop b9
[0;31m│ [0;33m│ [0m       with gap moves:
[0;31m│ [0;33m│ [0m         - n106 → 77: φᵀ r0
[0;31m│ [0;33m│ [0m         - n125 → 78: φᵀ r1
[0;31m│ [0;33m│ [0m
[0;31m│ [0;33m╰─►[0mBlock b17
[0;31m│   [0m[0;34m  73 : 0b f9             Ldar r0
[m[0;31m│[0;32m╭────[0m126: Jump b19
[0;31m│[0;32m│  [0m       with gap moves:
[0;31m│[0;32m│  [0m         - n77 → 128: φᵀ r0
[0;31m│[0;32m│  [0m
[0;31m╰───►[0mBlock b18
 [0;32m│  [0m  [0m127: Jump b19
 [0;32m│  [0m    │  with gap moves:
 [0;32m│  [0m    │    - n4 → 128: φᵀ r0
 [0;32m│  [0m    ▼
 [0;32m╰──►[0mBlock b19
    [0m  [0m128: φᵀ r0 (n4, n77), 1 uses
    [0m[0;34m  75 : b9                Return
[m    [0m  [0m129: ReduceInterruptBudgetForReturn(75) [n72]
    [0m  [0m130: Return [n128]
    [0m

----- After use marking -----
Graph

    [0m   [0m72: Constant(0x09b80101e195 <FeedbackCell[one closure]>) → (x)
    [0m   [0m18: Constant(0x09b80101e1ed <JSFunction risky (sfi = 0x9b80101e0c1)>) → (x)
    [0m   [0m20: Constant(0x09b80101e1a5 <ScriptContext[3]>) → (x)
    [0m   [0m21: Constant(0x09b801004925 <JSGlobalProxy>) → (x)
    [0m   [0m25: Constant(0x09b80101e1b9 <JSFunction mayThrow (sfi = 0x9b80101e091)>) → (x)
    [0m   [0m33: Constant(0x09b80101e2d1 <ScopeInfo CATCH_SCOPE>) → (x)
    [0m   [0m54: Constant(0x09b80101e221 <JSFunction bare (sfi = 0x9b80101e0f1)>) → (x)
    [0m   [0m59: Constant(0x09b80101e39d <ScopeInfo CATCH_SCOPE>) → (x)
    [0m   [0m19: RootConstant(undefined_value) → (x)
    [0m   [0m42: RootConstant(the_hole_value) → (x)
    [0m   [0m34: SmiConstant(3) → (x)
    [0m   [0m10: SmiConstant(400000) → (x)
    [0m   [0m23: Int32Constant(2) → (x)
    [0m   [0m12: Int32Constant(400000) → (x)
     [0mBlock b0
    [0m[1;34m0x09b80101e019 <SharedFunctionInfo> (0x09b80104a7b1 <String[18]: "workloads/throw.js">:0:0)
[m    [0m[0;34m  19 : 01 0d 80 1a 06 00 LdaSmi.ExtraWide [400000]
[m    [0m    [0m1: InitialValue(<this>) → (x)
    [0m    [0m2: InitialValue(<context>) → (x)
    [0m    [0m3: InitialValue(<closure>) → (x)
    [0m    [0m4: InitialValue(r0) → (x)
    [0m    [0m5: InitialValue(r1) → (x)
    [0m    [0m8: FunctionEntryStackCheck
    [0m       ↳ lazy @69 : {<closure>:n3:, <this>:n1:, <context>:n2:, r0:n4:, r1:n5:} (addr:0x10c00fa69f0)
    [0m       ↱ eager @69 : {<closure>:n3:, <this>:n1:, <context>:n2:, r0:n4:, r1:n5:} (addr:0x10c00fa69f0)
    [0m    [0m9: CheckpointedJump b1
    [0m    ↓
     [0mBlock b1
    [0m[0;34m  25 : 79 f8 01 00       TestLessThan r1, EmbeddedFeedback[0x1]
[m    [0m       ↱ eager @25 : {<closure>:n3:, <this>:n1:, <context>:n2:, r0:n4:, r1:n5:, <accumulator>:n10:} (addr:0x10c00fa82e8)
    [0m   [0m11: CheckedSmiUntag [v0/n5:(x)] → (x)
    [0m[0;34m  29 : a8 2c             JumpIfFalse [44]
[m[0;31m╭──────[0m14: BranchIfInt32Compare(LessThan) [v0/n11:(x), v0/n12:(x)] b2 b18
[0;31m│   [0m    ↓
[0;31m│    [0mBlock b2
[0;31m│   [0m[0;34m  31 : 18 02             LdaCurrentContextSlot [2]
[m[0;31m│   [0m   [0m17: LoadContextSlot(0x10, mutable) [v0/n2:(x)] → (x)
[0;31m│   [0m[1;34m0x09b80101e0c1 <SharedFunctionInfo risky> (0x09b80104a7b1 <String[18]: "workloads/throw.js">:27:14)
[m[0;31m│   [0m[0;34m   0 : 0b 03             Ldar a0
[m[0;31m│   [0m   [0m22: Jump b3
[0;31m│   [0m    ↓
[0;31m│    [0mBlock b3
[0;31m│   [0m[1;34m0x09b80101e0c1 <SharedFunctionInfo risky> (0x09b80104a7b1 <String[18]: "workloads/throw.js">:0:0)
[m[0;31m│   [0m[0;34m   2 : 51 02 00          MulSmi [2], FBV[0]
[m[0;31m│   [0m       ↱ eager @38 : {<closure>:n3:, <this>:n1:, <context>:n2:, r1:n5:, r2:n17:} (addr:0x10c00fa9710)
[0;31m│   [0m       │       @2 : {<closure>:n18:, <this>:n21:, a0:n5:, <context>:n20:, <accumulator>:n5:} (addr:0x10c00fbe168)
[0;31m│   [0m   [0m24: Int32MultiplyWithOverflow [v0/n11:(x), v0/n23:(x)] → (x)
[0;31m│   [0m[0;34m  13 : 6d f6 03 04       CallUndefinedReceiver1 r3, a0, FBV[4]
[m[0;31m│   [0m   [0m26: 🐢 CallKnownJSFunction(0x09b80101e091 <SharedFunctionInfo mayThrow>, {Int32}) [v0/n25:(x), v0/n20:(x), v0/n21:(x), v0/n19:(x), v0/n5:(x)] → (x)
[0;31m│   [0m       │      @38 : {<closure>:n3:, <this>:n1:, <context>:n2:, r1:n5:, r2:n17:} (addr:0x10c00fa9710)
[0;31m│   [0m       ↳ lazy @13 : {<closure>:n18:, <this>:n21:, a0:n5:, <context>:n20:, r0:n24:, r1:n20:} (addr:0x10c00fbf940)
[0;31m│   [0m       ↳ throw @26 (b4) : {<this>:n21, a0:n5, <context>:n20, r0:n24}
[0;31m│   [0m[0;34m  17 : 42 f9 01          Add r0, FBV[1]
[m[0;31m│   [0m       ↱ eager @38 : {<closure>:n3:, <this>:n1:, <context>:n2:, r1:n5:, r2:n17:} (addr:0x10c00fa9710)
[0;31m│   [0m       │       @17 : {<closure>:n18:, <this>:n21:, a0:n5:, <context>:n20:, r0:n24:, r1:n20:, <accumulator>:n26:} (addr:0x10c00fbffc8)
[0;31m│   [0m   [0m27: CheckedSmiUntag [v0/n26:(x)] → (x)
[0;31m│   [0m       ↱ eager @38 : {<closure>:n3:, <this>:n1:, <context>:n2:, r1:n5:, r2:n17:} (addr:0x10c00fa9710)
[0;31m│   [0m       │       @17 : {<closure>:n18:, <this>:n21:, a0:n5:, <context>:n20:, r0:n24:, r1:n20:, <accumulator>:n26:} (addr:0x10c00fbffc8)
[0;31m│   [0m   [0m28: Int32AddWithOverflow [v0/n24:(x), v0/n27:(x)] → (x)
[0;31m│   [0m   [0m46: Int32ToNumber[kCanonicalizeSmi] [v0/n28:(x)] → (x)
[0;31m│   [0m[0;34m  24 : 98 15             Jump [21]
[m[0;31m│[0;32m╭─────[0m29: Jump b5
[0;31m│[0;32m│  [0m       with gap moves:
[0;31m│[0;32m│  [0m         - v0/n46:(x) → 48: φᵀ r0 (x)
[0;31m│[0;32m│  [0m
[0;31m│[0;32m│   [0mBlock b4 (exception handler)
[0;31m│[0;32m│  [0m   [0m30: φᵀₑ <accumulator> (compressed) → (x)
[0;31m│[0;32m│  [0m[0;34m  27 : 8f f7 01          CreateCatchContext r2, [1:0x09b80101e2d1 <ScopeInfo CATCH_SCOPE>]
[m[0;31m│[0;32m│  [0m   [0m35: AllocationBlock(Young) → (x)
[0;31m│[0;32m│  [0m   [0m36: InlinedAllocation(object 0x09b801014a9d <Map(CATCH_CONTEXT_TYPE)>) [v0/n35:(x)] → (x)
[0;31m│[0;32m│  [0m   [0m37: StoreMap(0x09b801014a9d <Map(CATCH_CONTEXT_TYPE)>, InlinedAllocation) [v0/n36:(x)] 🪦
[0;31m│[0;32m│  [0m   [0m38: StoreTaggedFieldNoWriteBarrier(0x4, mutable) [v0/n36:(x), v0/n34:(x)] 🪦
[0;31m│[0;32m│  [0m   [0m39: StoreTaggedFieldWithWriteBarrier(0x8, constant, maybe_smi:0) [v0/n36:(x), v0/n33:(x)] 🪦
[0;31m│[0;32m│  [0m   [0m40: StoreTaggedFieldWithWriteBarrier(0xc, constant, maybe_smi:0) [v0/n36:(x), v0/n20:(x)] 🪦
[0;31m│[0;32m│  [0m   [0m41: StoreTaggedFieldWithWriteBarrier(0x10, constant, maybe_smi:1) [v0/n36:(x), v0/n30:(x)] 🪦
[0;31m│[0;32m│  [0m[0;34m  32 : b6                SetPendingMessage
[m[0;31m│[0;32m│  [0m   [0m43: SetPendingMessage [v0/n42:(x)] → (x)
[0;31m│[0;32m│  [0m[0;34m  39 : 50 01 06          SubSmi [1], FBV[6]
[m[0;31m│[0;32m│  [0m       ↱ eager @38 : {<closure>:n3:, <this>:n1:, <context>:n2:, r1:n5:, r2:n17:} (addr:0x10c00fa9710)
[0;31m│[0;32m│  [0m       │       @39 : {<closure>:n18:, <this>:n21:, a0:n5:, <context>:n36:(elided), r2:n20:, <accumulator>:n24:} (addr:0x10c00fc0f58)
[0;31m│[0;32m│  [0m   [0m44: Int32DecrementWithOverflow [v0/n24:(x)] → (x)
[0;31m│[0;32m│  [0m   [0m47: Int32ToNumber[kCanonicalizeSmi] [v0/n44:(x)] → (x)
[0;31m│[0;32m│  [0m[0;34m  45 : 0b f9             Ldar r0
[m[0;31m│[0;32m│  [0m   [0m45: Jump b5
[0;31m│[0;32m│  [0m    │  with gap moves:
[0;31m│[0;32m│  [0m    │    - v0/n47:(x) → 48: φᵀ r0 (x)
[0;31m│[0;32m│  [0m    ▼
[0;31m│[0;32m╰──►[0mBlock b5
[0;31m│   [0m   [0m48: φᵀ r0 (n46, n47) (compressed) → (x)
[0;31m│   [0m[1;34m0x09b80101e019 <SharedFunctionInfo> (0x09b80104a7b1 <String[18]: "workloads/throw.js">:0:0)
[m[0;31m│   [0m[0;34m  42 : 42 f7 00          Add r2, FBV[0]
[m[0;31m│   [0m       ↱ eager @42 : {<closure>:n3:, <this>:n1:, <context>:n2:, r1:n5:, r2:n17:, <accumulator>:n48:} (addr:0x10c00fc1380)
[0;31m│   [0m   [0m49: CheckedSmiUntag [v0/n17:(x)] → (x)
[0;31m│   [0m       ↱ eager @42 : {<closure>:n3:, <this>:n1:, <context>:n2:, r1:n5:, r2:n17:, <accumulator>:n48:} (addr:0x10c00fc1380)
[0;31m│   [0m   [0m50: CheckedSmiUntag [v0/n48:(x)] → (x)
[0;31m│   [0m       ↱ eager @42 : {<closure>:n3:, <this>:n1:, <context>:n2:, r1:n5:, r2:n17:, <accumulator>:n48:} (addr:0x10c00fc1380)
[0;31m│   [0m   [0m51: Int32AddWithOverflow [v0/n49:(x), v0/n50:(x)] → (x)
[0;31m│   [0m[0;34m  45 : 29 02             StaCurrentContextSlot [2]
[m[0;31m│   [0m   [0m52: Int32ToNumber[kCanonicalizeSmi] [v0/n51:(x)] → (x)
[0;31m│   [0m   [0m53: StoreContextSlotWithWriteBarrier(2, mutable) [v0/n2:(x), v0/n52:(x)]
[0;31m│   [0m       ↳ lazy @45 : {<closure>:n3:, <this>:n1:, <context>:n2:, r1:n5:} (addr:0x10c00fc16d8)
[0;31m│   [0m[1;34m0x09b80101e0f1 <SharedFunctionInfo bare> (0x09b80104a7b1 <String[18]: "workloads/throw.js">:34:13)
[m[0;31m│   [0m[0;34m   0 : 1b ff f9          Mov <context>, r0
[m[0;31m│   [0m   [0m55: Jump b6
[0;31m│   [0m    ↓
[0;31m│    [0mBlock b6
[0;31m│   [0m[1;34m0x09b80101e0f1 <SharedFunctionInfo bare> (0x09b80104a7b1 <String[18]: "workloads/throw.js">:0:0)
[m[0;31m│   [0m[0;34m   7 : 6d f8 03 02       CallUndefinedReceiver1 r1, a0, FBV[2]
[m[0;31m│   [0m   [0m56: 🐢 CallKnownJSFunction(0x09b80101e091 <SharedFunctionInfo mayThrow>, {}) [v0/n25:(x), v0/n20:(x), v0/n21:(x), v0/n19:(x), v0/n5:(x)] → (x)
[0;31m│   [0m       │      @54 : {<closure>:n3:, <this>:n1:, <context>:n2:, r1:n5:, r2:n51:} (addr:0x10c00fc1b70)
[0;31m│   [0m       ↳ lazy @7 : {<closure>:n54:, <this>:n21:, a0:n5:, <context>:n20:, r0:n20:} (addr:0x10c00fd6b70)
[0;31m│   [0m       ↳ throw @13 (b7) : {<this>:n21, a0:n5, <context>:n20}
[0;31m│   [0m[0;34m  11 : 98 0f             Jump [15]
[m[0;31m│[0;32m╭─────[0m57: Jump b8
[0;31m│[0;32m│  [0m
[0;31m│[0;32m│   [0mBlock b7 (exception handler)
[0;31m│[0;32m│  [0m   [0m58: φᵀₑ <accumulator> (compressed) → (x)
[0;31m│[0;32m│  [0m[0;34m  14 : 8f f8 01          CreateCatchContext r1, [1:0x09b80101e39d <ScopeInfo CATCH_SCOPE>]
[m[0;31m│[0;32m│  [0m   [0m60: AllocationBlock(Young) → (x)
[0;31m│[0;32m│  [0m   [0m61: InlinedAllocation(object 0x09b801014a9d <Map(CATCH_CONTEXT_TYPE)>) [v0/n60:(x)] → (x)
[0;31m│[0;32m│  [0m   [0m62: StoreMap(0x09b801014a9d <Map(CATCH_CONTEXT_TYPE)>, InlinedAllocation) [v0/n61:(x)] 🪦
[0;31m│[0;32m│  [0m   [0m63: StoreTaggedFieldNoWriteBarrier(0x4, mutable) [v0/n61:(x), v0/n34:(x)] 🪦
[0;31m│[0;32m│  [0m   [0m64: StoreTaggedFieldWithWriteBarrier(0x8, constant, maybe_smi:0) [v0/n61:(x), v0/n59:(x)] 🪦
[0;31m│[0;32m│  [0m   [0m65: StoreTaggedFieldWithWriteBarrier(0xc, constant, maybe_smi:0) [v0/n61:(x), v0/n20:(x)] 🪦
[0;31m│[0;32m│  [0m   [0m66: StoreTaggedFieldWithWriteBarrier(0x10, constant, maybe_smi:1) [v0/n61:(x), v0/n58:(x)] 🪦
[0;31m│[0;32m│  [0m[0;34m  19 : b6                SetPendingMessage
[m[0;31m│[0;32m│  [0m   [0m67: SetPendingMessage [v0/n42:(x)] → (x)
[0;31m│[0;32m│  [0m[0;34m  26 : 0c                LdaZero
[m[0;31m│[0;32m│  [0m   [0m68: Jump b8
[0;31m│[0;32m│  [0m    ↓
[0;31m│[0;32m╰──►[0mBlock b8
[0;31m│   [0m[1;34m0x09b80101e019 <SharedFunctionInfo> (0x09b80104a7b1 <String[18]: "workloads/throw.js">:0:0)
[m[0;31m│   [0m[0;34m  61 : 29 02             StaCurrentContextSlot [2]
[m[0;31m│   [0m   [0m70: StoreContextSlotWithWriteBarrier(2, mutable) [v0/n2:(x), v0/n52:(x)]
[0;31m│   [0m       ↳ lazy @61 : {<closure>:n3:, <this>:n1:, <context>:n2:, r1:n5:, <accumulator>:n51:} (addr:0x10c00fd7d48)
[0;31m│   [0m[0;34m  66 : 5b 0a             Inc FBV[10]
[m[0;31m│   [0m       ↱ eager @66 : {<closure>:n3:, <this>:n1:, <context>:n2:, r0:n51:, <accumulator>:n5:} (addr:0x10c00fd7f38)
[0;31m│   [0m   [0m71: Int32IncrementWithOverflow [v0/n11:(x)] → (x)
[0;31m│   [0m[0;34m  69 : 97 32 00 0b       JumpLoop [50], [0], FBV[11]
[m[0;31m│   [0m   [0m73: ReduceInterruptBudgetForLoop(40) [v0/n72:(x)]
[0;31m│   [0m       ↳ lazy @69 : {<closure>:n3:, <this>:n1:, <context>:n2:, r0:n51:, r1:n71:} (addr:0x10c00fd8088)
[0;31m│   [0m   [0m76: Int32ToNumber[kCanonicalizeSmi] [v0/n71:(x)] → (x)
[0;31m│   [0m   [0m75: Jump b9
[0;31m│   [0m    │  with gap moves:
[0;31m│   [0m    │    - v0/n52:(x) → 77: φᵀ r0 (x)
[0;31m│   [0m    │    - v0/n76:(x) → 78: φᵀ r1 (x)
[0;31m│   [0m    ▼
[0;31m│[0;32m╭──►[0mBlock b9 peeled (effects: ua c1)
[0;31m│[0;32m│  [0m   [0m77: φᵀ r0 (n52, n106) (compressed) → (x)
[0;31m│[0;32m│  [0m   [0m78: φᵀ r1 (n76, n125) (compressed) → (x)
[0;31m│[0;32m│  [0m[0;34m  25 : 79 f8 01 00       TestLessThan r1, EmbeddedFeedback[0x1]
[m[0;31m│[0;32m│  [0m       ↱ eager @25 : {<closure>:n3:, <this>:n1:, <context>:n2:, r0:n77:, r1:n78:, <accumulator>:n10:} (addr:0x10c00fd8e60)
[0;31m│[0;32m│  [0m   [0m79: CheckedSmiUntag [v0/n78:(x)] → (x)
[0;31m│[0;32m│  [0m[0;34m  29 : a8 2c             JumpIfFalse [44]
[m[0;31m│[0;32m│[0;33m╭────[0m81: BranchIfInt32Compare(LessThan) [v0/n79:(x), v0/n12:(x)] b10 b17
[0;31m│[0;32m│[0;33m│ [0m    ↓
[0;31m│[0;32m│[0;33m│  [0mBlock b10
[0;31m│[0;32m│[0;33m│ [0m[0;34m  31 : 18 02             LdaCurrentContextSlot [2]
[m[0;31m│[0;32m│[0;33m│ [0m   [0m82: LoadContextSlot(0x10, mutable) [v0/n2:(x)] → (x)
[0;31m│[0;32m│[0;33m│ [0m[1;34m0x09b80101e0c1 <SharedFunctionInfo risky> (0x09b80104a7b1 <String[18]: "workloads/throw.js">:27:14)
[m[0;31m│[0;32m│[0;33m│ [0m[0;34m   0 : 0b 03             Ldar a0
[m[0;31m│[0;32m│[0;33m│ [0m   [0m83: Jump b11
[0;31m│[0;32m│[0;33m│ [0m    ↓
[0;31m│[0;32m│[0;33m│  [0mBlock b11
[0;31m│[0;32m│[0;33m│ [0m[1;34m0x09b80101e0c1 <SharedFunctionInfo risky> (0x09b80104a7b1 <String[18]: "workloads/throw.js">:0:0)
[m[0;31m│[0;32m│[0;33m│ [0m[0;34m   2 : 51 02 00          MulSmi [2], FBV[0]
[m[0;31m│[0;32m│[0;33m│ [0m       ↱ eager @38 : {<closure>:n3:, <this>:n1:, <context>:n2:, r1:n78:, r2:n82:} (addr:0x10c00fd9220)
[0;31m│[0;32m│[0;33m│ [0m       │       @2 : {<closure>:n18:, <this>:n21:, a0:n78:, <context>:n20:, <accumulator>:n78:} (addr:0x10c00fc9b48)
[0;31m│[0;32m│[0;33m│ [0m   [0m84: Int32MultiplyWithOverflow [v0/n79:(x), v0/n23:(x)] → (x)
[0;31m│[0;32m│[0;33m│ [0m[0;34m  13 : 6d f6 03 04       CallUndefinedReceiver1 r3, a0, FBV[4]
[m[0;31m│[0;32m│[0;33m│ [0m   [0m85: 🐢 CallKnownJSFunction(0x09b80101e091 <SharedFunctionInfo mayThrow>, {Int32}) [v0/n25:(x), v0/n20:(x), v0/n21:(x), v0/n19:(x), v0/n78:(x)] → (x)
[0;31m│[0;32m│[0;33m│ [0m       │      @38 : {<closure>:n3:, <this>:n1:, <context>:n2:, r1:n78:, r2:n82:} (addr:0x10c00fd9220)
[0;31m│[0;32m│[0;33m│ [0m       ↳ lazy @13 : {<closure>:n18:, <this>:n21:, a0:n78:, <context>:n20:, r0:n84:, r1:n20:} (addr:0x10c00fcacd8)
[0;31m│[0;32m│[0;33m│ [0m       ↳ throw @26 (b12) : {<this>:n21, a0:n78, <context>:n20, r0:n84}
[0;31m│[0;32m│[0;33m│ [0m[0;34m  17 : 42 f9 01          Add r0, FBV[1]
[m[0;31m│[0;32m│[0;33m│ [0m       ↱ eager @38 : {<closure>:n3:, <this>:n1:, <context>:n2:, r1:n78:, r2:n82:} (addr:0x10c00fd9220)
[0;31m│[0;32m│[0;33m│ [0m       │       @17 : {<closure>:n18:, <this>:n21:, a0:n78:, <context>:n20:, r0:n84:, r1:n20:, <accumulator>:n85:} (addr:0x10c00fcb3b0)
[0;31m│[0;32m│[0;33m│ [0m   [0m86: CheckedSmiUntag [v0/n85:(x)] → (x)
[0;31m│[0;32m│[0;33m│ [0m       ↱ eager @38 : {<closure>:n3:, <this>:n1:, <context>:n2:, r1:n78:, r2:n82:} (addr:0x10c00fd9220)
[0;31m│[0;32m│[0;33m│ [0m       │       @17 : {<closure>:n18:, <this>:n21:, a0:n78:, <context>:n20:, r0:n84:, r1:n20:, <accumulator>:n85:} (addr:0x10c00fcb3b0)
[0;31m│[0;32m│[0;33m│ [0m   [0m87: Int32AddWithOverflow [v0/n84:(x), v0/n86:(x)] → (x)
[0;31m│[0;32m│[0;33m│ [0m  [0m100: Int32ToNumber[kCanonicalizeSmi] [v0/n87:(x)] → (x)
[0;31m│[0;32m│[0;33m│ [0m[0;34m  24 : 98 15             Jump [21]
[m[0;31m│[0;32m│[0;33m│[0;34m╭───[0m88: Jump b13
[0;31m│[0;32m│[0;33m│[0;34m│[0m       with gap moves:
[0;31m│[0;32m│[0;33m│[0;34m│[0m         - v0/n100:(x) → 102: φᵀ r0 (x)
[0;31m│[0;32m│[0;33m│[0;34m│[0m
[0;31m│[0;32m│[0;33m│[0;34m│ [0mBlock b12 (exception handler)
[0;31m│[0;32m│[0;33m│[0;34m│[0m   [0m89: φᵀₑ <accumulator> (compressed) → (x)
[0;31m│[0;32m│[0;33m│[0;34m│[0m[0;34m  27 : 8f f7 01          CreateCatchContext r2, [1:0x09b80101e2d1 <ScopeInfo CATCH_SCOPE>]
[m[0;31m│[0;32m│[0;33m│[0;34m│[0m   [0m90: AllocationBlock(Young) → (x)
[0;31m│[0;32m│[0;33m│[0;34m│[0m   [0m91: InlinedAllocation(object 0x09b801014a9d <Map(CATCH_CONTEXT_TYPE)>) [v0/n90:(x)] → (x)
[0;31m│[0;32m│[0;33m│[0;34m│[0m   [0m92: StoreMap(0x09b801014a9d <Map(CATCH_CONTEXT_TYPE)>, InlinedAllocation) [v0/n91:(x)] 🪦
[0;31m│[0;32m│[0;33m│[0;34m│[0m   [0m93: StoreTaggedFieldNoWriteBarrier(0x4, mutable) [v0/n91:(x), v0/n34:(x)] 🪦
[0;31m│[0;32m│[0;33m│[0;34m│[0m   [0m94: StoreTaggedFieldWithWriteBarrier(0x8, constant, maybe_smi:0) [v0/n91:(x), v0/n33:(x)] 🪦
[0;31m│[0;32m│[0;33m│[0;34m│[0m   [0m95: StoreTaggedFieldWithWriteBarrier(0xc, constant, maybe_smi:0) [v0/n91:(x), v0/n20:(x)] 🪦
[0;31m│[0;32m│[0;33m│[0;34m│[0m   [0m96: StoreTaggedFieldWithWriteBarrier(0x10, constant, maybe_smi:1) [v0/n91:(x), v0/n89:(x)] 🪦
[0;31m│[0;32m│[0;33m│[0;34m│[0m[0;34m  32 : b6                SetPendingMessage
[m[0;31m│[0;32m│[0;33m│[0;34m│[0m   [0m97: SetPendingMessage [v0/n42:(x)] → (x)
[0;31m│[0;32m│[0;33m│[0;34m│[0m[0;34m  39 : 50 01 06          SubSmi [1], FBV[6]
[m[0;31m│[0;32m│[0;33m│[0;34m│[0m       ↱ eager @38 : {<closure>:n3:, <this>:n1:, <context>:n2:, r1:n78:, r2:n82:} (addr:0x10c00fd9220)
[0;31m│[0;32m│[0;33m│[0;34m│[0m       │       @39 : {<closure>:n18:, <this>:n21:, a0:n78:, <context>:n91:(elided), r2:n20:, <accumulator>:n84:} (addr:0x10c00fcc160)
[0;31m│[0;32m│[0;33m│[0;34m│[0m   [0m98: Int32DecrementWithOverflow [v0/n84:(x)] → (x)
[0;31m│[0;32m│[0;33m│[0;34m│[0m  [0m101: Int32ToNumber[kCanonicalizeSmi] [v0/n98:(x)] → (x)
[0;31m│[0;32m│[0;33m│[0;34m│[0m[0;34m  45 : 0b f9             Ldar r0
[m[0;31m│[0;32m│[0;33m│[0;34m│[0m   [0m99: Jump b13
[0;31m│[0;32m│[0;33m│[0;34m│[0m    │  with gap moves:
[0;31m│[0;32m│[0;33m│[0;34m│[0m    │    - v0/n101:(x) → 102: φᵀ r0 (x)
[0;31m│[0;32m│[0;33m│[0;34m│[0m    ▼
[0;31m│[0;32m│[0;33m│[0;34m╰►[0mBlock b13
[0;31m│[0;32m│[0;33m│ [0m  [0m102: φᵀ r0 (n100, n101) (compressed) → (x)
[0;31m│[0;32m│[0;33m│ [0m[1;34m0x09b80101e019 <SharedFunctionInfo> (0x09b80104a7b1 <String[18]: "workloads/throw.js">:0:0)
[m[0;31m│[0;32m│[0;33m│ [0m[0;34m  42 : 42 f7 00          Add r2, FBV[0]
[m[0;31m│[0;32m│[0;33m│ [0m       ↱ eager @42 : {<closure>:n3:, <this>:n1:, <context>:n2:, r1:n78:, r2:n82:, <accumulator>:n102:} (addr:0x10c00fcc548)
[0;31m│[0;32m│[0;33m│ [0m  [0m103: CheckedSmiUntag [v0/n82:(x)] → (x)
[0;31m│[0;32m│[0;33m│ [0m       ↱ eager @42 : {<closure>:n3:, <this>:n1:, <context>:n2:, r1:n78:, r2:n82:, <accumulator>:n102:} (addr:0x10c00fcc548)
[0;31m│[0;32m│[0;33m│ [0m  [0m104: CheckedSmiUntag [v0/n102:(x)] → (x)
[0;31m│[0;32m│[0;33m│ [0m       ↱ eager @42 : {<closure>:n3:, <this>:n1:, <context>:n2:, r1:n78:, r2:n82:, <accumulator>:n102:} (addr:0x10c00fcc548)
[0;31m│[0;32m│[0;33m│ [0m  [0m105: Int32AddWithOverflow [v0/n103:(x), v0/n104:(x)] → (x)
[0;31m│[0;32m│[0;33m│ [0m[0;34m  45 : 29 02             StaCurrentContextSlot [2]
[m[0;31m│[0;32m│[0;33m│ [0m  [0m106: Int32ToNumber[kCanonicalizeSmi] [v0/n105:(x)] → (x)
[0;31m│[0;32m│[0;33m│ [0m  [0m107: StoreContextSlotWithWriteBarrier(2, mutable) [v0/n2:(x), v0/n106:(x)]
[0;31m│[0;32m│[0;33m│ [0m       ↳ lazy @45 : {<closure>:n3:, <this>:n1:, <context>:n2:, r1:n78:} (addr:0x10c00fcc8a0)
[0;31m│[0;32m│[0;33m│ [0m[1;34m0x09b80101e0f1 <SharedFunctionInfo bare> (0x09b80104a7b1 <String[18]: "workloads/throw.js">:34:13)
[m[0;31m│[0;32m│[0;33m│ [0m[0;34m   0 : 1b ff f9          Mov <context>, r0
[m[0;31m│[0;32m│[0;33m│ [0m  [0m108: Jump b14
[0;31m│[0;32m│[0;33m│ [0m    ↓
[0;31m│[0;32m│[0;33m│  [0mBlock b14
[0;31m│[0;32m│[0;33m│ [0m[1;34m0x09b80101e0f1 <SharedFunctionInfo bare> (0x09b80104a7b1 <String[18]: "workloads/throw.js">:0:0)
[m[0;31m│[0;32m│[0;33m│ [0m[0;34m   7 : 6d f8 03 02       CallUndefinedReceiver1 r1, a0, FBV[2]
[m[0;31m│[0;32m│[0;33m│ [0m  [0m109: 🐢 CallKnownJSFunction(0x09b80101e091 <SharedFunctionInfo mayThrow>, {}) [v0/n25:(x), v0/n20:(x), v0/n21:(x), v0/n19:(x), v0/n78:(x)] → (x)
[0;31m│[0;32m│[0;33m│ [0m       │      @54 : {<closure>:n3:, <this>:n1:, <context>:n2:, r1:n78:, r2:n105:} (addr:0x10c00fcca30)
[0;31m│[0;32m│[0;33m│ [0m       ↳ lazy @7 : {<closure>:n54:, <this>:n21:, a0:n78:, <context>:n20:, r0:n20:} (addr:0x10c00ff1158)
[0;31m│[0;32m│[0;33m│ [0m       ↳ throw @13 (b15) : {<this>:n21, a0:n78, <context>:n20}
[0;31m│[0;32m│[0;33m│ [0m[0;34m  11 : 98 0f             Jump [15]
[m[0;31m│[0;32m│[0;33m│[0;34m╭──[0m110: Jump b16
[0;31m│[0;32m│[0;33m│[0;34m│[0m
[0;31m│[0;32m│[0;33m│[0;34m│ [0mBlock b15 (exception handler)
[0;31m│[0;32m│[0;33m│[0;34m│[0m  [0m111: φᵀₑ <accumulator> (compressed) → (x)
[0;31m│[0;32m│[0;33m│[0;34m│[0m[0;34m  14 : 8f f8 01          CreateCatchContext r1, [1:0x09b80101e39d <ScopeInfo CATCH_SCOPE>]
[m[0;31m│[0;32m│[0;33m│[0;34m│[0m  [0m112: AllocationBlock(Young) → (x)
[0;31m│[0;32m│[0;33m│[0;34m│[0m  [0m113: InlinedAllocation(object 0x09b801014a9d <Map(CATCH_CONTEXT_TYPE)>) [v0/n112:(x)] → (x)
[0;31m│[0;32m│[0;33m│[0;34m│[0m  [0m114: StoreMap(0x09b801014a9d <Map(CATCH_CONTEXT_TYPE)>, InlinedAllocation) [v0/n113:(x)] 🪦
[0;31m│[0;32m│[0;33m│[0;34m│[0m  [0m115: StoreTaggedFieldNoWriteBarrier(0x4, mutable) [v0/n113:(x), v0/n34:(x)] 🪦
[0;31m│[0;32m│[0;33m│[0;34m│[0m  [0m116: StoreTaggedFieldWithWriteBarrier(0x8, constant, maybe_smi:0) [v0/n113:(x), v0/n59:(x)] 🪦
[0;31m│[0;32m│[0;33m│[0;34m│[0m  [0m117: StoreTaggedFieldWithWriteBarrier(0xc, constant, maybe_smi:0) [v0/n113:(x), v0/n20:(x)] 🪦
[0;31m│[0;32m│[0;33m│[0;34m│[0m  [0m118: StoreTaggedFieldWithWriteBarrier(0x10, constant, maybe_smi:1) [v0/n113:(x), v0/n111:(x)] 🪦
[0;31m│[0;32m│[0;33m│[0;34m│[0m[0;34m  19 : b6                SetPendingMessage
[m[0;31m│[0;32m│[0;33m│[0;34m│[0m  [0m119: SetPendingMessage [v0/n42:(x)] → (x)
[0;31m│[0;32m│[0;33m│[0;34m│[0m[0;34m  26 : 0c                LdaZero
[m[0;31m│[0;32m│[0;33m│[0;34m│[0m  [0m120: Jump b16
[0;31m│[0;32m│[0;33m│[0;34m│[0m    ↓
[0;31m│[0;32m│[0;33m│[0;34m╰►[0mBlock b16
[0;31m│[0;32m│[0;33m│ [0m[1;34m0x09b80101e019 <SharedFunctionInfo> (0x09b80104a7b1 <String[18]: "workloads/throw.js">:0:0)
[m[0;31m│[0;32m│[0;33m│ [0m[0;34m  61 : 29 02             StaCurrentContextSlot [2]
[m[0;31m│[0;32m│[0;33m│ [0m  [0m121: StoreContextSlotWithWriteBarrier(2, mutable) [v0/n2:(x), v0/n106:(x)]
[0;31m│[0;32m│[0;33m│ [0m       ↳ lazy @61 : {<closure>:n3:, <this>:n1:, <context>:n2:, r1:n78:, <accumulator>:n105:} (addr:0x10c00ff26d8)
[0;31m│[0;32m│[0;33m│ [0m[0;34m  66 : 5b 0a             Inc FBV[10]
[m[0;31m│[0;32m│[0;33m│ [0m       ↱ eager @66 : {<closure>:n3:, <this>:n1:, <context>:n2:, r0:n105:, <accumulator>:n78:} (addr:0x10c00ff2838)
[0;31m│[0;32m│[0;33m│ [0m  [0m122: Int32IncrementWithOverflow [v0/n79:(x)] → (x)
[0;31m│[0;32m│[0;33m│ [0m[0;34m  69 : 97 32 00 0b       JumpLoop [50], [0], FBV[11]
[m[0;31m│[0;32m│[0;33m│ [0m  [0m123: ReduceInterruptBudgetForLoop(40) [v0/n72:(x)]
[0;31m│[0;32m│[0;33m│ [0m       ↳ lazy @69 : {<closure>:n3:, <this>:n1:, <context>:n2:, r0:n105:, r1:n122:} (addr:0x10c00ff2938)
[0;31m│[0;32m│[0;33m│ [0m  [0m125: Int32ToNumber[kCanonicalizeSmi] [v0/n122:(x)] → (x)
[0;31m│[0;32m│[0;33m│ [0m       ↱ eager @66 : {<closure>:n3:, <this>:n1:, <context>:n2:, r0:n105:, <accumulator>:n78:} (addr:0x10c00ff2838)
[0;31m│[0;32m╰──◄─[0m124: JumpLoop b9
[0;31m│ [0;33m│ [0m       with gap moves:
[0;31m│ [0;33m│ [0m         - v0/n106:(x) → 77: φᵀ r0 (x)
[0;31m│ [0;33m│ [0m         - v0/n125:(x) → 78: φᵀ r1 (x)
[0;31m│ [0;33m│ [0m
[0;31m│ [0;33m╰─►[0mBlock b17
[0;31m│   [0m[0;34m  73 : 0b f9             Ldar r0
[m[0;31m│[0;32m╭────[0m126: Jump b19
[0;31m│[0;32m│  [0m       with gap moves:
[0;31m│[0;32m│  [0m         - v0/n77:(x) → 128: φᵀ r0 (x)
[0;31m│[0;32m│  [0m
[0;31m╰───►[0mBlock b18
 [0;32m│  [0m  [0m127: Jump b19
 [0;32m│  [0m    │  with gap moves:
 [0;32m│  [0m    │    - v0/n4:(x) → 128: φᵀ r0 (x)
 [0;32m│  [0m    ▼
 [0;32m╰──►[0mBlock b19
    [0m  [0m128: φᵀ r0 (n4, n77) (compressed) → (x)
    [0m[0;34m  75 : b9                Return
[m    [0m  [0m129: ReduceInterruptBudgetForReturn(75) [v0/n72:(x)]
    [0m  [0m130: Return [v0/n128:(x)]
    [0m

----- After register allocation pre-processing -----
Graph

    [0m    [0m1/72: Constant(0x09b80101e195 <FeedbackCell[one closure]>) → v-1, live range: [1-86]
    [0m    [0m2/18: Constant(0x09b80101e1ed <JSFunction risky (sfi = 0x9b80101e0c1)>) → v-1, live range: [2-82]
    [0m    [0m3/20: Constant(0x09b80101e1a5 <ScriptContext[3]>) → v-1, live range: [3-82]
    [0m    [0m4/21: Constant(0x09b801004925 <JSGlobalProxy>) → v-1, live range: [4-82]
    [0m    [0m5/25: Constant(0x09b80101e1b9 <JSFunction mayThrow (sfi = 0x9b80101e091)>) → v-1, live range: [5-82]
    [0m    [0m6/54: Constant(0x09b80101e221 <JSFunction bare (sfi = 0x9b80101e0f1)>) → v-1, live range: [6-82]
    [0m    [0m7/19: RootConstant(undefined_value) → v-1, live range: [7-82]
    [0m    [0m8/42: RootConstant(the_hole_value) → v-1, live range: [8-82]
    [0m    [0m9/10: SmiConstant(400000) → v-1, live range: [9-82]
    [0m   [0m10/23: Int32Constant(2) → v-1, live range: [10-82]
    [0m   [0m11/12: Int32Constant(400000) → v-1, live range: [11-82]
     [0mBlock b0
    [0m[1;34m0x09b80101e019 <SharedFunctionInfo> (0x09b80104a7b1 <String[18]: "workloads/throw.js">:0:0)
[m    [0m[0;34m  19 : 01 0d 80 1a 06 00 LdaSmi.ExtraWide [400000]
[m    [0m    [0m12/1: InitialValue(<this>) → v-1(=-6S), live range: [12-82]
    [0m    [0m13/2: InitialValue(<context>) → v-1(=-3S), live range: [13-82]
    [0m    [0m14/3: InitialValue(<closure>) → v-1(=-2S), live range: [14-82]
    [0m    [0m15/4: InitialValue(r0) → v-1(=3S), live range: [15-84]
    [0m    [0m16/5: InitialValue(r1) → v-1(=4S), live range: [16-46]
    [0m    [0m17/8: FunctionEntryStackCheck
    [0m          ↳ lazy @69 : {<closure>:n3:(x), <this>:n1:(x), <context>:n2:(x), r0:n4:(x), r1:n5:(x)} (addr:0x10c00fa69f0)
    [0m          ↱ eager @69 : {<closure>:n3:, <this>:n1:, <context>:n2:, r0:n4:, r1:n5:} (addr:0x10c00fa69f0)
    [0m    [0m18/9: CheckpointedJump b1
    [0m       ↓
     [0mBlock b1
    [0m[0;34m  25 : 79 f8 01 00       TestLessThan r1, EmbeddedFeedback[0x1]
[m    [0m          ↱ eager @25 : {<closure>:n3:(x), <this>:n1:(x), <context>:n2:(x), r0:n4:(x), r1:n5:(x), <accumulator>:n10:(x)} (addr:0x10c00fa82e8)
    [0m   [0m19/11: CheckedSmiUntag [v16/n5:v-1(R)] → v-1(0), live range: [19-46]
    [0m[0;34m  29 : a8 2c             JumpIfFalse [44]
[m[0;31m╭──────[0m20/14: BranchIfInt32Compare(LessThan) [v19/n11:v-1(R), v11/n12:v-1(R)] b2 b18
[0;31m│   [0m       ↓
[0;31m│    [0mBlock b2
[0;31m│   [0m[0;34m  31 : 18 02             LdaCurrentContextSlot [2]
[m[0;31m│   [0m   [0m21/17: LoadContextSlot(0x10, mutable) [v13/n2:v-1(R)] → v-1(R), live range: [21-37]
[0;31m│   [0m[1;34m0x09b80101e0c1 <SharedFunctionInfo risky> (0x09b80104a7b1 <String[18]: "workloads/throw.js">:27:14)
[m[0;31m│   [0m[0;34m   0 : 0b 03             Ldar a0
[m[0;31m│   [0m   [0m22/22: Jump b3
[0;31m│   [0m       ↓
[0;31m│    [0mBlock b3
[0;31m│   [0m[1;34m0x09b80101e0c1 <SharedFunctionInfo risky> (0x09b80104a7b1 <String[18]: "workloads/throw.js">:0:0)
[m[0;31m│   [0m[0;34m   2 : 51 02 00          MulSmi [2], FBV[0]
[m[0;31m│   [0m          ↱ eager @38 : {<closure>:n3:(x), <this>:n1:(x), <context>:n2:(x), r1:n5:(x), r2:n17:(x)} (addr:0x10c00fa9710)
[0;31m│   [0m          │       @2 : {<closure>:n18:(x), <this>:n21:(x), a0:n5:(x), <context>:n20:(x), <accumulator>:n5:(x)} (addr:0x10c00fbe168)
[0;31m│   [0m   [0m23/24: Int32MultiplyWithOverflow [v19/n11:v-1(R), v10/n23:v-1(R)] → v-1(0), live range: [23-31]
[0;31m│   [0m[0;34m  13 : 6d f6 03 04       CallUndefinedReceiver1 r3, a0, FBV[4]
[m[0;31m│   [0m   [0m24/26: 🐢 CallKnownJSFunction(0x09b80101e091 <SharedFunctionInfo mayThrow>, {Int32}) [v5/n25:v-1(=rdi), v3/n20:v-1(=rsi), v4/n21:v-1(*), v7/n19:v-1(=rdx), v16/n5:v-1(*)] → v-1(=rax), live range: [24-26]
[0;31m│   [0m          │      @38 : {<closure>:n3:(x), <this>:n1:(x), <context>:n2:(x), r1:n5:(x), r2:n17:(x)} (addr:0x10c00fa9710)
[0;31m│   [0m          ↳ lazy @13 : {<closure>:n18:(x), <this>:n21:(x), a0:n5:(x), <context>:n20:(x), r0:n24:(x), r1:n20:(x)} (addr:0x10c00fbf940)
[0;31m│   [0m          ↳ throw @26 (b4) : {<this>:n21, a0:n5, <context>:n20, r0:n24}
[0;31m│   [0m[0;34m  17 : 42 f9 01          Add r0, FBV[1]
[m[0;31m│   [0m          ↱ eager @38 : {<closure>:n3:(x), <this>:n1:(x), <context>:n2:(x), r1:n5:(x), r2:n17:(x)} (addr:0x10c00fa9710)
[0;31m│   [0m          │       @17 : {<closure>:n18:(x), <this>:n21:(x), a0:n5:(x), <context>:n20:(x), r0:n24:(x), r1:n20:(x), <accumulator>:n26:(x)} (addr:0x10c00fbffc8)
[0;31m│   [0m   [0m25/27: CheckedSmiUntag [v24/n26:v-1(R)] → v-1(0), live range: [25-26]
[0;31m│   [0m          ↱ eager @38 : {<closure>:n3:(x), <this>:n1:(x), <context>:n2:(x), r1:n5:(x), r2:n17:(x)} (addr:0x10c00fa9710)
[0;31m│   [0m          │       @17 : {<closure>:n18:(x), <this>:n21:(x), a0:n5:(x), <context>:n20:(x), r0:n24:(x), r1:n20:(x), <accumulator>:n26:(x)} (addr:0x10c00fbffc8)
[0;31m│   [0m   [0m26/28: Int32AddWithOverflow [v23/n24:v-1(R), v25/n27:v-1(R)] → v-1(0), live range: [26-27]
[0;31m│   [0m   [0m27/46: Int32ToNumber[kCanonicalizeSmi] [v26/n28:v-1(R)] → v-1(R), live range: [27-28]
[0;31m│   [0m[0;34m  24 : 98 15             Jump [21]
[m[0;31m│[0;32m╭─────[0m28/29: Jump b5
[0;31m│[0;32m│  [0m          with gap moves:
[0;31m│[0;32m│  [0m            - v27/n46:v-1(*) → 48: φᵀ r0 v-1(*)
[0;31m│[0;32m│  [0m
[0;31m│[0;32m│   [0mBlock b4 (exception handler)
[0;31m│[0;32m│  [0m   [0m29/30: φᵀₑ <accumulator> → v-1(*), live range: [29-31]
[0;31m│[0;32m│  [0m[0;34m  32 : b6                SetPendingMessage
[m[0;31m│[0;32m│  [0m   [0m30/43: SetPendingMessage [v8/n42:v-1(R)] → v-1(R)
[0;31m│[0;32m│  [0m[0;34m  39 : 50 01 06          SubSmi [1], FBV[6]
[m[0;31m│[0;32m│  [0m          ↱ eager @38 : {<closure>:n3:(x), <this>:n1:(x), <context>:n2:(x), r1:n5:(x), r2:n17:(x)} (addr:0x10c00fa9710)
[0;31m│[0;32m│  [0m          │       @39 : {<closure>:n18:(x), <this>:n21:(x), a0:n5:(x), <context>:n36:(elided), r2:n20:(x), <accumulator>:n24:(x)} (addr:0x10c00fc0f58)
[0;31m│[0;32m│  [0m   [0m31/44: Int32DecrementWithOverflow [v23/n24:v-1(R)] → v-1(0), live range: [31-32]
[0;31m│[0;32m│  [0m   [0m32/47: Int32ToNumber[kCanonicalizeSmi] [v31/n44:v-1(R)] → v-1(R), live range: [32-33]
[0;31m│[0;32m│  [0m[0;34m  45 : 0b f9             Ldar r0
[m[0;31m│[0;32m│  [0m   [0m33/45: Jump b5
[0;31m│[0;32m│  [0m       │  with gap moves:
[0;31m│[0;32m│  [0m       │    - v32/n47:v-1(*) → 48: φᵀ r0 v-1(*)
[0;31m│[0;32m│  [0m       ▼
[0;31m│[0;32m╰──►[0mBlock b5
[0;31m│   [0m   [0m34/48: φᵀ r0 (n46, n47) → v-1(*), live range: [34-37]
[0;31m│   [0m[1;34m0x09b80101e019 <SharedFunctionInfo> (0x09b80104a7b1 <String[18]: "workloads/throw.js">:0:0)
[m[0;31m│   [0m[0;34m  42 : 42 f7 00          Add r2, FBV[0]
[m[0;31m│   [0m          ↱ eager @42 : {<closure>:n3:(x), <this>:n1:(x), <context>:n2:(x), r1:n5:(x), r2:n17:(x), <accumulator>:n48:(x)} (addr:0x10c00fc1380)
[0;31m│   [0m   [0m35/49: CheckedSmiUntag [v21/n17:v-1(R)] → v-1(0), live range: [35-37]
[0;31m│   [0m          ↱ eager @42 : {<closure>:n3:(x), <this>:n1:(x), <context>:n2:(x), r1:n5:(x), r2:n17:(x), <accumulator>:n48:(x)} (addr:0x10c00fc1380)
[0;31m│   [0m   [0m36/50: CheckedSmiUntag [v34/n48:v-1(R)] → v-1(0), live range: [36-37]
[0;31m│   [0m          ↱ eager @42 : {<closure>:n3:(x), <this>:n1:(x), <context>:n2:(x), r1:n5:(x), r2:n17:(x), <accumulator>:n48:(x)} (addr:0x10c00fc1380)
[0;31m│   [0m   [0m37/51: Int32AddWithOverflow [v35/n49:v-1(R), v36/n50:v-1(R)] → v-1(0), live range: [37-47]
[0;31m│   [0m[0;34m  45 : 29 02             StaCurrentContextSlot [2]
[m[0;31m│   [0m   [0m38/52: Int32ToNumber[kCanonicalizeSmi] [v37/n51:v-1(R)] → v-1(R), live range: [38-49]
[0;31m│   [0m   [0m39/53: StoreContextSlotWithWriteBarrier(2, mutable) [v13/n2:v-1(=rdi), v38/n52:v-1(R)]
[0;31m│   [0m          ↳ lazy @45 : {<closure>:n3:(x), <this>:n1:(x), <context>:n2:(x), r1:n5:(x)} (addr:0x10c00fc16d8)
[0;31m│   [0m[1;34m0x09b80101e0f1 <SharedFunctionInfo bare> (0x09b80104a7b1 <String[18]: "workloads/throw.js">:34:13)
[m[0;31m│   [0m[0;34m   0 : 1b ff f9          Mov <context>, r0
[m[0;31m│   [0m   [0m40/55: Jump b6
[0;31m│   [0m       ↓
[0;31m│    [0mBlock b6
[0;31m│   [0m[1;34m0x09b80101e0f1 <SharedFunctionInfo bare> (0x09b80104a7b1 <String[18]: "workloads/throw.js">:0:0)
[m[0;31m│   [0m[0;34m   7 : 6d f8 03 02       CallUndefinedReceiver1 r1, a0, FBV[2]
[m[0;31m│   [0m   [0m41/56: 🐢 CallKnownJSFunction(0x09b80101e091 <SharedFunctionInfo mayThrow>, {}) [v5/n25:v-1(=rdi), v3/n20:v-1(=rsi), v4/n21:v-1(*), v7/n19:v-1(=rdx), v16/n5:v-1(*)] → v-1(=rax)
[0;31m│   [0m          │      @54 : {<closure>:n3:(x), <this>:n1:(x), <context>:n2:(x), r1:n5:(x), r2:n51:(x)} (addr:0x10c00fc1b70)
[0;31m│   [0m          ↳ lazy @7 : {<closure>:n54:(x), <this>:n21:(x), a0:n5:(x), <context>:n20:(x), r0:n20:(x)} (addr:0x10c00fd6b70)
[0;31m│   [0m          ↳ throw (b7)
[0;31m│   [0m[0;34m  11 : 98 0f             Jump [15]
[m[0;31m│[0;32m╭─────[0m42/57: Jump b8
[0;31m│[0;32m│  [0m
[0;31m│[0;32m│   [0mBlock b7 (exception handler)
[0;31m│[0;32m│  [0m[0;34m  19 : b6                SetPendingMessage
[m[0;31m│[0;32m│  [0m   [0m43/67: SetPendingMessage [v8/n42:v-1(R)] → v-1(R)
[0;31m│[0;32m│  [0m[0;34m  26 : 0c                LdaZero
[m[0;31m│[0;32m│  [0m   [0m44/68: Jump b8
[0;31m│[0;32m│  [0m       ↓
[0;31m│[0;32m╰──►[0mBlock b8
[0;31m│   [0m[1;34m0x09b80101e019 <SharedFunctionInfo> (0x09b80104a7b1 <String[18]: "workloads/throw.js">:0:0)
[m[0;31m│   [0m[0;34m  61 : 29 02             StaCurrentContextSlot [2]
[m[0;31m│   [0m   [0m45/70: StoreContextSlotWithWriteBarrier(2, mutable) [v13/n2:v-1(=rdi), v38/n52:v-1(R)]
[0;31m│   [0m          ↳ lazy @61 : {<closure>:n3:(x), <this>:n1:(x), <context>:n2:(x), r1:n5:(x), <accumulator>:n51:(x)} (addr:0x10c00fd7d48)
[0;31m│   [0m[0;34m  66 : 5b 0a             Inc FBV[10]
[m[0;31m│   [0m          ↱ eager @66 : {<closure>:n3:(x), <this>:n1:(x), <context>:n2:(x), r0:n51:(x), <accumulator>:n5:(x)} (addr:0x10c00fd7f38)
[0;31m│   [0m   [0m46/71: Int32IncrementWithOverflow [v19/n11:v-1(R)] → v-1(0), live range: [46-48]
[0;31m│   [0m[0;34m  69 : 97 32 00 0b       JumpLoop [50], [0], FBV[11]
[m[0;31m│   [0m   [0m47/73: ReduceInterruptBudgetForLoop(40) [v1/n72:v-1(R)]
[0;31m│   [0m          ↳ lazy @69 : {<closure>:n3:(x), <this>:n1:(x), <context>:n2:(x), r0:n51:(x), r1:n71:(x)} (addr:0x10c00fd8088)
[0;31m│   [0m   [0m48/76: Int32ToNumber[kCanonicalizeSmi] [v46/n71:v-1(R)] → v-1(R), live range: [48-49]
[0;31m│   [0m   [0m49/75: Jump b9
[0;31m│   [0m       │  with gap moves:
[0;31m│   [0m       │    - v38/n52:v-1(*) → 77: φᵀ r0 v-1(*)
[0;31m│   [0m       │    - v48/n76:v-1(*) → 78: φᵀ r1 v-1(*)
[0;31m│   [0m       ▼
[0;31m│[0;32m╭──►[0mBlock b9 peeled (effects: ua c1)
[0;31m│[0;32m│  [0m   [0m50/77: φᵀ r0 (n52, n106) → v-1(*), live range: [50-83]
[0;31m│[0;32m│  [0m   [0m51/78: φᵀ r1 (n76, n125) → v-1(*), live range: [51-79]
[0;31m│[0;32m│  [0m[0;34m  25 : 79 f8 01 00       TestLessThan r1, EmbeddedFeedback[0x1]
[m[0;31m│[0;32m│  [0m          ↱ eager @25 : {<closure>:n3:(x), <this>:n1:(x), <context>:n2:(x), r0:n77:(x), r1:n78:(x), <accumulator>:n10:(x)} (addr:0x10c00fd8e60)
[0;31m│[0;32m│  [0m   [0m52/79: CheckedSmiUntag [v51/n78:v-1(R)] → v-1(0), live range: [52-79]
[0;31m│[0;32m│  [0m[0;34m  29 : a8 2c             JumpIfFalse [44]
[m[0;31m│[0;32m│[0;33m╭────[0m53/81: BranchIfInt32Compare(LessThan) [v52/n79:v-1(R), v11/n12:v-1(R)] b10 b17
[0;31m│[0;32m│[0;33m│ [0m       ↓
[0;31m│[0;32m│[0;33m│  [0mBlock b10
[0;31m│[0;32m│[0;33m│ [0m[0;34m  31 : 18 02             LdaCurrentContextSlot [2]
[m[0;31m│[0;32m│[0;33m│ [0m   [0m54/82: LoadContextSlot(0x10, mutable) [v13/n2:v-1(R)] → v-1(R), live range: [54-70]
[0;31m│[0;32m│[0;33m│ [0m[1;34m0x09b80101e0c1 <SharedFunctionInfo risky> (0x09b80104a7b1 <String[18]: "workloads/throw.js">:27:14)
[m[0;31m│[0;32m│[0;33m│ [0m[0;34m   0 : 0b 03             Ldar a0
[m[0;31m│[0;32m│[0;33m│ [0m   [0m55/83: Jump b11
[0;31m│[0;32m│[0;33m│ [0m       ↓
[0;31m│[0;32m│[0;33m│  [0mBlock b11
[0;31m│[0;32m│[0;33m│ [0m[1;34m0x09b80101e0c1 <SharedFunctionInfo risky> (0x09b80104a7b1 <String[18]: "workloads/throw.js">:0:0)
[m[0;31m│[0;32m│[0;33m│ [0m[0;34m   2 : 51 02 00          MulSmi [2], FBV[0]
[m[0;31m│[0;32m│[0;33m│ [0m          ↱ eager @38 : {<closure>:n3:(x), <this>:n1:(x), <context>:n2:(x), r1:n78:(x), r2:n82:(x)} (addr:0x10c00fd9220)
[0;31m│[0;32m│[0;33m│ [0m          │       @2 : {<closure>:n18:(x), <this>:n21:(x), a0:n78:(x), <context>:n20:(x), <accumulator>:n78:(x)} (addr:0x10c00fc9b48)
[0;31m│[0;32m│[0;33m│ [0m   [0m56/84: Int32MultiplyWithOverflow [v52/n79:v-1(R), v10/n23:v-1(R)] → v-1(0), live range: [56-64]
[0;31m│[0;32m│[0;33m│ [0m[0;34m  13 : 6d f6 03 04       CallUndefinedReceiver1 r3, a0, FBV[4]
[m[0;31m│[0;32m│[0;33m│ [0m   [0m57/85: 🐢 CallKnownJSFunction(0x09b80101e091 <SharedFunctionInfo mayThrow>, {Int32}) [v5/n25:v-1(=rdi), v3/n20:v-1(=rsi), v4/n21:v-1(*), v7/n19:v-1(=rdx), v51/n78:v-1(*)] → v-1(=rax), live range: [57-59]
[0;31m│[0;32m│[0;33m│ [0m          │      @38 : {<closure>:n3:(x), <this>:n1:(x), <context>:n2:(x), r1:n78:(x), r2:n82:(x)} (addr:0x10c00fd9220)
[0;31m│[0;32m│[0;33m│ [0m          ↳ lazy @13 : {<closure>:n18:(x), <this>:n21:(x), a0:n78:(x), <context>:n20:(x), r0:n84:(x), r1:n20:(x)} (addr:0x10c00fcacd8)
[0;31m│[0;32m│[0;33m│ [0m          ↳ throw @26 (b12) : {<this>:n21, a0:n78, <context>:n20, r0:n84}
[0;31m│[0;32m│[0;33m│ [0m[0;34m  17 : 42 f9 01          Add r0, FBV[1]
[m[0;31m│[0;32m│[0;33m│ [0m          ↱ eager @38 : {<closure>:n3:(x), <this>:n1:(x), <context>:n2:(x), r1:n78:(x), r2:n82:(x)} (addr:0x10c00fd9220)
[0;31m│[0;32m│[0;33m│ [0m          │       @17 : {<closure>:n18:(x), <this>:n21:(x), a0:n78:(x), <context>:n20:(x), r0:n84:(x), r1:n20:(x), <accumulator>:n85:(x)} (addr:0x10c00fcb3b0)
[0;31m│[0;32m│[0;33m│ [0m   [0m58/86: CheckedSmiUntag [v57/n85:v-1(R)] → v-1(0), live range: [58-59]
[0;31m│[0;32m│[0;33m│ [0m          ↱ eager @38 : {<closure>:n3:(x), <this>:n1:(x), <context>:n2:(x), r1:n78:(x), r2:n82:(x)} (addr:0x10c00fd9220)
[0;31m│[0;32m│[0;33m│ [0m          │       @17 : {<closure>:n18:(x), <this>:n21:(x), a0:n78:(x), <context>:n20:(x), r0:n84:(x), r1:n20:(x), <accumulator>:n85:(x)} (addr:0x10c00fcb3b0)
[0;31m│[0;32m│[0;33m│ [0m   [0m59/87: Int32AddWithOverflow [v56/n84:v-1(R), v58/n86:v-1(R)] → v-1(0), live range: [59-60]
[0;31m│[0;32m│[0;33m│ [0m  [0m60/100: Int32ToNumber[kCanonicalizeSmi] [v59/n87:v-1(R)] → v-1(R), live range: [60-61]
[0;31m│[0;32m│[0;33m│ [0m[0;34m  24 : 98 15             Jump [21]
[m[0;31m│[0;32m│[0;33m│[0;34m╭───[0m61/88: Jump b13
[0;31m│[0;32m│[0;33m│[0;34m│[0m          with gap moves:
[0;31m│[0;32m│[0;33m│[0;34m│[0m            - v60/n100:v-1(*) → 102: φᵀ r0 v-1(*)
[0;31m│[0;32m│[0;33m│[0;34m│[0m
[0;31m│[0;32m│[0;33m│[0;34m│ [0mBlock b12 (exception handler)
[0;31m│[0;32m│[0;33m│[0;34m│[0m   [0m62/89: φᵀₑ <accumulator> → v-1(*), live range: [62-64]
[0;31m│[0;32m│[0;33m│[0;34m│[0m[0;34m  32 : b6                SetPendingMessage
[m[0;31m│[0;32m│[0;33m│[0;34m│[0m   [0m63/97: SetPendingMessage [v8/n42:v-1(R)] → v-1(R)
[0;31m│[0;32m│[0;33m│[0;34m│[0m[0;34m  39 : 50 01 06          SubSmi [1], FBV[6]
[m[0;31m│[0;32m│[0;33m│[0;34m│[0m          ↱ eager @38 : {<closure>:n3:(x), <this>:n1:(x), <context>:n2:(x), r1:n78:(x), r2:n82:(x)} (addr:0x10c00fd9220)
[0;31m│[0;32m│[0;33m│[0;34m│[0m          │       @39 : {<closure>:n18:(x), <this>:n21:(x), a0:n78:(x), <context>:n91:(elided), r2:n20:(x), <accumulator>:n84:(x)} (addr:0x10c00fcc160)
[0;31m│[0;32m│[0;33m│[0;34m│[0m   [0m64/98: Int32DecrementWithOverflow [v56/n84:v-1(R)] → v-1(0), live range: [64-65]
[0;31m│[0;32m│[0;33m│[0;34m│[0m  [0m65/101: Int32ToNumber[kCanonicalizeSmi] [v64/n98:v-1(R)] → v-1(R), live range: [65-66]
[0;31m│[0;32m│[0;33m│[0;34m│[0m[0;34m  45 : 0b f9             Ldar r0
[m[0;31m│[0;32m│[0;33m│[0;34m│[0m   [0m66/99: Jump b13
[0;31m│[0;32m│[0;33m│[0;34m│[0m       │  with gap moves:
[0;31m│[0;32m│[0;33m│[0;34m│[0m       │    - v65/n101:v-1(*) → 102: φᵀ r0 v-1(*)
[0;31m│[0;32m│[0;33m│[0;34m│[0m       ▼
[0;31m│[0;32m│[0;33m│[0;34m╰►[0mBlock b13
[0;31m│[0;32m│[0;33m│ [0m  [0m67/102: φᵀ r0 (n100, n101) → v-1(*), live range: [67-70]
[0;31m│[0;32m│[0;33m│ [0m[1;34m0x09b80101e019 <SharedFunctionInfo> (0x09b80104a7b1 <String[18]: "workloads/throw.js">:0:0)
[m[0;31m│[0;32m│[0;33m│ [0m[0;34m  42 : 42 f7 00          Add r2, FBV[0]
[m[0;31m│[0;32m│[0;33m│ [0m          ↱ eager @42 : {<closure>:n3:(x), <this>:n1:(x), <context>:n2:(x), r1:n78:(x), r2:n82:(x), <accumulator>:n102:(x)} (addr:0x10c00fcc548)
[0;31m│[0;32m│[0;33m│ [0m  [0m68/103: CheckedSmiUntag [v54/n82:v-1(R)] → v-1(0), live range: [68-70]
[0;31m│[0;32m│[0;33m│ [0m          ↱ eager @42 : {<closure>:n3:(x), <this>:n1:(x), <context>:n2:(x), r1:n78:(x), r2:n82:(x), <accumulator>:n102:(x)} (addr:0x10c00fcc548)
[0;31m│[0;32m│[0;33m│ [0m  [0m69/104: CheckedSmiUntag [v67/n102:v-1(R)] → v-1(0), live range: [69-70]
[0;31m│[0;32m│[0;33m│ [0m          ↱ eager @42 : {<closure>:n3:(x), <this>:n1:(x), <context>:n2:(x), r1:n78:(x), r2:n82:(x), <accumulator>:n102:(x)} (addr:0x10c00fcc548)
[0;31m│[0;32m│[0;33m│ [0m  [0m70/105: Int32AddWithOverflow [v68/n103:v-1(R), v69/n104:v-1(R)] → v-1(0), live range: [70-80]
[0;31m│[0;32m│[0;33m│ [0m[0;34m  45 : 29 02             StaCurrentContextSlot [2]
[m[0;31m│[0;32m│[0;33m│ [0m  [0m71/106: Int32ToNumber[kCanonicalizeSmi] [v70/n105:v-1(R)] → v-1(R), live range: [71-82]
[0;31m│[0;32m│[0;33m│ [0m  [0m72/107: StoreContextSlotWithWriteBarrier(2, mutable) [v13/n2:v-1(=rdi), v71/n106:v-1(R)]
[0;31m│[0;32m│[0;33m│ [0m          ↳ lazy @45 : {<closure>:n3:(x), <this>:n1:(x), <context>:n2:(x), r1:n78:(x)} (addr:0x10c00fcc8a0)
[0;31m│[0;32m│[0;33m│ [0m[1;34m0x09b80101e0f1 <SharedFunctionInfo bare> (0x09b80104a7b1 <String[18]: "workloads/throw.js">:34:13)
[m[0;31m│[0;32m│[0;33m│ [0m[0;34m   0 : 1b ff f9          Mov <context>, r0
[m[0;31m│[0;32m│[0;33m│ [0m  [0m73/108: Jump b14
[0;31m│[0;32m│[0;33m│ [0m       ↓
[0;31m│[0;32m│[0;33m│  [0mBlock b14
[0;31m│[0;32m│[0;33m│ [0m[1;34m0x09b80101e0f1 <SharedFunctionInfo bare> (0x09b80104a7b1 <String[18]: "workloads/throw.js">:0:0)
[m[0;31m│[0;32m│[0;33m│ [0m[0;34m   7 : 6d f8 03 02       CallUndefinedReceiver1 r1, a0, FBV[2]
[m[0;31m│[0;32m│[0;33m│ [0m  [0m74/109: 🐢 CallKnownJSFunction(0x09b80101e091 <SharedFunctionInfo mayThrow>, {}) [v5/n25:v-1(=rdi), v3/n20:v-1(=rsi), v4/n21:v-1(*), v7/n19:v-1(=rdx), v51/n78:v-1(*)] → v-1(=rax)
[0;31m│[0;32m│[0;33m│ [0m          │      @54 : {<closure>:n3:(x), <this>:n1:(x), <context>:n2:(x), r1:n78:(x), r2:n105:(x)} (addr:0x10c00fcca30)
[0;31m│[0;32m│[0;33m│ [0m          ↳ lazy @7 : {<closure>:n54:(x), <this>:n21:(x), a0:n78:(x), <context>:n20:(x), r0:n20:(x)} (addr:0x10c00ff1158)
[0;31m│[0;32m│[0;33m│ [0m          ↳ throw (b15)
[0;31m│[0;32m│[0;33m│ [0m[0;34m  11 : 98 0f             Jump [15]
[m[0;31m│[0;32m│[0;33m│[0;34m╭──[0m75/110: Jump b16
[0;31m│[0;32m│[0;33m│[0;34m│[0m
[0;31m│[0;32m│[0;33m│[0;34m│ [0mBlock b15 (exception handler)
[0;31m│[0;32m│[0;33m│[0;34m│[0m[0;34m  19 : b6                SetPendingMessage
[m[0;31m│[0;32m│[0;33m│[0;34m│[0m  [0m76/119: SetPendingMessage [v8/n42:v-1(R)] → v-1(R)
[0;31m│[0;32m│[0;33m│[0;34m│[0m[0;34m  26 : 0c                LdaZero
[m[0;31m│[0;32m│[0;33m│[0;34m│[0m  [0m77/120: Jump b16
[0;31m│[0;32m│[0;33m│[0;34m│[0m       ↓
[0;31m│[0;32m│[0;33m│[0;34m╰►[0mBlock b16
[0;31m│[0;32m│[0;33m│ [0m[1;34m0x09b80101e019 <SharedFunctionInfo> (0x09b80104a7b1 <String[18]: "workloads/throw.js">:0:0)
[m[0;31m│[0;32m│[0;33m│ [0m[0;34m  61 : 29 02             StaCurrentContextSlot [2]
[m[0;31m│[0;32m│[0;33m│ [0m  [0m78/121: StoreContextSlotWithWriteBarrier(2, mutable) [v13/n2:v-1(=rdi), v71/n106:v-1(R)]
[0;31m│[0;32m│[0;33m│ [0m          ↳ lazy @61 : {<closure>:n3:(x), <this>:n1:(x), <context>:n2:(x), r1:n78:(x), <accumulator>:n105:(x)} (addr:0x10c00ff26d8)
[0;31m│[0;32m│[0;33m│ [0m[0;34m  66 : 5b 0a             Inc FBV[10]
[m[0;31m│[0;32m│[0;33m│ [0m          ↱ eager @66 : {<closure>:n3:(x), <this>:n1:(x), <context>:n2:(x), r0:n105:(x), <accumulator>:n78:(x)} (addr:0x10c00ff2838)
[0;31m│[0;32m│[0;33m│ [0m  [0m79/122: Int32IncrementWithOverflow [v52/n79:v-1(R)] → v-1(0), live range: [79-81]
[0;31m│[0;32m│[0;33m│ [0m[0;34m  69 : 97 32 00 0b       JumpLoop [50], [0], FBV[11]
[m[0;31m│[0;32m│[0;33m│ [0m  [0m80/123: ReduceInterruptBudgetForLoop(40) [v1/n72:v-1(R)]
[0;31m│[0;32m│[0;33m│ [0m          ↳ lazy @69 : {<closure>:n3:(x), <this>:n1:(x), <context>:n2:(x), r0:n105:(x), r1:n122:(x)} (addr:0x10c00ff2938)
[0;31m│[0;32m│[0;33m│ [0m  [0m81/125: Int32ToNumber[kCanonicalizeSmi] [v79/n122:v-1(R)] → v-1(R), live range: [81-82]
[0;31m│[0;32m│[0;33m│ [0m          ↱ eager @66 : {<closure>:n3:, <this>:n1:, <context>:n2:, r0:n105:, <accumulator>:n78:} (addr:0x10c00ff2838)
[0;31m│[0;32m╰──◄─[0m82/124: JumpLoop b9
[0;31m│ [0;33m│ [0m          with gap moves:
[0;31m│ [0;33m│ [0m            - v71/n106:v-1(*) → 77: φᵀ r0 v-1(*)
[0;31m│ [0;33m│ [0m            - v81/n125:v-1(*) → 78: φᵀ r1 v-1(*)
[0;31m│ [0;33m│ [0m
[0;31m│ [0;33m╰─►[0mBlock b17
[0;31m│   [0m[0;34m  73 : 0b f9             Ldar r0
[m[0;31m│[0;32m╭────[0m83/126: Jump b19
[0;31m│[0;32m│  [0m          with gap moves:
[0;31m│[0;32m│  [0m            - v50/n77:v-1(*) → 128: φᵀ r0 v-1(*)
[0;31m│[0;32m│  [0m
[0;31m╰───►[0mBlock b18
 [0;32m│  [0m  [0m84/127: Jump b19
 [0;32m│  [0m       │  with gap moves:
 [0;32m│  [0m       │    - v15/n4:v-1(*) → 128: φᵀ r0 v-1(*)
 [0;32m│  [0m       ▼
 [0;32m╰──►[0mBlock b19
    [0m  [0m85/128: φᵀ r0 (n4, n77) → v-1(*), live range: [85-87]
    [0m[0;34m  75 : b9                Return
[m    [0m  [0m86/129: ReduceInterruptBudgetForReturn(75) [v1/n72:v-1(R)]
    [0m  [0m87/130: Return [v85/n128:v-1(=rax)]
    [0m

----- After register allocation -----
Graph

    [0m    [0m1/72: Constant(0x09b80101e195 <FeedbackCell[one closure]>) → v-1, live range: [1-86]
    [0m    [0m2/18: Constant(0x09b80101e1ed <JSFunction risky (sfi = 0x9b80101e0c1)>) → v-1, live range: [2-82]
    [0m    [0m3/20: Constant(0x09b80101e1a5 <ScriptContext[3]>) → v-1, live range: [3-82]
    [0m    [0m4/21: Constant(0x09b801004925 <JSGlobalProxy>) → v-1, live range: [4-82]
    [0m    [0m5/25: Constant(0x09b80101e1b9 <JSFunction mayThrow (sfi = 0x9b80101e091)>) → v-1, live range: [5-82]
    [0m    [0m6/54: Constant(0x09b80101e221 <JSFunction bare (sfi = 0x9b80101e0f1)>) → v-1, live range: [6-82]
    [0m    [0m7/19: RootConstant(undefined_value) → v-1, live range: [7-82]
    [0m    [0m8/42: RootConstant(the_hole_value) → v-1, live range: [8-82]
    [0m    [0m9/10: SmiConstant(400000) → v-1, live range: [9-82]
    [0m   [0m10/23: Int32Constant(2) → v-1, live range: [10-82]
    [0m   [0m11/12: Int32Constant(400000) → v-1, live range: [11-82]
     [0mBlock b0
    [0m[1;34m0x09b80101e019 <SharedFunctionInfo> (0x09b80104a7b1 <String[18]: "workloads/throw.js">:0:0)
[m    [0m[0;34m  19 : 01 0d 80 1a 06 00 LdaSmi.ExtraWide [400000]
[m    [0m    [0m12/1: InitialValue(<this>) → [stack:-6|t], live range: [12-82]
    [0m    [0m13/2: InitialValue(<context>) → [stack:-3|t], live range: [13-82]
    [0m    [0m14/3: InitialValue(<closure>) → [stack:-2|t], live range: [14-82]
    [0m    [0m15/4: InitialValue(r0) → [stack:3|t], live range: [15-84]
    [0m    [0m16/5: InitialValue(r1) → [stack:4|t], live range: [16-46]
    [0m    [0m17/8: FunctionEntryStackCheck
    [0m          ↳ lazy @69 : {<closure>:n3:[stack:-2|t], <this>:n1:[stack:-6|t], <context>:n2:[stack:-3|t], r0:n4:[stack:3|t], r1:n5:[stack:4|t]} (addr:0x10c00fa69f0)
    [0m          ↱ eager @69 : {<closure>:n3:, <this>:n1:, <context>:n2:, r0:n4:, r1:n5:} (addr:0x10c00fa69f0)
    [0m    [0m18/9: CheckpointedJump b1
    [0m       ↓
     [0mBlock b1
    [0m     [0m131: GapMove([stack:4|t] → [rax|R|t])
    [0m[0;34m  25 : 79 f8 01 00       TestLessThan r1, EmbeddedFeedback[0x1]
[m    [0m          ↱ eager @25 : {<closure>:n3:[stack:-2|t], <this>:n1:[stack:-6|t], <context>:n2:[stack:-3|t], r0:n4:[stack:3|t], r1:n5:[stack:4|t], <accumulator>:n10:[constant:v-1]} (addr:0x10c00fa82e8)
    [0m   [0m19/11: CheckedSmiUntag [v16/n5:[rax|R|t]] → [rax|R|w32] (spilled: [stack:1|w32]), live range: [19-46]
    [0m     [0m132: ConstantGapMove(n12 → [rcx|R|w32])
    [0m[0;34m  29 : a8 2c             JumpIfFalse [44]
[m[0;31m╭──────[0m20/14: BranchIfInt32Compare(LessThan) [v19/n11:[rax|R|w32], v11/n12:[rcx|R|w32]] b2 b18
[0;31m│   [0m       ↓
[0;31m│    [0mBlock b2
[0;31m│   [0m     [0m133: GapMove([stack:-3|t] → [rdi|R|t])
[0;31m│   [0m[0;34m  31 : 18 02             LdaCurrentContextSlot [2]
[m[0;31m│   [0m   [0m21/17: LoadContextSlot(0x10, mutable) [v13/n2:[rdi|R|t]] → [rsi|R|t] (spilled: [stack:2|t]), live range: [21-37]
[0;31m│   [0m[1;34m0x09b80101e0c1 <SharedFunctionInfo risky> (0x09b80104a7b1 <String[18]: "workloads/throw.js">:27:14)
[m[0;31m│   [0m[0;34m   0 : 0b 03             Ldar a0
[m[0;31m│   [0m   [0m22/22: Jump b3
[0;31m│   [0m       ↓
[0;31m│    [0mBlock b3
[0;31m│   [0m     [0m134: ConstantGapMove(n23 → [rdx|R|w32])
[0;31m│   [0m     [0m135: GapMove([rax|R|w32] → [r8|R|w32])
[0;31m│   [0m[1;34m0x09b80101e0c1 <SharedFunctionInfo risky> (0x09b80104a7b1 <String[18]: "workloads/throw.js">:0:0)
[m[0;31m│   [0m[0;34m   2 : 51 02 00          MulSmi [2], FBV[0]
[m[0;31m│   [0m          ↱ eager @38 : {<closure>:n3:[stack:-2|t], <this>:n1:[stack:-6|t], <context>:n2:[rdi|R|t], r1:n5:[stack:4|t], r2:n17:[rsi|R|t]} (addr:0x10c00fa9710)
[0;31m│   [0m          │       @2 : {<closure>:n18:[constant:v-1], <this>:n21:[constant:v-1], a0:n5:[stack:4|t], <context>:n20:[constant:v-1], <accumulator>:n5:[stack:4|t]} (addr:0x10c00fbe168)
[0;31m│   [0m   [0m23/24: Int32MultiplyWithOverflow [v19/n11:[rax|R|w32], v10/n23:[rdx|R|w32]] → [rax|R|w32] (spilled: [stack:0|w32]), live range: [23-31]
[0;31m│   [0m     [0m136: ConstantGapMove(n25 → [rdi|R|t])
[0;31m│   [0m     [0m137: GapMove([rsi|R|t] → [rbx|R|t])
[0;31m│   [0m     [0m138: ConstantGapMove(n20 → [rsi|R|t])
[0;31m│   [0m     [0m139: ConstantGapMove(n19 → [rdx|R|t])
[0;31m│   [0m[0;34m  13 : 6d f6 03 04       CallUndefinedReceiver1 r3, a0, FBV[4]
[m[0;31m│   [0m   [0m24/26: 🐢 CallKnownJSFunction(0x09b80101e091 <SharedFunctionInfo mayThrow>, {Int32}) [v5/n25:[rdi|R|t], v3/n20:[rsi|R|t], v4/n21:[constant:v-1], v7/n19:[rdx|R|t], v16/n5:[stack:4|t]] → [rax|R|t], live range: [24-26]
[0;31m│   [0m          │      @38 : {<closure>:n3:[stack:-2|t], <this>:n1:[stack:-6|t], <context>:n2:[stack:-3|t], r1:n5:[stack:4|t], r2:n17:[stack:2|t]} (addr:0x10c00fa9710)
[0;31m│   [0m          ↳ lazy @13 : {<closure>:n18:[constant:v-1], <this>:n21:[constant:v-1], a0:n5:[stack:4|t], <context>:n20:[constant:v-1], r0:n24:[stack:0|w32], r1:n20:[constant:v-1]} (addr:0x10c00fbf940)
[0;31m│   [0m          ↳ throw @26 (b4) : {<this>:n21, a0:n5, <context>:n20, r0:n24}
[0;31m│   [0m     [0m140: GapMove([rax|R|t] → [rcx|R|t])
[0;31m│   [0m[0;34m  17 : 42 f9 01          Add r0, FBV[1]
[m[0;31m│   [0m          ↱ eager @38 : {<closure>:n3:[stack:-2|t], <this>:n1:[stack:-6|t], <context>:n2:[stack:-3|t], r1:n5:[stack:4|t], r2:n17:[stack:2|t]} (addr:0x10c00fa9710)
[0;31m│   [0m          │       @17 : {<closure>:n18:[constant:v-1], <this>:n21:[constant:v-1], a0:n5:[stack:4|t], <context>:n20:[constant:v-1], r0:n24:[stack:0|w32], r1:n20:[constant:v-1], <accumulator>:n26:[rcx|R|t]} (addr:0x10c00fbffc8)
[0;31m│   [0m   [0m25/27: CheckedSmiUntag [v24/n26:[rax|R|t]] → [rax|R|w32], live range: [25-26]
[0;31m│   [0m     [0m141: GapMove([stack:0|w32] → [rdx|R|w32])
[0;31m│   [0m          ↱ eager @38 : {<closure>:n3:[stack:-2|t], <this>:n1:[stack:-6|t], <context>:n2:[stack:-3|t], r1:n5:[stack:4|t], r2:n17:[stack:2|t]} (addr:0x10c00fa9710)
[0;31m│   [0m          │       @17 : {<closure>:n18:[constant:v-1], <this>:n21:[constant:v-1], a0:n5:[stack:4|t], <context>:n20:[constant:v-1], r0:n24:[stack:0|w32], r1:n20:[constant:v-1], <accumulator>:n26:[rcx|R|t]} (addr:0x10c00fbffc8)
[0;31m│   [0m   [0m26/28: Int32AddWithOverflow [v23/n24:[rdx|R|w32], v25/n27:[rax|R|w32]] → [rdx|R|w32], live range: [26-27]
[0;31m│   [0m   [0m27/46: Int32ToNumber[kCanonicalizeSmi] [v26/n28:[rdx|R|w32]] → [rax|R|t], live range: [27-28]
[0;31m│   [0m[0;34m  24 : 98 15             Jump [21]
[m[0;31m│[0;32m╭─────[0m28/29: Jump b5
[0;31m│[0;32m│  [0m          with gap moves:
[0;31m│[0;32m│  [0m            - v27/n46:[rax|R|t] → 48: φᵀ r0 [rax|R|t]
[0;31m│[0;32m│  [0m          with register merges:
[0;31m│[0;32m│  [0m            - [constant:v-1] → rcx
[0;31m│[0;32m│  [0m
[0;31m│[0;32m│   [0mBlock b4 (exception handler)
[0;31m│[0;32m│  [0m   [0m29/30: φᵀₑ <accumulator> (compressed) → [rax|R|t], live range: [29-31]
[0;31m│[0;32m│  [0m     [0m142: ConstantGapMove(n42 → [rcx|R|t])
[0;31m│[0;32m│  [0m[0;34m  32 : b6                SetPendingMessage
[m[0;31m│[0;32m│  [0m   [0m30/43: SetPendingMessage [v8/n42:[rcx|R|t]] → [rdx|R|t]
[0;31m│[0;32m│  [0m     [0m143: GapMove([stack:0|w32] → [rdx|R|w32])
[0;31m│[0;32m│  [0m[0;34m  39 : 50 01 06          SubSmi [1], FBV[6]
[m[0;31m│[0;32m│  [0m          ↱ eager @38 : {<closure>:n3:[stack:-2|t], <this>:n1:[stack:-6|t], <context>:n2:[stack:-3|t], r1:n5:[stack:4|t], r2:n17:[stack:2|t]} (addr:0x10c00fa9710)
[0;31m│[0;32m│  [0m          │       @39 : {<closure>:n18:[constant:v-1], <this>:n21:[constant:v-1], a0:n5:[stack:4|t], <context>:n36:(elided), r2:n20:[rax|R|t], <accumulator>:n24:[constant:v-1]} (addr:0x10c00fc0f58)
[0;31m│[0;32m│  [0m   [0m31/44: Int32DecrementWithOverflow [v23/n24:[rdx|R|w32]] → [rdx|R|w32], live range: [31-32]
[0;31m│[0;32m│  [0m   [0m32/47: Int32ToNumber[kCanonicalizeSmi] [v31/n44:[rdx|R|w32]] → [rax|R|t], live range: [32-33]
[0;31m│[0;32m│  [0m[0;34m  45 : 0b f9             Ldar r0
[m[0;31m│[0;32m│  [0m   [0m33/45: Jump b5
[0;31m│[0;32m│  [0m       │  with gap moves:
[0;31m│[0;32m│  [0m       │    - v32/n47:[rax|R|t] → 48: φᵀ r0 [rax|R|t]
[0;31m│[0;32m│  [0m       │  with register merges:
[0;31m│[0;32m│  [0m       │    - [rcx|R|t] → rcx
[0;31m│[0;32m│  [0m       ▼
[0;31m│[0;32m╰──►[0mBlock b5
[0;31m│   [0m   [0m34/48: φᵀ r0 (n46, n47) (compressed) → [rax|R|t], live range: [34-37]
[0;31m│   [0m     [0m144: GapMove([stack:2|t] → [rdx|R|t])
[0;31m│   [0m[1;34m0x09b80101e019 <SharedFunctionInfo> (0x09b80104a7b1 <String[18]: "workloads/throw.js">:0:0)
[m[0;31m│   [0m[0;34m  42 : 42 f7 00          Add r2, FBV[0]
[m[0;31m│   [0m          ↱ eager @42 : {<closure>:n3:[stack:-2|t], <this>:n1:[stack:-6|t], <context>:n2:[stack:-3|t], r1:n5:[stack:4|t], r2:n17:[stack:2|t], <accumulator>:n48:[rax|R|t]} (addr:0x10c00fc1380)
[0;31m│   [0m   [0m35/49: CheckedSmiUntag [v21/n17:[rdx|R|t]] → [rdx|R|w32], live range: [35-37]
[0;31m│   [0m     [0m145: GapMove([rax|R|t] → [rbx|R|t])
[0;31m│   [0m          ↱ eager @42 : {<closure>:n3:[stack:-2|t], <this>:n1:[stack:-6|t], <context>:n2:[stack:-3|t], r1:n5:[stack:4|t], r2:n17:[stack:2|t], <accumulator>:n48:[rbx|R|t]} (addr:0x10c00fc1380)
[0;31m│   [0m   [0m36/50: CheckedSmiUntag [v34/n48:[rax|R|t]] → [rax|R|w32], live range: [36-37]
[0;31m│   [0m          ↱ eager @42 : {<closure>:n3:[stack:-2|t], <this>:n1:[stack:-6|t], <context>:n2:[stack:-3|t], r1:n5:[stack:4|t], r2:n17:[stack:2|t], <accumulator>:n48:[rbx|R|t]} (addr:0x10c00fc1380)
[0;31m│   [0m   [0m37/51: Int32AddWithOverflow [v35/n49:[rdx|R|w32], v36/n50:[rax|R|w32]] → [rdx|R|w32] (spilled: [stack:2|w32]), live range: [37-47]
[0;31m│   [0m[0;34m  45 : 29 02             StaCurrentContextSlot [2]
[m[0;31m│   [0m   [0m38/52: Int32ToNumber[kCanonicalizeSmi] [v37/n51:[rdx|R|w32]] → [rax|R|t] (spilled: [stack:2|t]), live range: [38-49]
[0;31m│   [0m     [0m146: GapMove([stack:-3|t] → [rdi|R|t])
[0;31m│   [0m   [0m39/53: StoreContextSlotWithWriteBarrier(2, mutable) [v13/n2:[rdi|R|t], v38/n52:[rax|R|t]]
[0;31m│   [0m          ↳ lazy @45 : {<closure>:n3:[stack:-2|t], <this>:n1:[stack:-6|t], <context>:n2:[stack:-3|t], r1:n5:[stack:4|t]} (addr:0x10c00fc16d8)
[0;31m│   [0m[1;34m0x09b80101e0f1 <SharedFunctionInfo bare> (0x09b80104a7b1 <String[18]: "workloads/throw.js">:34:13)
[m[0;31m│   [0m[0;34m   0 : 1b ff f9          Mov <context>, r0
[m[0;31m│   [0m   [0m40/55: Jump b6
[0;31m│   [0m       ↓
[0;31m│    [0mBlock b6
[0;31m│   [0m     [0m147: ConstantGapMove(n25 → [rdi|R|t])
[0;31m│   [0m     [0m148: ConstantGapMove(n20 → [rsi|R|t])
[0;31m│   [0m     [0m149: GapMove([rdx|R|w32] → [rbx|R|w32])
[0;31m│   [0m     [0m150: ConstantGapMove(n19 → [rdx|R|t])
[0;31m│   [0m[1;34m0x09b80101e0f1 <SharedFunctionInfo bare> (0x09b80104a7b1 <String[18]: "workloads/throw.js">:0:0)
[m[0;31m│   [0m[0;34m   7 : 6d f8 03 02       CallUndefinedReceiver1 r1, a0, FBV[2]
[m[0;31m│   [0m   [0m41/56: 🐢 CallKnownJSFunction(0x09b80101e091 <SharedFunctionInfo mayThrow>, {}) [v5/n25:[rdi|R|t], v3/n20:[rsi|R|t], v4/n21:[constant:v-1], v7/n19:[rdx|R|t], v16/n5:[stack:4|t]] → [rax|R|t]
[0;31m│   [0m          │      @54 : {<closure>:n3:[stack:-2|t], <this>:n1:[stack:-6|t], <context>:n2:[stack:-3|t], r1:n5:[stack:4|t], r2:n51:[stack:2|w32]} (addr:0x10c00fc1b70)
[0;31m│   [0m          ↳ lazy @7 : {<closure>:n54:[constant:v-1], <this>:n21:[constant:v-1], a0:n5:[stack:4|t], <context>:n20:[constant:v-1], r0:n20:[constant:v-1]} (addr:0x10c00fd6b70)
[0;31m│   [0m          ↳ throw (b7)
[0;31m│   [0m[0;34m  11 : 98 0f             Jump [15]
[m[0;31m│[0;32m╭─────[0m42/57: Jump b8
[0;31m│[0;32m│  [0m
[0;31m│[0;32m│   [0mBlock b7 (exception handler)
[0;31m│[0;32m│  [0m     [0m151: ConstantGapMove(n42 → [rax|R|t])
[0;31m│[0;32m│  [0m[0;34m  19 : b6                SetPendingMessage
[m[0;31m│[0;32m│  [0m   [0m43/67: SetPendingMessage [v8/n42:[rax|R|t]] → [rcx|R|t]
[0;31m│[0;32m│  [0m[0;34m  26 : 0c                LdaZero
[m[0;31m│[0;32m│  [0m   [0m44/68: Jump b8
[0;31m│[0;32m│  [0m       ↓
[0;31m│[0;32m╰──►[0mBlock b8
[0;31m│   [0m     [0m152: GapMove([stack:-3|t] → [rdi|R|t])
[0;31m│   [0m     [0m153: GapMove([stack:2|t] → [rcx|R|t])
[0;31m│   [0m[1;34m0x09b80101e019 <SharedFunctionInfo> (0x09b80104a7b1 <String[18]: "workloads/throw.js">:0:0)
[m[0;31m│   [0m[0;34m  61 : 29 02             StaCurrentContextSlot [2]
[m[0;31m│   [0m   [0m45/70: StoreContextSlotWithWriteBarrier(2, mutable) [v13/n2:[rdi|R|t], v38/n52:[rcx|R|t]]
[0;31m│   [0m          ↳ lazy @61 : {<closure>:n3:[stack:-2|t], <this>:n1:[stack:-6|t], <context>:n2:[stack:-3|t], r1:n5:[stack:4|t], <accumulator>:n51:[stack:2|w32]} (addr:0x10c00fd7d48)
[0;31m│   [0m     [0m154: GapMove([stack:1|w32] → [rdx|R|w32])
[0;31m│   [0m[0;34m  66 : 5b 0a             Inc FBV[10]
[m[0;31m│   [0m          ↱ eager @66 : {<closure>:n3:[stack:-2|t], <this>:n1:[stack:-6|t], <context>:n2:[rdi|R|t], r0:n51:[stack:2|w32], <accumulator>:n5:[stack:4|t]} (addr:0x10c00fd7f38)
[0;31m│   [0m   [0m46/71: Int32IncrementWithOverflow [v19/n11:[rdx|R|w32]] → [rdx|R|w32] (spilled: [stack:3|w32]), live range: [46-48]
[0;31m│   [0m     [0m155: ConstantGapMove(n72 → [rbx|R|t])
[0;31m│   [0m[0;34m  69 : 97 32 00 0b       JumpLoop [50], [0], FBV[11]
[m[0;31m│   [0m   [0m47/73: ReduceInterruptBudgetForLoop(40) [v1/n72:[rbx|R|t]]
[0;31m│   [0m          ↳ lazy @69 : {<closure>:n3:[stack:-2|t], <this>:n1:[stack:-6|t], <context>:n2:[stack:-3|t], r0:n51:[stack:2|w32], r1:n71:[stack:3|w32]} (addr:0x10c00fd8088)
[0;31m│   [0m   [0m48/76: Int32ToNumber[kCanonicalizeSmi] [v46/n71:[rdx|R|w32]] → [rsi|R|t], live range: [48-49]
[0;31m│   [0m   [0m49/75: Jump b9
[0;31m│   [0m       │  with gap moves:
[0;31m│   [0m       │    - v38/n52:[rcx|R|t] → 77: φᵀ r0 [rcx|R|t]
[0;31m│   [0m       │    - v48/n76:[rsi|R|t] → 78: φᵀ r1 [rsi|R|t]
[0;31m│   [0m       │  with register merges:
[0;31m│   [0m       ▼
[0;31m│[0;32m╭──►[0mBlock b9 peeled (effects: ua c1)
[0;31m│[0;32m│  [0m   [0m50/77: φᵀ r0 (n52, n106) (decompressed) → [rcx|R|t] (spilled: [stack:4|t]), live range: [50-83]
[0;31m│[0;32m│  [0m   [0m51/78: φᵀ r1 (n76, n125) (decompressed) → [rsi|R|t] (spilled: [stack:2|t]), live range: [51-79]
[0;31m│[0;32m│  [0m     [0m156: GapMove([rsi|R|t] → [rdx|R|t])
[0;31m│[0;32m│  [0m[0;34m  25 : 79 f8 01 00       TestLessThan r1, EmbeddedFeedback[0x1]
[m[0;31m│[0;32m│  [0m          ↱ eager @25 : {<closure>:n3:[stack:-2|t], <this>:n1:[stack:-6|t], <context>:n2:[rdi|R|t], r0:n77:[rcx|R|t], r1:n78:[rdx|R|t], <accumulator>:n10:[constant:v-1]} (addr:0x10c00fd8e60)
[0;31m│[0;32m│  [0m   [0m52/79: CheckedSmiUntag [v51/n78:[rsi|R|t]] → [rsi|R|w32] (spilled: [stack:2|w32]), live range: [52-79]
[0;31m│[0;32m│  [0m     [0m157: ConstantGapMove(n12 → [r8|R|w32])
[0;31m│[0;32m│  [0m[0;34m  29 : a8 2c             JumpIfFalse [44]
[m[0;31m│[0;32m│[0;33m╭────[0m53/81: BranchIfInt32Compare(LessThan) [v52/n79:[rsi|R|w32], v11/n12:[r8|R|w32]] b10 b17
[0;31m│[0;32m│[0;33m│ [0m       ↓
[0;31m│[0;32m│[0;33m│  [0mBlock b10
[0;31m│[0;32m│[0;33m│ [0m[0;34m  31 : 18 02             LdaCurrentContextSlot [2]
[m[0;31m│[0;32m│[0;33m│ [0m   [0m54/82: LoadContextSlot(0x10, mutable) [v13/n2:[rdi|R|t]] → [r12|R|t] (spilled: [stack:1|t]), live range: [54-70]
[0;31m│[0;32m│[0;33m│ [0m[1;34m0x09b80101e0c1 <SharedFunctionInfo risky> (0x09b80104a7b1 <String[18]: "workloads/throw.js">:27:14)
[m[0;31m│[0;32m│[0;33m│ [0m[0;34m   0 : 0b 03             Ldar a0
[m[0;31m│[0;32m│[0;33m│ [0m   [0m55/83: Jump b11
[0;31m│[0;32m│[0;33m│ [0m       ↓
[0;31m│[0;32m│[0;33m│  [0mBlock b11
[0;31m│[0;32m│[0;33m│ [0m     [0m158: ConstantGapMove(n23 → [r9|R|w32])
[0;31m│[0;32m│[0;33m│ [0m     [0m159: GapMove([rsi|R|w32] → [r15|R|w32])
[0;31m│[0;32m│[0;33m│ [0m[1;34m0x09b80101e0c1 <SharedFunctionInfo risky> (0x09b80104a7b1 <String[18]: "workloads/throw.js">:0:0)
[m[0;31m│[0;32m│[0;33m│ [0m[0;34m   2 : 51 02 00          MulSmi [2], FBV[0]
[m[0;31m│[0;32m│[0;33m│ [0m          ↱ eager @38 : {<closure>:n3:[stack:-2|t], <this>:n1:[stack:-6|t], <context>:n2:[rdi|R|t], r1:n78:[rdx|R|t], r2:n82:[r12|R|t]} (addr:0x10c00fd9220)
[0;31m│[0;32m│[0;33m│ [0m          │       @2 : {<closure>:n18:[constant:v-1], <this>:n21:[constant:v-1], a0:n78:[rdx|R|t], <context>:n20:[constant:v-1], <accumulator>:n78:[rdx|R|t]} (addr:0x10c00fc9b48)
[0;31m│[0;32m│[0;33m│ [0m   [0m56/84: Int32MultiplyWithOverflow [v52/n79:[rsi|R|w32], v10/n23:[r9|R|w32]] → [rsi|R|w32] (spilled: [stack:3|w32]), live range: [56-64]
[0;31m│[0;32m│[0;33m│ [0m     [0m160: ConstantGapMove(n25 → [rdi|R|t])
[0;31m│[0;32m│[0;33m│ [0m     [0m161: GapMove([rsi|R|w32] → [r11|R|w32])
[0;31m│[0;32m│[0;33m│ [0m     [0m162: ConstantGapMove(n20 → [rsi|R|t])
[0;31m│[0;32m│[0;33m│ [0m     [0m163: ConstantGapMove(n19 → [rdx|R|t])
[0;31m│[0;32m│[0;33m│ [0m[0;34m  13 : 6d f6 03 04       CallUndefinedReceiver1 r3, a0, FBV[4]
[m[0;31m│[0;32m│[0;33m│ [0m   [0m57/85: 🐢 CallKnownJSFunction(0x09b80101e091 <SharedFunctionInfo mayThrow>, {Int32}) [v5/n25:[rdi|R|t], v3/n20:[rsi|R|t], v4/n21:[constant:v-1], v7/n19:[rdx|R|t], v51/n78:[stack:2|t]] → [rax|R|t], live range: [57-59]
[0;31m│[0;32m│[0;33m│ [0m          │      @38 : {<closure>:n3:[stack:-2|t], <this>:n1:[stack:-6|t], <context>:n2:[stack:-3|t], r1:n78:[stack:2|t], r2:n82:[stack:1|t]} (addr:0x10c00fd9220)
[0;31m│[0;32m│[0;33m│ [0m          ↳ lazy @13 : {<closure>:n18:[constant:v-1], <this>:n21:[constant:v-1], a0:n78:[stack:2|t], <context>:n20:[constant:v-1], r0:n84:[stack:3|w32], r1:n20:[constant:v-1]} (addr:0x10c00fcacd8)
[0;31m│[0;32m│[0;33m│ [0m          ↳ throw @26 (b12) : {<this>:n21, a0:n78, <context>:n20, r0:n84}
[0;31m│[0;32m│[0;33m│ [0m     [0m164: GapMove([rax|R|t] → [rcx|R|t])
[0;31m│[0;32m│[0;33m│ [0m[0;34m  17 : 42 f9 01          Add r0, FBV[1]
[m[0;31m│[0;32m│[0;33m│ [0m          ↱ eager @38 : {<closure>:n3:[stack:-2|t], <this>:n1:[stack:-6|t], <context>:n2:[stack:-3|t], r1:n78:[stack:2|t], r2:n82:[stack:1|t]} (addr:0x10c00fd9220)
[0;31m│[0;32m│[0;33m│ [0m          │       @17 : {<closure>:n18:[constant:v-1], <this>:n21:[constant:v-1], a0:n78:[stack:2|t], <context>:n20:[constant:v-1], r0:n84:[stack:3|w32], r1:n20:[constant:v-1], <accumulator>:n85:[rcx|R|t]} (addr:0x10c00fcb3b0)
[0;31m│[0;32m│[0;33m│ [0m   [0m58/86: CheckedSmiUntag [v57/n85:[rax|R|t]] → [rax|R|w32], live range: [58-59]
[0;31m│[0;32m│[0;33m│ [0m     [0m165: GapMove([stack:3|w32] → [rdx|R|w32])
[0;31m│[0;32m│[0;33m│ [0m          ↱ eager @38 : {<closure>:n3:[stack:-2|t], <this>:n1:[stack:-6|t], <context>:n2:[stack:-3|t], r1:n78:[stack:2|t], r2:n82:[stack:1|t]} (addr:0x10c00fd9220)
[0;31m│[0;32m│[0;33m│ [0m          │       @17 : {<closure>:n18:[constant:v-1], <this>:n21:[constant:v-1], a0:n78:[stack:2|t], <context>:n20:[constant:v-1], r0:n84:[stack:3|w32], r1:n20:[constant:v-1], <accumulator>:n85:[rcx|R|t]} (addr:0x10c00fcb3b0)
[0;31m│[0;32m│[0;33m│ [0m   [0m59/87: Int32AddWithOverflow [v56/n84:[rdx|R|w32], v58/n86:[rax|R|w32]] → [rdx|R|w32], live range: [59-60]
[0;31m│[0;32m│[0;33m│ [0m  [0m60/100: Int32ToNumber[kCanonicalizeSmi] [v59/n87:[rdx|R|w32]] → [rax|R|t], live range: [60-61]
[0;31m│[0;32m│[0;33m│ [0m[0;34m  24 : 98 15             Jump [21]
[m[0;31m│[0;32m│[0;33m│[0;34m╭───[0m61/88: Jump b13
[0;31m│[0;32m│[0;33m│[0;34m│[0m          with gap moves:
[0;31m│[0;32m│[0;33m│[0;34m│[0m            - v60/n100:[rax|R|t] → 102: φᵀ r0 [rax|R|t]
[0;31m│[0;32m│[0;33m│[0;34m│[0m          with register merges:
[0;31m│[0;32m│[0;33m│[0;34m│[0m            - [constant:v-1] → rcx
[0;31m│[0;32m│[0;33m│[0;34m│[0m
[0;31m│[0;32m│[0;33m│[0;34m│ [0mBlock b12 (exception handler)
[0;31m│[0;32m│[0;33m│[0;34m│[0m   [0m62/89: φᵀₑ <accumulator> (compressed) → [rax|R|t], live range: [62-64]
[0;31m│[0;32m│[0;33m│[0;34m│[0m     [0m166: ConstantGapMove(n42 → [rcx|R|t])
[0;31m│[0;32m│[0;33m│[0;34m│[0m[0;34m  32 : b6                SetPendingMessage
[m[0;31m│[0;32m│[0;33m│[0;34m│[0m   [0m63/97: SetPendingMessage [v8/n42:[rcx|R|t]] → [rdx|R|t]
[0;31m│[0;32m│[0;33m│[0;34m│[0m     [0m167: GapMove([stack:3|w32] → [rdx|R|w32])
[0;31m│[0;32m│[0;33m│[0;34m│[0m[0;34m  39 : 50 01 06          SubSmi [1], FBV[6]
[m[0;31m│[0;32m│[0;33m│[0;34m│[0m          ↱ eager @38 : {<closure>:n3:[stack:-2|t], <this>:n1:[stack:-6|t], <context>:n2:[stack:-3|t], r1:n78:[stack:2|t], r2:n82:[stack:1|t]} (addr:0x10c00fd9220)
[0;31m│[0;32m│[0;33m│[0;34m│[0m          │       @39 : {<closure>:n18:[constant:v-1], <this>:n21:[constant:v-1], a0:n78:[stack:2|t], <context>:n91:(elided), r2:n20:[rax|R|t], <accumulator>:n84:[constant:v-1]} (addr:0x10c00fcc160)
[0;31m│[0;32m│[0;33m│[0;34m│[0m   [0m64/98: Int32DecrementWithOverflow [v56/n84:[rdx|R|w32]] → [rdx|R|w32], live range: [64-65]
[0;31m│[0;32m│[0;33m│[0;34m│[0m  [0m65/101: Int32ToNumber[kCanonicalizeSmi] [v64/n98:[rdx|R|w32]] → [rax|R|t], live range: [65-66]
[0;31m│[0;32m│[0;33m│[0;34m│[0m[0;34m  45 : 0b f9             Ldar r0
[m[0;31m│[0;32m│[0;33m│[0;34m│[0m   [0m66/99: Jump b13
[0;31m│[0;32m│[0;33m│[0;34m│[0m       │  with gap moves:
[0;31m│[0;32m│[0;33m│[0;34m│[0m       │    - v65/n101:[rax|R|t] → 102: φᵀ r0 [rax|R|t]
[0;31m│[0;32m│[0;33m│[0;34m│[0m       │  with register merges:
[0;31m│[0;32m│[0;33m│[0;34m│[0m       │    - [rcx|R|t] → rcx
[0;31m│[0;32m│[0;33m│[0;34m│[0m       ▼
[0;31m│[0;32m│[0;33m│[0;34m╰►[0mBlock b13
[0;31m│[0;32m│[0;33m│ [0m  [0m67/102: φᵀ r0 (n100, n101) (compressed) → [rax|R|t], live range: [67-70]
[0;31m│[0;32m│[0;33m│ [0m     [0m168: GapMove([stack:1|t] → [rdx|R|t])
[0;31m│[0;32m│[0;33m│ [0m[1;34m0x09b80101e019 <SharedFunctionInfo> (0x09b80104a7b1 <String[18]: "workloads/throw.js">:0:0)
[m[0;31m│[0;32m│[0;33m│ [0m[0;34m  42 : 42 f7 00          Add r2, FBV[0]
[m[0;31m│[0;32m│[0;33m│ [0m          ↱ eager @42 : {<closure>:n3:[stack:-2|t], <this>:n1:[stack:-6|t], <context>:n2:[stack:-3|t], r1:n78:[stack:2|t], r2:n82:[stack:1|t], <accumulator>:n102:[rax|R|t]} (addr:0x10c00fcc548)
[0;31m│[0;32m│[0;33m│ [0m  [0m68/103: CheckedSmiUntag [v54/n82:[rdx|R|t]] → [rdx|R|w32], live range: [68-70]
[0;31m│[0;32m│[0;33m│ [0m     [0m169: GapMove([rax|R|t] → [rbx|R|t])
[0;31m│[0;32m│[0;33m│ [0m          ↱ eager @42 : {<closure>:n3:[stack:-2|t], <this>:n1:[stack:-6|t], <context>:n2:[stack:-3|t], r1:n78:[stack:2|t], r2:n82:[stack:1|t], <accumulator>:n102:[rbx|R|t]} (addr:0x10c00fcc548)
[0;31m│[0;32m│[0;33m│ [0m  [0m69/104: CheckedSmiUntag [v67/n102:[rax|R|t]] → [rax|R|w32], live range: [69-70]
[0;31m│[0;32m│[0;33m│ [0m          ↱ eager @42 : {<closure>:n3:[stack:-2|t], <this>:n1:[stack:-6|t], <context>:n2:[stack:-3|t], r1:n78:[stack:2|t], r2:n82:[stack:1|t], <accumulator>:n102:[rbx|R|t]} (addr:0x10c00fcc548)
[0;31m│[0;32m│[0;33m│ [0m  [0m70/105: Int32AddWithOverflow [v68/n103:[rdx|R|w32], v69/n104:[rax|R|w32]] → [rdx|R|w32] (spilled: [stack:3|w32]), live range: [70-80]
[0;31m│[0;32m│[0;33m│ [0m[0;34m  45 : 29 02             StaCurrentContextSlot [2]
[m[0;31m│[0;32m│[0;33m│ [0m  [0m71/106: Int32ToNumber[kCanonicalizeSmi] [v70/n105:[rdx|R|w32]] → [rax|R|t] (spilled: [stack:1|t]), live range: [71-82]
[0;31m│[0;32m│[0;33m│ [0m     [0m170: GapMove([stack:-3|t] → [rdi|R|t])
[0;31m│[0;32m│[0;33m│ [0m  [0m72/107: StoreContextSlotWithWriteBarrier(2, mutable) [v13/n2:[rdi|R|t], v71/n106:[rax|R|t]]
[0;31m│[0;32m│[0;33m│ [0m          ↳ lazy @45 : {<closure>:n3:[stack:-2|t], <this>:n1:[stack:-6|t], <context>:n2:[stack:-3|t], r1:n78:[stack:2|t]} (addr:0x10c00fcc8a0)
[0;31m│[0;32m│[0;33m│ [0m[1;34m0x09b80101e0f1 <SharedFunctionInfo bare> (0x09b80104a7b1 <String[18]: "workloads/throw.js">:34:13)
[m[0;31m│[0;32m│[0;33m│ [0m[0;34m   0 : 1b ff f9          Mov <context>, r0
[m[0;31m│[0;32m│[0;33m│ [0m  [0m73/108: Jump b14
[0;31m│[0;32m│[0;33m│ [0m       ↓
[0;31m│[0;32m│[0;33m│  [0mBlock b14
[0;31m│[0;32m│[0;33m│ [0m     [0m171: ConstantGapMove(n25 → [rdi|R|t])
[0;31m│[0;32m│[0;33m│ [0m     [0m172: ConstantGapMove(n20 → [rsi|R|t])
[0;31m│[0;32m│[0;33m│ [0m     [0m173: GapMove([rdx|R|w32] → [rbx|R|w32])
[0;31m│[0;32m│[0;33m│ [0m     [0m174: ConstantGapMove(n19 → [rdx|R|t])
[0;31m│[0;32m│[0;33m│ [0m[1;34m0x09b80101e0f1 <SharedFunctionInfo bare> (0x09b80104a7b1 <String[18]: "workloads/throw.js">:0:0)
[m[0;31m│[0;32m│[0;33m│ [0m[0;34m   7 : 6d f8 03 02       CallUndefinedReceiver1 r1, a0, FBV[2]
[m[0;31m│[0;32m│[0;33m│ [0m  [0m74/109: 🐢 CallKnownJSFunction(0x09b80101e091 <SharedFunctionInfo mayThrow>, {}) [v5/n25:[rdi|R|t], v3/n20:[rsi|R|t], v4/n21:[constant:v-1], v7/n19:[rdx|R|t], v51/n78:[stack:2|t]] → [rax|R|t]
[0;31m│[0;32m│[0;33m│ [0m          │      @54 : {<closure>:n3:[stack:-2|t], <this>:n1:[stack:-6|t], <context>:n2:[stack:-3|t], r1:n78:[stack:2|t], r2:n105:[stack:3|w32]} (addr:0x10c00fcca30)
[0;31m│[0;32m│[0;33m│ [0m          ↳ lazy @7 : {<closure>:n54:[constant:v-1], <this>:n21:[constant:v-1], a0:n78:[stack:2|t], <context>:n20:[constant:v-1], r0:n20:[constant:v-1]} (addr:0x10c00ff1158)
[0;31m│[0;32m│[0;33m│ [0m          ↳ throw (b15)
[0;31m│[0;32m│[0;33m│ [0m[0;34m  11 : 98 0f             Jump [15]
[m[0;31m│[0;32m│[0;33m│[0;34m╭──[0m75/110: Jump b16
[0;31m│[0;32m│[0;33m│[0;34m│[0m
[0;31m│[0;32m│[0;33m│[0;34m│ [0mBlock b15 (exception handler)
[0;31m│[0;32m│[0;33m│[0;34m│[0m     [0m175: ConstantGapMove(n42 → [rax|R|t])
[0;31m│[0;32m│[0;33m│[0;34m│[0m[0;34m  19 : b6                SetPendingMessage
[m[0;31m│[0;32m│[0;33m│[0;34m│[0m  [0m76/119: SetPendingMessage [v8/n42:[rax|R|t]] → [rcx|R|t]
[0;31m│[0;32m│[0;33m│[0;34m│[0m[0;34m  26 : 0c                LdaZero
[m[0;31m│[0;32m│[0;33m│[0;34m│[0m  [0m77/120: Jump b16
[0;31m│[0;32m│[0;33m│[0;34m│[0m       ↓
[0;31m│[0;32m│[0;33m│[0;34m╰►[0mBlock b16
[0;31m│[0;32m│[0;33m│ [0m     [0m176: GapMove([stack:-3|t] → [rdi|R|t])
[0;31m│[0;32m│[0;33m│ [0m     [0m177: GapMove([stack:1|t] → [rcx|R|t])
[0;31m│[0;32m│[0;33m│ [0m[1;34m0x09b80101e019 <SharedFunctionInfo> (0x09b80104a7b1 <String[18]: "workloads/throw.js">:0:0)
[m[0;31m│[0;32m│[0;33m│ [0m[0;34m  61 : 29 02             StaCurrentContextSlot [2]
[m[0;31m│[0;32m│[0;33m│ [0m  [0m78/121: StoreContextSlotWithWriteBarrier(2, mutable) [v13/n2:[rdi|R|t], v71/n106:[rcx|R|t]]
[0;31m│[0;32m│[0;33m│ [0m          ↳ lazy @61 : {<closure>:n3:[stack:-2|t], <this>:n1:[stack:-6|t], <context>:n2:[stack:-3|t], r1:n78:[stack:2|t], <accumulator>:n105:[stack:3|w32]} (addr:0x10c00ff26d8)
[0;31m│[0;32m│[0;33m│ [0m     [0m178: GapMove([stack:2|w32] → [rdx|R|w32])
[0;31m│[0;32m│[0;33m│ [0m[0;34m  66 : 5b 0a             Inc FBV[10]
[m[0;31m│[0;32m│[0;33m│ [0m          ↱ eager @66 : {<closure>:n3:[stack:-2|t], <this>:n1:[stack:-6|t], <context>:n2:[rdi|R|t], r0:n105:[stack:3|w32], <accumulator>:n78:[stack:2|t]} (addr:0x10c00ff2838)
[0;31m│[0;32m│[0;33m│ [0m  [0m79/122: Int32IncrementWithOverflow [v52/n79:[rdx|R|w32]] → [rdx|R|w32] (spilled: [stack:4|w32]), live range: [79-81]
[0;31m│[0;32m│[0;33m│ [0m     [0m179: ConstantGapMove(n72 → [rbx|R|t])
[0;31m│[0;32m│[0;33m│ [0m[0;34m  69 : 97 32 00 0b       JumpLoop [50], [0], FBV[11]
[m[0;31m│[0;32m│[0;33m│ [0m  [0m80/123: ReduceInterruptBudgetForLoop(40) [v1/n72:[rbx|R|t]]
[0;31m│[0;32m│[0;33m│ [0m          ↳ lazy @69 : {<closure>:n3:[stack:-2|t], <this>:n1:[stack:-6|t], <context>:n2:[stack:-3|t], r0:n105:[stack:3|w32], r1:n122:[stack:4|w32]} (addr:0x10c00ff2938)
[0;31m│[0;32m│[0;33m│ [0m  [0m81/125: Int32ToNumber[kCanonicalizeSmi] [v79/n122:[rdx|R|w32]] → [rsi|R|t], live range: [81-82]
[0;31m│[0;32m│[0;33m│ [0m          ↱ eager @66 : {<closure>:n3:, <this>:n1:, <context>:n2:, r0:n105:, <accumulator>:n78:} (addr:0x10c00ff2838)
[0;31m│[0;32m╰──◄─[0m82/124: JumpLoop b9
[0;31m│ [0;33m│ [0m          with gap moves:
[0;31m│ [0;33m│ [0m            - v71/n106:[rcx|R|t] → 77: φᵀ r0 [rcx|R|t]
[0;31m│ [0;33m│ [0m            - v81/n125:[rsi|R|t] → 78: φᵀ r1 [rsi|R|t]
[0;31m│ [0;33m│ [0m          with register merges:
[0;31m│ [0;33m│ [0m
[0;31m│ [0;33m╰─►[0mBlock b17
[0;31m│   [0m[0;34m  73 : 0b f9             Ldar r0
[m[0;31m│[0;32m╭────[0m83/126: Jump b19
[0;31m│[0;32m│  [0m          with gap moves:
[0;31m│[0;32m│  [0m            - v50/n77:[rcx|R|t] → 128: φᵀ r0 [rcx|R|t]
[0;31m│[0;32m│  [0m          with register merges:
[0;31m│[0;32m│  [0m            - [rbx|R|t] → rbx
[0;31m│[0;32m│  [0m
[0;31m╰───►[0mBlock b18
 [0;32m│  [0m  [0m84/127: Jump b19
 [0;32m│  [0m       │  with gap moves:
 [0;32m│  [0m       │    - v15/n4:[stack:3|t] → 128: φᵀ r0 [rcx|R|t]
 [0;32m│  [0m       │  with register merges:
 [0;32m│  [0m       │    - [constant:v-1] → rbx
 [0;32m│  [0m       ▼
 [0;32m╰──►[0mBlock b19
    [0m  [0m85/128: φᵀ r0 (n4, n77) (decompressed) → [rcx|R|t], live range: [85-87]
    [0m[0;34m  75 : b9                Return
[m    [0m  [0m86/129: ReduceInterruptBudgetForReturn(75) [v1/n72:[rbx|R|t]]
    [0m     [0m180: GapMove([rcx|R|t] → [rax|R|t])
    [0m  [0m87/130: Return [v85/n128:[rax|R|t]]
    [0m
Compiling 0x09b80101e145 <JSFunction (sfi = 0x9b80101e019)> with Maglev
----- Bytecode array -----
Parameter count 1
Register count 4
Frame size 32
         0x31a010000e8 @    0 : 13 00             LdaConstant [0:0x09b80101e071 <FixedArray[6]>]
         0x31a010000ea @    2 : d2                Star2
         0x31a010000eb @    3 : 1b fe f6          Mov <closure>, r3
         0x31a010000ee @    6 : 70 75 01 f7 02    CallRuntime [DeclareGlobals], r2-r3
         0x31a010000f3 @   11 : 0c                LdaZero
         0x31a010000f4 @   12 : 29 02             StaCurrentContextSlot [2]
         0x31a010000f6 @   14 : 0d 01             LdaSmi [1]
         0x31a010000f8 @   16 : d3                Star1
         0x31a010000f9 @   17 : 0e                LdaUndefined
         0x31a010000fa @   18 : d4                Star0
         0x31a010000fb @   19 : 01 0d 80 1a 06 00 LdaSmi.ExtraWide [400000]
         0x31a01000101 @   25 : 79 f8 01 00       TestLessThan r1, EmbeddedFeedback[0x1]
         0x31a01000105 @   29 : a8 2c             JumpIfFalse [44] (0x31a01000131 @ 73)
         0x31a01000107 @   31 : 18 02             LdaCurrentContextSlot [2]
         0x31a01000109 @   33 : d2                Star2
         0x31a0100010a @   34 : 23 01 01          LdaGlobal [1:"risky"], FBV[1]
         0x31a0100010d @   37 : d1                Star3
         0x31a0100010e @   38 : 6d f6 f8 03       CallUndefinedReceiver1 r3, r1, FBV[3]
         0x31a01000112 @   42 : 42 f7 00          Add r2, FBV[0]
         0x31a01000115 @   45 : 29 02             StaCurrentContextSlot [2]
         0x31a01000117 @   47 : 18 02             LdaCurrentContextSlot [2]
         0x31a01000119 @   49 : d2                Star2
         0x31a0100011a @   50 : 23 02 06          LdaGlobal [2:"bare"], FBV[6]
         0x31a0100011d @   53 : d1                Star3
         0x31a0100011e @   54 : 6d f6 f8 08       CallUndefinedReceiver1 r3, r1, FBV[8]
         0x31a01000122 @   58 : 42 f7 05          Add r2, FBV[5]
         0x31a01000125 @   61 : 29 02             StaCurrentContextSlot [2]
         0x31a01000127 @   63 : d4                Star0
         0x31a01000128 @   64 : 0b f8             Ldar r1
         0x31a0100012a @   66 : 5b 0a             Inc FBV[10]
         0x31a0100012c @   68 : d3                Star1
         0x31a0100012d @   69 : 97 32 00 0b       JumpLoop [50], [0], FBV[11] (0x31a010000fb @ 19)
         0x31a01000131 @   73 : 0b f9             Ldar r0
         0x31a01000133 @   75 : b9                Return
Constant pool (size = 3)
0x31a010000ad: [TrustedFixedArray]
 - map: 0x09b800000605 <Map(TRUSTED_FIXED_ARRAY_TYPE)>
 - length: 3
           0: 0x09b80101e071 <FixedArray[6]>
           1: 0x09b80101dfbd <String[5]: #risky>
           2: 0x09b80101dfe1 <String[4]: #bare>
Handler Table (size = 0)
Source Position Table (size = 0)
0x9b80101e53d: [FeedbackVector] in OldSpace
 - map: 0x09b800000899 <Map(FEEDBACK_VECTOR_TYPE)>
 - length: 12
 - shared function info: 0x09b80101e019 <SharedFunctionInfo>
 - tiering_in_progress: 0
 - osr_tiering_in_progress: 0
 - invocation count: 1
 - closure feedback cell array: 0x9b80104c0d1: [ClosureFeedbackCellArray]
 - map: 0x09b800000871 <Map(CLOSURE_FEEDBACK_CELL_ARRAY_TYPE)>
 - length: 3
 - elements:
           0: 0x09b80101e165 <FeedbackCell[one closure]>
           1: 0x09b80101e175 <FeedbackCell[one closure]>
           2: 0x09b80101e185 <FeedbackCell[one closure]>

 - slot #0 BinaryOp BinaryOp:AdditiveSafeInteger {
     [0]: 7
  }
 - slot #1 LoadGlobalNotInsideTypeof MONOMORPHIC
   [weak] 0x09b80101e20d <PropertyCell name=0x09b80101dfbd <String[5]: #risky> value=0x09b80101e1ed <JSFunction risky (sfi = 0x9b80101e0c1)>> {
     [1]: [weak] 0x09b80101e20d <PropertyCell name=0x09b80101dfbd <String[5]: #risky> value=0x09b80101e1ed <JSFunction risky (sfi = 0x9b80101e0c1)>>
     [2]: 0x09b800000e95 <Symbol: (uninitialized_symbol)>
  }
 - slot #3 Call MONOMORPHIC {
     [3]: [weak] 0x09b80101e1ed <JSFunction risky (sfi = 0x9b80101e0c1)>
     [4]: 369328
  }
 - slot #5 BinaryOp BinaryOp:AdditiveSafeInteger {
     [5]: 7
  }
 - slot #6 LoadGlobalNotInsideTypeof MONOMORPHIC
   [weak] 0x09b80101e241 <PropertyCell name=0x09b80101dfe1 <String[4]: #bare> value=0x09b80101e221 <JSFunction bare (sfi = 0x9b80101e0f1)>> {
     [6]: [weak] 0x09b80101e241 <PropertyCell name=0x09b80101dfe1 <String[4]: #bare> value=0x09b80101e221 <JSFunction bare (sfi = 0x9b80101e0f1)>>
     [7]: 0x09b800000e95 <Symbol: (uninitialized_symbol)>
  }
 - slot #8 Call MONOMORPHIC {
     [8]: [weak] 0x09b80101e221 <JSFunction bare (sfi = 0x9b80101e0f1)>
     [9]: 369336
  }
 - slot #10 BinaryOp BinaryOp:SignedSmall {
     [10]: 1
  }
 - slot #11 JumpLoop JumpLoop {
     [11]: [cleared]
  }

----- Inlining 0x09b80101e0f1 <SharedFunctionInfo bare> with bytecode -----
Parameter count 2
Register count 2
Frame size 16
         0x31a010002b0 @    0 : 1b ff f9          Mov <context>, r0
         0x31a010002b3 @    3 : 23 00 00          LdaGlobal [0:"mayThrow"], FBV[0]
         0x31a010002b6 @    6 : d3                Star1
         0x31a010002b7 @    7 : 6d f8 03 02       CallUndefinedReceiver1 r1, a0, FBV[2]
         0x31a010002bb @   11 : 98 0f             Jump [15] (0x31a010002ca @ 26)
         0x31a010002bd @   13 : d3                Star1
         0x31a010002be @   14 : 8f f8 01          CreateCatchContext r1, [1:0x09b80101e39d <ScopeInfo CATCH_SCOPE>]
         0x31a010002c1 @   17 : d4                Star0
         0x31a010002c2 @   18 : 10                LdaTheHole
         0x31a010002c3 @   19 : b6                SetPendingMessage
         0x31a010002c4 @   20 : 0b f9             Ldar r0
         0x31a010002c6 @   22 : 1c f8             PushContext r1
         0x31a010002c8 @   24 : 1d f8             PopContext r1
         0x31a010002ca @   26 : 0c                LdaZero
         0x31a010002cb @   27 : b9                Return
Constant pool (size = 2)
0x31a01000279: [TrustedFixedArray]
 - map: 0x09b800000605 <Map(TRUSTED_FIXED_ARRAY_TYPE)>
 - length: 2
           0: 0x09b80101dfa9 <String[8]: #mayThrow>
           1: 0x09b80101e39d <ScopeInfo CATCH_SCOPE>
Handler Table (size = 16)
   from   to       hdlr (prediction,   data)
  (   3,  11)  ->    13 (prediction=1, data=0)
Source Position Table (size = 0)
0x9b80101e511: [FeedbackVector] in OldSpace
 - map: 0x09b800000899 <Map(FEEDBACK_VECTOR_TYPE)>
 - length: 4
 - shared function info: 0x09b80101e0f1 <SharedFunctionInfo bare>
 - tiering_in_progress: 0
 - osr_tiering_in_progress: 0
 - invocation count: 15811
 - closure feedback cell array: 0x9b8000021d9: [ClosureFeedbackCellArray] in ReadOnlySpace
 - map: 0x09b800000871 <Map(CLOSURE_FEEDBACK_CELL_ARRAY_TYPE)>
 - length: 0
 - elements:

 - slot #0 LoadGlobalNotInsideTypeof MONOMORPHIC
   [weak] 0x09b80101e1d9 <PropertyCell name=0x09b80101dfa9 <String[8]: #mayThrow> value=0x09b80101e1b9 <JSFunction mayThrow (sfi = 0x9b80101e091)>> {
     [0]: [weak] 0x09b80101e1d9 <PropertyCell name=0x09b80101dfa9 <String[8]: #mayThrow> value=0x09b80101e1b9 <JSFunction mayThrow (sfi = 0x9b80101e091)>>
     [1]: 0x09b800000e95 <Symbol: (uninitialized_symbol)>
  }
 - slot #2 Call MONOMORPHIC {
     [2]: [weak] 0x09b80101e1b9 <JSFunction mayThrow (sfi = 0x9b80101e091)>
     [3]: 126480
  }

----- Inlining 0x09b80101e0f1 <SharedFunctionInfo bare> with bytecode -----
Parameter count 2
Register count 2
Frame size 16
         0x31a010002b0 @    0 : 1b ff f9          Mov <context>, r0
         0x31a010002b3 @    3 : 23 00 00          LdaGlobal [0:"mayThrow"], FBV[0]
         0x31a010002b6 @    6 : d3                Star1
         0x31a010002b7 @    7 : 6d f8 03 02       CallUndefinedReceiver1 r1, a0, FBV[2]
         0x31a010002bb @   11 : 98 0f             Jump [15] (0x31a010002ca @ 26)
         0x31a010002bd @   13 : d3                Star1
         0x31a010002be @   14 : 8f f8 01          CreateCatchContext r1, [1:0x09b80101e39d <ScopeInfo CATCH_SCOPE>]
         0x31a010002c1 @   17 : d4                Star0
         0x31a010002c2 @   18 : 10                LdaTheHole
         0x31a010002c3 @   19 : b6                SetPendingMessage
         0x31a010002c4 @   20 : 0b f9             Ldar r0
         0x31a010002c6 @   22 : 1c f8             PushContext r1
         0x31a010002c8 @   24 : 1d f8             PopContext r1
         0x31a010002ca @   26 : 0c                LdaZero
         0x31a010002cb @   27 : b9                Return
Constant pool (size = 2)
0x31a01000279: [TrustedFixedArray]
 - map: 0x09b800000605 <Map(TRUSTED_FIXED_ARRAY_TYPE)>
 - length: 2
           0: 0x09b80101dfa9 <String[8]: #mayThrow>
           1: 0x09b80101e39d <ScopeInfo CATCH_SCOPE>
Handler Table (size = 16)
   from   to       hdlr (prediction,   data)
  (   3,  11)  ->    13 (prediction=1, data=0)
Source Position Table (size = 0)
0x9b80101e511: [FeedbackVector] in OldSpace
 - map: 0x09b800000899 <Map(FEEDBACK_VECTOR_TYPE)>
 - length: 4
 - shared function info: 0x09b80101e0f1 <SharedFunctionInfo bare>
 - tiering_in_progress: 0
 - osr_tiering_in_progress: 0
 - invocation count: 15811
 - closure feedback cell array: 0x9b8000021d9: [ClosureFeedbackCellArray] in ReadOnlySpace
 - map: 0x09b800000871 <Map(CLOSURE_FEEDBACK_CELL_ARRAY_TYPE)>
 - length: 0
 - elements:

 - slot #0 LoadGlobalNotInsideTypeof MONOMORPHIC
   [weak] 0x09b80101e1d9 <PropertyCell name=0x09b80101dfa9 <String[8]: #mayThrow> value=0x09b80101e1b9 <JSFunction mayThrow (sfi = 0x9b80101e091)>> {
     [0]: [weak] 0x09b80101e1d9 <PropertyCell name=0x09b80101dfa9 <String[8]: #mayThrow> value=0x09b80101e1b9 <JSFunction mayThrow (sfi = 0x9b80101e091)>>
     [1]: 0x09b800000e95 <Symbol: (uninitialized_symbol)>
  }
 - slot #2 Call MONOMORPHIC {
     [2]: [weak] 0x09b80101e1b9 <JSFunction mayThrow (sfi = 0x9b80101e091)>
     [3]: 126480
  }

----- After graph building -----
Graph

    [0m  [0m54: Constant(0x09b80101e195 <FeedbackCell[one closure]>), 3 uses
    [0m  [0m18: Constant(0x09b80101e1ed <JSFunction risky (sfi = 0x9b80101e0c1)>), 2 uses
    [0m  [0m20: Constant(0x09b80101e1a5 <ScriptContext[3]>), 10 uses
    [0m  [0m21: Constant(0x09b801004925 <JSGlobalProxy>), 6 uses
    [0m  [0m28: Constant(0x09b80101e221 <JSFunction bare (sfi = 0x9b80101e0f1)>), 2 uses
    [0m  [0m30: Constant(0x09b80101e1b9 <JSFunction mayThrow (sfi = 0x9b80101e091)>), 2 uses
    [0m  [0m36: Constant(0x09b80101e39d <ScopeInfo CATCH_SCOPE>), 2 uses
    [0m  [0m34: Constant(0x09b801014a9d <Map(CATCH_CONTEXT_TYPE)>), 0 uses 🪦
    [0m  [0m19: RootConstant(undefined_value), 4 uses
    [0m  [0m45: RootConstant(the_hole_value), 2 uses
    [0m  [0m16: RootConstant(true_value), 0 uses 🪦
    [0m  [0m15: RootConstant(false_value), 0 uses 🪦
    [0m  [0m56: RootConstant(optimized_out), 0 uses 🪦
    [0m  [0m48: SmiConstant(0), 0 uses 🪦
    [0m  [0m37: SmiConstant(3), 2 uses
    [0m  [0m10: SmiConstant(400000), 2 uses
    [0m  [0m35: Int32Constant(3), 0 uses 🪦, cannot truncate to int32
    [0m  [0m12: Int32Constant(400000), 4 uses, cannot truncate to int32
    [0m  [0m49: Float64Constant(0), 2 uses
     [0mBlock b0
    [0m[1;34m0x09b80101e019 <SharedFunctionInfo> (0x09b80104a7b1 <String[18]: "workloads/throw.js">:0:0)
[m    [0m[0;34m  19 : 01 0d 80 1a 06 00 LdaSmi.ExtraWide [400000]
[m    [0m   [0m1: InitialValue(<this>), 17 uses
    [0m   [0m2: InitialValue(<context>), 23 uses
    [0m   [0m3: InitialValue(<closure>), 17 uses
    [0m   [0m4: InitialValue(r0), 3 uses
    [0m   [0m5: InitialValue(r1), 12 uses
    [0m   [0m6: InitialValue(r2), 0 uses 🪦
    [0m   [0m7: InitialValue(r3), 0 uses 🪦
    [0m   [0m8: FunctionEntryStackCheck
    [0m      ↳ lazy @69 : {<closure>:n3:, <this>:n1:, <context>:n2:, r0:n4:, r1:n5:} (addr:0x10c00fa69f0)
    [0m      ↱ eager @69 : {<closure>:n3:, <this>:n1:, <context>:n2:, r0:n4:, r1:n5:} (addr:0x10c00fa69f0)
    [0m   [0m9: CheckpointedJump b1
    [0m   ↓
     [0mBlock b1
    [0m[0;34m  25 : 79 f8 01 00       TestLessThan r1, EmbeddedFeedback[0x1]
[m    [0m      ↱ eager @25 : {<closure>:n3:, <this>:n1:, <context>:n2:, r0:n4:, r1:n5:, <accumulator>:n10:} (addr:0x10c00fa82e8)
    [0m  [0m11: CheckedSmiUntag [n5], 3 uses, cannot truncate to int32
    [0m  [0m13: Int32Compare[LessThan] [n11, n12], 0 uses 🪦
    [0m[0;34m  29 : a8 2c             JumpIfFalse [44]
[m[0;31m╭─────[0m14: BranchIfInt32Compare(LessThan) [n11, n12] b2 b12
[0;31m│   [0m   ↓
[0;31m│    [0mBlock b2
[0;31m│   [0m[0;34m  31 : 18 02             LdaCurrentContextSlot [2]
[m[0;31m│   [0m  [0m17: LoadContextSlot(0x10, mutable) [n2], 3 uses
[0;31m│   [0m[0;34m  38 : 6d f6 f8 03       CallUndefinedReceiver1 r3, r1, FBV[3]
[m[0;31m│   [0m  [0m22: 🐢 CallKnownJSFunction(0x09b80101e0c1 <SharedFunctionInfo risky>, {Float64}) [n18, n20, n21, n19, n5], 2 uses
[0;31m│   [0m      ↳ lazy @38 : {<closure>:n3:, <this>:n1:, <context>:n2:, r1:n5:, r2:n17:} (addr:0x10c00fa9790)
[0;31m│   [0m[0;34m  42 : 42 f7 00          Add r2, FBV[0]
[m[0;31m│   [0m      ↱ eager @42 : {<closure>:n3:, <this>:n1:, <context>:n2:, r1:n5:, r2:n17:, <accumulator>:n22:} (addr:0x10c00fa9900)
[0;31m│   [0m  [0m23: CheckedNumberToFloat64 [n17], 1 uses, cannot truncate to int32 [-∞, +∞]
[0;31m│   [0m      ↱ eager @42 : {<closure>:n3:, <this>:n1:, <context>:n2:, r1:n5:, r2:n17:, <accumulator>:n22:} (addr:0x10c00fa9900)
[0;31m│   [0m  [0m24: CheckedNumberToFloat64 [n22], 1 uses, cannot truncate to int32 [-∞, +∞]
[0;31m│   [0m  [0m25: Float64Add [n23, n24], 3 uses, cannot truncate to int32 [-∞, +∞]
[0;31m│   [0m[0;34m  45 : 29 02             StaCurrentContextSlot [2]
[m[0;31m│   [0m  [0m26: Float64ToTagged[kCanonicalizeSmi] [n25], 1 uses
[0;31m│   [0m  [0m27: StoreContextSlotWithWriteBarrier(2, mutable) [n2, n26]
[0;31m│   [0m      ↳ lazy @45 : {<closure>:n3:, <this>:n1:, <context>:n2:, r1:n5:} (addr:0x10c00fa9c30)
[0;31m│   [0m[1;34m0x09b80101e0f1 <SharedFunctionInfo bare> (0x09b80104a7b1 <String[18]: "workloads/throw.js">:34:13)
[m[0;31m│   [0m[0;34m   0 : 1b ff f9          Mov <context>, r0
[m[0;31m│   [0m  [0m29: Jump b3
[0;31m│   [0m   ↓
[0;31m│    [0mBlock b3
[0;31m│   [0m[1;34m0x09b80101e0f1 <SharedFunctionInfo bare> (0x09b80104a7b1 <String[18]: "workloads/throw.js">:0:0)
[m[0;31m│   [0m[0;34m   7 : 6d f8 03 02       CallUndefinedReceiver1 r1, a0, FBV[2]
[m[0;31m│   [0m  [0m31: 🐢 CallKnownJSFunction(0x09b80101e091 <SharedFunctionInfo mayThrow>, {}) [n30, n20, n21, n19, n5], 0 uses, but required
[0;31m│   [0m      │      @54 : {<closure>:n3:, <this>:n1:, <context>:n2:, r1:n5:, r2:n25:} (addr:0x10c00faaa68)
[0;31m│   [0m      ↳ lazy @7 : {<closure>:n28:, <this>:n21:, a0:n5:, <context>:n20:, r0:n20:} (addr:0x10c00fbf568)
[0;31m│   [0m      ↳ throw @13 (b4) : {<this>:n21, a0:n5, <context>:n20}
[0;31m│   [0m[0;34m  11 : 98 0f             Jump [15]
[m[0;31m│[0;32m╭────[0m32: Jump b5
[0;31m│[0;32m│  [0m
[0;31m│[0;32m│   [0mBlock b4 (exception handler)
[0;31m│[0;32m│  [0m  [0m33: φᵀₑ <accumulator>, 1 uses
[0;31m│[0;32m│  [0m[0;34m  14 : 8f f8 01          CreateCatchContext r1, [1:0x09b80101e39d <ScopeInfo CATCH_SCOPE>]
[m[0;31m│[0;32m│  [0m  [0m38: AllocationBlock(Young), 1 uses
[0;31m│[0;32m│  [0m  [0m39: InlinedAllocation(object 0x09b801014a9d <Map(CATCH_CONTEXT_TYPE)>) [n38], 5 uses (5 non escaping uses)
[0;31m│[0;32m│  [0m  [0m40: StoreMap(0x09b801014a9d <Map(CATCH_CONTEXT_TYPE)>, InlinedAllocation) [n39]
[0;31m│[0;32m│  [0m  [0m41: StoreTaggedFieldNoWriteBarrier(0x4, mutable) [n39, n37]
[0;31m│[0;32m│  [0m  [0m42: StoreTaggedFieldWithWriteBarrier(0x8, constant, maybe_smi:0) [n39, n36]
[0;31m│[0;32m│  [0m  [0m43: StoreTaggedFieldWithWriteBarrier(0xc, constant, maybe_smi:0) [n39, n20]
[0;31m│[0;32m│  [0m  [0m44: StoreTaggedFieldWithWriteBarrier(0x10, constant, maybe_smi:1) [n39, n33]
[0;31m│[0;32m│  [0m[0;34m  19 : b6                SetPendingMessage
[m[0;31m│[0;32m│  [0m  [0m46: SetPendingMessage [n45], 0 uses, but required
[0;31m│[0;32m│  [0m[0;34m  26 : 0c                LdaZero
[m[0;31m│[0;32m│  [0m  [0m47: Jump b5
[0;31m│[0;32m│  [0m   ↓
[0;31m│[0;32m╰──►[0mBlock b5
[0;31m│   [0m[1;34m0x09b80101e019 <SharedFunctionInfo> (0x09b80104a7b1 <String[18]: "workloads/throw.js">:0:0)
[m[0;31m│   [0m[0;34m  58 : 42 f7 05          Add r2, FBV[5]
[m[0;31m│   [0m  [0m50: Float64Add [n25, n49], 4 uses, cannot truncate to int32 [-∞, +∞]
[0;31m│   [0m[0;34m  61 : 29 02             StaCurrentContextSlot [2]
[m[0;31m│   [0m  [0m51: Float64ToTagged[kCanonicalizeSmi] [n50], 2 uses
[0;31m│   [0m  [0m52: StoreContextSlotWithWriteBarrier(2, mutable) [n2, n51]
[0;31m│   [0m      ↳ lazy @61 : {<closure>:n3:, <this>:n1:, <context>:n2:, r1:n5:, <accumulator>:n50:} (addr:0x10c00fc0ee0)
[0;31m│   [0m[0;34m  66 : 5b 0a             Inc FBV[10]
[m[0;31m│   [0m      ↱ eager @66 : {<closure>:n3:, <this>:n1:, <context>:n2:, r0:n50:, <accumulator>:n5:} (addr:0x10c00fc10d0)
[0;31m│   [0m  [0m53: Int32IncrementWithOverflow [n11], 2 uses, cannot truncate to int32
[0;31m│   [0m[0;34m  69 : 97 32 00 0b       JumpLoop [50], [0], FBV[11]
[m[0;31m│   [0m  [0m55: ReduceInterruptBudgetForLoop(40) [n54]
[0;31m│   [0m      ↳ lazy @69 : {<closure>:n3:, <this>:n1:, <context>:n2:, r0:n50:, r1:n53:} (addr:0x10c00fc1278)
[0;31m│   [0m  [0m58: Int32ToNumber[kCanonicalizeSmi] [n53], 1 uses
[0;31m│   [0m  [0m57: Jump b6
[0;31m│   [0m   │  with gap moves:
[0;31m│   [0m   │    - n51 → 59: φᵀ r0
[0;31m│   [0m   │    - n58 → 60: φᵀ r1
[0;31m│   [0m   ▼
[0;31m│[0;32m╭──►[0mBlock b6 peeled (effects: ua c1)
[0;31m│[0;32m│  [0m  [0m59: φᵀ r0 (n51, n85), 2 uses
[0;31m│[0;32m│  [0m  [0m60: φᵀ r1 (n58, n90), 11 uses
[0;31m│[0;32m│  [0m[0;34m  25 : 79 f8 01 00       TestLessThan r1, EmbeddedFeedback[0x1]
[m[0;31m│[0;32m│  [0m      ↱ eager @25 : {<closure>:n3:, <this>:n1:, <context>:n2:, r0:n59:, r1:n60:, <accumulator>:n10:} (addr:0x10c00fc21b0)
[0;31m│[0;32m│  [0m  [0m61: CheckedSmiUntag [n60], 3 uses, cannot truncate to int32
[0;31m│[0;32m│  [0m  [0m62: Int32Compare[LessThan] [n61, n12], 0 uses 🪦
[0;31m│[0;32m│  [0m[0;34m  29 : a8 2c             JumpIfFalse [44]
[m[0;31m│[0;32m│[0;33m╭───[0m63: BranchIfInt32Compare(LessThan) [n61, n12] b7 b11
[0;31m│[0;32m│[0;33m│ [0m   ↓
[0;31m│[0;32m│[0;33m│  [0mBlock b7
[0;31m│[0;32m│[0;33m│ [0m[0;34m  31 : 18 02             LdaCurrentContextSlot [2]
[m[0;31m│[0;32m│[0;33m│ [0m  [0m64: LoadContextSlot(0x10, mutable) [n2], 3 uses
[0;31m│[0;32m│[0;33m│ [0m[0;34m  38 : 6d f6 f8 03       CallUndefinedReceiver1 r3, r1, FBV[3]
[m[0;31m│[0;32m│[0;33m│ [0m  [0m65: 🐢 CallKnownJSFunction(0x09b80101e0c1 <SharedFunctionInfo risky>, {Float64}) [n18, n20, n21, n19, n60], 2 uses
[0;31m│[0;32m│[0;33m│ [0m      ↳ lazy @38 : {<closure>:n3:, <this>:n1:, <context>:n2:, r1:n60:, r2:n64:} (addr:0x10c00fc2550)
[0;31m│[0;32m│[0;33m│ [0m[0;34m  42 : 42 f7 00          Add r2, FBV[0]
[m[0;31m│[0;32m│[0;33m│ [0m      ↱ eager @42 : {<closure>:n3:, <this>:n1:, <context>:n2:, r1:n60:, r2:n64:, <accumulator>:n65:} (addr:0x10c00fc26c0)
[0;31m│[0;32m│[0;33m│ [0m  [0m66: CheckedNumberToFloat64 [n64], 1 uses, cannot truncate to int32 [-∞, +∞]
[0;31m│[0;32m│[0;33m│ [0m      ↱ eager @42 : {<closure>:n3:, <this>:n1:, <context>:n2:, r1:n60:, r2:n64:, <accumulator>:n65:} (addr:0x10c00fc26c0)
[0;31m│[0;32m│[0;33m│ [0m  [0m67: CheckedNumberToFloat64 [n65], 1 uses, cannot truncate to int32 [-∞, +∞]
[0;31m│[0;32m│[0;33m│ [0m  [0m68: Float64Add [n66, n67], 3 uses, cannot truncate to int32 [-∞, +∞]
[0;31m│[0;32m│[0;33m│ [0m[0;34m  45 : 29 02             StaCurrentContextSlot [2]
[m[0;31m│[0;32m│[0;33m│ [0m  [0m69: Float64ToTagged[kCanonicalizeSmi] [n68], 1 uses
[0;31m│[0;32m│[0;33m│ [0m  [0m70: StoreContextSlotWithWriteBarrier(2, mutable) [n2, n69]
[0;31m│[0;32m│[0;33m│ [0m      ↳ lazy @45 : {<closure>:n3:, <this>:n1:, <context>:n2:, r1:n60:} (addr:0x10c00fc29f0)
[0;31m│[0;32m│[0;33m│ [0m[1;34m0x09b80101e0f1 <SharedFunctionInfo bare> (0x09b80104a7b1 <String[18]: "workloads/throw.js">:34:13)
[m[0;31m│[0;32m│[0;33m│ [0m[0;34m   0 : 1b ff f9          Mov <context>, r0
[m[0;31m│[0;32m│[0;33m│ [0m  [0m71: Jump b8
[0;31m│[0;32m│[0;33m│ [0m   ↓
[0;31m│[0;32m│[0;33m│  [0mBlock b8
[0;31m│[0;32m│[0;33m│ [0m[1;34m0x09b80101e0f1 <SharedFunctionInfo bare> (0x09b80104a7b1 <String[18]: "workloads/throw.js">:0:0)
[m[0;31m│[0;32m│[0;33m│ [0m[0;34m   7 : 6d f8 03 02       CallUndefinedReceiver1 r1, a0, FBV[2]
[m[0;31m│[0;32m│[0;33m│ [0m  [0m72: 🐢 CallKnownJSFunction(0x09b80101e091 <SharedFunctionInfo mayThrow>, {}) [n30, n20, n21, n19, n60], 0 uses, but required
[0;31m│[0;32m│[0;33m│ [0m      │      @54 : {<closure>:n3:, <this>:n1:, <context>:n2:, r1:n60:, r2:n68:} (addr:0x10c00fc2b80)
[0;31m│[0;32m│[0;33m│ [0m      ↳ lazy @7 : {<closure>:n28:, <this>:n21:, a0:n60:, <context>:n20:, r0:n20:} (addr:0x10c00fd75a0)
[0;31m│[0;32m│[0;33m│ [0m      ↳ throw @13 (b9) : {<this>:n21, a0:n60, <context>:n20}
[0;31m│[0;32m│[0;33m│ [0m[0;34m  11 : 98 0f             Jump [15]
[m[0;31m│[0;32m│[0;33m│[0;34m╭──[0m73: Jump b10
[0;31m│[0;32m│[0;33m│[0;34m│[0m
[0;31m│[0;32m│[0;33m│[0;34m│ [0mBlock b9 (exception handler)
[0;31m│[0;32m│[0;33m│[0;34m│[0m  [0m74: φᵀₑ <accumulator>, 1 uses
[0;31m│[0;32m│[0;33m│[0;34m│[0m[0;34m  14 : 8f f8 01          CreateCatchContext r1, [1:0x09b80101e39d <ScopeInfo CATCH_SCOPE>]
[m[0;31m│[0;32m│[0;33m│[0;34m│[0m  [0m75: AllocationBlock(Young), 1 uses
[0;31m│[0;32m│[0;33m│[0;34m│[0m  [0m76: InlinedAllocation(object 0x09b801014a9d <Map(CATCH_CONTEXT_TYPE)>) [n75], 5 uses (5 non escaping uses)
[0;31m│[0;32m│[0;33m│[0;34m│[0m  [0m77: StoreMap(0x09b801014a9d <Map(CATCH_CONTEXT_TYPE)>, InlinedAllocation) [n76]
[0;31m│[0;32m│[0;33m│[0;34m│[0m  [0m78: StoreTaggedFieldNoWriteBarrier(0x4, mutable) [n76, n37]
[0;31m│[0;32m│[0;33m│[0;34m│[0m  [0m79: StoreTaggedFieldWithWriteBarrier(0x8, constant, maybe_smi:0) [n76, n36]
[0;31m│[0;32m│[0;33m│[0;34m│[0m  [0m80: StoreTaggedFieldWithWriteBarrier(0xc, constant, maybe_smi:0) [n76, n20]
[0;31m│[0;32m│[0;33m│[0;34m│[0m  [0m81: StoreTaggedFieldWithWriteBarrier(0x10, constant, maybe_smi:1) [n76, n74]
[0;31m│[0;32m│[0;33m│[0;34m│[0m[0;34m  19 : b6                SetPendingMessage
[m[0;31m│[0;32m│[0;33m│[0;34m│[0m  [0m82: SetPendingMessage [n45], 0 uses, but required
[0;31m│[0;32m│[0;33m│[0;34m│[0m[0;34m  26 : 0c                LdaZero
[m[0;31m│[0;32m│[0;33m│[0;34m│[0m  [0m83: Jump b10
[0;31m│[0;32m│[0;33m│[0;34m│[0m   ↓
[0;31m│[0;32m│[0;33m│[0;34m╰►[0mBlock b10
[0;31m│[0;32m│[0;33m│ [0m[1;34m0x09b80101e019 <SharedFunctionInfo> (0x09b80104a7b1 <String[18]: "workloads/throw.js">:0:0)
[m[0;31m│[0;32m│[0;33m│ [0m[0;34m  58 : 42 f7 05          Add r2, FBV[5]
[m[0;31m│[0;32m│[0;33m│ [0m  [0m84: Float64Add [n68, n49], 4 uses, cannot truncate to int32 [-∞, +∞]
[0;31m│[0;32m│[0;33m│ [0m[0;34m  61 : 29 02             StaCurrentContextSlot [2]
[m[0;31m│[0;32m│[0;33m│ [0m  [0m85: Float64ToTagged[kCanonicalizeSmi] [n84], 2 uses
[0;31m│[0;32m│[0;33m│ [0m  [0m86: StoreContextSlotWithWriteBarrier(2, mutable) [n2, n85]
[0;31m│[0;32m│[0;33m│ [0m      ↳ lazy @61 : {<closure>:n3:, <this>:n1:, <context>:n2:, r1:n60:, <accumulator>:n84:} (addr:0x10c00fd9048)
[0;31m│[0;32m│[0;33m│ [0m[0;34m  66 : 5b 0a             Inc FBV[10]
[m[0;31m│[0;32m│[0;33m│ [0m      ↱ eager @66 : {<closure>:n3:, <this>:n1:, <context>:n2:, r0:n84:, <accumulator>:n60:} (addr:0x10c00fd91a8)
[0;31m│[0;32m│[0;33m│ [0m  [0m87: Int32IncrementWithOverflow [n61], 2 uses, cannot truncate to int32
[0;31m│[0;32m│[0;33m│ [0m[0;34m  69 : 97 32 00 0b       JumpLoop [50], [0], FBV[11]
[m[0;31m│[0;32m│[0;33m│ [0m  [0m88: ReduceInterruptBudgetForLoop(40) [n54]
[0;31m│[0;32m│[0;33m│ [0m      ↳ lazy @69 : {<closure>:n3:, <this>:n1:, <context>:n2:, r0:n84:, r1:n87:} (addr:0x10c00fd92a8)
[0;31m│[0;32m│[0;33m│ [0m  [0m90: Int32ToNumber[kCanonicalizeSmi] [n87], 1 uses
[0;31m│[0;32m│[0;33m│ [0m      ↱ eager @66 : {<closure>:n3:, <this>:n1:, <context>:n2:, r0:n84:, <accumulator>:n60:} (addr:0x10c00fd91a8)
[0;31m│[0;32m╰──◄─[0m89: JumpLoop b6
[0;31m│ [0;33m│ [0m      with gap moves:
[0;31m│ [0;33m│ [0m        - n85 → 59: φᵀ r0
[0;31m│ [0;33m│ [0m        - n90 → 60: φᵀ r1
[0;31m│ [0;33m│ [0m
[0;31m│ [0;33m╰─►[0mBlock b11
[0;31m│   [0m[0;34m  73 : 0b f9             Ldar r0
[m[0;31m│[0;32m╭────[0m91: Jump b13
[0;31m│[0;32m│  [0m      with gap moves:
[0;31m│[0;32m│  [0m        - n59 → 93: φᵀ r0
[0;31m│[0;32m│  [0m
[0;31m╰───►[0mBlock b12
 [0;32m│  [0m  [0m92: Jump b13
 [0;32m│  [0m   │  with gap moves:
 [0;32m│  [0m   │    - n4 → 93: φᵀ r0
 [0;32m│  [0m   ▼
 [0;32m╰──►[0mBlock b13
    [0m  [0m93: φᵀ r0 (n4, n59), 1 uses
    [0m[0;34m  75 : b9                Return
[m    [0m  [0m94: ReduceInterruptBudgetForReturn(75) [n54]
    [0m  [0m95: Return [n93]
    [0m

----- After use marking -----
Graph

    [0m  [0m54: Constant(0x09b80101e195 <FeedbackCell[one closure]>) → (x)
    [0m  [0m18: Constant(0x09b80101e1ed <JSFunction risky (sfi = 0x9b80101e0c1)>) → (x)
    [0m  [0m20: Constant(0x09b80101e1a5 <ScriptContext[3]>) → (x)
    [0m  [0m21: Constant(0x09b801004925 <JSGlobalProxy>) → (x)
    [0m  [0m28: Constant(0x09b80101e221 <JSFunction bare (sfi = 0x9b80101e0f1)>) → (x)
    [0m  [0m30: Constant(0x09b80101e1b9 <JSFunction mayThrow (sfi = 0x9b80101e091)>) → (x)
    [0m  [0m36: Constant(0x09b80101e39d <ScopeInfo CATCH_SCOPE>) → (x)
    [0m  [0m19: RootConstant(undefined_value) → (x)
    [0m  [0m45: RootConstant(the_hole_value) → (x)
    [0m  [0m37: SmiConstant(3) → (x)
    [0m  [0m10: SmiConstant(400000) → (x)
    [0m  [0m12: Int32Constant(400000) → (x)
    [0m  [0m49: Float64Constant(0) → (x)
     [0mBlock b0
    [0m[1;34m0x09b80101e019 <SharedFunctionInfo> (0x09b80104a7b1 <String[18]: "workloads/throw.js">:0:0)
[m    [0m[0;34m  19 : 01 0d 80 1a 06 00 LdaSmi.ExtraWide [400000]
[m    [0m   [0m1: InitialValue(<this>) → (x)
    [0m   [0m2: InitialValue(<context>) → (x)
    [0m   [0m3: InitialValue(<closure>) → (x)
    [0m   [0m4: InitialValue(r0) → (x)
    [0m   [0m5: InitialValue(r1) → (x)
    [0m   [0m8: FunctionEntryStackCheck
    [0m      ↳ lazy @69 : {<closure>:n3:, <this>:n1:, <context>:n2:, r0:n4:, r1:n5:} (addr:0x10c00fa69f0)
    [0m      ↱ eager @69 : {<closure>:n3:, <this>:n1:, <context>:n2:, r0:n4:, r1:n5:} (addr:0x10c00fa69f0)
    [0m   [0m9: CheckpointedJump b1
    [0m   ↓
     [0mBlock b1
    [0m[0;34m  25 : 79 f8 01 00       TestLessThan r1, EmbeddedFeedback[0x1]
[m    [0m      ↱ eager @25 : {<closure>:n3:, <this>:n1:, <context>:n2:, r0:n4:, r1:n5:, <accumulator>:n10:} (addr:0x10c00fa82e8)
    [0m  [0m11: CheckedSmiUntag [v0/n5:(x)] → (x)
    [0m[0;34m  29 : a8 2c             JumpIfFalse [44]
[m[0;31m╭─────[0m14: BranchIfInt32Compare(LessThan) [v0/n11:(x), v0/n12:(x)] b2 b12
[0;31m│   [0m   ↓
[0;31m│    [0mBlock b2
[0;31m│   [0m[0;34m  31 : 18 02             LdaCurrentContextSlot [2]
[m[0;31m│   [0m  [0m17: LoadContextSlot(0x10, mutable) [v0/n2:(x)] → (x)
[0;31m│   [0m[0;34m  38 : 6d f6 f8 03       CallUndefinedReceiver1 r3, r1, FBV[3]
[m[0;31m│   [0m  [0m22: 🐢 CallKnownJSFunction(0x09b80101e0c1 <SharedFunctionInfo risky>, {Float64}) [v0/n18:(x), v0/n20:(x), v0/n21:(x), v0/n19:(x), v0/n5:(x)] → (x)
[0;31m│   [0m      ↳ lazy @38 : {<closure>:n3:, <this>:n1:, <context>:n2:, r1:n5:, r2:n17:} (addr:0x10c00fa9790)
[0;31m│   [0m[0;34m  42 : 42 f7 00          Add r2, FBV[0]
[m[0;31m│   [0m      ↱ eager @42 : {<closure>:n3:, <this>:n1:, <context>:n2:, r1:n5:, r2:n17:, <accumulator>:n22:} (addr:0x10c00fa9900)
[0;31m│   [0m  [0m23: CheckedNumberToFloat64 [v0/n17:(x)] → (x)
[0;31m│   [0m      ↱ eager @42 : {<closure>:n3:, <this>:n1:, <context>:n2:, r1:n5:, r2:n17:, <accumulator>:n22:} (addr:0x10c00fa9900)
[0;31m│   [0m  [0m24: CheckedNumberToFloat64 [v0/n22:(x)] → (x)
[0;31m│   [0m  [0m25: Float64Add [v0/n23:(x), v0/n24:(x)] → (x)
[0;31m│   [0m[0;34m  45 : 29 02             StaCurrentContextSlot [2]
[m[0;31m│   [0m  [0m26: Float64ToTagged[kCanonicalizeSmi] [v0/n25:(x)] → (x)
[0;31m│   [0m  [0m27: StoreContextSlotWithWriteBarrier(2, mutable) [v0/n2:(x), v0/n26:(x)]
[0;31m│   [0m      ↳ lazy @45 : {<closure>:n3:, <this>:n1:, <context>:n2:, r1:n5:} (addr:0x10c00fa9c30)
[0;31m│   [0m[1;34m0x09b80101e0f1 <SharedFunctionInfo bare> (0x09b80104a7b1 <String[18]: "workloads/throw.js">:34:13)
[m[0;31m│   [0m[0;34m   0 : 1b ff f9          Mov <context>, r0
[m[0;31m│   [0m  [0m29: Jump b3
[0;31m│   [0m   ↓
[0;31m│    [0mBlock b3
[0;31m│   [0m[1;34m0x09b80101e0f1 <SharedFunctionInfo bare> (0x09b80104a7b1 <String[18]: "workloads/throw.js">:0:0)
[m[0;31m│   [0m[0;34m   7 : 6d f8 03 02       CallUndefinedReceiver1 r1, a0, FBV[2]
[m[0;31m│   [0m  [0m31: 🐢 CallKnownJSFunction(0x09b80101e091 <SharedFunctionInfo mayThrow>, {}) [v0/n30:(x), v0/n20:(x), v0/n21:(x), v0/n19:(x), v0/n5:(x)] → (x)
[0;31m│   [0m      │      @54 : {<closure>:n3:, <this>:n1:, <context>:n2:, r1:n5:, r2:n25:} (addr:0x10c00faaa68)
[0;31m│   [0m      ↳ lazy @7 : {<closure>:n28:, <this>:n21:, a0:n5:, <context>:n20:, r0:n20:} (addr:0x10c00fbf568)
[0;31m│   [0m      ↳ throw @13 (b4) : {<this>:n21, a0:n5, <context>:n20}
[0;31m│   [0m[0;34m  11 : 98 0f             Jump [15]
[m[0;31m│[0;32m╭────[0m32: Jump b5
[0;31m│[0;32m│  [0m
[0;31m│[0;32m│   [0mBlock b4 (exception handler)
[0;31m│[0;32m│  [0m  [0m33: φᵀₑ <accumulator> (compressed) → (x)
[0;31m│[0;32m│  [0m[0;34m  14 : 8f f8 01          CreateCatchContext r1, [1:0x09b80101e39d <ScopeInfo CATCH_SCOPE>]
[m[0;31m│[0;32m│  [0m  [0m38: AllocationBlock(Young) → (x)
[0;31m│[0;32m│  [0m  [0m39: InlinedAllocation(object 0x09b801014a9d <Map(CATCH_CONTEXT_TYPE)>) [v0/n38:(x)] → (x)
[0;31m│[0;32m│  [0m  [0m40: StoreMap(0x09b801014a9d <Map(CATCH_CONTEXT_TYPE)>, InlinedAllocation) [v0/n39:(x)] 🪦
[0;31m│[0;32m│  [0m  [0m41: StoreTaggedFieldNoWriteBarrier(0x4, mutable) [v0/n39:(x), v0/n37:(x)] 🪦
[0;31m│[0;32m│  [0m  [0m42: StoreTaggedFieldWithWriteBarrier(0x8, constant, maybe_smi:0) [v0/n39:(x), v0/n36:(x)] 🪦
[0;31m│[0;32m│  [0m  [0m43: StoreTaggedFieldWithWriteBarrier(0xc, constant, maybe_smi:0) [v0/n39:(x), v0/n20:(x)] 🪦
[0;31m│[0;32m│  [0m  [0m44: StoreTaggedFieldWithWriteBarrier(0x10, constant, maybe_smi:1) [v0/n39:(x), v0/n33:(x)] 🪦
[0;31m│[0;32m│  [0m[0;34m  19 : b6                SetPendingMessage
[m[0;31m│[0;32m│  [0m  [0m46: SetPendingMessage [v0/n45:(x)] → (x)
[0;31m│[0;32m│  [0m[0;34m  26 : 0c                LdaZero
[m[0;31m│[0;32m│  [0m  [0m47: Jump b5
[0;31m│[0;32m│  [0m   ↓
[0;31m│[0;32m╰──►[0mBlock b5
[0;31m│   [0m[1;34m0x09b80101e019 <SharedFunctionInfo> (0x09b80104a7b1 <String[18]: "workloads/throw.js">:0:0)
[m[0;31m│   [0m[0;34m  58 : 42 f7 05          Add r2, FBV[5]
[m[0;31m│   [0m  [0m50: Float64Add [v0/n25:(x), v0/n49:(x)] → (x)
[0;31m│   [0m[0;34m  61 : 29 02             StaCurrentContextSlot [2]
[m[0;31m│   [0m  [0m51: Float64ToTagged[kCanonicalizeSmi] [v0/n50:(x)] → (x)
[0;31m│   [0m  [0m52: StoreContextSlotWithWriteBarrier(2, mutable) [v0/n2:(x), v0/n51:(x)]
[0;31m│   [0m      ↳ lazy @61 : {<closure>:n3:, <this>:n1:, <context>:n2:, r1:n5:, <accumulator>:n50:} (addr:0x10c00fc0ee0)
[0;31m│   [0m[0;34m  66 : 5b 0a             Inc FBV[10]
[m[0;31m│   [0m      ↱ eager @66 : {<closure>:n3:, <this>:n1:, <context>:n2:, r0:n50:, <accumulator>:n5:} (addr:0x10c00fc10d0)
[0;31m│   [0m  [0m53: Int32IncrementWithOverflow [v0/n11:(x)] → (x)
[0;31m│   [0m[0;34m  69 : 97 32 00 0b       JumpLoop [50], [0], FBV[11]
[m[0;31m│   [0m  [0m55: ReduceInterruptBudgetForLoop(40) [v0/n54:(x)]
[0;31m│   [0m      ↳ lazy @69 : {<closure>:n3:, <this>:n1:, <context>:n2:, r0:n50:, r1:n53:} (addr:0x10c00fc1278)
[0;31m│   [0m  [0m58: Int32ToNumber[kCanonicalizeSmi] [v0/n53:(x)] → (x)
[0;31m│   [0m  [0m57: Jump b6
[0;31m│   [0m   │  with gap moves:
[0;31m│   [0m   │    - v0/n51:(x) → 59: φᵀ r0 (x)
[0;31m│   [0m   │    - v0/n58:(x) → 60: φᵀ r1 (x)
[0;31m│   [0m   ▼
[0;31m│[0;32m╭──►[0mBlock b6 peeled (effects: ua c1)
[0;31m│[0;32m│  [0m  [0m59: φᵀ r0 (n51, n85) (compressed) → (x)
[0;31m│[0;32m│  [0m  [0m60: φᵀ r1 (n58, n90) (compressed) → (x)
[0;31m│[0;32m│  [0m[0;34m  25 : 79 f8 01 00       TestLessThan r1, EmbeddedFeedback[0x1]
[m[0;31m│[0;32m│  [0m      ↱ eager @25 : {<closure>:n3:, <this>:n1:, <context>:n2:, r0:n59:, r1:n60:, <accumulator>:n10:} (addr:0x10c00fc21b0)
[0;31m│[0;32m│  [0m  [0m61: CheckedSmiUntag [v0/n60:(x)] → (x)
[0;31m│[0;32m│  [0m[0;34m  29 : a8 2c             JumpIfFalse [44]
[m[0;31m│[0;32m│[0;33m╭───[0m63: BranchIfInt32Compare(LessThan) [v0/n61:(x), v0/n12:(x)] b7 b11
[0;31m│[0;32m│[0;33m│ [0m   ↓
[0;31m│[0;32m│[0;33m│  [0mBlock b7
[0;31m│[0;32m│[0;33m│ [0m[0;34m  31 : 18 02             LdaCurrentContextSlot [2]
[m[0;31m│[0;32m│[0;33m│ [0m  [0m64: LoadContextSlot(0x10, mutable) [v0/n2:(x)] → (x)
[0;31m│[0;32m│[0;33m│ [0m[0;34m  38 : 6d f6 f8 03       CallUndefinedReceiver1 r3, r1, FBV[3]
[m[0;31m│[0;32m│[0;33m│ [0m  [0m65: 🐢 CallKnownJSFunction(0x09b80101e0c1 <SharedFunctionInfo risky>, {Float64}) [v0/n18:(x), v0/n20:(x), v0/n21:(x), v0/n19:(x), v0/n60:(x)] → (x)
[0;31m│[0;32m│[0;33m│ [0m      ↳ lazy @38 : {<closure>:n3:, <this>:n1:, <context>:n2:, r1:n60:, r2:n64:} (addr:0x10c00fc2550)
[0;31m│[0;32m│[0;33m│ [0m[0;34m  42 : 42 f7 00          Add r2, FBV[0]
[m[0;31m│[0;32m│[0;33m│ [0m      ↱ eager @42 : {<closure>:n3:, <this>:n1:, <context>:n2:, r1:n60:, r2:n64:, <accumulator>:n65:} (addr:0x10c00fc26c0)
[0;31m│[0;32m│[0;33m│ [0m  [0m66: CheckedNumberToFloat64 [v0/n64:(x)] → (x)
[0;31m│[0;32m│[0;33m│ [0m      ↱ eager @42 : {<closure>:n3:, <this>:n1:, <context>:n2:, r1:n60:, r2:n64:, <accumulator>:n65:} (addr:0x10c00fc26c0)
[0;31m│[0;32m│[0;33m│ [0m  [0m67: CheckedNumberToFloat64 [v0/n65:(x)] → (x)
[0;31m│[0;32m│[0;33m│ [0m  [0m68: Float64Add [v0/n66:(x), v0/n67:(x)] → (x)
[0;31m│[0;32m│[0;33m│ [0m[0;34m  45 : 29 02             StaCurrentContextSlot [2]
[m[0;31m│[0;32m│[0;33m│ [0m  [0m69: Float64ToTagged[kCanonicalizeSmi] [v0/n68:(x)] → (x)
[0;31m│[0;32m│[0;33m│ [0m  [0m70: StoreContextSlotWithWriteBarrier(2, mutable) [v0/n2:(x), v0/n69:(x)]
[0;31m│[0;32m│[0;33m│ [0m      ↳ lazy @45 : {<closure>:n3:, <this>:n1:, <context>:n2:, r1:n60:} (addr:0x10c00fc29f0)
[0;31m│[0;32m│[0;33m│ [0m[1;34m0x09b80101e0f1 <SharedFunctionInfo bare> (0x09b80104a7b1 <String[18]: "workloads/throw.js">:34:13)
[m[0;31m│[0;32m│[0;33m│ [0m[0;34m   0 : 1b ff f9          Mov <context>, r0
[m[0;31m│[0;32m│[0;33m│ [0m  [0m71: Jump b8
[0;31m│[0;32m│[0;33m│ [0m   ↓
[0;31m│[0;32m│[0;33m│  [0mBlock b8
[0;31m│[0;32m│[0;33m│ [0m[1;34m0x09b80101e0f1 <SharedFunctionInfo bare> (0x09b80104a7b1 <String[18]: "workloads/throw.js">:0:0)
[m[0;31m│[0;32m│[0;33m│ [0m[0;34m   7 : 6d f8 03 02       CallUndefinedReceiver1 r1, a0, FBV[2]
[m[0;31m│[0;32m│[0;33m│ [0m  [0m72: 🐢 CallKnownJSFunction(0x09b80101e091 <SharedFunctionInfo mayThrow>, {}) [v0/n30:(x), v0/n20:(x), v0/n21:(x), v0/n19:(x), v0/n60:(x)] → (x)
[0;31m│[0;32m│[0;33m│ [0m      │      @54 : {<closure>:n3:, <this>:n1:, <context>:n2:, r1:n60:, r2:n68:} (addr:0x10c00fc2b80)
[0;31m│[0;32m│[0;33m│ [0m      ↳ lazy @7 : {<closure>:n28:, <this>:n21:, a0:n60:, <context>:n20:, r0:n20:} (addr:0x10c00fd75a0)
[0;31m│[0;32m│[0;33m│ [0m      ↳ throw @13 (b9) : {<this>:n21, a0:n60, <context>:n20}
[0;31m│[0;32m│[0;33m│ [0m[0;34m  11 : 98 0f             Jump [15]
[m[0;31m│[0;32m│[0;33m│[0;34m╭──[0m73: Jump b10
[0;31m│[0;32m│[0;33m│[0;34m│[0m
[0;31m│[0;32m│[0;33m│[0;34m│ [0mBlock b9 (exception handler)
[0;31m│[0;32m│[0;33m│[0;34m│[0m  [0m74: φᵀₑ <accumulator> (compressed) → (x)
[0;31m│[0;32m│[0;33m│[0;34m│[0m[0;34m  14 : 8f f8 01          CreateCatchContext r1, [1:0x09b80101e39d <ScopeInfo CATCH_SCOPE>]
[m[0;31m│[0;32m│[0;33m│[0;34m│[0m  [0m75: AllocationBlock(Young) → (x)
[0;31m│[0;32m│[0;33m│[0;34m│[0m  [0m76: InlinedAllocation(object 0x09b801014a9d <Map(CATCH_CONTEXT_TYPE)>) [v0/n75:(x)] → (x)
[0;31m│[0;32m│[0;33m│[0;34m│[0m  [0m77: StoreMap(0x09b801014a9d <Map(CATCH_CONTEXT_TYPE)>, InlinedAllocation) [v0/n76:(x)] 🪦
[0;31m│[0;32m│[0;33m│[0;34m│[0m  [0m78: StoreTaggedFieldNoWriteBarrier(0x4, mutable) [v0/n76:(x), v0/n37:(x)] 🪦
[0;31m│[0;32m│[0;33m│[0;34m│[0m  [0m79: StoreTaggedFieldWithWriteBarrier(0x8, constant, maybe_smi:0) [v0/n76:(x), v0/n36:(x)] 🪦
[0;31m│[0;32m│[0;33m│[0;34m│[0m  [0m80: StoreTaggedFieldWithWriteBarrier(0xc, constant, maybe_smi:0) [v0/n76:(x), v0/n20:(x)] 🪦
[0;31m│[0;32m│[0;33m│[0;34m│[0m  [0m81: StoreTaggedFieldWithWriteBarrier(0x10, constant, maybe_smi:1) [v0/n76:(x), v0/n74:(x)] 🪦
[0;31m│[0;32m│[0;33m│[0;34m│[0m[0;34m  19 : b6                SetPendingMessage
[m[0;31m│[0;32m│[0;33m│[0;34m│[0m  [0m82: SetPendingMessage [v0/n45:(x)] → (x)
[0;31m│[0;32m│[0;33m│[0;34m│[0m[0;34m  26 : 0c                LdaZero
[m[0;31m│[0;32m│[0;33m│[0;34m│[0m  [0m83: Jump b10
[0;31m│[0;32m│[0;33m│[0;34m│[0m   ↓
[0;31m│[0;32m│[0;33m│[0;34m╰►[0mBlock b10
[0;31m│[0;32m│[0;33m│ [0m[1;34m0x09b80101e019 <SharedFunctionInfo> (0x09b80104a7b1 <String[18]: "workloads/throw.js">:0:0)
[m[0;31m│[0;32m│[0;33m│ [0m[0;34m  58 : 42 f7 05          Add r2, FBV[5]
[m[0;31m│[0;32m│[0;33m│ [0m  [0m84: Float64Add [v0/n68:(x), v0/n49:(x)] → (x)
[0;31m│[0;32m│[0;33m│ [0m[0;34m  61 : 29 02             StaCurrentContextSlot [2]
[m[0;31m│[0;32m│[0;33m│ [0m  [0m85: Float64ToTagged[kCanonicalizeSmi] [v0/n84:(x)] → (x)
[0;31m│[0;32m│[0;33m│ [0m  [0m86: StoreContextSlotWithWriteBarrier(2, mutable) [v0/n2:(x), v0/n85:(x)]
[0;31m│[0;32m│[0;33m│ [0m      ↳ lazy @61 : {<closure>:n3:, <this>:n1:, <context>:n2:, r1:n60:, <accumulator>:n84:} (addr:0x10c00fd9048)
[0;31m│[0;32m│[0;33m│ [0m[0;34m  66 : 5b 0a             Inc FBV[10]
[m[0;31m│[0;32m│[0;33m│ [0m      ↱ eager @66 : {<closure>:n3:, <this>:n1:, <context>:n2:, r0:n84:, <accumulator>:n60:} (addr:0x10c00fd91a8)
[0;31m│[0;32m│[0;33m│ [0m  [0m87: Int32IncrementWithOverflow [v0/n61:(x)] → (x)
[0;31m│[0;32m│[0;33m│ [0m[0;34m  69 : 97 32 00 0b       JumpLoop [50], [0], FBV[11]
[m[0;31m│[0;32m│[0;33m│ [0m  [0m88: ReduceInterruptBudgetForLoop(40) [v0/n54:(x)]
[0;31m│[0;32m│[0;33m│ [0m      ↳ lazy @69 : {<closure>:n3:, <this>:n1:, <context>:n2:, r0:n84:, r1:n87:} (addr:0x10c00fd92a8)
[0;31m│[0;32m│[0;33m│ [0m  [0m90: Int32ToNumber[kCanonicalizeSmi] [v0/n87:(x)] → (x)
[0;31m│[0;32m│[0;33m│ [0m      ↱ eager @66 : {<closure>:n3:, <this>:n1:, <context>:n2:, r0:n84:, <accumulator>:n60:} (addr:0x10c00fd91a8)
[0;31m│[0;32m╰──◄─[0m89: JumpLoop b6
[0;31m│ [0;33m│ [0m      with gap moves:
[0;31m│ [0;33m│ [0m        - v0/n85:(x) → 59: φᵀ r0 (x)
[0;31m│ [0;33m│ [0m        - v0/n90:(x) → 60: φᵀ r1 (x)
[0;31m│ [0;33m│ [0m
[0;31m│ [0;33m╰─►[0mBlock b11
[0;31m│   [0m[0;34m  73 : 0b f9             Ldar r0
[m[0;31m│[0;32m╭────[0m91: Jump b13
[0;31m│[0;32m│  [0m      with gap moves:
[0;31m│[0;32m│  [0m        - v0/n59:(x) → 93: φᵀ r0 (x)
[0;31m│[0;32m│  [0m
[0;31m╰───►[0mBlock b12
 [0;32m│  [0m  [0m92: Jump b13
 [0;32m│  [0m   │  with gap moves:
 [0;32m│  [0m   │    - v0/n4:(x) → 93: φᵀ r0 (x)
 [0;32m│  [0m   ▼
 [0;32m╰──►[0mBlock b13
    [0m  [0m93: φᵀ r0 (n4, n59) (compressed) → (x)
    [0m[0;34m  75 : b9                Return
[m    [0m  [0m94: ReduceInterruptBudgetForReturn(75) [v0/n54:(x)]
    [0m  [0m95: Return [v0/n93:(x)]
    [0m

----- After register allocation pre-processing -----
Graph

    [0m   [0m1/54: Constant(0x09b80101e195 <FeedbackCell[one closure]>) → v-1, live range: [1-66]
    [0m   [0m2/18: Constant(0x09b80101e1ed <JSFunction risky (sfi = 0x9b80101e0c1)>) → v-1, live range: [2-62]
    [0m   [0m3/20: Constant(0x09b80101e1a5 <ScriptContext[3]>) → v-1, live range: [3-62]
    [0m   [0m4/21: Constant(0x09b801004925 <JSGlobalProxy>) → v-1, live range: [4-62]
    [0m   [0m5/28: Constant(0x09b80101e221 <JSFunction bare (sfi = 0x9b80101e0f1)>) → v-1, live range: [5-62]
    [0m   [0m6/30: Constant(0x09b80101e1b9 <JSFunction mayThrow (sfi = 0x9b80101e091)>) → v-1, live range: [6-62]
    [0m   [0m7/19: RootConstant(undefined_value) → v-1, live range: [7-62]
    [0m   [0m8/45: RootConstant(the_hole_value) → v-1, live range: [8-62]
    [0m   [0m9/10: SmiConstant(400000) → v-1, live range: [9-62]
    [0m  [0m10/12: Int32Constant(400000) → v-1, live range: [10-62]
    [0m  [0m11/49: Float64Constant(0) → v-1, live range: [11-62]
     [0mBlock b0
    [0m[1;34m0x09b80101e019 <SharedFunctionInfo> (0x09b80104a7b1 <String[18]: "workloads/throw.js">:0:0)
[m    [0m[0;34m  19 : 01 0d 80 1a 06 00 LdaSmi.ExtraWide [400000]
[m    [0m   [0m12/1: InitialValue(<this>) → v-1(=-6S), live range: [12-62]
    [0m   [0m13/2: InitialValue(<context>) → v-1(=-3S), live range: [13-62]
    [0m   [0m14/3: InitialValue(<closure>) → v-1(=-2S), live range: [14-62]
    [0m   [0m15/4: InitialValue(r0) → v-1(=3S), live range: [15-64]
    [0m   [0m16/5: InitialValue(r1) → v-1(=4S), live range: [16-36]
    [0m   [0m17/8: FunctionEntryStackCheck
    [0m         ↳ lazy @69 : {<closure>:n3:(x), <this>:n1:(x), <context>:n2:(x), r0:n4:(x), r1:n5:(x)} (addr:0x10c00fa69f0)
    [0m         ↱ eager @69 : {<closure>:n3:, <this>:n1:, <context>:n2:, r0:n4:, r1:n5:} (addr:0x10c00fa69f0)
    [0m   [0m18/9: CheckpointedJump b1
    [0m      ↓
     [0mBlock b1
    [0m[0;34m  25 : 79 f8 01 00       TestLessThan r1, EmbeddedFeedback[0x1]
[m    [0m         ↱ eager @25 : {<closure>:n3:(x), <this>:n1:(x), <context>:n2:(x), r0:n4:(x), r1:n5:(x), <accumulator>:n10:(x)} (addr:0x10c00fa82e8)
    [0m  [0m19/11: CheckedSmiUntag [v16/n5:v-1(R)] → v-1(0), live range: [19-36]
    [0m[0;34m  29 : a8 2c             JumpIfFalse [44]
[m[0;31m╭─────[0m20/14: BranchIfInt32Compare(LessThan) [v19/n11:v-1(R), v10/n12:v-1(R)] b2 b12
[0;31m│   [0m      ↓
[0;31m│    [0mBlock b2
[0;31m│   [0m[0;34m  31 : 18 02             LdaCurrentContextSlot [2]
[m[0;31m│   [0m  [0m21/17: LoadContextSlot(0x10, mutable) [v13/n2:v-1(R)] → v-1(R), live range: [21-24]
[0;31m│   [0m[0;34m  38 : 6d f6 f8 03       CallUndefinedReceiver1 r3, r1, FBV[3]
[m[0;31m│   [0m  [0m22/22: 🐢 CallKnownJSFunction(0x09b80101e0c1 <SharedFunctionInfo risky>, {Float64}) [v2/n18:v-1(=rdi), v3/n20:v-1(=rsi), v4/n21:v-1(*), v7/n19:v-1(=rdx), v16/n5:v-1(*)] → v-1(=rax), live range: [22-24]
[0;31m│   [0m         ↳ lazy @38 : {<closure>:n3:(x), <this>:n1:(x), <context>:n2:(x), r1:n5:(x), r2:n17:(x)} (addr:0x10c00fa9790)
[0;31m│   [0m[0;34m  42 : 42 f7 00          Add r2, FBV[0]
[m[0;31m│   [0m         ↱ eager @42 : {<closure>:n3:(x), <this>:n1:(x), <context>:n2:(x), r1:n5:(x), r2:n17:(x), <accumulator>:n22:(x)} (addr:0x10c00fa9900)
[0;31m│   [0m  [0m23/23: CheckedNumberToFloat64 [v21/n17:v-1(R)] → v-1(R), live range: [23-25]
[0;31m│   [0m         ↱ eager @42 : {<closure>:n3:(x), <this>:n1:(x), <context>:n2:(x), r1:n5:(x), r2:n17:(x), <accumulator>:n22:(x)} (addr:0x10c00fa9900)
[0;31m│   [0m  [0m24/24: CheckedNumberToFloat64 [v22/n22:v-1(R)] → v-1(R), live range: [24-25]
[0;31m│   [0m  [0m25/25: Float64Add [v23/n23:v-1(R), v24/n24:v-1(R)] → v-1(0), live range: [25-33]
[0;31m│   [0m[0;34m  45 : 29 02             StaCurrentContextSlot [2]
[m[0;31m│   [0m  [0m26/26: Float64ToTagged[kCanonicalizeSmi] [v25/n25:v-1(R)] → v-1(R), live range: [26-27]
[0;31m│   [0m  [0m27/27: StoreContextSlotWithWriteBarrier(2, mutable) [v13/n2:v-1(=rdi), v26/n26:v-1(R)]
[0;31m│   [0m         ↳ lazy @45 : {<closure>:n3:(x), <this>:n1:(x), <context>:n2:(x), r1:n5:(x)} (addr:0x10c00fa9c30)
[0;31m│   [0m[1;34m0x09b80101e0f1 <SharedFunctionInfo bare> (0x09b80104a7b1 <String[18]: "workloads/throw.js">:34:13)
[m[0;31m│   [0m[0;34m   0 : 1b ff f9          Mov <context>, r0
[m[0;31m│   [0m  [0m28/29: Jump b3
[0;31m│   [0m      ↓
[0;31m│    [0mBlock b3
[0;31m│   [0m[1;34m0x09b80101e0f1 <SharedFunctionInfo bare> (0x09b80104a7b1 <String[18]: "workloads/throw.js">:0:0)
[m[0;31m│   [0m[0;34m   7 : 6d f8 03 02       CallUndefinedReceiver1 r1, a0, FBV[2]
[m[0;31m│   [0m  [0m29/31: 🐢 CallKnownJSFunction(0x09b80101e091 <SharedFunctionInfo mayThrow>, {}) [v6/n30:v-1(=rdi), v3/n20:v-1(=rsi), v4/n21:v-1(*), v7/n19:v-1(=rdx), v16/n5:v-1(*)] → v-1(=rax)
[0;31m│   [0m         │      @54 : {<closure>:n3:(x), <this>:n1:(x), <context>:n2:(x), r1:n5:(x), r2:n25:(x)} (addr:0x10c00faaa68)
[0;31m│   [0m         ↳ lazy @7 : {<closure>:n28:(x), <this>:n21:(x), a0:n5:(x), <context>:n20:(x), r0:n20:(x)} (addr:0x10c00fbf568)
[0;31m│   [0m         ↳ throw (b4)
[0;31m│   [0m[0;34m  11 : 98 0f             Jump [15]
[m[0;31m│[0;32m╭────[0m30/32: Jump b5
[0;31m│[0;32m│  [0m
[0;31m│[0;32m│   [0mBlock b4 (exception handler)
[0;31m│[0;32m│  [0m[0;34m  19 : b6                SetPendingMessage
[m[0;31m│[0;32m│  [0m  [0m31/46: SetPendingMessage [v8/n45:v-1(R)] → v-1(R)
[0;31m│[0;32m│  [0m[0;34m  26 : 0c                LdaZero
[m[0;31m│[0;32m│  [0m  [0m32/47: Jump b5
[0;31m│[0;32m│  [0m      ↓
[0;31m│[0;32m╰──►[0mBlock b5
[0;31m│   [0m[1;34m0x09b80101e019 <SharedFunctionInfo> (0x09b80104a7b1 <String[18]: "workloads/throw.js">:0:0)
[m[0;31m│   [0m[0;34m  58 : 42 f7 05          Add r2, FBV[5]
[m[0;31m│   [0m  [0m33/50: Float64Add [v25/n25:v-1(R), v11/n49:v-1(R)] → v-1(0), live range: [33-37]
[0;31m│   [0m[0;34m  61 : 29 02             StaCurrentContextSlot [2]
[m[0;31m│   [0m  [0m34/51: Float64ToTagged[kCanonicalizeSmi] [v33/n50:v-1(R)] → v-1(R), live range: [34-39]
[0;31m│   [0m  [0m35/52: StoreContextSlotWithWriteBarrier(2, mutable) [v13/n2:v-1(=rdi), v34/n51:v-1(R)]
[0;31m│   [0m         ↳ lazy @61 : {<closure>:n3:(x), <this>:n1:(x), <context>:n2:(x), r1:n5:(x), <accumulator>:n50:(x)} (addr:0x10c00fc0ee0)
[0;31m│   [0m[0;34m  66 : 5b 0a             Inc FBV[10]
[m[0;31m│   [0m         ↱ eager @66 : {<closure>:n3:(x), <this>:n1:(x), <context>:n2:(x), r0:n50:(x), <accumulator>:n5:(x)} (addr:0x10c00fc10d0)
[0;31m│   [0m  [0m36/53: Int32IncrementWithOverflow [v19/n11:v-1(R)] → v-1(0), live range: [36-38]
[0;31m│   [0m[0;34m  69 : 97 32 00 0b       JumpLoop [50], [0], FBV[11]
[m[0;31m│   [0m  [0m37/55: ReduceInterruptBudgetForLoop(40) [v1/n54:v-1(R)]
[0;31m│   [0m         ↳ lazy @69 : {<closure>:n3:(x), <this>:n1:(x), <context>:n2:(x), r0:n50:(x), r1:n53:(x)} (addr:0x10c00fc1278)
[0;31m│   [0m  [0m38/58: Int32ToNumber[kCanonicalizeSmi] [v36/n53:v-1(R)] → v-1(R), live range: [38-39]
[0;31m│   [0m  [0m39/57: Jump b6
[0;31m│   [0m      │  with gap moves:
[0;31m│   [0m      │    - v34/n51:v-1(*) → 59: φᵀ r0 v-1(*)
[0;31m│   [0m      │    - v38/n58:v-1(*) → 60: φᵀ r1 v-1(*)
[0;31m│   [0m      ▼
[0;31m│[0;32m╭──►[0mBlock b6 peeled (effects: ua c1)
[0;31m│[0;32m│  [0m  [0m40/59: φᵀ r0 (n51, n85) → v-1(*), live range: [40-63]
[0;31m│[0;32m│  [0m  [0m41/60: φᵀ r1 (n58, n90) → v-1(*), live range: [41-59]
[0;31m│[0;32m│  [0m[0;34m  25 : 79 f8 01 00       TestLessThan r1, EmbeddedFeedback[0x1]
[m[0;31m│[0;32m│  [0m         ↱ eager @25 : {<closure>:n3:(x), <this>:n1:(x), <context>:n2:(x), r0:n59:(x), r1:n60:(x), <accumulator>:n10:(x)} (addr:0x10c00fc21b0)
[0;31m│[0;32m│  [0m  [0m42/61: CheckedSmiUntag [v41/n60:v-1(R)] → v-1(0), live range: [42-59]
[0;31m│[0;32m│  [0m[0;34m  29 : a8 2c             JumpIfFalse [44]
[m[0;31m│[0;32m│[0;33m╭───[0m43/63: BranchIfInt32Compare(LessThan) [v42/n61:v-1(R), v10/n12:v-1(R)] b7 b11
[0;31m│[0;32m│[0;33m│ [0m      ↓
[0;31m│[0;32m│[0;33m│  [0mBlock b7
[0;31m│[0;32m│[0;33m│ [0m[0;34m  31 : 18 02             LdaCurrentContextSlot [2]
[m[0;31m│[0;32m│[0;33m│ [0m  [0m44/64: LoadContextSlot(0x10, mutable) [v13/n2:v-1(R)] → v-1(R), live range: [44-47]
[0;31m│[0;32m│[0;33m│ [0m[0;34m  38 : 6d f6 f8 03       CallUndefinedReceiver1 r3, r1, FBV[3]
[m[0;31m│[0;32m│[0;33m│ [0m  [0m45/65: 🐢 CallKnownJSFunction(0x09b80101e0c1 <SharedFunctionInfo risky>, {Float64}) [v2/n18:v-1(=rdi), v3/n20:v-1(=rsi), v4/n21:v-1(*), v7/n19:v-1(=rdx), v41/n60:v-1(*)] → v-1(=rax), live range: [45-47]
[0;31m│[0;32m│[0;33m│ [0m         ↳ lazy @38 : {<closure>:n3:(x), <this>:n1:(x), <context>:n2:(x), r1:n60:(x), r2:n64:(x)} (addr:0x10c00fc2550)
[0;31m│[0;32m│[0;33m│ [0m[0;34m  42 : 42 f7 00          Add r2, FBV[0]
[m[0;31m│[0;32m│[0;33m│ [0m         ↱ eager @42 : {<closure>:n3:(x), <this>:n1:(x), <context>:n2:(x), r1:n60:(x), r2:n64:(x), <accumulator>:n65:(x)} (addr:0x10c00fc26c0)
[0;31m│[0;32m│[0;33m│ [0m  [0m46/66: CheckedNumberToFloat64 [v44/n64:v-1(R)] → v-1(R), live range: [46-48]
[0;31m│[0;32m│[0;33m│ [0m         ↱ eager @42 : {<closure>:n3:(x), <this>:n1:(x), <context>:n2:(x), r1:n60:(x), r2:n64:(x), <accumulator>:n65:(x)} (addr:0x10c00fc26c0)
[0;31m│[0;32m│[0;33m│ [0m  [0m47/67: CheckedNumberToFloat64 [v45/n65:v-1(R)] → v-1(R), live range: [47-48]
[0;31m│[0;32m│[0;33m│ [0m  [0m48/68: Float64Add [v46/n66:v-1(R), v47/n67:v-1(R)] → v-1(0), live range: [48-56]
[0;31m│[0;32m│[0;33m│ [0m[0;34m  45 : 29 02             StaCurrentContextSlot [2]
[m[0;31m│[0;32m│[0;33m│ [0m  [0m49/69: Float64ToTagged[kCanonicalizeSmi] [v48/n68:v-1(R)] → v-1(R), live range: [49-50]
[0;31m│[0;32m│[0;33m│ [0m  [0m50/70: StoreContextSlotWithWriteBarrier(2, mutable) [v13/n2:v-1(=rdi), v49/n69:v-1(R)]
[0;31m│[0;32m│[0;33m│ [0m         ↳ lazy @45 : {<closure>:n3:(x), <this>:n1:(x), <context>:n2:(x), r1:n60:(x)} (addr:0x10c00fc29f0)
[0;31m│[0;32m│[0;33m│ [0m[1;34m0x09b80101e0f1 <SharedFunctionInfo bare> (0x09b80104a7b1 <String[18]: "workloads/throw.js">:34:13)
[m[0;31m│[0;32m│[0;33m│ [0m[0;34m   0 : 1b ff f9          Mov <context>, r0
[m[0;31m│[0;32m│[0;33m│ [0m  [0m51/71: Jump b8
[0;31m│[0;32m│[0;33m│ [0m      ↓
[0;31m│[0;32m│[0;33m│  [0mBlock b8
[0;31m│[0;32m│[0;33m│ [0m[1;34m0x09b80101e0f1 <SharedFunctionInfo bare> (0x09b80104a7b1 <String[18]: "workloads/throw.js">:0:0)
[m[0;31m│[0;32m│[0;33m│ [0m[0;34m   7 : 6d f8 03 02       CallUndefinedReceiver1 r1, a0, FBV[2]
[m[0;31m│[0;32m│[0;33m│ [0m  [0m52/72: 🐢 CallKnownJSFunction(0x09b80101e091 <SharedFunctionInfo mayThrow>, {}) [v6/n30:v-1(=rdi), v3/n20:v-1(=rsi), v4/n21:v-1(*), v7/n19:v-1(=rdx), v41/n60:v-1(*)] → v-1(=rax)
[0;31m│[0;32m│[0;33m│ [0m         │      @54 : {<closure>:n3:(x), <this>:n1:(x), <context>:n2:(x), r1:n60:(x), r2:n68:(x)} (addr:0x10c00fc2b80)
[0;31m│[0;32m│[0;33m│ [0m         ↳ lazy @7 : {<closure>:n28:(x), <this>:n21:(x), a0:n60:(x), <context>:n20:(x), r0:n20:(x)} (addr:0x10c00fd75a0)
[0;31m│[0;32m│[0;33m│ [0m         ↳ throw (b9)
[0;31m│[0;32m│[0;33m│ [0m[0;34m  11 : 98 0f             Jump [15]
[m[0;31m│[0;32m│[0;33m│[0;34m╭──[0m53/73: Jump b10
[0;31m│[0;32m│[0;33m│[0;34m│[0m
[0;31m│[0;32m│[0;33m│[0;34m│ [0mBlock b9 (exception handler)
[0;31m│[0;32m│[0;33m│[0;34m│[0m[0;34m  19 : b6                SetPendingMessage
[m[0;31m│[0;32m│[0;33m│[0;34m│[0m  [0m54/82: SetPendingMessage [v8/n45:v-1(R)] → v-1(R)
[0;31m│[0;32m│[0;33m│[0;34m│[0m[0;34m  26 : 0c                LdaZero
[m[0;31m│[0;32m│[0;33m│[0;34m│[0m  [0m55/83: Jump b10
[0;31m│[0;32m│[0;33m│[0;34m│[0m      ↓
[0;31m│[0;32m│[0;33m│[0;34m╰►[0mBlock b10
[0;31m│[0;32m│[0;33m│ [0m[1;34m0x09b80101e019 <SharedFunctionInfo> (0x09b80104a7b1 <String[18]: "workloads/throw.js">:0:0)
[m[0;31m│[0;32m│[0;33m│ [0m[0;34m  58 : 42 f7 05          Add r2, FBV[5]
[m[0;31m│[0;32m│[0;33m│ [0m  [0m56/84: Float64Add [v48/n68:v-1(R), v11/n49:v-1(R)] → v-1(0), live range: [56-60]
[0;31m│[0;32m│[0;33m│ [0m[0;34m  61 : 29 02             StaCurrentContextSlot [2]
[m[0;31m│[0;32m│[0;33m│ [0m  [0m57/85: Float64ToTagged[kCanonicalizeSmi] [v56/n84:v-1(R)] → v-1(R), live range: [57-62]
[0;31m│[0;32m│[0;33m│ [0m  [0m58/86: StoreContextSlotWithWriteBarrier(2, mutable) [v13/n2:v-1(=rdi), v57/n85:v-1(R)]
[0;31m│[0;32m│[0;33m│ [0m         ↳ lazy @61 : {<closure>:n3:(x), <this>:n1:(x), <context>:n2:(x), r1:n60:(x), <accumulator>:n84:(x)} (addr:0x10c00fd9048)
[0;31m│[0;32m│[0;33m│ [0m[0;34m  66 : 5b 0a             Inc FBV[10]
[m[0;31m│[0;32m│[0;33m│ [0m         ↱ eager @66 : {<closure>:n3:(x), <this>:n1:(x), <context>:n2:(x), r0:n84:(x), <accumulator>:n60:(x)} (addr:0x10c00fd91a8)
[0;31m│[0;32m│[0;33m│ [0m  [0m59/87: Int32IncrementWithOverflow [v42/n61:v-1(R)] → v-1(0), live range: [59-61]
[0;31m│[0;32m│[0;33m│ [0m[0;34m  69 : 97 32 00 0b       JumpLoop [50], [0], FBV[11]
[m[0;31m│[0;32m│[0;33m│ [0m  [0m60/88: ReduceInterruptBudgetForLoop(40) [v1/n54:v-1(R)]
[0;31m│[0;32m│[0;33m│ [0m         ↳ lazy @69 : {<closure>:n3:(x), <this>:n1:(x), <context>:n2:(x), r0:n84:(x), r1:n87:(x)} (addr:0x10c00fd92a8)
[0;31m│[0;32m│[0;33m│ [0m  [0m61/90: Int32ToNumber[kCanonicalizeSmi] [v59/n87:v-1(R)] → v-1(R), live range: [61-62]
[0;31m│[0;32m│[0;33m│ [0m         ↱ eager @66 : {<closure>:n3:, <this>:n1:, <context>:n2:, r0:n84:, <accumulator>:n60:} (addr:0x10c00fd91a8)
[0;31m│[0;32m╰──◄─[0m62/89: JumpLoop b6
[0;31m│ [0;33m│ [0m         with gap moves:
[0;31m│ [0;33m│ [0m           - v57/n85:v-1(*) → 59: φᵀ r0 v-1(*)
[0;31m│ [0;33m│ [0m           - v61/n90:v-1(*) → 60: φᵀ r1 v-1(*)
[0;31m│ [0;33m│ [0m
[0;31m│ [0;33m╰─►[0mBlock b11
[0;31m│   [0m[0;34m  73 : 0b f9             Ldar r0
[m[0;31m│[0;32m╭────[0m63/91: Jump b13
[0;31m│[0;32m│  [0m         with gap moves:
[0;31m│[0;32m│  [0m           - v40/n59:v-1(*) → 93: φᵀ r0 v-1(*)
[0;31m│[0;32m│  [0m
[0;31m╰───►[0mBlock b12
 [0;32m│  [0m  [0m64/92: Jump b13
 [0;32m│  [0m      │  with gap moves:
 [0;32m│  [0m      │    - v15/n4:v-1(*) → 93: φᵀ r0 v-1(*)
 [0;32m│  [0m      ▼
 [0;32m╰──►[0mBlock b13
    [0m  [0m65/93: φᵀ r0 (n4, n59) → v-1(*), live range: [65-67]
    [0m[0;34m  75 : b9                Return
[m    [0m  [0m66/94: ReduceInterruptBudgetForReturn(75) [v1/n54:v-1(R)]
    [0m  [0m67/95: Return [v65/n93:v-1(=rax)]
    [0m

----- After register allocation -----
Graph

    [0m    [0m1/54: Constant(0x09b80101e195 <FeedbackCell[one closure]>) → v-1, live range: [1-66]
    [0m    [0m2/18: Constant(0x09b80101e1ed <JSFunction risky (sfi = 0x9b80101e0c1)>) → v-1, live range: [2-62]
    [0m    [0m3/20: Constant(0x09b80101e1a5 <ScriptContext[3]>) → v-1, live range: [3-62]
    [0m    [0m4/21: Constant(0x09b801004925 <JSGlobalProxy>) → v-1, live range: [4-62]
    [0m    [0m5/28: Constant(0x09b80101e221 <JSFunction bare (sfi = 0x9b80101e0f1)>) → v-1, live range: [5-62]
    [0m    [0m6/30: Constant(0x09b80101e1b9 <JSFunction mayThrow (sfi = 0x9b80101e091)>) → v-1, live range: [6-62]
    [0m    [0m7/19: RootConstant(undefined_value) → v-1, live range: [7-62]
    [0m    [0m8/45: RootConstant(the_hole_value) → v-1, live range: [8-62]
    [0m    [0m9/10: SmiConstant(400000) → v-1, live range: [9-62]
    [0m   [0m10/12: Int32Constant(400000) → v-1, live range: [10-62]
    [0m   [0m11/49: Float64Constant(0) → v-1, live range: [11-62]
     [0mBlock b0
    [0m[1;34m0x09b80101e019 <SharedFunctionInfo> (0x09b80104a7b1 <String[18]: "workloads/throw.js">:0:0)
[m    [0m[0;34m  19 : 01 0d 80 1a 06 00 LdaSmi.ExtraWide [400000]
[m    [0m    [0m12/1: InitialValue(<this>) → [stack:-6|t], live range: [12-62]
    [0m    [0m13/2: InitialValue(<context>) → [stack:-3|t], live range: [13-62]
    [0m    [0m14/3: InitialValue(<closure>) → [stack:-2|t], live range: [14-62]
    [0m    [0m15/4: InitialValue(r0) → [stack:3|t], live range: [15-64]
    [0m    [0m16/5: InitialValue(r1) → [stack:4|t], live range: [16-36]
    [0m    [0m17/8: FunctionEntryStackCheck
    [0m          ↳ lazy @69 : {<closure>:n3:[stack:-2|t], <this>:n1:[stack:-6|t], <context>:n2:[stack:-3|t], r0:n4:[stack:3|t], r1:n5:[stack:4|t]} (addr:0x10c00fa69f0)
    [0m          ↱ eager @69 : {<closure>:n3:, <this>:n1:, <context>:n2:, r0:n4:, r1:n5:} (addr:0x10c00fa69f0)
    [0m    [0m18/9: CheckpointedJump b1
    [0m       ↓
     [0mBlock b1
    [0m      [0m96: GapMove([stack:4|t] → [rax|R|t])
    [0m[0;34m  25 : 79 f8 01 00       TestLessThan r1, EmbeddedFeedback[0x1]
[m    [0m          ↱ eager @25 : {<closure>:n3:[stack:-2|t], <this>:n1:[stack:-6|t], <context>:n2:[stack:-3|t], r0:n4:[stack:3|t], r1:n5:[stack:4|t], <accumulator>:n10:[constant:v-1]} (addr:0x10c00fa82e8)
    [0m   [0m19/11: CheckedSmiUntag [v16/n5:[rax|R|t]] → [rax|R|w32] (spilled: [stack:0|w32]), live range: [19-36]
    [0m      [0m97: ConstantGapMove(n12 → [rcx|R|w32])
    [0m[0;34m  29 : a8 2c             JumpIfFalse [44]
[m[0;31m╭──────[0m20/14: BranchIfInt32Compare(LessThan) [v19/n11:[rax|R|w32], v10/n12:[rcx|R|w32]] b2 b12
[0;31m│   [0m       ↓
[0;31m│    [0mBlock b2
[0;31m│   [0m      [0m98: GapMove([stack:-3|t] → [rdi|R|t])
[0;31m│   [0m[0;34m  31 : 18 02             LdaCurrentContextSlot [2]
[m[0;31m│   [0m   [0m21/17: LoadContextSlot(0x10, mutable) [v13/n2:[rdi|R|t]] → [rsi|R|t] (spilled: [stack:2|t]), live range: [21-24]
[0;31m│   [0m      [0m99: ConstantGapMove(n18 → [rdi|R|t])
[0;31m│   [0m     [0m100: GapMove([rsi|R|t] → [rdx|R|t])
[0;31m│   [0m     [0m101: ConstantGapMove(n20 → [rsi|R|t])
[0;31m│   [0m     [0m102: GapMove([rdx|R|t] → [rbx|R|t])
[0;31m│   [0m     [0m103: ConstantGapMove(n19 → [rdx|R|t])
[0;31m│   [0m[0;34m  38 : 6d f6 f8 03       CallUndefinedReceiver1 r3, r1, FBV[3]
[m[0;31m│   [0m   [0m22/22: 🐢 CallKnownJSFunction(0x09b80101e0c1 <SharedFunctionInfo risky>, {Float64}) [v2/n18:[rdi|R|t], v3/n20:[rsi|R|t], v4/n21:[constant:v-1], v7/n19:[rdx|R|t], v16/n5:[stack:4|t]] → [rax|R|t], live range: [22-24]
[0;31m│   [0m          ↳ lazy @38 : {<closure>:n3:[stack:-2|t], <this>:n1:[stack:-6|t], <context>:n2:[stack:-3|t], r1:n5:[stack:4|t], r2:n17:[stack:2|t]} (addr:0x10c00fa9790)
[0;31m│   [0m     [0m104: GapMove([stack:2|t] → [rcx|R|t])
[0;31m│   [0m[0;34m  42 : 42 f7 00          Add r2, FBV[0]
[m[0;31m│   [0m          ↱ eager @42 : {<closure>:n3:[stack:-2|t], <this>:n1:[stack:-6|t], <context>:n2:[stack:-3|t], r1:n5:[stack:4|t], r2:n17:[stack:2|t], <accumulator>:n22:[rax|R|t]} (addr:0x10c00fa9900)
[0;31m│   [0m   [0m23/23: CheckedNumberToFloat64 [v21/n17:[rcx|R|t]] → [xmm0|R|f64], live range: [23-25]
[0;31m│   [0m     [0m105: GapMove([rax|R|t] → [rcx|R|t])
[0;31m│   [0m          ↱ eager @42 : {<closure>:n3:[stack:-2|t], <this>:n1:[stack:-6|t], <context>:n2:[stack:-3|t], r1:n5:[stack:4|t], r2:n17:[stack:2|t], <accumulator>:n22:[rcx|R|t]} (addr:0x10c00fa9900)
[0;31m│   [0m   [0m24/24: CheckedNumberToFloat64 [v22/n22:[rax|R|t]] → [xmm1|R|f64], live range: [24-25]
[0;31m│   [0m   [0m25/25: Float64Add [v23/n23:[xmm0|R|f64], v24/n24:[xmm1|R|f64]] → [xmm0|R|f64] (spilled: [fp_stack:1|f64]), live range: [25-33]
[0;31m│   [0m[0;34m  45 : 29 02             StaCurrentContextSlot [2]
[m[0;31m│   [0m   [0m26/26: Float64ToTagged[kCanonicalizeSmi] [v25/n25:[xmm0|R|f64]] → [rax|R|t], live range: [26-27]
[0;31m│   [0m     [0m106: GapMove([stack:-3|t] → [rdi|R|t])
[0;31m│   [0m   [0m27/27: StoreContextSlotWithWriteBarrier(2, mutable) [v13/n2:[rdi|R|t], v26/n26:[rax|R|t]]
[0;31m│   [0m          ↳ lazy @45 : {<closure>:n3:[stack:-2|t], <this>:n1:[stack:-6|t], <context>:n2:[stack:-3|t], r1:n5:[stack:4|t]} (addr:0x10c00fa9c30)
[0;31m│   [0m[1;34m0x09b80101e0f1 <SharedFunctionInfo bare> (0x09b80104a7b1 <String[18]: "workloads/throw.js">:34:13)
[m[0;31m│   [0m[0;34m   0 : 1b ff f9          Mov <context>, r0
[m[0;31m│   [0m   [0m28/29: Jump b3
[0;31m│   [0m       ↓
[0;31m│    [0mBlock b3
[0;31m│   [0m     [0m107: ConstantGapMove(n30 → [rdi|R|t])
[0;31m│   [0m     [0m108: ConstantGapMove(n20 → [rsi|R|t])
[0;31m│   [0m     [0m109: ConstantGapMove(n19 → [rdx|R|t])
[0;31m│   [0m[1;34m0x09b80101e0f1 <SharedFunctionInfo bare> (0x09b80104a7b1 <String[18]: "workloads/throw.js">:0:0)
[m[0;31m│   [0m[0;34m   7 : 6d f8 03 02       CallUndefinedReceiver1 r1, a0, FBV[2]
[m[0;31m│   [0m   [0m29/31: 🐢 CallKnownJSFunction(0x09b80101e091 <SharedFunctionInfo mayThrow>, {}) [v6/n30:[rdi|R|t], v3/n20:[rsi|R|t], v4/n21:[constant:v-1], v7/n19:[rdx|R|t], v16/n5:[stack:4|t]] → [rax|R|t]
[0;31m│   [0m          │      @54 : {<closure>:n3:[stack:-2|t], <this>:n1:[stack:-6|t], <context>:n2:[stack:-3|t], r1:n5:[stack:4|t], r2:n25:[fp_stack:1|f64]} (addr:0x10c00faaa68)
[0;31m│   [0m          ↳ lazy @7 : {<closure>:n28:[constant:v-1], <this>:n21:[constant:v-1], a0:n5:[stack:4|t], <context>:n20:[constant:v-1], r0:n20:[constant:v-1]} (addr:0x10c00fbf568)
[0;31m│   [0m          ↳ throw (b4)
[0;31m│   [0m[0;34m  11 : 98 0f             Jump [15]
[m[0;31m│[0;32m╭─────[0m30/32: Jump b5
[0;31m│[0;32m│  [0m
[0;31m│[0;32m│   [0mBlock b4 (exception handler)
[0;31m│[0;32m│  [0m     [0m110: ConstantGapMove(n45 → [rax|R|t])
[0;31m│[0;32m│  [0m[0;34m  19 : b6                SetPendingMessage
[m[0;31m│[0;32m│  [0m   [0m31/46: SetPendingMessage [v8/n45:[rax|R|t]] → [rcx|R|t]
[0;31m│[0;32m│  [0m[0;34m  26 : 0c                LdaZero
[m[0;31m│[0;32m│  [0m   [0m32/47: Jump b5
[0;31m│[0;32m│  [0m       ↓
[0;31m│[0;32m╰──►[0mBlock b5
[0;31m│   [0m     [0m111: GapMove([fp_stack:1|f64] → [xmm0|R|f64])
[0;31m│   [0m     [0m112: ConstantGapMove(n49 → [xmm1|R|f64])
[0;31m│   [0m[1;34m0x09b80101e019 <SharedFunctionInfo> (0x09b80104a7b1 <String[18]: "workloads/throw.js">:0:0)
[m[0;31m│   [0m[0;34m  58 : 42 f7 05          Add r2, FBV[5]
[m[0;31m│   [0m   [0m33/50: Float64Add [v25/n25:[xmm0|R|f64], v11/n49:[xmm1|R|f64]] → [xmm0|R|f64] (spilled: [fp_stack:2|f64]), live range: [33-37]
[0;31m│   [0m[0;34m  61 : 29 02             StaCurrentContextSlot [2]
[m[0;31m│   [0m   [0m34/51: Float64ToTagged[kCanonicalizeSmi] [v33/n50:[xmm0|R|f64]] → [rcx|R|t], live range: [34-39]
[0;31m│   [0m     [0m113: GapMove([stack:-3|t] → [rdi|R|t])
[0;31m│   [0m   [0m35/52: StoreContextSlotWithWriteBarrier(2, mutable) [v13/n2:[rdi|R|t], v34/n51:[rcx|R|t]]
[0;31m│   [0m          ↳ lazy @61 : {<closure>:n3:[stack:-2|t], <this>:n1:[stack:-6|t], <context>:n2:[stack:-3|t], r1:n5:[stack:4|t], <accumulator>:n50:[fp_stack:2|f64]} (addr:0x10c00fc0ee0)
[0;31m│   [0m     [0m114: GapMove([stack:0|w32] → [rdx|R|w32])
[0;31m│   [0m[0;34m  66 : 5b 0a             Inc FBV[10]
[m[0;31m│   [0m          ↱ eager @66 : {<closure>:n3:[stack:-2|t], <this>:n1:[stack:-6|t], <context>:n2:[rdi|R|t], r0:n50:[xmm0|R|f64], <accumulator>:n5:[stack:4|t]} (addr:0x10c00fc10d0)
[0;31m│   [0m   [0m36/53: Int32IncrementWithOverflow [v19/n11:[rdx|R|w32]] → [rdx|R|w32] (spilled: [stack:3|w32]), live range: [36-38]
[0;31m│   [0m     [0m115: ConstantGapMove(n54 → [rbx|R|t])
[0;31m│   [0m[0;34m  69 : 97 32 00 0b       JumpLoop [50], [0], FBV[11]
[m[0;31m│   [0m   [0m37/55: ReduceInterruptBudgetForLoop(40) [v1/n54:[rbx|R|t]]
[0;31m│   [0m          ↳ lazy @69 : {<closure>:n3:[stack:-2|t], <this>:n1:[stack:-6|t], <context>:n2:[stack:-3|t], r0:n50:[fp_stack:2|f64], r1:n53:[stack:3|w32]} (addr:0x10c00fc1278)
[0;31m│   [0m   [0m38/58: Int32ToNumber[kCanonicalizeSmi] [v36/n53:[rdx|R|w32]] → [rsi|R|t], live range: [38-39]
[0;31m│   [0m   [0m39/57: Jump b6
[0;31m│   [0m       │  with gap moves:
[0;31m│   [0m       │    - v34/n51:[rcx|R|t] → 59: φᵀ r0 [rcx|R|t]
[0;31m│   [0m       │    - v38/n58:[rsi|R|t] → 60: φᵀ r1 [rsi|R|t]
[0;31m│   [0m       │  with register merges:
[0;31m│   [0m       ▼
[0;31m│[0;32m╭──►[0mBlock b6 peeled (effects: ua c1)
[0;31m│[0;32m│  [0m   [0m40/59: φᵀ r0 (n51, n85) (decompressed) → [rcx|R|t] (spilled: [stack:4|t]), live range: [40-63]
[0;31m│[0;32m│  [0m   [0m41/60: φᵀ r1 (n58, n90) (decompressed) → [rsi|R|t] (spilled: [stack:2|t]), live range: [41-59]
[0;31m│[0;32m│  [0m     [0m116: GapMove([rsi|R|t] → [rdx|R|t])
[0;31m│[0;32m│  [0m[0;34m  25 : 79 f8 01 00       TestLessThan r1, EmbeddedFeedback[0x1]
[m[0;31m│[0;32m│  [0m          ↱ eager @25 : {<closure>:n3:[stack:-2|t], <this>:n1:[stack:-6|t], <context>:n2:[rdi|R|t], r0:n59:[rcx|R|t], r1:n60:[rdx|R|t], <accumulator>:n10:[constant:v-1]} (addr:0x10c00fc21b0)
[0;31m│[0;32m│  [0m   [0m42/61: CheckedSmiUntag [v41/n60:[rsi|R|t]] → [rsi|R|w32] (spilled: [stack:3|w32]), live range: [42-59]
[0;31m│[0;32m│  [0m     [0m117: ConstantGapMove(n12 → [r8|R|w32])
[0;31m│[0;32m│  [0m[0;34m  29 : a8 2c             JumpIfFalse [44]
[m[0;31m│[0;32m│[0;33m╭────[0m43/63: BranchIfInt32Compare(LessThan) [v42/n61:[rsi|R|w32], v10/n12:[r8|R|w32]] b7 b11
[0;31m│[0;32m│[0;33m│ [0m       ↓
[0;31m│[0;32m│[0;33m│  [0mBlock b7
[0;31m│[0;32m│[0;33m│ [0m[0;34m  31 : 18 02             LdaCurrentContextSlot [2]
[m[0;31m│[0;32m│[0;33m│ [0m   [0m44/64: LoadContextSlot(0x10, mutable) [v13/n2:[rdi|R|t]] → [r12|R|t] (spilled: [stack:1|t]), live range: [44-47]
[0;31m│[0;32m│[0;33m│ [0m     [0m118: ConstantGapMove(n18 → [rdi|R|t])
[0;31m│[0;32m│[0;33m│ [0m     [0m119: GapMove([rsi|R|w32] → [r9|R|w32])
[0;31m│[0;32m│[0;33m│ [0m     [0m120: ConstantGapMove(n20 → [rsi|R|t])
[0;31m│[0;32m│[0;33m│ [0m     [0m121: GapMove([rdx|R|t] → [r11|R|t])
[0;31m│[0;32m│[0;33m│ [0m     [0m122: ConstantGapMove(n19 → [rdx|R|t])
[0;31m│[0;32m│[0;33m│ [0m[0;34m  38 : 6d f6 f8 03       CallUndefinedReceiver1 r3, r1, FBV[3]
[m[0;31m│[0;32m│[0;33m│ [0m   [0m45/65: 🐢 CallKnownJSFunction(0x09b80101e0c1 <SharedFunctionInfo risky>, {Float64}) [v2/n18:[rdi|R|t], v3/n20:[rsi|R|t], v4/n21:[constant:v-1], v7/n19:[rdx|R|t], v41/n60:[r11|R|t]] → [rax|R|t], live range: [45-47]
[0;31m│[0;32m│[0;33m│ [0m          ↳ lazy @38 : {<closure>:n3:[stack:-2|t], <this>:n1:[stack:-6|t], <context>:n2:[stack:-3|t], r1:n60:[stack:2|t], r2:n64:[stack:1|t]} (addr:0x10c00fc2550)
[0;31m│[0;32m│[0;33m│ [0m     [0m123: GapMove([stack:1|t] → [rcx|R|t])
[0;31m│[0;32m│[0;33m│ [0m[0;34m  42 : 42 f7 00          Add r2, FBV[0]
[m[0;31m│[0;32m│[0;33m│ [0m          ↱ eager @42 : {<closure>:n3:[stack:-2|t], <this>:n1:[stack:-6|t], <context>:n2:[stack:-3|t], r1:n60:[stack:2|t], r2:n64:[stack:1|t], <accumulator>:n65:[rax|R|t]} (addr:0x10c00fc26c0)
[0;31m│[0;32m│[0;33m│ [0m   [0m46/66: CheckedNumberToFloat64 [v44/n64:[rcx|R|t]] → [xmm0|R|f64], live range: [46-48]
[0;31m│[0;32m│[0;33m│ [0m     [0m124: GapMove([rax|R|t] → [rcx|R|t])
[0;31m│[0;32m│[0;33m│ [0m          ↱ eager @42 : {<closure>:n3:[stack:-2|t], <this>:n1:[stack:-6|t], <context>:n2:[stack:-3|t], r1:n60:[stack:2|t], r2:n64:[stack:1|t], <accumulator>:n65:[rcx|R|t]} (addr:0x10c00fc26c0)
[0;31m│[0;32m│[0;33m│ [0m   [0m47/67: CheckedNumberToFloat64 [v45/n65:[rax|R|t]] → [xmm1|R|f64], live range: [47-48]
[0;31m│[0;32m│[0;33m│ [0m   [0m48/68: Float64Add [v46/n66:[xmm0|R|f64], v47/n67:[xmm1|R|f64]] → [xmm0|R|f64] (spilled: [fp_stack:2|f64]), live range: [48-56]
[0;31m│[0;32m│[0;33m│ [0m[0;34m  45 : 29 02             StaCurrentContextSlot [2]
[m[0;31m│[0;32m│[0;33m│ [0m   [0m49/69: Float64ToTagged[kCanonicalizeSmi] [v48/n68:[xmm0|R|f64]] → [rax|R|t], live range: [49-50]
[0;31m│[0;32m│[0;33m│ [0m     [0m125: GapMove([stack:-3|t] → [rdi|R|t])
[0;31m│[0;32m│[0;33m│ [0m   [0m50/70: StoreContextSlotWithWriteBarrier(2, mutable) [v13/n2:[rdi|R|t], v49/n69:[rax|R|t]]
[0;31m│[0;32m│[0;33m│ [0m          ↳ lazy @45 : {<closure>:n3:[stack:-2|t], <this>:n1:[stack:-6|t], <context>:n2:[stack:-3|t], r1:n60:[stack:2|t]} (addr:0x10c00fc29f0)
[0;31m│[0;32m│[0;33m│ [0m[1;34m0x09b80101e0f1 <SharedFunctionInfo bare> (0x09b80104a7b1 <String[18]: "workloads/throw.js">:34:13)
[m[0;31m│[0;32m│[0;33m│ [0m[0;34m   0 : 1b ff f9          Mov <context>, r0
[m[0;31m│[0;32m│[0;33m│ [0m   [0m51/71: Jump b8
[0;31m│[0;32m│[0;33m│ [0m       ↓
[0;31m│[0;32m│[0;33m│  [0mBlock b8
[0;31m│[0;32m│[0;33m│ [0m     [0m126: ConstantGapMove(n30 → [rdi|R|t])
[0;31m│[0;32m│[0;33m│ [0m     [0m127: ConstantGapMove(n20 → [rsi|R|t])
[0;31m│[0;32m│[0;33m│ [0m     [0m128: ConstantGapMove(n19 → [rdx|R|t])
[0;31m│[0;32m│[0;33m│ [0m[1;34m0x09b80101e0f1 <SharedFunctionInfo bare> (0x09b80104a7b1 <String[18]: "workloads/throw.js">:0:0)
[m[0;31m│[0;32m│[0;33m│ [0m[0;34m   7 : 6d f8 03 02       CallUndefinedReceiver1 r1, a0, FBV[2]
[m[0;31m│[0;32m│[0;33m│ [0m   [0m52/72: 🐢 CallKnownJSFunction(0x09b80101e091 <SharedFunctionInfo mayThrow>, {}) [v6/n30:[rdi|R|t], v3/n20:[rsi|R|t], v4/n21:[constant:v-1], v7/n19:[rdx|R|t], v41/n60:[stack:2|t]] → [rax|R|t]
[0;31m│[0;32m│[0;33m│ [0m          │      @54 : {<closure>:n3:[stack:-2|t], <this>:n1:[stack:-6|t], <context>:n2:[stack:-3|t], r1:n60:[stack:2|t], r2:n68:[fp_stack:2|f64]} (addr:0x10c00fc2b80)
[0;31m│[0;32m│[0;33m│ [0m          ↳ lazy @7 : {<closure>:n28:[constant:v-1], <this>:n21:[constant:v-1], a0:n60:[stack:2|t], <context>:n20:[constant:v-1], r0:n20:[constant:v-1]} (addr:0x10c00fd75a0)
[0;31m│[0;32m│[0;33m│ [0m          ↳ throw (b9)
[0;31m│[0;32m│[0;33m│ [0m[0;34m  11 : 98 0f             Jump [15]
[m[0;31m│[0;32m│[0;33m│[0;34m╭───[0m53/73: Jump b10
[0;31m│[0;32m│[0;33m│[0;34m│[0m
[0;31m│[0;32m│[0;33m│[0;34m│ [0mBlock b9 (exception handler)
[0;31m│[0;32m│[0;33m│[0;34m│[0m     [0m129: ConstantGapMove(n45 → [rax|R|t])
[0;31m│[0;32m│[0;33m│[0;34m│[0m[0;34m  19 : b6                SetPendingMessage
[m[0;31m│[0;32m│[0;33m│[0;34m│[0m   [0m54/82: SetPendingMessage [v8/n45:[rax|R|t]] → [rcx|R|t]
[0;31m│[0;32m│[0;33m│[0;34m│[0m[0;34m  26 : 0c                LdaZero
[m[0;31m│[0;32m│[0;33m│[0;34m│[0m   [0m55/83: Jump b10
[0;31m│[0;32m│[0;33m│[0;34m│[0m       ↓
[0;31m│[0;32m│[0;33m│[0;34m╰►[0mBlock b10
[0;31m│[0;32m│[0;33m│ [0m     [0m130: GapMove([fp_stack:2|f64] → [xmm0|R|f64])
[0;31m│[0;32m│[0;33m│ [0m     [0m131: ConstantGapMove(n49 → [xmm1|R|f64])
[0;31m│[0;32m│[0;33m│ [0m[1;34m0x09b80101e019 <SharedFunctionInfo> (0x09b80104a7b1 <String[18]: "workloads/throw.js">:0:0)
[m[0;31m│[0;32m│[0;33m│ [0m[0;34m  58 : 42 f7 05          Add r2, FBV[5]
[m[0;31m│[0;32m│[0;33m│ [0m   [0m56/84: Float64Add [v48/n68:[xmm0|R|f64], v11/n49:[xmm1|R|f64]] → [xmm0|R|f64] (spilled: [fp_stack:4|f64]), live range: [56-60]
[0;31m│[0;32m│[0;33m│ [0m[0;34m  61 : 29 02             StaCurrentContextSlot [2]
[m[0;31m│[0;32m│[0;33m│ [0m   [0m57/85: Float64ToTagged[kCanonicalizeSmi] [v56/n84:[xmm0|R|f64]] → [rcx|R|t], live range: [57-62]
[0;31m│[0;32m│[0;33m│ [0m     [0m132: GapMove([stack:-3|t] → [rdi|R|t])
[0;31m│[0;32m│[0;33m│ [0m   [0m58/86: StoreContextSlotWithWriteBarrier(2, mutable) [v13/n2:[rdi|R|t], v57/n85:[rcx|R|t]]
[0;31m│[0;32m│[0;33m│ [0m          ↳ lazy @61 : {<closure>:n3:[stack:-2|t], <this>:n1:[stack:-6|t], <context>:n2:[stack:-3|t], r1:n60:[stack:2|t], <accumulator>:n84:[fp_stack:4|f64]} (addr:0x10c00fd9048)
[0;31m│[0;32m│[0;33m│ [0m     [0m133: GapMove([stack:3|w32] → [rdx|R|w32])
[0;31m│[0;32m│[0;33m│ [0m[0;34m  66 : 5b 0a             Inc FBV[10]
[m[0;31m│[0;32m│[0;33m│ [0m          ↱ eager @66 : {<closure>:n3:[stack:-2|t], <this>:n1:[stack:-6|t], <context>:n2:[rdi|R|t], r0:n84:[xmm0|R|f64], <accumulator>:n60:[stack:2|t]} (addr:0x10c00fd91a8)
[0;31m│[0;32m│[0;33m│ [0m   [0m59/87: Int32IncrementWithOverflow [v42/n61:[rdx|R|w32]] → [rdx|R|w32] (spilled: [stack:5|w32]), live range: [59-61]
[0;31m│[0;32m│[0;33m│ [0m     [0m134: ConstantGapMove(n54 → [rbx|R|t])
[0;31m│[0;32m│[0;33m│ [0m[0;34m  69 : 97 32 00 0b       JumpLoop [50], [0], FBV[11]
[m[0;31m│[0;32m│[0;33m│ [0m   [0m60/88: ReduceInterruptBudgetForLoop(40) [v1/n54:[rbx|R|t]]
[0;31m│[0;32m│[0;33m│ [0m          ↳ lazy @69 : {<closure>:n3:[stack:-2|t], <this>:n1:[stack:-6|t], <context>:n2:[stack:-3|t], r0:n84:[fp_stack:4|f64], r1:n87:[stack:5|w32]} (addr:0x10c00fd92a8)
[0;31m│[0;32m│[0;33m│ [0m   [0m61/90: Int32ToNumber[kCanonicalizeSmi] [v59/n87:[rdx|R|w32]] → [rsi|R|t], live range: [61-62]
[0;31m│[0;32m│[0;33m│ [0m          ↱ eager @66 : {<closure>:n3:, <this>:n1:, <context>:n2:, r0:n84:, <accumulator>:n60:} (addr:0x10c00fd91a8)
[0;31m│[0;32m╰──◄──[0m62/89: JumpLoop b6
[0;31m│ [0;33m│ [0m          with gap moves:
[0;31m│ [0;33m│ [0m            - v57/n85:[rcx|R|t] → 59: φᵀ r0 [rcx|R|t]
[0;31m│ [0;33m│ [0m            - v61/n90:[rsi|R|t] → 60: φᵀ r1 [rsi|R|t]
[0;31m│ [0;33m│ [0m          with register merges:
[0;31m│ [0;33m│ [0m
[0;31m│ [0;33m╰─►[0mBlock b11
[0;31m│   [0m[0;34m  73 : 0b f9             Ldar r0
[m[0;31m│[0;32m╭─────[0m63/91: Jump b13
[0;31m│[0;32m│  [0m          with gap moves:
[0;31m│[0;32m│  [0m            - v40/n59:[rcx|R|t] → 93: φᵀ r0 [rcx|R|t]
[0;31m│[0;32m│  [0m          with register merges:
[0;31m│[0;32m│  [0m            - [rbx|R|t] → rbx
[0;31m│[0;32m│  [0m
[0;31m╰───►[0mBlock b12
 [0;32m│  [0m   [0m64/92: Jump b13
 [0;32m│  [0m       │  with gap moves:
 [0;32m│  [0m       │    - v15/n4:[stack:3|t] → 93: φᵀ r0 [rcx|R|t]
 [0;32m│  [0m       │  with register merges:
 [0;32m│  [0m       │    - [constant:v-1] → rbx
 [0;32m│  [0m       ▼
 [0;32m╰──►[0mBlock b13
    [0m   [0m65/93: φᵀ r0 (n4, n59) (decompressed) → [rcx|R|t], live range: [65-67]
    [0m[0;34m  75 : b9                Return
[m    [0m   [0m66/94: ReduceInterruptBudgetForReturn(75) [v1/n54:[rbx|R|t]]
    [0m     [0m135: GapMove([rcx|R|t] → [rax|R|t])
    [0m   [0m67/95: Return [v65/n93:[rax|R|t]]
    [0m
