Compiling 0x09b80101e291 <JSFunction sum (sfi = 0x9b80101e149)> with Maglev
----- Bytecode array -----
Parameter count 2
Register count 3
Frame size 24
  298 S> 0x31a01000254 @    0 : 0c                LdaZero
         0x31a01000255 @    1 : d4                Star0
  316 S> 0x31a01000256 @    2 : 0c                LdaZero
         0x31a01000257 @    3 : d3                Star1
  327 S> 0x31a01000258 @    4 : 33 03 00 00       GetNamedProperty a0, [0:"length"], FBV[0]
  321 E> 0x31a0100025c @    8 : 79 f8 01 00       TestLessThan r1, EmbeddedFeedback[0x1]
         0x31a01000260 @   12 : a8 17             JumpIfFalse [23] (0x31a01000277 @ 35)
  340 S> 0x31a01000262 @   14 : 0b f8             Ldar r1
  348 E> 0x31a01000264 @   16 : 35 03 03          GetKeyedProperty a0, FBV[3]
         0x31a01000267 @   19 : 42 f9 02          Add r0, FBV[2]
         0x31a0100026a @   22 : 1b f9 f7          Mov r0, r2
         0x31a0100026d @   25 : d4                Star0
  336 S> 0x31a0100026e @   26 : 0b f8             Ldar r1
         0x31a01000270 @   28 : 5b 05             Inc FBV[5]
         0x31a01000272 @   30 : d3                Star1
  303 E> 0x31a01000273 @   31 : 97 1b 00 06       JumpLoop [27], [0], FBV[6] (0x31a01000258 @ 4)
  355 S> 0x31a01000277 @   35 : 0b f9             Ldar r0
  364 S> 0x31a01000279 @   37 : b9                Return
Constant pool (size = 1)
0x31a01000221: [TrustedFixedArray]
 - map: 0x09b800000605 <Map(TRUSTED_FIXED_ARRAY_TYPE)>
 - length: 1
           0: 0x09b800000e19 <String[6]: #length>
Handler Table (size = 0)
Source Position Table (size = 25)
0x031a0100027d <Other heap object (TRUSTED_BYTE_ARRAY_TYPE)>
0x9b80101e501: [FeedbackVector] in OldSpace
 - map: 0x09b800000899 <Map(FEEDBACK_VECTOR_TYPE)>
 - length: 7
 - shared function info: 0x09b80101e149 <SharedFunctionInfo sum>
 - tiering_in_progress: 0
 - osr_tiering_in_progress: 0
 - invocation count: 5
 - closure feedback cell array: 0x9b8000021d9: [ClosureFeedbackCellArray] in ReadOnlySpace
 - map: 0x09b800000871 <Map(CLOSURE_FEEDBACK_CELL_ARRAY_TYPE)>
 - length: 0
 - elements:

 - slot #0 LoadProperty POLYMORPHIC
   [weak] 0x09b80100d091 <Map[16](HOLEY_SMI_ELEMENTS)>: LoadHandler(Smi)(kind = kField, is in object = 1, is double = 0, storage offset in words = 3, descriptor index = 2046)
   [weak] 0x09b80100ca11 <Map[16](PACKED_SMI_ELEMENTS)>: LoadHandler(Smi)(kind = kField, is in object = 1, is double = 0, storage offset in words = 3, descriptor index = 2046) {
     [0]: 0x09b80104c9a1 <WeakFixedArray[4]>
     [1]: 0x09b800000e95 <Symbol: (uninitialized_symbol)>
  }
 - slot #2 BinaryOp BinaryOp:SignedSmall {
     [2]: 1
  }
 - slot #3 LoadKeyed POLYMORPHIC
   [weak] 0x09b80100d091 <Map[16](HOLEY_SMI_ELEMENTS)>: LoadHandler(Smi)(kind = kElement, allow out of bounds = 0, is JSArray = 1, allow reading holes = 0, elements kind = HOLEY_SMI_ELEMENTS)
   [weak] 0x09b80100ca11 <Map[16](PACKED_SMI_ELEMENTS)>: LoadHandler(Smi)(kind = kElementWithTransition, allow out of bounds = 0, is JSArray = 1, allow reading holes = 0, elements kind = HOLEY_SMI_ELEMENTS) {
     [3]: 0x09b80104c9b9 <WeakFixedArray[4]>
     [4]: 0x09b800000e95 <Symbol: (uninitialized_symbol)>
  }
 - slot #5 BinaryOp BinaryOp:SignedSmall {
     [5]: 1
  }
 - slot #6 JumpLoop JumpLoop {
     [6]: [cleared]
  }

----- After graph building -----
Graph

   [0m  [0m24: Constant(0x09b80101e239 <FeedbackCell[one closure]>), 3 uses
   [0m   [0m3: Constant(0x09b80101e291 <JSFunction sum (sfi = 0x9b80101e149)>), 5 uses
   [0m   [0m4: Constant(0x09b80101e279 <ScriptContext[4]>), 5 uses
   [0m   [0m5: RootConstant(undefined_value), 0 uses 🪦
   [0m  [0m16: RootConstant(true_value), 0 uses 🪦
   [0m  [0m15: RootConstant(false_value), 0 uses 🪦
   [0m  [0m26: RootConstant(optimized_out), 0 uses 🪦
   [0m   [0m8: SmiConstant(0), 3 uses
   [0m  [0m29: SmiConstant(1), 1 uses
   [0m  [0m11: Int32Constant(0), 4 uses, cannot truncate to int32
   [0m  [0m23: Int32Constant(1), 1 uses, cannot truncate to int32
    [0mBlock b0
   [0m[1;34m0x09b80101e149 <SharedFunctionInfo sum> (0x09b80104a7b1 <String[18]: "workloads/mixed.js">:4:12)
[m   [0m[0;34m   0 : 0c                LdaZero
[m   [0m   [0m1: InitialValue(<this>), 5 uses
   [0m   [0m2: InitialValue(a0), 8 uses
   [0m   [0m6: FunctionEntryStackCheck
   [0m      ↳ lazy @-1 (3 live vars)
   [0m   [0m7: Jump b1
   [0m   ↓
    [0mBlock b1
   [0m[1;34m0x09b80101e149 <SharedFunctionInfo sum> (0x09b80104a7b1 <String[18]: "workloads/mixed.js">:6:26)
[m   [0m[0;34m   4 : 33 03 00 00       GetNamedProperty a0, [0:"length"], FBV[0]
[m   [0m      ↱ eager @4 (5 live vars)
   [0m   [0m9: CheckMaps(0x09b80100d091 <Map[16](HOLEY_SMI_ELEMENTS)>, 0x09b80100ca11 <Map[16](PACKED_SMI_ELEMENTS)>, check heapobj) [n2]
   [0m  [0m10: LoadTaggedField(0xc: 0x09b800000e19 <String[6]: #length>, compressed, Smi) [n2], 2 uses
   [0m[1;34m0x09b80101e149 <SharedFunctionInfo sum> (0x09b80104a7b1 <String[18]: "workloads/mixed.js">:6:20)
[m   [0m[0;34m   8 : 79 f8 01 00       TestLessThan r1, EmbeddedFeedback[0x1]
[m   [0m  [0m12: UnsafeSmiUntag [n10], 6 uses, cannot truncate to int32
   [0m  [0m13: Int32Compare[LessThan] [n11, n12], 0 uses 🪦
   [0m[0;34m  12 : a8 17             JumpIfFalse [23]
[m[0;31m╭────[0m14: BranchIfInt32Compare(LessThan) [n11, n12] b2 b6
[0;31m│  [0m   ↓
[0;31m│   [0mBlock b2
[0;31m│  [0m[1;34m0x09b80101e149 <SharedFunctionInfo sum> (0x09b80104a7b1 <String[18]: "workloads/mixed.js">:6:47)
[m[0;31m│  [0m[0;34m  16 : 35 03 03          GetKeyedProperty a0, FBV[3]
[m[0;31m│  [0m  [0m17: LoadTaggedField(0x8, compressed) [n2], 2 uses
[0;31m│  [0m      ↱ eager @4 (5 live vars)
[0;31m│  [0m  [0m18: CheckInt32Condition[UnsignedLessThan, OutOfBounds] [n11, n12]
[0;31m│  [0m  [0m19: LoadTaggedField(0x8, compressed) [n17], 2 uses
[0;31m│  [0m      ↱ eager @4 (5 live vars)
[0;31m│  [0m  [0m20: CheckNotHole [n19]
[0;31m│  [0m[0;34m  19 : 42 f9 02          Add r0, FBV[2]
[m[0;31m│  [0m  [0m21: UnsafeSmiUntag [n19], 1 uses, cannot truncate to int32
[0;31m│  [0m      ↱ eager @4 (5 live vars)
[0;31m│  [0m  [0m22: Int32AddWithOverflow [n21, n11], 2 uses, can truncate to int32 [-2147483648, 2147483647]
[0;31m│  [0m[1;34m0x09b80101e149 <SharedFunctionInfo sum> (0x09b80104a7b1 <String[18]: "workloads/mixed.js">:6:2)
[m[0;31m│  [0m[0;34m  31 : 97 1b 00 06       JumpLoop [27], [0], FBV[6]
[m[0;31m│  [0m  [0m25: ReduceInterruptBudgetForLoop(21) [n24]
[0;31m│  [0m      ↳ lazy @31 (5 live vars)
[0;31m│  [0m  [0m28: Int32ToNumber[kCanonicalizeSmi] [n22], 1 uses
[0;31m│  [0m  [0m27: Jump b3
[0;31m│  [0m   │  with gap moves:
[0;31m│  [0m   │    - n28 → 30: φᵀ r0
[0;31m│  [0m   │    - n29 → 31: φᵀ r1
[0;31m│  [0m   ▼
[0;31m│[0;32m╭─►[0mBlock b3 peeled (effects:)
[0;31m│[0;32m│ [0m  [0m30: φᵀ r0 (n28, n44), 3 uses
[0;31m│[0;32m│ [0m  [0m31: φᵀ r1 (n29, n45), 2 uses
[0;31m│[0;32m│ [0m[0;34m   8 : 79 f8 01 00       TestLessThan r1, EmbeddedFeedback[0x1]
[m[0;31m│[0;32m│ [0m      ↱ eager @8 (6 live vars)
[0;31m│[0;32m│ [0m  [0m32: CheckedSmiUntag [n31], 5 uses, cannot truncate to int32
[0;31m│[0;32m│ [0m  [0m33: Int32Compare[LessThan] [n32, n12], 0 uses 🪦
[0;31m│[0;32m│ [0m[0;34m  12 : a8 17             JumpIfFalse [23]
[m[0;31m│[0;32m│[0;33m╭──[0m34: BranchIfInt32Compare(LessThan) [n32, n12] b4 b5
[0;31m│[0;32m│[0;33m│[0m   ↓
[0;31m│[0;32m│[0;33m│ [0mBlock b4
[0;31m│[0;32m│[0;33m│[0m[0;34m  16 : 35 03 03          GetKeyedProperty a0, FBV[3]
[m[0;31m│[0;32m│[0;33m│[0m      ↱ eager @8 (6 live vars)
[0;31m│[0;32m│[0;33m│[0m  [0m35: CheckInt32Condition[UnsignedLessThan, OutOfBounds] [n32, n12]
[0;31m│[0;32m│[0;33m│[0m  [0m36: LoadFixedArrayElement(compressed), Unknown [n17, n32], 2 uses
[0;31m│[0;32m│[0;33m│[0m      ↱ eager @8 (6 live vars)
[0;31m│[0;32m│[0;33m│[0m  [0m37: CheckNotHole [n36]
[0;31m│[0;32m│[0;33m│[0m[0;34m  19 : 42 f9 02          Add r0, FBV[2]
[m[0;31m│[0;32m│[0;33m│[0m      ↱ eager @8 (6 live vars)
[0;31m│[0;32m│[0;33m│[0m  [0m38: CheckedSmiUntag [n30], 1 uses, cannot truncate to int32
[0;31m│[0;32m│[0;33m│[0m  [0m39: UnsafeSmiUntag [n36], 1 uses, cannot truncate to int32
[0;31m│[0;32m│[0;33m│[0m      ↱ eager @8 (6 live vars)
[0;31m│[0;32m│[0;33m│[0m  [0m40: Int32AddWithOverflow [n38, n39], 2 uses, can truncate to int32 [-2147483648, 2147483647]
[0;31m│[0;32m│[0;33m│[0m[0;34m  28 : 5b 05             Inc FBV[5]
[m[0;31m│[0;32m│[0;33m│[0m      ↱ eager @8 (6 live vars)
[0;31m│[0;32m│[0;33m│[0m  [0m41: Int32IncrementWithOverflow [n32], 2 uses, cannot truncate to int32
[0;31m│[0;32m│[0;33m│[0m[0;34m  31 : 97 1b 00 06       JumpLoop [27], [0], FBV[6]
[m[0;31m│[0;32m│[0;33m│[0m  [0m42: ReduceInterruptBudgetForLoop(21) [n24]
[0;31m│[0;32m│[0;33m│[0m      ↳ lazy @31 (5 live vars)
[0;31m│[0;32m│[0;33m│[0m  [0m44: Int32ToNumber[kCanonicalizeSmi] [n40], 1 uses
[0;31m│[0;32m│[0;33m│[0m  [0m45: Int32ToNumber[kCanonicalizeSmi] [n41], 1 uses
[0;31m│[0;32m│[0;33m│[0m      ↱ eager @8 (6 live vars)
[0;31m│[0;32m╰─◄─[0m43: JumpLoop b3
[0;31m│ [0;33m│[0m      with gap moves:
[0;31m│ [0;33m│[0m        - n44 → 30: φᵀ r0
[0;31m│ [0;33m│[0m        - n45 → 31: φᵀ r1
[0;31m│ [0;33m│[0m
[0;31m│ [0;33m╰►[0mBlock b5
[0;31m│  [0m[1;34m0x09b80101e149 <SharedFunctionInfo sum> (0x09b80104a7b1 <String[18]: "workloads/mixed.js">:7:2)
[m[0;31m│  [0m[0;34m  35 : 0b f9             Ldar r0
[m[0;31m│[0;32m╭───[0m46: Jump b7
[0;31m│[0;32m│ [0m      with gap moves:
[0;31m│[0;32m│ [0m        - n30 → 48: φᵀ r0
[0;31m│[0;32m│ [0m
[0;31m╰──►[0mBlock b6
 [0;32m│ [0m  [0m47: Jump b7
 [0;32m│ [0m   │  with gap moves:
 [0;32m│ [0m   │    - n8 → 48: φᵀ r0
 [0;32m│ [0m   ▼
 [0;32m╰─►[0mBlock b7
   [0m  [0m48: φᵀ r0 (n8, n30), 1 uses
   [0m[1;34m0x09b80101e149 <SharedFunctionInfo sum> (0x09b80104a7b1 <String[18]: "workloads/mixed.js">:7:11)
[m   [0m[0;34m  37 : b9                Return
[m   [0m  [0m49: ReduceInterruptBudgetForReturn(37) [n24]
   [0m  [0m50: Return [n48]
   [0m

----- After use marking -----
Graph

   [0m  [0m24: Constant(0x09b80101e239 <FeedbackCell[one closure]>) → (x)
   [0m   [0m3: Constant(0x09b80101e291 <JSFunction sum (sfi = 0x9b80101e149)>) → (x)
   [0m   [0m4: Constant(0x09b80101e279 <ScriptContext[4]>) → (x)
   [0m   [0m8: SmiConstant(0) → (x)
   [0m  [0m29: SmiConstant(1) → (x)
   [0m  [0m11: Int32Constant(0) → (x)
   [0m  [0m23: Int32Constant(1) → (x)
    [0mBlock b0
   [0m[1;34m0x09b80101e149 <SharedFunctionInfo sum> (0x09b80104a7b1 <String[18]: "workloads/mixed.js">:4:12)
[m   [0m[0;34m   0 : 0c                LdaZero
[m   [0m   [0m1: InitialValue(<this>) → (x)
   [0m   [0m2: InitialValue(a0) → (x)
   [0m   [0m6: FunctionEntryStackCheck
   [0m      ↳ lazy @-1 (3 live vars)
   [0m   [0m7: Jump b1
   [0m   ↓
    [0mBlock b1
   [0m[1;34m0x09b80101e149 <SharedFunctionInfo sum> (0x09b80104a7b1 <String[18]: "workloads/mixed.js">:6:26)
[m   [0m[0;34m   4 : 33 03 00 00       GetNamedProperty a0, [0:"length"], FBV[0]
[m   [0m      ↱ eager @4 (5 live vars)
   [0m   [0m9: CheckMaps(0x09b80100d091 <Map[16](HOLEY_SMI_ELEMENTS)>, 0x09b80100ca11 <Map[16](PACKED_SMI_ELEMENTS)>, check heapobj) [v0/n2:(x)]
   [0m  [0m10: LoadTaggedField(0xc: 0x09b800000e19 <String[6]: #length>, compressed, Smi) [v0/n2:(x)] → (x)
   [0m[1;34m0x09b80101e149 <SharedFunctionInfo sum> (0x09b80104a7b1 <String[18]: "workloads/mixed.js">:6:20)
[m   [0m[0;34m   8 : 79 f8 01 00       TestLessThan r1, EmbeddedFeedback[0x1]
[m   [0m  [0m12: UnsafeSmiUntag [v0/n10:(x)] → (x)
   [0m[0;34m  12 : a8 17             JumpIfFalse [23]
[m[0;31m╭────[0m14: BranchIfInt32Compare(LessThan) [v0/n11:(x), v0/n12:(x)] b2 b6
[0;31m│  [0m   ↓
[0;31m│   [0mBlock b2
[0;31m│  [0m[1;34m0x09b80101e149 <SharedFunctionInfo sum> (0x09b80104a7b1 <String[18]: "workloads/mixed.js">:6:47)
[m[0;31m│  [0m[0;34m  16 : 35 03 03          GetKeyedProperty a0, FBV[3]
[m[0;31m│  [0m  [0m17: LoadTaggedField(0x8, compressed) [v0/n2:(x)] → (x)
[0;31m│  [0m      ↱ eager @4 (5 live vars)
[0;31m│  [0m  [0m18: CheckInt32Condition[UnsignedLessThan, OutOfBounds] [v0/n11:(x), v0/n12:(x)]
[0;31m│  [0m  [0m19: LoadTaggedField(0x8, compressed) [v0/n17:(x)] → (x)
[0;31m│  [0m      ↱ eager @4 (5 live vars)
[0;31m│  [0m  [0m20: CheckNotHole [v0/n19:(x)]
[0;31m│  [0m[0;34m  19 : 42 f9 02          Add r0, FBV[2]
[m[0;31m│  [0m  [0m21: UnsafeSmiUntag [v0/n19:(x)] → (x)
[0;31m│  [0m      ↱ eager @4 (5 live vars)
[0;31m│  [0m  [0m22: Int32AddWithOverflow [v0/n21:(x), v0/n11:(x)] → (x)
[0;31m│  [0m[1;34m0x09b80101e149 <SharedFunctionInfo sum> (0x09b80104a7b1 <String[18]: "workloads/mixed.js">:6:2)
[m[0;31m│  [0m[0;34m  31 : 97 1b 00 06       JumpLoop [27], [0], FBV[6]
[m[0;31m│  [0m  [0m25: ReduceInterruptBudgetForLoop(21) [v0/n24:(x)]
[0;31m│  [0m      ↳ lazy @31 (5 live vars)
[0;31m│  [0m  [0m28: Int32ToNumber[kCanonicalizeSmi] [v0/n22:(x)] → (x)
[0;31m│  [0m  [0m27: Jump b3
[0;31m│  [0m   │  with gap moves:
[0;31m│  [0m   │    - v0/n28:(x) → 30: φᵀ r0 (x)
[0;31m│  [0m   │    - v0/n29:(x) → 31: φᵀ r1 (x)
[0;31m│  [0m   ▼
[0;31m│[0;32m╭─►[0mBlock b3 peeled (effects:)
[0;31m│[0;32m│ [0m  [0m30: φᵀ r0 (n28, n44) (compressed) → (x)
[0;31m│[0;32m│ [0m  [0m31: φᵀ r1 (n29, n45) (compressed) → (x)
[0;31m│[0;32m│ [0m[0;34m   8 : 79 f8 01 00       TestLessThan r1, EmbeddedFeedback[0x1]
[m[0;31m│[0;32m│ [0m      ↱ eager @8 (6 live vars)
[0;31m│[0;32m│ [0m  [0m32: CheckedSmiUntag [v0/n31:(x)] → (x)
[0;31m│[0;32m│ [0m[0;34m  12 : a8 17             JumpIfFalse [23]
[m[0;31m│[0;32m│[0;33m╭──[0m34: BranchIfInt32Compare(LessThan) [v0/n32:(x), v0/n12:(x)] b4 b5
[0;31m│[0;32m│[0;33m│[0m   ↓
[0;31m│[0;32m│[0;33m│ [0mBlock b4
[0;31m│[0;32m│[0;33m│[0m[0;34m  16 : 35 03 03          GetKeyedProperty a0, FBV[3]
[m[0;31m│[0;32m│[0;33m│[0m      ↱ eager @8 (6 live vars)
[0;31m│[0;32m│[0;33m│[0m  [0m35: CheckInt32Condition[UnsignedLessThan, OutOfBounds] [v0/n32:(x), v0/n12:(x)]
[0;31m│[0;32m│[0;33m│[0m  [0m36: LoadFixedArrayElement(compressed), Unknown [v0/n17:(x), v0/n32:(x)] → (x)
[0;31m│[0;32m│[0;33m│[0m      ↱ eager @8 (6 live vars)
[0;31m│[0;32m│[0;33m│[0m  [0m37: CheckNotHole [v0/n36:(x)]
[0;31m│[0;32m│[0;33m│[0m[0;34m  19 : 42 f9 02          Add r0, FBV[2]
[m[0;31m│[0;32m│[0;33m│[0m      ↱ eager @8 (6 live vars)
[0;31m│[0;32m│[0;33m│[0m  [0m38: CheckedSmiUntag [v0/n30:(x)] → (x)
[0;31m│[0;32m│[0;33m│[0m  [0m39: UnsafeSmiUntag [v0/n36:(x)] → (x)
[0;31m│[0;32m│[0;33m│[0m      ↱ eager @8 (6 live vars)
[0;31m│[0;32m│[0;33m│[0m  [0m40: Int32AddWithOverflow [v0/n38:(x), v0/n39:(x)] → (x)
[0;31m│[0;32m│[0;33m│[0m[0;34m  28 : 5b 05             Inc FBV[5]
[m[0;31m│[0;32m│[0;33m│[0m      ↱ eager @8 (6 live vars)
[0;31m│[0;32m│[0;33m│[0m  [0m41: Int32IncrementWithOverflow [v0/n32:(x)] → (x)
[0;31m│[0;32m│[0;33m│[0m[0;34m  31 : 97 1b 00 06       JumpLoop [27], [0], FBV[6]
[m[0;31m│[0;32m│[0;33m│[0m  [0m42: ReduceInterruptBudgetForLoop(21) [v0/n24:(x)]
[0;31m│[0;32m│[0;33m│[0m      ↳ lazy @31 (5 live vars)
[0;31m│[0;32m│[0;33m│[0m  [0m44: Int32ToNumber[kCanonicalizeSmi] [v0/n40:(x)] → (x)
[0;31m│[0;32m│[0;33m│[0m  [0m45: Int32ToNumber[kCanonicalizeSmi] [v0/n41:(x)] → (x)
[0;31m│[0;32m│[0;33m│[0m      ↱ eager @8 (6 live vars)
[0;31m│[0;32m╰─◄─[0m43: JumpLoop b3
[0;31m│ [0;33m│[0m      with gap moves:
[0;31m│ [0;33m│[0m        - v0/n44:(x) → 30: φᵀ r0 (x)
[0;31m│ [0;33m│[0m        - v0/n45:(x) → 31: φᵀ r1 (x)
[0;31m│ [0;33m│[0m
[0;31m│ [0;33m╰►[0mBlock b5
[0;31m│  [0m[1;34m0x09b80101e149 <SharedFunctionInfo sum> (0x09b80104a7b1 <String[18]: "workloads/mixed.js">:7:2)
[m[0;31m│  [0m[0;34m  35 : 0b f9             Ldar r0
[m[0;31m│[0;32m╭───[0m46: Jump b7
[0;31m│[0;32m│ [0m      with gap moves:
[0;31m│[0;32m│ [0m        - v0/n30:(x) → 48: φᵀ r0 (x)
[0;31m│[0;32m│ [0m
[0;31m╰──►[0mBlock b6
 [0;32m│ [0m  [0m47: Jump b7
 [0;32m│ [0m   │  with gap moves:
 [0;32m│ [0m   │    - v0/n8:(x) → 48: φᵀ r0 (x)
 [0;32m│ [0m   ▼
 [0;32m╰─►[0mBlock b7
   [0m  [0m48: φᵀ r0 (n8, n30) (compressed) → (x)
   [0m[1;34m0x09b80101e149 <SharedFunctionInfo sum> (0x09b80104a7b1 <String[18]: "workloads/mixed.js">:7:11)
[m   [0m[0;34m  37 : b9                Return
[m   [0m  [0m49: ReduceInterruptBudgetForReturn(37) [v0/n24:(x)]
   [0m  [0m50: Return [v0/n48:(x)]
   [0m

----- After register allocation pre-processing -----
Graph

   [0m   [0m1/24: Constant(0x09b80101e239 <FeedbackCell[one closure]>) → v-1, live range: [1-43]
   [0m    [0m2/3: Constant(0x09b80101e291 <JSFunction sum (sfi = 0x9b80101e149)>) → v-1, live range: [2-39]
   [0m    [0m3/4: Constant(0x09b80101e279 <ScriptContext[4]>) → v-1, live range: [3-39]
   [0m    [0m4/8: SmiConstant(0) → v-1, live range: [4-41]
   [0m   [0m5/29: SmiConstant(1) → v-1, live range: [5-24]
   [0m   [0m6/11: Int32Constant(0) → v-1, live range: [6-21]
   [0m   [0m7/23: Int32Constant(1) → v-1, live range: [7-22]
    [0mBlock b0
   [0m[1;34m0x09b80101e149 <SharedFunctionInfo sum> (0x09b80104a7b1 <String[18]: "workloads/mixed.js">:4:12)
[m   [0m[0;34m   0 : 0c                LdaZero
[m   [0m    [0m8/1: InitialValue(<this>) → v-1(=-6S), live range: [8-39]
   [0m    [0m9/2: InitialValue(a0) → v-1(=-7S), live range: [9-39]
   [0m   [0m10/6: FunctionEntryStackCheck
   [0m         ↳ lazy @-1 (3 live vars)
   [0m   [0m11/7: Jump b1
   [0m      ↓
    [0mBlock b1
   [0m[1;34m0x09b80101e149 <SharedFunctionInfo sum> (0x09b80104a7b1 <String[18]: "workloads/mixed.js">:6:26)
[m   [0m[0;34m   4 : 33 03 00 00       GetNamedProperty a0, [0:"length"], FBV[0]
[m   [0m         ↱ eager @4 (5 live vars)
   [0m   [0m12/9: CheckMaps(0x09b80100d091 <Map[16](HOLEY_SMI_ELEMENTS)>, 0x09b80100ca11 <Map[16](PACKED_SMI_ELEMENTS)>, check heapobj) [v9/n2:v-1(R)]
   [0m  [0m13/10: LoadTaggedField(0xc: 0x09b800000e19 <String[6]: #length>, compressed, Smi) [v9/n2:v-1(R)] → v-1(R), live range: [13-39]
   [0m[1;34m0x09b80101e149 <SharedFunctionInfo sum> (0x09b80104a7b1 <String[18]: "workloads/mixed.js">:6:20)
[m   [0m[0;34m   8 : 79 f8 01 00       TestLessThan r1, EmbeddedFeedback[0x1]
[m   [0m  [0m14/12: UnsafeSmiUntag [v13/n10:v-1(R)] → v-1(0), live range: [14-39]
   [0m[0;34m  12 : a8 17             JumpIfFalse [23]
[m[0;31m╭────[0m15/14: BranchIfInt32Compare(LessThan) [v6/n11:v-1(R), v14/n12:v-1(R)] b2 b6
[0;31m│  [0m      ↓
[0;31m│   [0mBlock b2
[0;31m│  [0m[1;34m0x09b80101e149 <SharedFunctionInfo sum> (0x09b80104a7b1 <String[18]: "workloads/mixed.js">:6:47)
[m[0;31m│  [0m[0;34m  16 : 35 03 03          GetKeyedProperty a0, FBV[3]
[m[0;31m│  [0m  [0m16/17: LoadTaggedField(0x8, decompressed) [v9/n2:v-1(R)] → v-1(R), live range: [16-39]
[0;31m│  [0m         ↱ eager @4 (5 live vars)
[0;31m│  [0m  [0m17/18: CheckInt32Condition[UnsignedLessThan, OutOfBounds] [v6/n11:v-1(R), v14/n12:v-1(R)]
[0;31m│  [0m  [0m18/19: LoadTaggedField(0x8, decompressed) [v16/n17:v-1(R)] → v-1(R), live range: [18-20]
[0;31m│  [0m         ↱ eager @4 (5 live vars)
[0;31m│  [0m  [0m19/20: CheckNotHole [v18/n19:v-1(R)]
[0;31m│  [0m[0;34m  19 : 42 f9 02          Add r0, FBV[2]
[m[0;31m│  [0m  [0m20/21: UnsafeSmiUntag [v18/n19:v-1(R)] → v-1(0), live range: [20-21]
[0;31m│  [0m         ↱ eager @4 (5 live vars)
[0;31m│  [0m  [0m21/22: Int32AddWithOverflow [v20/n21:v-1(R), v6/n11:v-1(*)] → v-1(0), live range: [21-23]
[0;31m│  [0m[1;34m0x09b80101e149 <SharedFunctionInfo sum> (0x09b80104a7b1 <String[18]: "workloads/mixed.js">:6:2)
[m[0;31m│  [0m[0;34m  31 : 97 1b 00 06       JumpLoop [27], [0], FBV[6]
[m[0;31m│  [0m  [0m22/25: ReduceInterruptBudgetForLoop(21) [v1/n24:v-1(R)]
[0;31m│  [0m         ↳ lazy @31 (5 live vars)
[0;31m│  [0m  [0m23/28: Int32ToNumber[kCanonicalizeSmi] [v21/n22:v-1(R)] → v-1(R), live range: [23-24]
[0;31m│  [0m  [0m24/27: Jump b3
[0;31m│  [0m      │  with gap moves:
[0;31m│  [0m      │    - v23/n28:v-1(*) → 30: φᵀ r0 v-1(*)
[0;31m│  [0m      │    - v5/n29:v-1(*) → 31: φᵀ r1 v-1(*)
[0;31m│  [0m      ▼
[0;31m│[0;32m╭─►[0mBlock b3 peeled (effects:)
[0;31m│[0;32m│ [0m  [0m25/30: φᵀ r0 (n28, n44) → v-1(*), live range: [25-40]
[0;31m│[0;32m│ [0m  [0m26/31: φᵀ r1 (n29, n45) → v-1(*), live range: [26-35]
[0;31m│[0;32m│ [0m[0;34m   8 : 79 f8 01 00       TestLessThan r1, EmbeddedFeedback[0x1]
[m[0;31m│[0;32m│ [0m         ↱ eager @8 (6 live vars)
[0;31m│[0;32m│ [0m  [0m27/32: CheckedSmiUntag [v26/n31:v-1(R)] → v-1(0), live range: [27-35]
[0;31m│[0;32m│ [0m[0;34m  12 : a8 17             JumpIfFalse [23]
[m[0;31m│[0;32m│[0;33m╭──[0m28/34: BranchIfInt32Compare(LessThan) [v27/n32:v-1(R), v14/n12:v-1(R)] b4 b5
[0;31m│[0;32m│[0;33m│[0m      ↓
[0;31m│[0;32m│[0;33m│ [0mBlock b4
[0;31m│[0;32m│[0;33m│[0m[0;34m  16 : 35 03 03          GetKeyedProperty a0, FBV[3]
[m[0;31m│[0;32m│[0;33m│[0m         ↱ eager @8 (6 live vars)
[0;31m│[0;32m│[0;33m│[0m  [0m29/35: CheckInt32Condition[UnsignedLessThan, OutOfBounds] [v27/n32:v-1(R), v14/n12:v-1(R)]
[0;31m│[0;32m│[0;33m│[0m  [0m30/36: LoadFixedArrayElement(decompressed), Unknown [v16/n17:v-1(R), v27/n32:v-1(R)] → v-1(R), live range: [30-33]
[0;31m│[0;32m│[0;33m│[0m         ↱ eager @8 (6 live vars)
[0;31m│[0;32m│[0;33m│[0m  [0m31/37: CheckNotHole [v30/n36:v-1(R)]
[0;31m│[0;32m│[0;33m│[0m[0;34m  19 : 42 f9 02          Add r0, FBV[2]
[m[0;31m│[0;32m│[0;33m│[0m         ↱ eager @8 (6 live vars)
[0;31m│[0;32m│[0;33m│[0m  [0m32/38: CheckedSmiUntag [v25/n30:v-1(R)] → v-1(0), live range: [32-34]
[0;31m│[0;32m│[0;33m│[0m  [0m33/39: UnsafeSmiUntag [v30/n36:v-1(R)] → v-1(0), live range: [33-34]
[0;31m│[0;32m│[0;33m│[0m         ↱ eager @8 (6 live vars)
[0;31m│[0;32m│[0;33m│[0m  [0m34/40: Int32AddWithOverflow [v32/n38:v-1(R), v33/n39:v-1(R)] → v-1(0), live range: [34-37]
[0;31m│[0;32m│[0;33m│[0m[0;34m  28 : 5b 05             Inc FBV[5]
[m[0;31m│[0;32m│[0;33m│[0m         ↱ eager @8 (6 live vars)
[0;31m│[0;32m│[0;33m│[0m  [0m35/41: Int32IncrementWithOverflow [v27/n32:v-1(R)] → v-1(0), live range: [35-38]
[0;31m│[0;32m│[0;33m│[0m[0;34m  31 : 97 1b 00 06       JumpLoop [27], [0], FBV[6]
[m[0;31m│[0;32m│[0;33m│[0m  [0m36/42: ReduceInterruptBudgetForLoop(21) [v1/n24:v-1(R)]
[0;31m│[0;32m│[0;33m│[0m         ↳ lazy @31 (5 live vars)
[0;31m│[0;32m│[0;33m│[0m  [0m37/44: Int32ToNumber[kCanonicalizeSmi] [v34/n40:v-1(R)] → v-1(R), live range: [37-39]
[0;31m│[0;32m│[0;33m│[0m  [0m38/45: Int32ToNumber[kCanonicalizeSmi] [v35/n41:v-1(R)] → v-1(R), live range: [38-39]
[0;31m│[0;32m│[0;33m│[0m         ↱ eager @8 (6 live vars)
[0;31m│[0;32m╰─◄─[0m39/43: JumpLoop b3
[0;31m│ [0;33m│[0m         with gap moves:
[0;31m│ [0;33m│[0m           - v37/n44:v-1(*) → 30: φᵀ r0 v-1(*)
[0;31m│ [0;33m│[0m           - v38/n45:v-1(*) → 31: φᵀ r1 v-1(*)
[0;31m│ [0;33m│[0m
[0;31m│ [0;33m╰►[0mBlock b5
[0;31m│  [0m[1;34m0x09b80101e149 <SharedFunctionInfo sum> (0x09b80104a7b1 <String[18]: "workloads/mixed.js">:7:2)
[m[0;31m│  [0m[0;34m  35 : 0b f9             Ldar r0
[m[0;31m│[0;32m╭───[0m40/46: Jump b7
[0;31m│[0;32m│ [0m         with gap moves:
[0;31m│[0;32m│ [0m           - v25/n30:v-1(*) → 48: φᵀ r0 v-1(*)
[0;31m│[0;32m│ [0m
[0;31m╰──►[0mBlock b6
 [0;32m│ [0m  [0m41/47: Jump b7
 [0;32m│ [0m      │  with gap moves:
 [0;32m│ [0m      │    - v4/n8:v-1(*) → 48: φᵀ r0 v-1(*)
 [0;32m│ [0m      ▼
 [0;32m╰─►[0mBlock b7
   [0m  [0m42/48: φᵀ r0 (n8, n30) → v-1(*), live range: [42-44]
   [0m[1;34m0x09b80101e149 <SharedFunctionInfo sum> (0x09b80104a7b1 <String[18]: "workloads/mixed.js">:7:11)
[m   [0m[0;34m  37 : b9                Return
[m   [0m  [0m43/49: ReduceInterruptBudgetForReturn(37) [v1/n24:v-1(R)]
   [0m  [0m44/50: Return [v42/n48:v-1(=rax)]
   [0m

----- After register allocation -----
Graph

   [0m   [0m1/24: Constant(0x09b80101e239 <FeedbackCell[one closure]>) → v-1, live range: [1-43]
   [0m    [0m2/3: Constant(0x09b80101e291 <JSFunction sum (sfi = 0x9b80101e149)>) → v-1, live range: [2-39]
   [0m    [0m3/4: Constant(0x09b80101e279 <ScriptContext[4]>) → v-1, live range: [3-39]
   [0m    [0m4/8: SmiConstant(0) → v-1, live range: [4-41]
   [0m   [0m5/29: SmiConstant(1) → v-1, live range: [5-24]
   [0m   [0m6/11: Int32Constant(0) → v-1, live range: [6-21]
   [0m   [0m7/23: Int32Constant(1) → v-1, live range: [7-22]
    [0mBlock b0
   [0m[1;34m0x09b80101e149 <SharedFunctionInfo sum> (0x09b80104a7b1 <String[18]: "workloads/mixed.js">:4:12)
[m   [0m[0;34m   0 : 0c                LdaZero
[m   [0m    [0m8/1: InitialValue(<this>) → [stack:-6|t], live range: [8-39]
   [0m    [0m9/2: InitialValue(a0) → [stack:-7|t], live range: [9-39]
   [0m   [0m10/6: FunctionEntryStackCheck
   [0m         ↳ lazy @-1 (3 live vars)
   [0m   [0m11/7: Jump b1
   [0m      ↓
    [0mBlock b1
   [0m     [0m51: GapMove([stack:-7|t] → [rax|R|t])
   [0m[1;34m0x09b80101e149 <SharedFunctionInfo sum> (0x09b80104a7b1 <String[18]: "workloads/mixed.js">:6:26)
[m   [0m[0;34m   4 : 33 03 00 00       GetNamedProperty a0, [0:"length"], FBV[0]
[m   [0m         ↱ eager @4 (5 live vars)
   [0m   [0m12/9: CheckMaps(0x09b80100d091 <Map[16](HOLEY_SMI_ELEMENTS)>, 0x09b80100ca11 <Map[16](PACKED_SMI_ELEMENTS)>, check heapobj) [v9/n2:[rax|R|t]]
   [0m  [0m13/10: LoadTaggedField(0xc: 0x09b800000e19 <String[6]: #length>, compressed, Smi) [v9/n2:[rax|R|t]] → [rcx|R|t] (spilled: [stack:0|t]), live range: [13-39]
   [0m     [0m52: GapMove([rcx|R|t] → [rdx|R|t])
   [0m[1;34m0x09b80101e149 <SharedFunctionInfo sum> (0x09b80104a7b1 <String[18]: "workloads/mixed.js">:6:20)
[m   [0m[0;34m   8 : 79 f8 01 00       TestLessThan r1, EmbeddedFeedback[0x1]
[m   [0m  [0m14/12: UnsafeSmiUntag [v13/n10:[rcx|R|t]] → [rcx|R|w32], live range: [14-39]
   [0m     [0m53: ConstantGapMove(n11 → [rbx|R|w32])
   [0m[0;34m  12 : a8 17             JumpIfFalse [23]
[m[0;31m╭────[0m15/14: BranchIfInt32Compare(LessThan) [v6/n11:[rbx|R|w32], v14/n12:[rcx|R|w32]] b2 b6
[0;31m│  [0m      ↓
[0;31m│   [0mBlock b2
[0;31m│  [0m[1;34m0x09b80101e149 <SharedFunctionInfo sum> (0x09b80104a7b1 <String[18]: "workloads/mixed.js">:6:47)
[m[0;31m│  [0m[0;34m  16 : 35 03 03          GetKeyedProperty a0, FBV[3]
[m[0;31m│  [0m  [0m16/17: LoadTaggedField(0x8, decompressed) [v9/n2:[rax|R|t]] → [rsi|R|t], live range: [16-39]
[0;31m│  [0m         ↱ eager @4 (5 live vars)
[0;31m│  [0m  [0m17/18: CheckInt32Condition[UnsignedLessThan, OutOfBounds] [v6/n11:[rbx|R|w32], v14/n12:[rcx|R|w32]]
[0;31m│  [0m  [0m18/19: LoadTaggedField(0x8, decompressed) [v16/n17:[rsi|R|t]] → [rdi|R|t], live range: [18-20]
[0;31m│  [0m         ↱ eager @4 (5 live vars)
[0;31m│  [0m  [0m19/20: CheckNotHole [v18/n19:[rdi|R|t]]
[0;31m│  [0m[0;34m  19 : 42 f9 02          Add r0, FBV[2]
[m[0;31m│  [0m  [0m20/21: UnsafeSmiUntag [v18/n19:[rdi|R|t]] → [rdi|R|w32], live range: [20-21]
[0;31m│  [0m         ↱ eager @4 (5 live vars)
[0;31m│  [0m  [0m21/22: Int32AddWithOverflow [v20/n21:[rdi|R|w32], v6/n11:[rbx|R|w32]] → [rdi|R|w32] (spilled: [stack:0|w32]), live range: [21-23]
[0;31m│  [0m     [0m54: ConstantGapMove(n24 → [rbx|R|t])
[0;31m│  [0m[1;34m0x09b80101e149 <SharedFunctionInfo sum> (0x09b80104a7b1 <String[18]: "workloads/mixed.js">:6:2)
[m[0;31m│  [0m[0;34m  31 : 97 1b 00 06       JumpLoop [27], [0], FBV[6]
[m[0;31m│  [0m  [0m22/25: ReduceInterruptBudgetForLoop(21) [v1/n24:[rbx|R|t]]
[0;31m│  [0m         ↳ lazy @31 (5 live vars)
[0;31m│  [0m  [0m23/28: Int32ToNumber[kCanonicalizeSmi] [v21/n22:[rdi|R|w32]] → [r8|R|t], live range: [23-24]
[0;31m│  [0m  [0m24/27: Jump b3
[0;31m│  [0m      │  with gap moves:
[0;31m│  [0m      │    - v23/n28:[r8|R|t] → 30: φᵀ r0 [r8|R|t]
[0;31m│  [0m      │    - v5/n29:[constant:v-1] → 31: φᵀ r1 [rax|R|t]
[0;31m│  [0m      │  with register merges:
[0;31m│  [0m      ▼
[0;31m│[0;32m╭─►[0mBlock b3 peeled (effects:)
[0;31m│[0;32m│ [0m  [0m25/30: φᵀ r0 (n28, n44) (decompressed) → [r8|R|t], live range: [25-40]
[0;31m│[0;32m│ [0m  [0m26/31: φᵀ r1 (n29, n45) (compressed) → [rax|R|t], live range: [26-35]
[0;31m│[0;32m│ [0m     [0m55: GapMove([rax|R|t] → [rdx|R|t])
[0;31m│[0;32m│ [0m[0;34m   8 : 79 f8 01 00       TestLessThan r1, EmbeddedFeedback[0x1]
[m[0;31m│[0;32m│ [0m         ↱ eager @8 (6 live vars)
[0;31m│[0;32m│ [0m  [0m27/32: CheckedSmiUntag [v26/n31:[rax|R|t]] → [rax|R|w32], live range: [27-35]
[0;31m│[0;32m│ [0m[0;34m  12 : a8 17             JumpIfFalse [23]
[m[0;31m│[0;32m│[0;33m╭──[0m28/34: BranchIfInt32Compare(LessThan) [v27/n32:[rax|R|w32], v14/n12:[rcx|R|w32]] b4 b5
[0;31m│[0;32m│[0;33m│[0m      ↓
[0;31m│[0;32m│[0;33m│ [0mBlock b4
[0;31m│[0;32m│[0;33m│[0m[0;34m  16 : 35 03 03          GetKeyedProperty a0, FBV[3]
[m[0;31m│[0;32m│[0;33m│[0m         ↱ eager @8 (6 live vars)
[0;31m│[0;32m│[0;33m│[0m  [0m29/35: CheckInt32Condition[UnsignedLessThan, OutOfBounds] [v27/n32:[rax|R|w32], v14/n12:[rcx|R|w32]]
[0;31m│[0;32m│[0;33m│[0m  [0m30/36: LoadFixedArrayElement(decompressed), Unknown [v16/n17:[rsi|R|t], v27/n32:[rax|R|w32]] → [rdi|R|t], live range: [30-33]
[0;31m│[0;32m│[0;33m│[0m         ↱ eager @8 (6 live vars)
[0;31m│[0;32m│[0;33m│[0m  [0m31/37: CheckNotHole [v30/n36:[rdi|R|t]]
[0;31m│[0;32m│[0;33m│[0m     [0m56: GapMove([r8|R|t] → [r9|R|t])
[0;31m│[0;32m│[0;33m│[0m[0;34m  19 : 42 f9 02          Add r0, FBV[2]
[m[0;31m│[0;32m│[0;33m│[0m         ↱ eager @8 (6 live vars)
[0;31m│[0;32m│[0;33m│[0m  [0m32/38: CheckedSmiUntag [v25/n30:[r8|R|t]] → [r8|R|w32], live range: [32-34]
[0;31m│[0;32m│[0;33m│[0m  [0m33/39: UnsafeSmiUntag [v30/n36:[rdi|R|t]] → [rdi|R|w32], live range: [33-34]
[0;31m│[0;32m│[0;33m│[0m         ↱ eager @8 (6 live vars)
[0;31m│[0;32m│[0;33m│[0m  [0m34/40: Int32AddWithOverflow [v32/n38:[r8|R|w32], v33/n39:[rdi|R|w32]] → [r8|R|w32] (spilled: [stack:1|w32]), live range: [34-37]
[0;31m│[0;32m│[0;33m│[0m[0;34m  28 : 5b 05             Inc FBV[5]
[m[0;31m│[0;32m│[0;33m│[0m         ↱ eager @8 (6 live vars)
[0;31m│[0;32m│[0;33m│[0m  [0m35/41: Int32IncrementWithOverflow [v27/n32:[rax|R|w32]] → [rax|R|w32] (spilled: [stack:2|w32]), live range: [35-38]
[0;31m│[0;32m│[0;33m│[0m[0;34m  31 : 97 1b 00 06       JumpLoop [27], [0], FBV[6]
[m[0;31m│[0;32m│[0;33m│[0m  [0m36/42: ReduceInterruptBudgetForLoop(21) [v1/n24:[rbx|R|t]]
[0;31m│[0;32m│[0;33m│[0m         ↳ lazy @31 (5 live vars)
[0;31m│[0;32m│[0;33m│[0m  [0m37/44: Int32ToNumber[kCanonicalizeSmi] [v34/n40:[r8|R|w32]] → [rdx|R|t], live range: [37-39]
[0;31m│[0;32m│[0;33m│[0m  [0m38/45: Int32ToNumber[kCanonicalizeSmi] [v35/n41:[rax|R|w32]] → [rdi|R|t], live range: [38-39]
[0;31m│[0;32m│[0;33m│[0m         ↱ eager @8 (6 live vars)
[0;31m│[0;32m╰─◄─[0m39/43: JumpLoop b3
[0;31m│ [0;33m│[0m         with gap moves:
[0;31m│ [0;33m│[0m           - v37/n44:[rdx|R|t] → 30: φᵀ r0 [r8|R|t]
[0;31m│ [0;33m│[0m           - v38/n45:[rdi|R|t] → 31: φᵀ r1 [rax|R|t]
[0;31m│ [0;33m│[0m         with register merges:
[0;31m│ [0;33m│[0m
[0;31m│ [0;33m╰►[0mBlock b5
[0;31m│  [0m[1;34m0x09b80101e149 <SharedFunctionInfo sum> (0x09b80104a7b1 <String[18]: "workloads/mixed.js">:7:2)
[m[0;31m│  [0m[0;34m  35 : 0b f9             Ldar r0
[m[0;31m│[0;32m╭───[0m40/46: Jump b7
[0;31m│[0;32m│ [0m         with gap moves:
[0;31m│[0;32m│ [0m           - v25/n30:[r8|R|t] → 48: φᵀ r0 [r8|R|t]
[0;31m│[0;32m│ [0m         with register merges:
[0;31m│[0;32m│ [0m           - [rbx|R|t] → rbx
[0;31m│[0;32m│ [0m
[0;31m╰──►[0mBlock b6
 [0;32m│ [0m  [0m41/47: Jump b7
 [0;32m│ [0m      │  with gap moves:
 [0;32m│ [0m      │    - v4/n8:[constant:v-1] → 48: φᵀ r0 [r8|R|t]
 [0;32m│ [0m      │  with register merges:
 [0;32m│ [0m      │    - [constant:v-1] → rbx
 [0;32m│ [0m      ▼
 [0;32m╰─►[0mBlock b7
   [0m  [0m42/48: φᵀ r0 (n8, n30) (decompressed) → [r8|R|t], live range: [42-44]
   [0m[1;34m0x09b80101e149 <SharedFunctionInfo sum> (0x09b80104a7b1 <String[18]: "workloads/mixed.js">:7:11)
[m   [0m[0;34m  37 : b9                Return
[m   [0m  [0m43/49: ReduceInterruptBudgetForReturn(37) [v1/n24:[rbx|R|t]]
   [0m     [0m57: GapMove([r8|R|t] → [rax|R|t])
   [0m  [0m44/50: Return [v42/n48:[rax|R|t]]
   [0m
Compiling 0x09b80101e2f9 <JSFunction flipflop (sfi = 0x9b80101e1a9)> with Maglev
----- Bytecode array -----
Parameter count 2
Register count 0
Frame size 0
  581 S> 0x31a01000364 @    0 : 0b 03             Ldar a0
  590 E> 0x31a01000366 @    2 : 51 02 01          MulSmi [2], FBV[1]
  594 E> 0x31a01000369 @    5 : 4f 01 00          AddSmi [1], FBV[0]
  598 S> 0x31a0100036c @    8 : b9                Return
Constant pool (size = 0)
Handler Table (size = 0)
Source Position Table (size = 11)
0x031a01000371 <Other heap object (TRUSTED_BYTE_ARRAY_TYPE)>
0x9b80101e625: [FeedbackVector] in OldSpace
 - map: 0x09b800000899 <Map(FEEDBACK_VECTOR_TYPE)>
 - length: 2
 - shared function info: 0x09b80101e1a9 <SharedFunctionInfo flipflop>
 - tiering_in_progress: 0
 - osr_tiering_in_progress: 0
 - invocation count: 402
 - closure feedback cell array: 0x9b8000021d9: [ClosureFeedbackCellArray] in ReadOnlySpace
 - map: 0x09b800000871 <Map(CLOSURE_FEEDBACK_CELL_ARRAY_TYPE)>
 - length: 0
 - elements:

 - slot #0 BinaryOp BinaryOp:SignedSmall {
     [0]: 1
  }
 - slot #1 BinaryOp BinaryOp:SignedSmall {
     [1]: 1
  }

----- After graph building -----
Graph

[0m  [0m12: Constant(0x09b80101e259 <FeedbackCell[one closure]>), 1 uses
[0m   [0m3: Constant(0x09b80101e2f9 <JSFunction flipflop (sfi = 0x9b80101e1a9)>), 2 uses
[0m   [0m4: Constant(0x09b80101e279 <ScriptContext[4]>), 2 uses
[0m   [0m5: RootConstant(undefined_value), 0 uses 🪦
[0m   [0m8: Int32Constant(2), 1 uses, cannot truncate to int32
 [0mBlock b0
[0m[1;34m0x09b80101e1a9 <SharedFunctionInfo flipflop> (0x09b80104a7b1 <String[18]: "workloads/mixed.js">:17:17)
[m[0m[0;34m   0 : 0b 03             Ldar a0
[m[0m   [0m1: InitialValue(<this>), 2 uses
[0m   [0m2: InitialValue(a0), 4 uses
[0m   [0m6: FunctionEntryStackCheck
[0m      ↳ lazy @-1 (3 live vars)
[0m   [0m7: Jump b1
[0m   ↓
 [0mBlock b1
[0m[1;34m0x09b80101e1a9 <SharedFunctionInfo flipflop> (0x09b80104a7b1 <String[18]: "workloads/mixed.js">:18:11)
[m[0m[0;34m   2 : 51 02 01          MulSmi [2], FBV[1]
[m[0m      ↱ eager @2 (4 live vars)
[0m   [0m9: CheckedSmiUntag [n2], 1 uses, cannot truncate to int32
[0m      ↱ eager @2 (4 live vars)
[0m  [0m10: Int32MultiplyWithOverflow [n9, n8], 1 uses, cannot truncate to int32
[0m[1;34m0x09b80101e1a9 <SharedFunctionInfo flipflop> (0x09b80104a7b1 <String[18]: "workloads/mixed.js">:18:15)
[m[0m[0;34m   5 : 4f 01 00          AddSmi [1], FBV[0]
[m[0m      ↱ eager @2 (4 live vars)
[0m  [0m11: Int32IncrementWithOverflow [n10], 1 uses, cannot truncate to int32
[0m[1;34m0x09b80101e1a9 <SharedFunctionInfo flipflop> (0x09b80104a7b1 <String[18]: "workloads/mixed.js">:18:19)
[m[0m[0;34m   8 : b9                Return
[m[0m  [0m13: ReduceInterruptBudgetForReturn(8) [n12]
[0m  [0m14: Int32ToNumber[kCanonicalizeSmi] [n11], 1 uses
[0m  [0m15: Return [n14]
[0m

----- After use marking -----
Graph

[0m  [0m12: Constant(0x09b80101e259 <FeedbackCell[one closure]>) → (x)
[0m   [0m3: Constant(0x09b80101e2f9 <JSFunction flipflop (sfi = 0x9b80101e1a9)>) → (x)
[0m   [0m4: Constant(0x09b80101e279 <ScriptContext[4]>) → (x)
[0m   [0m8: Int32Constant(2) → (x)
 [0mBlock b0
[0m[1;34m0x09b80101e1a9 <SharedFunctionInfo flipflop> (0x09b80104a7b1 <String[18]: "workloads/mixed.js">:17:17)
[m[0m[0;34m   0 : 0b 03             Ldar a0
[m[0m   [0m1: InitialValue(<this>) → (x)
[0m   [0m2: InitialValue(a0) → (x)
[0m   [0m6: FunctionEntryStackCheck
[0m      ↳ lazy @-1 (3 live vars)
[0m   [0m7: Jump b1
[0m   ↓
 [0mBlock b1
[0m[1;34m0x09b80101e1a9 <SharedFunctionInfo flipflop> (0x09b80104a7b1 <String[18]: "workloads/mixed.js">:18:11)
[m[0m[0;34m   2 : 51 02 01          MulSmi [2], FBV[1]
[m[0m      ↱ eager @2 (4 live vars)
[0m   [0m9: CheckedSmiUntag [v0/n2:(x)] → (x)
[0m      ↱ eager @2 (4 live vars)
[0m  [0m10: Int32MultiplyWithOverflow [v0/n9:(x), v0/n8:(x)] → (x)
[0m[1;34m0x09b80101e1a9 <SharedFunctionInfo flipflop> (0x09b80104a7b1 <String[18]: "workloads/mixed.js">:18:15)
[m[0m[0;34m   5 : 4f 01 00          AddSmi [1], FBV[0]
[m[0m      ↱ eager @2 (4 live vars)
[0m  [0m11: Int32IncrementWithOverflow [v0/n10:(x)] → (x)
[0m[1;34m0x09b80101e1a9 <SharedFunctionInfo flipflop> (0x09b80104a7b1 <String[18]: "workloads/mixed.js">:18:19)
[m[0m[0;34m   8 : b9                Return
[m[0m  [0m13: ReduceInterruptBudgetForReturn(8) [v0/n12:(x)]
[0m  [0m14: Int32ToNumber[kCanonicalizeSmi] [v0/n11:(x)] → (x)
[0m  [0m15: Return [v0/n14:(x)]
[0m

----- After register allocation pre-processing -----
Graph

[0m   [0m1/12: Constant(0x09b80101e259 <FeedbackCell[one closure]>) → v-1, live range: [1-12]
[0m    [0m2/3: Constant(0x09b80101e2f9 <JSFunction flipflop (sfi = 0x9b80101e1a9)>) → v-1, live range: [2-11]
[0m    [0m3/4: Constant(0x09b80101e279 <ScriptContext[4]>) → v-1, live range: [3-11]
[0m    [0m4/8: Int32Constant(2) → v-1, live range: [4-10]
 [0mBlock b0
[0m[1;34m0x09b80101e1a9 <SharedFunctionInfo flipflop> (0x09b80104a7b1 <String[18]: "workloads/mixed.js">:17:17)
[m[0m[0;34m   0 : 0b 03             Ldar a0
[m[0m    [0m5/1: InitialValue(<this>) → v-1(=-6S), live range: [5-11]
[0m    [0m6/2: InitialValue(a0) → v-1(=-7S), live range: [6-11]
[0m    [0m7/6: FunctionEntryStackCheck
[0m         ↳ lazy @-1 (3 live vars)
[0m    [0m8/7: Jump b1
[0m      ↓
 [0mBlock b1
[0m[1;34m0x09b80101e1a9 <SharedFunctionInfo flipflop> (0x09b80104a7b1 <String[18]: "workloads/mixed.js">:18:11)
[m[0m[0;34m   2 : 51 02 01          MulSmi [2], FBV[1]
[m[0m         ↱ eager @2 (4 live vars)
[0m    [0m9/9: CheckedSmiUntag [v6/n2:v-1(R)] → v-1(0), live range: [9-10]
[0m         ↱ eager @2 (4 live vars)
[0m  [0m10/10: Int32MultiplyWithOverflow [v9/n9:v-1(R), v4/n8:v-1(R)] → v-1(0), live range: [10-11]
[0m[1;34m0x09b80101e1a9 <SharedFunctionInfo flipflop> (0x09b80104a7b1 <String[18]: "workloads/mixed.js">:18:15)
[m[0m[0;34m   5 : 4f 01 00          AddSmi [1], FBV[0]
[m[0m         ↱ eager @2 (4 live vars)
[0m  [0m11/11: Int32IncrementWithOverflow [v10/n10:v-1(R)] → v-1(0), live range: [11-13]
[0m[1;34m0x09b80101e1a9 <SharedFunctionInfo flipflop> (0x09b80104a7b1 <String[18]: "workloads/mixed.js">:18:19)
[m[0m[0;34m   8 : b9                Return
[m[0m  [0m12/13: ReduceInterruptBudgetForReturn(8) [v1/n12:v-1(R)]
[0m  [0m13/14: Int32ToNumber[kCanonicalizeSmi] [v11/n11:v-1(R)] → v-1(R), live range: [13-14]
[0m  [0m14/15: Return [v13/n14:v-1(=rax)]
[0m

----- After register allocation -----
Graph

[0m   [0m1/12: Constant(0x09b80101e259 <FeedbackCell[one closure]>) → v-1, live range: [1-12]
[0m    [0m2/3: Constant(0x09b80101e2f9 <JSFunction flipflop (sfi = 0x9b80101e1a9)>) → v-1, live range: [2-11]
[0m    [0m3/4: Constant(0x09b80101e279 <ScriptContext[4]>) → v-1, live range: [3-11]
[0m    [0m4/8: Int32Constant(2) → v-1, live range: [4-10]
 [0mBlock b0
[0m[1;34m0x09b80101e1a9 <SharedFunctionInfo flipflop> (0x09b80104a7b1 <String[18]: "workloads/mixed.js">:17:17)
[m[0m[0;34m   0 : 0b 03             Ldar a0
[m[0m    [0m5/1: InitialValue(<this>) → [stack:-6|t], live range: [5-11]
[0m    [0m6/2: InitialValue(a0) → [stack:-7|t], live range: [6-11]
[0m    [0m7/6: FunctionEntryStackCheck
[0m         ↳ lazy @-1 (3 live vars)
[0m    [0m8/7: Jump b1
[0m      ↓
 [0mBlock b1
[0m     [0m16: GapMove([stack:-7|t] → [rax|R|t])
[0m[1;34m0x09b80101e1a9 <SharedFunctionInfo flipflop> (0x09b80104a7b1 <String[18]: "workloads/mixed.js">:18:11)
[m[0m[0;34m   2 : 51 02 01          MulSmi [2], FBV[1]
[m[0m         ↱ eager @2 (4 live vars)
[0m    [0m9/9: CheckedSmiUntag [v6/n2:[rax|R|t]] → [rax|R|w32], live range: [9-10]
[0m     [0m17: ConstantGapMove(n8 → [rcx|R|w32])
[0m         ↱ eager @2 (4 live vars)
[0m  [0m10/10: Int32MultiplyWithOverflow [v9/n9:[rax|R|w32], v4/n8:[rcx|R|w32]] → [rax|R|w32], live range: [10-11]
[0m[1;34m0x09b80101e1a9 <SharedFunctionInfo flipflop> (0x09b80104a7b1 <String[18]: "workloads/mixed.js">:18:15)
[m[0m[0;34m   5 : 4f 01 00          AddSmi [1], FBV[0]
[m[0m         ↱ eager @2 (4 live vars)
[0m  [0m11/11: Int32IncrementWithOverflow [v10/n10:[rax|R|w32]] → [rax|R|w32], live range: [11-13]
[0m     [0m18: ConstantGapMove(n12 → [rcx|R|t])
[0m[1;34m0x09b80101e1a9 <SharedFunctionInfo flipflop> (0x09b80104a7b1 <String[18]: "workloads/mixed.js">:18:19)
[m[0m[0;34m   8 : b9                Return
[m[0m  [0m12/13: ReduceInterruptBudgetForReturn(8) [v1/n12:[rcx|R|t]]
[0m  [0m13/14: Int32ToNumber[kCanonicalizeSmi] [v11/n11:[rax|R|w32]] → [rcx|R|t], live range: [13-14]
[0m     [0m19: GapMove([rcx|R|t] → [rax|R|t])
[0m  [0m14/15: Return [v13/n14:[rax|R|t]]
[0m
Compiling 0x09b80101e2c5 <JSFunction scale (sfi = 0x9b80101e179)> with Maglev
----- Bytecode array -----
Parameter count 3
Register count 5
Frame size 40
  407 S> 0x31a010002d8 @    0 : 23 00 00          LdaGlobal [0:"Array"], FBV[0]
         0x31a010002db @    3 : d2                Star2
  421 E> 0x31a010002dc @    4 : 33 03 01 02       GetNamedProperty a0, [1:"length"], FBV[2]
         0x31a010002e0 @    8 : d1                Star3
         0x31a010002e1 @    9 : 0b f7             Ldar r2
  407 E> 0x31a010002e3 @   11 : 74 f7 f6 01 04    Construct r2, r3-r3, FBV[4]
         0x31a010002e8 @   16 : d4                Star0
  445 S> 0x31a010002e9 @   17 : 0c                LdaZero
         0x31a010002ea @   18 : d3                Star1
  456 S> 0x31a010002eb @   19 : 33 03 01 02       GetNamedProperty a0, [1:"length"], FBV[2]
  450 E> 0x31a010002ef @   23 : 79 f8 01 00       TestLessThan r1, EmbeddedFeedback[0x1]
         0x31a010002f3 @   27 : a8 1a             JumpIfFalse [26] (0x31a0100030d @ 53)
  469 S> 0x31a010002f5 @   29 : 0b f8             Ldar r1
  481 E> 0x31a010002f7 @   31 : 35 03 07          GetKeyedProperty a0, FBV[7]
         0x31a010002fa @   34 : d0                Star4
         0x31a010002fb @   35 : 0b 04             Ldar a1
  485 E> 0x31a010002fd @   37 : 44 f5 06          Mul r4, FBV[6]
  476 E> 0x31a01000300 @   40 : 3c f9 f8 09       SetKeyedProperty r0, r1, FBV[9]
  465 S> 0x31a01000304 @   44 : 0b f8             Ldar r1
         0x31a01000306 @   46 : 5b 0b             Inc FBV[11]
         0x31a01000308 @   48 : d3                Star1
  432 E> 0x31a01000309 @   49 : 97 1e 00 0c       JumpLoop [30], [0], FBV[12] (0x31a010002eb @ 19)
  492 S> 0x31a0100030d @   53 : 0b f9             Ldar r0
  503 S> 0x31a0100030f @   55 : b9                Return
Constant pool (size = 2)
0x31a010002a1: [TrustedFixedArray]
 - map: 0x09b800000605 <Map(TRUSTED_FIXED_ARRAY_TYPE)>
 - length: 2
           0: 0x09b800003f8d <String[5]: #Array>
           1: 0x09b800000e19 <String[6]: #length>
Handler Table (size = 0)
Source Position Table (size = 34)
0x031a01000311 <Other heap object (TRUSTED_BYTE_ARRAY_TYPE)>
0x9b80101e585: [FeedbackVector] in OldSpace
 - map: 0x09b800000899 <Map(FEEDBACK_VECTOR_TYPE)>
 - length: 13
 - shared function info: 0x09b80101e179 <SharedFunctionInfo scale>
 - tiering_in_progress: 0
 - osr_tiering_in_progress: 0
 - invocation count: 5
 - closure feedback cell array: 0x9b8000021d9: [ClosureFeedbackCellArray] in ReadOnlySpace
 - map: 0x09b800000871 <Map(CLOSURE_FEEDBACK_CELL_ARRAY_TYPE)>
 - length: 0
 - elements:

 - slot #0 LoadGlobalNotInsideTypeof MONOMORPHIC
   [weak] 0x09b801017891 <PropertyCell name=0x09b800003f8d <String[5]: #Array> value=0x09b80100c961 <JSFunction Array (sfi = 0x9b8001ac3f9)>> {
     [0]: [weak] 0x09b801017891 <PropertyCell name=0x09b800003f8d <String[5]: #Array> value=0x09b80100c961 <JSFunction Array (sfi = 0x9b8001ac3f9)>>
     [1]: 0x09b800000e95 <Symbol: (uninitialized_symbol)>
  }
 - slot #2 LoadProperty MONOMORPHIC
   [weak] 0x09b80100d091 <Map[16](HOLEY_SMI_ELEMENTS)>: LoadHandler(Smi)(kind = kField, is in object = 1, is double = 0, storage offset in words = 3, descriptor index = 2046) {
     [2]: [weak] 0x09b80100d091 <Map[16](HOLEY_SMI_ELEMENTS)>
     [3]: 1072824517
  }
 - slot #4 Call MONOMORPHIC {
     [4]: 0x09b80101e649 <AllocationSite>
     [5]: 32
  }
 - slot #6 BinaryOp BinaryOp:SignedSmall {
     [6]: 1
  }
 - slot #7 LoadKeyed MONOMORPHIC
   [weak] 0x09b80100d091 <Map[16](HOLEY_SMI_ELEMENTS)>: LoadHandler(Smi)(kind = kElement, allow out of bounds = 0, is JSArray = 1, allow reading holes = 0, elements kind = HOLEY_SMI_ELEMENTS) {
     [7]: [weak] 0x09b80100d091 <Map[16](HOLEY_SMI_ELEMENTS)>
     [8]: 640
  }
 - slot #9 StoreKeyedSloppy MONOMORPHIC
   0x09b80100d091 <Map[16](HOLEY_SMI_ELEMENTS)>: StoreHandler(builtin = 0x09b8001b6f11 <Code BUILTIN StoreFastElementIC_InBounds>, validity cell = 0x09b801005b09 <Cell value= [weak] 0x09b801004985 <NativeContext[307]>>)
 {
     [9]: [weak] 0x09b80100d091 <Map[16](HOLEY_SMI_ELEMENTS)>
     [10]: 0x09b80101e5d5 <Other heap object (STORE_HANDLER_TYPE)>
  }
 - slot #11 BinaryOp BinaryOp:SignedSmall {
     [11]: 1
  }
 - slot #12 JumpLoop JumpLoop {
     [12]: [cleared]
  }

----- After graph building -----
Graph

   [0m  [0m47: Constant(0x09b80101e249 <FeedbackCell[one closure]>), 3 uses
   [0m   [0m4: Constant(0x09b80101e2c5 <JSFunction scale (sfi = 0x9b80101e179)>), 8 uses
   [0m   [0m5: Constant(0x09b80101e279 <ScriptContext[4]>), 8 uses
   [0m   [0m9: Constant(0x09b80100c961 <JSFunction Array (sfi = 0x9b8001ac3f9)>), 1 uses
   [0m  [0m16: Constant(0x09b80100d091 <Map[16](HOLEY_SMI_ELEMENTS)>), 0 uses 🪦
   [0m   [0m6: RootConstant(undefined_value), 0 uses 🪦
   [0m  [0m31: RootConstant(true_value), 0 uses 🪦
   [0m  [0m30: RootConstant(false_value), 0 uses 🪦
   [0m  [0m17: RootConstant(empty_fixed_array), 1 uses
   [0m  [0m49: RootConstant(optimized_out), 0 uses 🪦
   [0m  [0m27: SmiConstant(0), 2 uses
   [0m  [0m51: SmiConstant(1), 1 uses
   [0m  [0m25: SmiConstant(247), 1 uses
   [0m  [0m12: Int32Constant(0), 6 uses, cannot truncate to int32
   [0m  [0m46: Int32Constant(1), 1 uses, cannot truncate to int32
    [0mBlock b0
   [0m[1;34m0x09b80101e179 <SharedFunctionInfo scale> (0x09b80104a7b1 <String[18]: "workloads/mixed.js">:10:14)
[m   [0m[0;34m   0 : 23 00 00          LdaGlobal [0:"Array"], FBV[0]
[m   [0m   [0m1: InitialValue(<this>), 8 uses
   [0m   [0m2: InitialValue(a0), 11 uses
   [0m   [0m3: InitialValue(a1), 9 uses
   [0m   [0m7: FunctionEntryStackCheck
   [0m      ↳ lazy @-1 (4 live vars)
   [0m   [0m8: Jump b1
   [0m   ↓
    [0mBlock b1
   [0m[1;34m0x09b80101e179 <SharedFunctionInfo scale> (0x09b80104a7b1 <String[18]: "workloads/mixed.js">:11:28)
[m   [0m[0;34m   4 : 33 03 01 02       GetNamedProperty a0, [1:"length"], FBV[2]
[m   [0m      ↱ eager @4 (5 live vars)
   [0m  [0m10: CheckMaps(0x09b80100d091 <Map[16](HOLEY_SMI_ELEMENTS)>, check heapobj) [n2]
   [0m  [0m11: LoadTaggedField(0xc: 0x09b800000e19 <String[6]: #length>, compressed, Smi) [n2], 8 uses
   [0m[1;34m0x09b80101e179 <SharedFunctionInfo scale> (0x09b80104a7b1 <String[18]: "workloads/mixed.js">:11:14)
[m   [0m[0;34m  11 : 74 f7 f6 01 04    Construct r2, r3-r3, FBV[4]
[m   [0m  [0m13: UnsafeSmiUntag [n11], 8 uses, cannot truncate to int32
[0;31m╭────[0m14: BranchIfInt32Compare(GreaterThanOrEqual) [n13, n12] b2 b3
[0;31m│  [0m   ↓
[0;31m│   [0mBlock b2
[0;31m│  [0m      ↱ eager @4 (5 live vars)
[0;31m│  [0m  [0m15: AllocateElementsArray(HOLEY_SMI_ELEMENTS, Young) [n13], 6 uses
[0;31m│  [0m  [0m18: AllocationBlock(Young), 1 uses
[0;31m│  [0m  [0m19: InlinedAllocation(object 0x09b80100d091 <Map[16](HOLEY_SMI_ELEMENTS)>) [n18], 12 uses (9 non escaping uses)
[0;31m│  [0m  [0m20: StoreMap(0x09b80100d091 <Map[16](HOLEY_SMI_ELEMENTS)>, InlinedAllocation) [n19]
[0;31m│  [0m  [0m21: StoreTaggedFieldNoWriteBarrier(0x4, mutable) [n19, n17]
[0;31m│  [0m  [0m22: StoreTaggedFieldWithWriteBarrier(0x8, mutable, maybe_smi:1) [n19, n15]
[0;31m│  [0m  [0m23: StoreTaggedFieldNoWriteBarrier(0xc, mutable) [n19, n11]
[0;31m│[0;32m╭───[0m24: Jump b4
[0;31m│[0;32m│ [0m
[0;31m╰──►[0mBlock b3
 [0;32m│ [0m  [0m26: Throw(ThrowRangeError, has_input=1) [n25]
 [0;32m│ [0m      ↳ lazy @11 (4 live vars)
 [0;32m│ [0m
 [0;32m╰─►[0mBlock b4
   [0m[1;34m0x09b80101e179 <SharedFunctionInfo scale> (0x09b80104a7b1 <String[18]: "workloads/mixed.js">:12:20)
[m   [0m[0;34m  23 : 79 f8 01 00       TestLessThan r1, EmbeddedFeedback[0x1]
[m   [0m  [0m28: Int32Compare[LessThan] [n12, n13], 0 uses 🪦
   [0m[0;34m  27 : a8 1a             JumpIfFalse [26]
[m[0;31m╭────[0m29: BranchIfInt32Compare(LessThan) [n12, n13] b5 b9
[0;31m│  [0m   ↓
[0;31m│   [0mBlock b5
[0;31m│  [0m[1;34m0x09b80101e179 <SharedFunctionInfo scale> (0x09b80104a7b1 <String[18]: "workloads/mixed.js">:12:51)
[m[0;31m│  [0m[0;34m  31 : 35 03 07          GetKeyedProperty a0, FBV[7]
[m[0;31m│  [0m  [0m32: LoadTaggedField(0x8, compressed) [n2], 2 uses
[0;31m│  [0m      ↱ eager @31 (7 live vars)
[0;31m│  [0m  [0m33: CheckInt32Condition[UnsignedLessThan, OutOfBounds] [n12, n13]
[0;31m│  [0m  [0m34: LoadTaggedField(0x8, compressed) [n32], 2 uses
[0;31m│  [0m      ↱ eager @31 (7 live vars)
[0;31m│  [0m  [0m35: CheckNotHole [n34]
[0;31m│  [0m[1;34m0x09b80101e179 <SharedFunctionInfo scale> (0x09b80104a7b1 <String[18]: "workloads/mixed.js">:12:55)
[m[0;31m│  [0m[0;34m  37 : 44 f5 06          Mul r4, FBV[6]
[m[0;31m│  [0m  [0m36: UnsafeSmiUntag [n34], 1 uses, cannot truncate to int32
[0;31m│  [0m      ↱ eager @31 (7 live vars)
[0;31m│  [0m  [0m37: CheckedSmiUntag [n3], 2 uses, cannot truncate to int32
[0;31m│  [0m      ↱ eager @31 (7 live vars)
[0;31m│  [0m  [0m38: Int32MultiplyWithOverflow [n36, n37], 1 uses, cannot truncate to int32
[0;31m│  [0m[1;34m0x09b80101e179 <SharedFunctionInfo scale> (0x09b80104a7b1 <String[18]: "workloads/mixed.js">:12:46)
[m[0;31m│  [0m[0;34m  40 : 3c f9 f8 09       SetKeyedProperty r0, r1, FBV[9]
[m[0;31m│  [0m  [0m39: LoadTaggedField(0x8, compressed) [n19], 3 uses
[0;31m│  [0m      ↱ eager @31 (7 live vars)
[0;31m│  [0m  [0m40: CheckedSmiTagInt32 [n38], 1 uses
[0;31m│  [0m  [0m41: LoadTaggedField(0xc: 0x09b800000e19 <String[6]: #length>, compressed, Smi) [n19], 1 uses
[0;31m│  [0m  [0m42: UnsafeSmiUntag [n41], 2 uses, cannot truncate to int32
[0;31m│  [0m      ↱ eager @31 (7 live vars)
[0;31m│  [0m  [0m43: CheckInt32Condition[UnsignedLessThan, OutOfBounds] [n12, n42]
[0;31m│  [0m      ↱ eager @31 (7 live vars)
[0;31m│  [0m  [0m44: CheckMaps(0x09b8000005dd <Map(FIXED_ARRAY_TYPE)>, check heapobj) [n39]
[0;31m│  [0m  [0m45: StoreFixedArrayElementNoWriteBarrier [n39, n12, n40]
[0;31m│  [0m[1;34m0x09b80101e179 <SharedFunctionInfo scale> (0x09b80104a7b1 <String[18]: "workloads/mixed.js">:12:2)
[m[0;31m│  [0m[0;34m  49 : 97 1e 00 0c       JumpLoop [30], [0], FBV[12]
[m[0;31m│  [0m  [0m48: ReduceInterruptBudgetForLoop(24) [n47]
[0;31m│  [0m      ↳ lazy @49 (6 live vars)
[0;31m│  [0m  [0m50: Jump b6
[0;31m│  [0m   │  with gap moves:
[0;31m│  [0m   │    - n51 → 52: φᵀ r1
[0;31m│  [0m   ▼
[0;31m│[0;32m╭─►[0mBlock b6 peeled (effects:)
[0;31m│[0;32m│ [0m  [0m52: φᵀ r1 (n51, n67), 3 uses
[0;31m│[0;32m│ [0m[0;34m  23 : 79 f8 01 00       TestLessThan r1, EmbeddedFeedback[0x1]
[m[0;31m│[0;32m│ [0m      ↱ eager @23 (7 live vars)
[0;31m│[0;32m│ [0m  [0m53: CheckedSmiUntag [n52], 7 uses, cannot truncate to int32
[0;31m│[0;32m│ [0m  [0m54: Int32Compare[LessThan] [n53, n13], 0 uses 🪦
[0;31m│[0;32m│ [0m[0;34m  27 : a8 1a             JumpIfFalse [26]
[m[0;31m│[0;32m│[0;33m╭──[0m55: BranchIfInt32Compare(LessThan) [n53, n13] b7 b8
[0;31m│[0;32m│[0;33m│[0m   ↓
[0;31m│[0;32m│[0;33m│ [0mBlock b7
[0;31m│[0;32m│[0;33m│[0m[0;34m  31 : 35 03 07          GetKeyedProperty a0, FBV[7]
[m[0;31m│[0;32m│[0;33m│[0m      ↱ eager @23 (7 live vars)
[0;31m│[0;32m│[0;33m│[0m  [0m56: CheckInt32Condition[UnsignedLessThan, OutOfBounds] [n53, n13]
[0;31m│[0;32m│[0;33m│[0m  [0m57: LoadFixedArrayElement(compressed), Unknown [n32, n53], 2 uses
[0;31m│[0;32m│[0;33m│[0m      ↱ eager @23 (7 live vars)
[0;31m│[0;32m│[0;33m│[0m  [0m58: CheckNotHole [n57]
[0;31m│[0;32m│[0;33m│[0m[0;34m  37 : 44 f5 06          Mul r4, FBV[6]
[m[0;31m│[0;32m│[0;33m│[0m  [0m59: UnsafeSmiUntag [n57], 1 uses, cannot truncate to int32
[0;31m│[0;32m│[0;33m│[0m      ↱ eager @23 (7 live vars)
[0;31m│[0;32m│[0;33m│[0m  [0m60: Int32MultiplyWithOverflow [n37, n59], 1 uses, cannot truncate to int32
[0;31m│[0;32m│[0;33m│[0m[0;34m  40 : 3c f9 f8 09       SetKeyedProperty r0, r1, FBV[9]
[m[0;31m│[0;32m│[0;33m│[0m      ↱ eager @23 (7 live vars)
[0;31m│[0;32m│[0;33m│[0m  [0m61: CheckedSmiTagInt32 [n60], 1 uses
[0;31m│[0;32m│[0;33m│[0m      ↱ eager @23 (7 live vars)
[0;31m│[0;32m│[0;33m│[0m  [0m62: CheckInt32Condition[UnsignedLessThan, OutOfBounds] [n53, n42]
[0;31m│[0;32m│[0;33m│[0m  [0m63: StoreFixedArrayElementNoWriteBarrier [n39, n53, n61]
[0;31m│[0;32m│[0;33m│[0m[0;34m  46 : 5b 0b             Inc FBV[11]
[m[0;31m│[0;32m│[0;33m│[0m      ↱ eager @46 (6 live vars)
[0;31m│[0;32m│[0;33m│[0m  [0m64: Int32IncrementWithOverflow [n53], 2 uses, cannot truncate to int32
[0;31m│[0;32m│[0;33m│[0m[0;34m  49 : 97 1e 00 0c       JumpLoop [30], [0], FBV[12]
[m[0;31m│[0;32m│[0;33m│[0m  [0m65: ReduceInterruptBudgetForLoop(24) [n47]
[0;31m│[0;32m│[0;33m│[0m      ↳ lazy @49 (6 live vars)
[0;31m│[0;32m│[0;33m│[0m  [0m67: Int32ToNumber[kCanonicalizeSmi] [n64], 1 uses
[0;31m│[0;32m│[0;33m│[0m      ↱ eager @46 (6 live vars)
[0;31m│[0;32m╰─◄─[0m66: JumpLoop b6
[0;31m│ [0;33m│[0m      with gap moves:
[0;31m│ [0;33m│[0m        - n67 → 52: φᵀ r1
[0;31m│ [0;33m│[0m
[0;31m│ [0;33m╰►[0mBlock b8
[0;31m│  [0m[1;34m0x09b80101e179 <SharedFunctionInfo scale> (0x09b80104a7b1 <String[18]: "workloads/mixed.js">:13:2)
[m[0;31m│  [0m[0;34m  53 : 0b f9             Ldar r0
[m[0;31m│[0;32m╭───[0m68: Jump b10
[0;31m│[0;32m│ [0m
[0;31m╰──►[0mBlock b9
 [0;32m│ [0m  [0m69: Jump b10
 [0;32m│ [0m   ↓
 [0;32m╰─►[0mBlock b10
   [0m[1;34m0x09b80101e179 <SharedFunctionInfo scale> (0x09b80104a7b1 <String[18]: "workloads/mixed.js">:13:13)
[m   [0m[0;34m  55 : b9                Return
[m   [0m  [0m70: ReduceInterruptBudgetForReturn(55) [n47]
   [0m  [0m71: Return [n19]
   [0m

----- After use marking -----
Graph

   [0m  [0m47: Constant(0x09b80101e249 <FeedbackCell[one closure]>) → (x)
   [0m   [0m4: Constant(0x09b80101e2c5 <JSFunction scale (sfi = 0x9b80101e179)>) → (x)
   [0m   [0m5: Constant(0x09b80101e279 <ScriptContext[4]>) → (x)
   [0m   [0m9: Constant(0x09b80100c961 <JSFunction Array (sfi = 0x9b8001ac3f9)>) → (x)
   [0m  [0m17: RootConstant(empty_fixed_array) → (x)
   [0m  [0m27: SmiConstant(0) → (x)
   [0m  [0m51: SmiConstant(1) → (x)
   [0m  [0m25: SmiConstant(247) → (x)
   [0m  [0m12: Int32Constant(0) → (x)
   [0m  [0m46: Int32Constant(1) → (x)
    [0mBlock b0
   [0m[1;34m0x09b80101e179 <SharedFunctionInfo scale> (0x09b80104a7b1 <String[18]: "workloads/mixed.js">:10:14)
[m   [0m[0;34m   0 : 23 00 00          LdaGlobal [0:"Array"], FBV[0]
[m   [0m   [0m1: InitialValue(<this>) → (x)
   [0m   [0m2: InitialValue(a0) → (x)
   [0m   [0m3: InitialValue(a1) → (x)
   [0m   [0m7: FunctionEntryStackCheck
   [0m      ↳ lazy @-1 (4 live vars)
   [0m   [0m8: Jump b1
   [0m   ↓
    [0mBlock b1
   [0m[1;34m0x09b80101e179 <SharedFunctionInfo scale> (0x09b80104a7b1 <String[18]: "workloads/mixed.js">:11:28)
[m   [0m[0;34m   4 : 33 03 01 02       GetNamedProperty a0, [1:"length"], FBV[2]
[m   [0m      ↱ eager @4 (5 live vars)
   [0m  [0m10: CheckMaps(0x09b80100d091 <Map[16](HOLEY_SMI_ELEMENTS)>, check heapobj) [v0/n2:(x)]
   [0m  [0m11: LoadTaggedField(0xc: 0x09b800000e19 <String[6]: #length>, compressed, Smi) [v0/n2:(x)] → (x)
   [0m[1;34m0x09b80101e179 <SharedFunctionInfo scale> (0x09b80104a7b1 <String[18]: "workloads/mixed.js">:11:14)
[m   [0m[0;34m  11 : 74 f7 f6 01 04    Construct r2, r3-r3, FBV[4]
[m   [0m  [0m13: UnsafeSmiUntag [v0/n11:(x)] → (x)
[0;31m╭────[0m14: BranchIfInt32Compare(GreaterThanOrEqual) [v0/n13:(x), v0/n12:(x)] b2 b3
[0;31m│  [0m   ↓
[0;31m│   [0mBlock b2
[0;31m│  [0m      ↱ eager @4 (5 live vars)
[0;31m│  [0m  [0m15: AllocateElementsArray(HOLEY_SMI_ELEMENTS, Young) [v0/n13:(x)] → (x)
[0;31m│  [0m  [0m18: AllocationBlock(Young) → (x)
[0;31m│  [0m  [0m19: InlinedAllocation(object 0x09b80100d091 <Map[16](HOLEY_SMI_ELEMENTS)>) [v0/n18:(x)] → (x)
[0;31m│  [0m  [0m20: StoreMap(0x09b80100d091 <Map[16](HOLEY_SMI_ELEMENTS)>, InlinedAllocation) [v0/n19:(x)]
[0;31m│  [0m  [0m21: StoreTaggedFieldNoWriteBarrier(0x4, mutable) [v0/n19:(x), v0/n17:(x)]
[0;31m│  [0m  [0m22: StoreTaggedFieldWithWriteBarrier(0x8, mutable, maybe_smi:1) [v0/n19:(x), v0/n15:(x)]
[0;31m│  [0m  [0m23: StoreTaggedFieldNoWriteBarrier(0xc, mutable) [v0/n19:(x), v0/n11:(x)]
[0;31m│[0;32m╭───[0m24: Jump b4
[0;31m│[0;32m│ [0m
[0;31m╰──►[0mBlock b3
 [0;32m│ [0m  [0m26: Throw(ThrowRangeError, has_input=1) [v0/n25:(x)]
 [0;32m│ [0m      ↳ lazy @11 (4 live vars)
 [0;32m│ [0m
 [0;32m╰─►[0mBlock b4
   [0m[1;34m0x09b80101e179 <SharedFunctionInfo scale> (0x09b80104a7b1 <String[18]: "workloads/mixed.js">:12:20)
[m   [0m[0;34m  27 : a8 1a             JumpIfFalse [26]
[m[0;31m╭────[0m29: BranchIfInt32Compare(LessThan) [v0/n12:(x), v0/n13:(x)] b5 b9
[0;31m│  [0m   ↓
[0;31m│   [0mBlock b5
[0;31m│  [0m[1;34m0x09b80101e179 <SharedFunctionInfo scale> (0x09b80104a7b1 <String[18]: "workloads/mixed.js">:12:51)
[m[0;31m│  [0m[0;34m  31 : 35 03 07          GetKeyedProperty a0, FBV[7]
[m[0;31m│  [0m  [0m32: LoadTaggedField(0x8, compressed) [v0/n2:(x)] → (x)
[0;31m│  [0m      ↱ eager @31 (7 live vars)
[0;31m│  [0m  [0m33: CheckInt32Condition[UnsignedLessThan, OutOfBounds] [v0/n12:(x), v0/n13:(x)]
[0;31m│  [0m  [0m34: LoadTaggedField(0x8, compressed) [v0/n32:(x)] → (x)
[0;31m│  [0m      ↱ eager @31 (7 live vars)
[0;31m│  [0m  [0m35: CheckNotHole [v0/n34:(x)]
[0;31m│  [0m[1;34m0x09b80101e179 <SharedFunctionInfo scale> (0x09b80104a7b1 <String[18]: "workloads/mixed.js">:12:55)
[m[0;31m│  [0m[0;34m  37 : 44 f5 06          Mul r4, FBV[6]
[m[0;31m│  [0m  [0m36: UnsafeSmiUntag [v0/n34:(x)] → (x)
[0;31m│  [0m      ↱ eager @31 (7 live vars)
[0;31m│  [0m  [0m37: CheckedSmiUntag [v0/n3:(x)] → (x)
[0;31m│  [0m      ↱ eager @31 (7 live vars)
[0;31m│  [0m  [0m38: Int32MultiplyWithOverflow [v0/n36:(x), v0/n37:(x)] → (x)
[0;31m│  [0m[1;34m0x09b80101e179 <SharedFunctionInfo scale> (0x09b80104a7b1 <String[18]: "workloads/mixed.js">:12:46)
[m[0;31m│  [0m[0;34m  40 : 3c f9 f8 09       SetKeyedProperty r0, r1, FBV[9]
[m[0;31m│  [0m  [0m39: LoadTaggedField(0x8, compressed) [v0/n19:(x)] → (x)
[0;31m│  [0m      ↱ eager @31 (7 live vars)
[0;31m│  [0m  [0m40: CheckedSmiTagInt32 [v0/n38:(x)] → (x)
[0;31m│  [0m  [0m41: LoadTaggedField(0xc: 0x09b800000e19 <String[6]: #length>, compressed, Smi) [v0/n19:(x)] → (x)
[0;31m│  [0m  [0m42: UnsafeSmiUntag [v0/n41:(x)] → (x)
[0;31m│  [0m      ↱ eager @31 (7 live vars)
[0;31m│  [0m  [0m43: CheckInt32Condition[UnsignedLessThan, OutOfBounds] [v0/n12:(x), v0/n42:(x)]
[0;31m│  [0m      ↱ eager @31 (7 live vars)
[0;31m│  [0m  [0m44: CheckMaps(0x09b8000005dd <Map(FIXED_ARRAY_TYPE)>, check heapobj) [v0/n39:(x)]
[0;31m│  [0m  [0m45: StoreFixedArrayElementNoWriteBarrier [v0/n39:(x), v0/n12:(x), v0/n40:(x)]
[0;31m│  [0m[1;34m0x09b80101e179 <SharedFunctionInfo scale> (0x09b80104a7b1 <String[18]: "workloads/mixed.js">:12:2)
[m[0;31m│  [0m[0;34m  49 : 97 1e 00 0c       JumpLoop [30], [0], FBV[12]
[m[0;31m│  [0m  [0m48: ReduceInterruptBudgetForLoop(24) [v0/n47:(x)]
[0;31m│  [0m      ↳ lazy @49 (6 live vars)
[0;31m│  [0m  [0m50: Jump b6
[0;31m│  [0m   │  with gap moves:
[0;31m│  [0m   │    - v0/n51:(x) → 52: φᵀ r1 (x)
[0;31m│  [0m   ▼
[0;31m│[0;32m╭─►[0mBlock b6 peeled (effects:)
[0;31m│[0;32m│ [0m  [0m52: φᵀ r1 (n51, n67) (compressed) → (x)
[0;31m│[0;32m│ [0m[0;34m  23 : 79 f8 01 00       TestLessThan r1, EmbeddedFeedback[0x1]
[m[0;31m│[0;32m│ [0m      ↱ eager @23 (7 live vars)
[0;31m│[0;32m│ [0m  [0m53: CheckedSmiUntag [v0/n52:(x)] → (x)
[0;31m│[0;32m│ [0m[0;34m  27 : a8 1a             JumpIfFalse [26]
[m[0;31m│[0;32m│[0;33m╭──[0m55: BranchIfInt32Compare(LessThan) [v0/n53:(x), v0/n13:(x)] b7 b8
[0;31m│[0;32m│[0;33m│[0m   ↓
[0;31m│[0;32m│[0;33m│ [0mBlock b7
[0;31m│[0;32m│[0;33m│[0m[0;34m  31 : 35 03 07          GetKeyedProperty a0, FBV[7]
[m[0;31m│[0;32m│[0;33m│[0m      ↱ eager @23 (7 live vars)
[0;31m│[0;32m│[0;33m│[0m  [0m56: CheckInt32Condition[UnsignedLessThan, OutOfBounds] [v0/n53:(x), v0/n13:(x)]
[0;31m│[0;32m│[0;33m│[0m  [0m57: LoadFixedArrayElement(compressed), Unknown [v0/n32:(x), v0/n53:(x)] → (x)
[0;31m│[0;32m│[0;33m│[0m      ↱ eager @23 (7 live vars)
[0;31m│[0;32m│[0;33m│[0m  [0m58: CheckNotHole [v0/n57:(x)]
[0;31m│[0;32m│[0;33m│[0m[0;34m  37 : 44 f5 06          Mul r4, FBV[6]
[m[0;31m│[0;32m│[0;33m│[0m  [0m59: UnsafeSmiUntag [v0/n57:(x)] → (x)
[0;31m│[0;32m│[0;33m│[0m      ↱ eager @23 (7 live vars)
[0;31m│[0;32m│[0;33m│[0m  [0m60: Int32MultiplyWithOverflow [v0/n37:(x), v0/n59:(x)] → (x)
[0;31m│[0;32m│[0;33m│[0m[0;34m  40 : 3c f9 f8 09       SetKeyedProperty r0, r1, FBV[9]
[m[0;31m│[0;32m│[0;33m│[0m      ↱ eager @23 (7 live vars)
[0;31m│[0;32m│[0;33m│[0m  [0m61: CheckedSmiTagInt32 [v0/n60:(x)] → (x)
[0;31m│[0;32m│[0;33m│[0m      ↱ eager @23 (7 live vars)
[0;31m│[0;32m│[0;33m│[0m  [0m62: CheckInt32Condition[UnsignedLessThan, OutOfBounds] [v0/n53:(x), v0/n42:(x)]
[0;31m│[0;32m│[0;33m│[0m  [0m63: StoreFixedArrayElementNoWriteBarrier [v0/n39:(x), v0/n53:(x), v0/n61:(x)]
[0;31m│[0;32m│[0;33m│[0m[0;34m  46 : 5b 0b             Inc FBV[11]
[m[0;31m│[0;32m│[0;33m│[0m      ↱ eager @46 (6 live vars)
[0;31m│[0;32m│[0;33m│[0m  [0m64: Int32IncrementWithOverflow [v0/n53:(x)] → (x)
[0;31m│[0;32m│[0;33m│[0m[0;34m  49 : 97 1e 00 0c       JumpLoop [30], [0], FBV[12]
[m[0;31m│[0;32m│[0;33m│[0m  [0m65: ReduceInterruptBudgetForLoop(24) [v0/n47:(x)]
[0;31m│[0;32m│[0;33m│[0m      ↳ lazy @49 (6 live vars)
[0;31m│[0;32m│[0;33m│[0m  [0m67: Int32ToNumber[kCanonicalizeSmi] [v0/n64:(x)] → (x)
[0;31m│[0;32m│[0;33m│[0m      ↱ eager @46 (6 live vars)
[0;31m│[0;32m╰─◄─[0m66: JumpLoop b6
[0;31m│ [0;33m│[0m      with gap moves:
[0;31m│ [0;33m│[0m        - v0/n67:(x) → 52: φᵀ r1 (x)
[0;31m│ [0;33m│[0m
[0;31m│ [0;33m╰►[0mBlock b8
[0;31m│  [0m[1;34m0x09b80101e179 <SharedFunctionInfo scale> (0x09b80104a7b1 <String[18]: "workloads/mixed.js">:13:2)
[m[0;31m│  [0m[0;34m  53 : 0b f9             Ldar r0
[m[0;31m│[0;32m╭───[0m68: Jump b10
[0;31m│[0;32m│ [0m
[0;31m╰──►[0mBlock b9
 [0;32m│ [0m  [0m69: Jump b10
 [0;32m│ [0m   ↓
 [0;32m╰─►[0mBlock b10
   [0m[1;34m0x09b80101e179 <SharedFunctionInfo scale> (0x09b80104a7b1 <String[18]: "workloads/mixed.js">:13:13)
[m   [0m[0;34m  55 : b9                Return
[m   [0m  [0m70: ReduceInterruptBudgetForReturn(55) [v0/n47:(x)]
   [0m  [0m71: Return [v0/n19:(x)]
   [0m

----- After register allocation pre-processing -----
Graph

   [0m   [0m1/47: Constant(0x09b80101e249 <FeedbackCell[one closure]>) → v-1, live range: [1-63]
   [0m    [0m2/4: Constant(0x09b80101e2c5 <JSFunction scale (sfi = 0x9b80101e179)>) → v-1, live range: [2-60]
   [0m    [0m3/5: Constant(0x09b80101e279 <ScriptContext[4]>) → v-1, live range: [3-60]
   [0m    [0m4/9: Constant(0x09b80100c961 <JSFunction Array (sfi = 0x9b8001ac3f9)>) → v-1, live range: [4-20]
   [0m   [0m5/17: RootConstant(empty_fixed_array) → v-1, live range: [5-24]
   [0m   [0m6/27: SmiConstant(0) → v-1, live range: [6-42]
   [0m   [0m7/51: SmiConstant(1) → v-1, live range: [7-45]
   [0m   [0m8/25: SmiConstant(247) → v-1, live range: [8-28]
   [0m   [0m9/12: Int32Constant(0) → v-1, live range: [9-43]
   [0m  [0m10/46: Int32Constant(1) → v-1, live range: [10-44]
    [0mBlock b0
   [0m[1;34m0x09b80101e179 <SharedFunctionInfo scale> (0x09b80104a7b1 <String[18]: "workloads/mixed.js">:10:14)
[m   [0m[0;34m   0 : 23 00 00          LdaGlobal [0:"Array"], FBV[0]
[m   [0m   [0m11/1: InitialValue(<this>) → v-1(=-6S), live range: [11-60]
   [0m   [0m12/2: InitialValue(a0) → v-1(=-7S), live range: [12-60]
   [0m   [0m13/3: InitialValue(a1) → v-1(=-8S), live range: [13-60]
   [0m   [0m14/7: FunctionEntryStackCheck
   [0m         ↳ lazy @-1 (4 live vars)
   [0m   [0m15/8: Jump b1
   [0m      ↓
    [0mBlock b1
   [0m[1;34m0x09b80101e179 <SharedFunctionInfo scale> (0x09b80104a7b1 <String[18]: "workloads/mixed.js">:11:28)
[m   [0m[0;34m   4 : 33 03 01 02       GetNamedProperty a0, [1:"length"], FBV[2]
[m   [0m         ↱ eager @4 (5 live vars)
   [0m  [0m16/10: CheckMaps(0x09b80100d091 <Map[16](HOLEY_SMI_ELEMENTS)>, check heapobj) [v12/n2:v-1(R)]
   [0m  [0m17/11: LoadTaggedField(0xc: 0x09b800000e19 <String[6]: #length>, compressed, Smi) [v12/n2:v-1(R)] → v-1(R), live range: [17-60]
   [0m[1;34m0x09b80101e179 <SharedFunctionInfo scale> (0x09b80104a7b1 <String[18]: "workloads/mixed.js">:11:14)
[m   [0m[0;34m  11 : 74 f7 f6 01 04    Construct r2, r3-r3, FBV[4]
[m   [0m  [0m18/13: UnsafeSmiUntag [v17/n11:v-1(R)] → v-1(0), live range: [18-60]
[0;31m╭────[0m19/14: BranchIfInt32Compare(GreaterThanOrEqual) [v18/n13:v-1(R), v9/n12:v-1(R)] b2 b3
[0;31m│  [0m      ↓
[0;31m│   [0mBlock b2
[0;31m│  [0m         ↱ eager @4 (5 live vars)
[0;31m│  [0m  [0m20/15: AllocateElementsArray(HOLEY_SMI_ELEMENTS, Young) [v18/n13:v-1(R)] → v-1(R), live range: [20-25]
[0;31m│  [0m  [0m21/18: AllocationBlock(Young) → v-1(R), live range: [21-22]
[0;31m│  [0m  [0m22/19: InlinedAllocation(object 0x09b80100d091 <Map[16](HOLEY_SMI_ELEMENTS)>) [v21/n18:v-1(R)] → v-1(0), live range: [22-64]
[0;31m│  [0m  [0m23/20: StoreMap(0x09b80100d091 <Map[16](HOLEY_SMI_ELEMENTS)>, InlinedAllocation) [v22/n19:v-1(=rdi)]
[0;31m│  [0m  [0m24/21: StoreTaggedFieldNoWriteBarrier(0x4, mutable) [v22/n19:v-1(R), v5/n17:v-1(R)]
[0;31m│  [0m  [0m25/22: StoreTaggedFieldWithWriteBarrier(0x8, mutable, maybe_smi:1) [v22/n19:v-1(=rdi), v20/n15:v-1(R)]
[0;31m│  [0m  [0m26/23: StoreTaggedFieldNoWriteBarrier(0xc, mutable) [v22/n19:v-1(R), v17/n11:v-1(R)]
[0;31m│[0;32m╭───[0m27/24: Jump b4
[0;31m│[0;32m│ [0m
[0;31m╰──►[0mBlock b3
 [0;32m│ [0m  [0m28/26: Throw(ThrowRangeError, has_input=1) [v8/n25:v-1(*)]
 [0;32m│ [0m         ↳ lazy @11 (4 live vars)
 [0;32m│ [0m
 [0;32m╰─►[0mBlock b4
   [0m[1;34m0x09b80101e179 <SharedFunctionInfo scale> (0x09b80104a7b1 <String[18]: "workloads/mixed.js">:12:20)
[m   [0m[0;34m  27 : a8 1a             JumpIfFalse [26]
[m[0;31m╭────[0m29/29: BranchIfInt32Compare(LessThan) [v9/n12:v-1(R), v18/n13:v-1(R)] b5 b9
[0;31m│  [0m      ↓
[0;31m│   [0mBlock b5
[0;31m│  [0m[1;34m0x09b80101e179 <SharedFunctionInfo scale> (0x09b80104a7b1 <String[18]: "workloads/mixed.js">:12:51)
[m[0;31m│  [0m[0;34m  31 : 35 03 07          GetKeyedProperty a0, FBV[7]
[m[0;31m│  [0m  [0m30/32: LoadTaggedField(0x8, decompressed) [v12/n2:v-1(R)] → v-1(R), live range: [30-60]
[0;31m│  [0m         ↱ eager @31 (7 live vars)
[0;31m│  [0m  [0m31/33: CheckInt32Condition[UnsignedLessThan, OutOfBounds] [v9/n12:v-1(R), v18/n13:v-1(R)]
[0;31m│  [0m  [0m32/34: LoadTaggedField(0x8, decompressed) [v30/n32:v-1(R)] → v-1(R), live range: [32-34]
[0;31m│  [0m         ↱ eager @31 (7 live vars)
[0;31m│  [0m  [0m33/35: CheckNotHole [v32/n34:v-1(R)]
[0;31m│  [0m[1;34m0x09b80101e179 <SharedFunctionInfo scale> (0x09b80104a7b1 <String[18]: "workloads/mixed.js">:12:55)
[m[0;31m│  [0m[0;34m  37 : 44 f5 06          Mul r4, FBV[6]
[m[0;31m│  [0m  [0m34/36: UnsafeSmiUntag [v32/n34:v-1(R)] → v-1(0), live range: [34-36]
[0;31m│  [0m         ↱ eager @31 (7 live vars)
[0;31m│  [0m  [0m35/37: CheckedSmiUntag [v13/n3:v-1(R)] → v-1(0), live range: [35-60]
[0;31m│  [0m         ↱ eager @31 (7 live vars)
[0;31m│  [0m  [0m36/38: Int32MultiplyWithOverflow [v34/n36:v-1(R), v35/n37:v-1(R)] → v-1(0), live range: [36-38]
[0;31m│  [0m[1;34m0x09b80101e179 <SharedFunctionInfo scale> (0x09b80104a7b1 <String[18]: "workloads/mixed.js">:12:46)
[m[0;31m│  [0m[0;34m  40 : 3c f9 f8 09       SetKeyedProperty r0, r1, FBV[9]
[m[0;31m│  [0m  [0m37/39: LoadTaggedField(0x8, decompressed) [v22/n19:v-1(R)] → v-1(R), live range: [37-60]
[0;31m│  [0m         ↱ eager @31 (7 live vars)
[0;31m│  [0m  [0m38/40: CheckedSmiTagInt32 [v36/n38:v-1(R)] → v-1(0), live range: [38-43]
[0;31m│  [0m  [0m39/41: LoadTaggedField(0xc: 0x09b800000e19 <String[6]: #length>, compressed, Smi) [v22/n19:v-1(R)] → v-1(R), live range: [39-40]
[0;31m│  [0m  [0m40/42: UnsafeSmiUntag [v39/n41:v-1(R)] → v-1(0), live range: [40-60]
[0;31m│  [0m         ↱ eager @31 (7 live vars)
[0;31m│  [0m  [0m41/43: CheckInt32Condition[UnsignedLessThan, OutOfBounds] [v9/n12:v-1(R), v40/n42:v-1(R)]
[0;31m│  [0m         ↱ eager @31 (7 live vars)
[0;31m│  [0m  [0m42/44: CheckMaps(0x09b8000005dd <Map(FIXED_ARRAY_TYPE)>, check heapobj) [v37/n39:v-1(R)]
[0;31m│  [0m  [0m43/45: StoreFixedArrayElementNoWriteBarrier [v37/n39:v-1(R), v9/n12:v-1(R), v38/n40:v-1(R)]
[0;31m│  [0m[1;34m0x09b80101e179 <SharedFunctionInfo scale> (0x09b80104a7b1 <String[18]: "workloads/mixed.js">:12:2)
[m[0;31m│  [0m[0;34m  49 : 97 1e 00 0c       JumpLoop [30], [0], FBV[12]
[m[0;31m│  [0m  [0m44/48: ReduceInterruptBudgetForLoop(24) [v1/n47:v-1(R)]
[0;31m│  [0m         ↳ lazy @49 (6 live vars)
[0;31m│  [0m  [0m45/50: Jump b6
[0;31m│  [0m      │  with gap moves:
[0;31m│  [0m      │    - v7/n51:v-1(*) → 52: φᵀ r1 v-1(*)
[0;31m│  [0m      ▼
[0;31m│[0;32m╭─►[0mBlock b6 peeled (effects:)
[0;31m│[0;32m│ [0m  [0m46/52: φᵀ r1 (n51, n67) → v-1(*), live range: [46-57]
[0;31m│[0;32m│ [0m[0;34m  23 : 79 f8 01 00       TestLessThan r1, EmbeddedFeedback[0x1]
[m[0;31m│[0;32m│ [0m         ↱ eager @23 (7 live vars)
[0;31m│[0;32m│ [0m  [0m47/53: CheckedSmiUntag [v46/n52:v-1(R)] → v-1(0), live range: [47-57]
[0;31m│[0;32m│ [0m[0;34m  27 : a8 1a             JumpIfFalse [26]
[m[0;31m│[0;32m│[0;33m╭──[0m48/55: BranchIfInt32Compare(LessThan) [v47/n53:v-1(R), v18/n13:v-1(R)] b7 b8
[0;31m│[0;32m│[0;33m│[0m      ↓
[0;31m│[0;32m│[0;33m│ [0mBlock b7
[0;31m│[0;32m│[0;33m│[0m[0;34m  31 : 35 03 07          GetKeyedProperty a0, FBV[7]
[m[0;31m│[0;32m│[0;33m│[0m         ↱ eager @23 (7 live vars)
[0;31m│[0;32m│[0;33m│[0m  [0m49/56: CheckInt32Condition[UnsignedLessThan, OutOfBounds] [v47/n53:v-1(R), v18/n13:v-1(R)]
[0;31m│[0;32m│[0;33m│[0m  [0m50/57: LoadFixedArrayElement(decompressed), Unknown [v30/n32:v-1(R), v47/n53:v-1(R)] → v-1(R), live range: [50-52]
[0;31m│[0;32m│[0;33m│[0m         ↱ eager @23 (7 live vars)
[0;31m│[0;32m│[0;33m│[0m  [0m51/58: CheckNotHole [v50/n57:v-1(R)]
[0;31m│[0;32m│[0;33m│[0m[0;34m  37 : 44 f5 06          Mul r4, FBV[6]
[m[0;31m│[0;32m│[0;33m│[0m  [0m52/59: UnsafeSmiUntag [v50/n57:v-1(R)] → v-1(0), live range: [52-53]
[0;31m│[0;32m│[0;33m│[0m         ↱ eager @23 (7 live vars)
[0;31m│[0;32m│[0;33m│[0m  [0m53/60: Int32MultiplyWithOverflow [v35/n37:v-1(R), v52/n59:v-1(R)] → v-1(0), live range: [53-54]
[0;31m│[0;32m│[0;33m│[0m[0;34m  40 : 3c f9 f8 09       SetKeyedProperty r0, r1, FBV[9]
[m[0;31m│[0;32m│[0;33m│[0m         ↱ eager @23 (7 live vars)
[0;31m│[0;32m│[0;33m│[0m  [0m54/61: CheckedSmiTagInt32 [v53/n60:v-1(R)] → v-1(0), live range: [54-56]
[0;31m│[0;32m│[0;33m│[0m         ↱ eager @23 (7 live vars)
[0;31m│[0;32m│[0;33m│[0m  [0m55/62: CheckInt32Condition[UnsignedLessThan, OutOfBounds] [v47/n53:v-1(R), v40/n42:v-1(R)]
[0;31m│[0;32m│[0;33m│[0m  [0m56/63: StoreFixedArrayElementNoWriteBarrier [v37/n39:v-1(R), v47/n53:v-1(R), v54/n61:v-1(R)]
[0;31m│[0;32m│[0;33m│[0m[0;34m  46 : 5b 0b             Inc FBV[11]
[m[0;31m│[0;32m│[0;33m│[0m         ↱ eager @46 (6 live vars)
[0;31m│[0;32m│[0;33m│[0m  [0m57/64: Int32IncrementWithOverflow [v47/n53:v-1(R)] → v-1(0), live range: [57-59]
[0;31m│[0;32m│[0;33m│[0m[0;34m  49 : 97 1e 00 0c       JumpLoop [30], [0], FBV[12]
[m[0;31m│[0;32m│[0;33m│[0m  [0m58/65: ReduceInterruptBudgetForLoop(24) [v1/n47:v-1(R)]
[0;31m│[0;32m│[0;33m│[0m         ↳ lazy @49 (6 live vars)
[0;31m│[0;32m│[0;33m│[0m  [0m59/67: Int32ToNumber[kCanonicalizeSmi] [v57/n64:v-1(R)] → v-1(R), live range: [59-60]
[0;31m│[0;32m│[0;33m│[0m         ↱ eager @46 (6 live vars)
[0;31m│[0;32m╰─◄─[0m60/66: JumpLoop b6
[0;31m│ [0;33m│[0m         with gap moves:
[0;31m│ [0;33m│[0m           - v59/n67:v-1(*) → 52: φᵀ r1 v-1(*)
[0;31m│ [0;33m│[0m
[0;31m│ [0;33m╰►[0mBlock b8
[0;31m│  [0m[1;34m0x09b80101e179 <SharedFunctionInfo scale> (0x09b80104a7b1 <String[18]: "workloads/mixed.js">:13:2)
[m[0;31m│  [0m[0;34m  53 : 0b f9             Ldar r0
[m[0;31m│[0;32m╭───[0m61/68: Jump b10
[0;31m│[0;32m│ [0m
[0;31m╰──►[0mBlock b9
 [0;32m│ [0m  [0m62/69: Jump b10
 [0;32m│ [0m      ↓
 [0;32m╰─►[0mBlock b10
   [0m[1;34m0x09b80101e179 <SharedFunctionInfo scale> (0x09b80104a7b1 <String[18]: "workloads/mixed.js">:13:13)
[m   [0m[0;34m  55 : b9                Return
[m   [0m  [0m63/70: ReduceInterruptBudgetForReturn(55) [v1/n47:v-1(R)]
   [0m  [0m64/71: Return [v22/n19:v-1(=rax)]
   [0m

----- After register allocation -----
Graph

   [0m   [0m1/47: Constant(0x09b80101e249 <FeedbackCell[one closure]>) → v-1, live range: [1-63]
   [0m    [0m2/4: Constant(0x09b80101e2c5 <JSFunction scale (sfi = 0x9b80101e179)>) → v-1, live range: [2-60]
   [0m    [0m3/5: Constant(0x09b80101e279 <ScriptContext[4]>) → v-1, live range: [3-60]
   [0m    [0m4/9: Constant(0x09b80100c961 <JSFunction Array (sfi = 0x9b8001ac3f9)>) → v-1, live range: [4-20]
   [0m   [0m5/17: RootConstant(empty_fixed_array) → v-1, live range: [5-24]
   [0m   [0m6/27: SmiConstant(0) → v-1, live range: [6-42]
   [0m   [0m7/51: SmiConstant(1) → v-1, live range: [7-45]
   [0m   [0m8/25: SmiConstant(247) → v-1, live range: [8-28]
   [0m   [0m9/12: Int32Constant(0) → v-1, live range: [9-43]
   [0m  [0m10/46: Int32Constant(1) → v-1, live range: [10-44]
    [0mBlock b0
   [0m[1;34m0x09b80101e179 <SharedFunctionInfo scale> (0x09b80104a7b1 <String[18]: "workloads/mixed.js">:10:14)
[m   [0m[0;34m   0 : 23 00 00          LdaGlobal [0:"Array"], FBV[0]
[m   [0m   [0m11/1: InitialValue(<this>) → [stack:-6|t], live range: [11-60]
   [0m   [0m12/2: InitialValue(a0) → [stack:-7|t], live range: [12-60]
   [0m   [0m13/3: InitialValue(a1) → [stack:-8|t], live range: [13-60]
   [0m   [0m14/7: FunctionEntryStackCheck
   [0m         ↳ lazy @-1 (4 live vars)
   [0m   [0m15/8: Jump b1
   [0m      ↓
    [0mBlock b1
   [0m     [0m72: GapMove([stack:-7|t] → [rax|R|t])
   [0m[1;34m0x09b80101e179 <SharedFunctionInfo scale> (0x09b80104a7b1 <String[18]: "workloads/mixed.js">:11:28)
[m   [0m[0;34m   4 : 33 03 01 02       GetNamedProperty a0, [1:"length"], FBV[2]
[m   [0m         ↱ eager @4 (5 live vars)
   [0m  [0m16/10: CheckMaps(0x09b80100d091 <Map[16](HOLEY_SMI_ELEMENTS)>, check heapobj) [v12/n2:[rax|R|t]]
   [0m  [0m17/11: LoadTaggedField(0xc: 0x09b800000e19 <String[6]: #length>, compressed, Smi) [v12/n2:[rax|R|t]] → [rcx|R|t] (spilled: [stack:0|t]), live range: [17-60]
   [0m     [0m73: GapMove([rcx|R|t] → [rdx|R|t])
   [0m[1;34m0x09b80101e179 <SharedFunctionInfo scale> (0x09b80104a7b1 <String[18]: "workloads/mixed.js">:11:14)
[m   [0m[0;34m  11 : 74 f7 f6 01 04    Construct r2, r3-r3, FBV[4]
[m   [0m  [0m18/13: UnsafeSmiUntag [v17/n11:[rcx|R|t]] → [rcx|R|w32] (spilled: [stack:0|w32]), live range: [18-60]
   [0m     [0m74: ConstantGapMove(n12 → [rbx|R|w32])
[0;31m╭────[0m19/14: BranchIfInt32Compare(GreaterThanOrEqual) [v18/n13:[rcx|R|w32], v9/n12:[rbx|R|w32]] b2 b3
[0;31m│  [0m      ↓
[0;31m│   [0mBlock b2
[0;31m│  [0m     [0m75: GapMove([rcx|R|w32] → [rsi|R|w32])
[0;31m│  [0m         ↱ eager @4 (5 live vars)
[0;31m│  [0m  [0m20/15: AllocateElementsArray(HOLEY_SMI_ELEMENTS, Young) [v18/n13:[rcx|R|w32]] → [r8|R|t], live range: [20-25]
[0;31m│  [0m  [0m21/18: AllocationBlock(Young) → [rdi|R|t], live range: [21-22]
[0;31m│  [0m  [0m22/19: InlinedAllocation(object 0x09b80100d091 <Map[16](HOLEY_SMI_ELEMENTS)>) [v21/n18:[rdi|R|t]] → [rdi|R|t] (spilled: [stack:1|t]), live range: [22-64]
[0;31m│  [0m  [0m23/20: StoreMap(0x09b80100d091 <Map[16](HOLEY_SMI_ELEMENTS)>, InlinedAllocation) [v22/n19:[rdi|R|t]]
[0;31m│  [0m     [0m76: ConstantGapMove(n17 → [rcx|R|t])
[0;31m│  [0m  [0m24/21: StoreTaggedFieldNoWriteBarrier(0x4, mutable) [v22/n19:[rdi|R|t], v5/n17:[rcx|R|t]]
[0;31m│  [0m  [0m25/22: StoreTaggedFieldWithWriteBarrier(0x8, mutable, maybe_smi:1) [v22/n19:[rdi|R|t], v20/n15:[r8|R|t]]
[0;31m│  [0m  [0m26/23: StoreTaggedFieldNoWriteBarrier(0xc, mutable) [v22/n19:[rdi|R|t], v17/n11:[rdx|R|t]]
[0;31m│[0;32m╭───[0m27/24: Jump b4
[0;31m│[0;32m│ [0m
[0;31m╰──►[0mBlock b3
 [0;32m│ [0m  [0m28/26: Throw(ThrowRangeError, has_input=1) [v8/n25:[constant:v-1]]
 [0;32m│ [0m         ↳ lazy @11 (4 live vars)
 [0;32m│ [0m
 [0;32m╰─►[0mBlock b4
   [0m[1;34m0x09b80101e179 <SharedFunctionInfo scale> (0x09b80104a7b1 <String[18]: "workloads/mixed.js">:12:20)
[m   [0m[0;34m  27 : a8 1a             JumpIfFalse [26]
[m[0;31m╭────[0m29/29: BranchIfInt32Compare(LessThan) [v9/n12:[rbx|R|w32], v18/n13:[rsi|R|w32]] b5 b9
[0;31m│  [0m      ↓
[0;31m│   [0mBlock b5
[0;31m│  [0m[1;34m0x09b80101e179 <SharedFunctionInfo scale> (0x09b80104a7b1 <String[18]: "workloads/mixed.js">:12:51)
[m[0;31m│  [0m[0;34m  31 : 35 03 07          GetKeyedProperty a0, FBV[7]
[m[0;31m│  [0m  [0m30/32: LoadTaggedField(0x8, decompressed) [v12/n2:[rax|R|t]] → [rcx|R|t], live range: [30-60]
[0;31m│  [0m         ↱ eager @31 (7 live vars)
[0;31m│  [0m  [0m31/33: CheckInt32Condition[UnsignedLessThan, OutOfBounds] [v9/n12:[rbx|R|w32], v18/n13:[rsi|R|w32]]
[0;31m│  [0m  [0m32/34: LoadTaggedField(0x8, decompressed) [v30/n32:[rcx|R|t]] → [r8|R|t], live range: [32-34]
[0;31m│  [0m         ↱ eager @31 (7 live vars)
[0;31m│  [0m  [0m33/35: CheckNotHole [v32/n34:[r8|R|t]]
[0;31m│  [0m[1;34m0x09b80101e179 <SharedFunctionInfo scale> (0x09b80104a7b1 <String[18]: "workloads/mixed.js">:12:55)
[m[0;31m│  [0m[0;34m  37 : 44 f5 06          Mul r4, FBV[6]
[m[0;31m│  [0m  [0m34/36: UnsafeSmiUntag [v32/n34:[r8|R|t]] → [r8|R|w32], live range: [34-36]
[0;31m│  [0m     [0m77: GapMove([stack:-8|t] → [r9|R|t])
[0;31m│  [0m         ↱ eager @31 (7 live vars)
[0;31m│  [0m  [0m35/37: CheckedSmiUntag [v13/n3:[r9|R|t]] → [r9|R|w32], live range: [35-60]
[0;31m│  [0m         ↱ eager @31 (7 live vars)
[0;31m│  [0m  [0m36/38: Int32MultiplyWithOverflow [v34/n36:[r8|R|w32], v35/n37:[r9|R|w32]] → [r8|R|w32], live range: [36-38]
[0;31m│  [0m[1;34m0x09b80101e179 <SharedFunctionInfo scale> (0x09b80104a7b1 <String[18]: "workloads/mixed.js">:12:46)
[m[0;31m│  [0m[0;34m  40 : 3c f9 f8 09       SetKeyedProperty r0, r1, FBV[9]
[m[0;31m│  [0m  [0m37/39: LoadTaggedField(0x8, decompressed) [v22/n19:[rdi|R|t]] → [r11|R|t], live range: [37-60]
[0;31m│  [0m         ↱ eager @31 (7 live vars)
[0;31m│  [0m  [0m38/40: CheckedSmiTagInt32 [v36/n38:[r8|R|w32]] → [r8|R|t], live range: [38-43]
[0;31m│  [0m  [0m39/41: LoadTaggedField(0xc: 0x09b800000e19 <String[6]: #length>, compressed, Smi) [v22/n19:[rdi|R|t]] → [r12|R|t], live range: [39-40]
[0;31m│  [0m  [0m40/42: UnsafeSmiUntag [v39/n41:[r12|R|t]] → [r12|R|w32], live range: [40-60]
[0;31m│  [0m         ↱ eager @31 (7 live vars)
[0;31m│  [0m  [0m41/43: CheckInt32Condition[UnsignedLessThan, OutOfBounds] [v9/n12:[rbx|R|w32], v40/n42:[r12|R|w32]]
[0;31m│  [0m         ↱ eager @31 (7 live vars)
[0;31m│  [0m  [0m42/44: CheckMaps(0x09b8000005dd <Map(FIXED_ARRAY_TYPE)>, check heapobj) [v37/n39:[r11|R|t]]
[0;31m│  [0m  [0m43/45: StoreFixedArrayElementNoWriteBarrier [v37/n39:[r11|R|t], v9/n12:[rbx|R|w32], v38/n40:[r8|R|t]]
[0;31m│  [0m     [0m78: ConstantGapMove(n47 → [rbx|R|t])
[0;31m│  [0m[1;34m0x09b80101e179 <SharedFunctionInfo scale> (0x09b80104a7b1 <String[18]: "workloads/mixed.js">:12:2)
[m[0;31m│  [0m[0;34m  49 : 97 1e 00 0c       JumpLoop [30], [0], FBV[12]
[m[0;31m│  [0m  [0m44/48: ReduceInterruptBudgetForLoop(24) [v1/n47:[rbx|R|t]]
[0;31m│  [0m         ↳ lazy @49 (6 live vars)
[0;31m│  [0m  [0m45/50: Jump b6
[0;31m│  [0m      │  with gap moves:
[0;31m│  [0m      │    - v7/n51:[constant:v-1] → 52: φᵀ r1 [rax|R|t]
[0;31m│  [0m      │  with register merges:
[0;31m│  [0m      │    - [r9|R|t] → r9
[0;31m│  [0m      ▼
[0;31m│[0;32m╭─►[0mBlock b6 peeled (effects:)
[0;31m│[0;32m│ [0m  [0m46/52: φᵀ r1 (n51, n67) (compressed) → [rax|R|t], live range: [46-57]
[0;31m│[0;32m│ [0m     [0m79: GapMove([rax|R|t] → [rdx|R|t])
[0;31m│[0;32m│ [0m[0;34m  23 : 79 f8 01 00       TestLessThan r1, EmbeddedFeedback[0x1]
[m[0;31m│[0;32m│ [0m         ↱ eager @23 (7 live vars)
[0;31m│[0;32m│ [0m  [0m47/53: CheckedSmiUntag [v46/n52:[rax|R|t]] → [rax|R|w32], live range: [47-57]
[0;31m│[0;32m│ [0m[0;34m  27 : a8 1a             JumpIfFalse [26]
[m[0;31m│[0;32m│[0;33m╭──[0m48/55: BranchIfInt32Compare(LessThan) [v47/n53:[rax|R|w32], v18/n13:[rsi|R|w32]] b7 b8
[0;31m│[0;32m│[0;33m│[0m      ↓
[0;31m│[0;32m│[0;33m│ [0mBlock b7
[0;31m│[0;32m│[0;33m│[0m[0;34m  31 : 35 03 07          GetKeyedProperty a0, FBV[7]
[m[0;31m│[0;32m│[0;33m│[0m         ↱ eager @23 (7 live vars)
[0;31m│[0;32m│[0;33m│[0m  [0m49/56: CheckInt32Condition[UnsignedLessThan, OutOfBounds] [v47/n53:[rax|R|w32], v18/n13:[rsi|R|w32]]
[0;31m│[0;32m│[0;33m│[0m  [0m50/57: LoadFixedArrayElement(decompressed), Unknown [v30/n32:[rcx|R|t], v47/n53:[rax|R|w32]] → [rdi|R|t], live range: [50-52]
[0;31m│[0;32m│[0;33m│[0m         ↱ eager @23 (7 live vars)
[0;31m│[0;32m│[0;33m│[0m  [0m51/58: CheckNotHole [v50/n57:[rdi|R|t]]
[0;31m│[0;32m│[0;33m│[0m[0;34m  37 : 44 f5 06          Mul r4, FBV[6]
[m[0;31m│[0;32m│[0;33m│[0m  [0m52/59: UnsafeSmiUntag [v50/n57:[rdi|R|t]] → [rdi|R|w32], live range: [52-53]
[0;31m│[0;32m│[0;33m│[0m     [0m80: GapMove([r9|R|w32] → [r15|R|w32])
[0;31m│[0;32m│[0;33m│[0m         ↱ eager @23 (7 live vars)
[0;31m│[0;32m│[0;33m│[0m  [0m53/60: Int32MultiplyWithOverflow [v35/n37:[r9|R|w32], v52/n59:[rdi|R|w32]] → [r9|R|w32], live range: [53-54]
[0;31m│[0;32m│[0;33m│[0m[0;34m  40 : 3c f9 f8 09       SetKeyedProperty r0, r1, FBV[9]
[m[0;31m│[0;32m│[0;33m│[0m         ↱ eager @23 (7 live vars)
[0;31m│[0;32m│[0;33m│[0m  [0m54/61: CheckedSmiTagInt32 [v53/n60:[r9|R|w32]] → [r9|R|t], live range: [54-56]
[0;31m│[0;32m│[0;33m│[0m         ↱ eager @23 (7 live vars)
[0;31m│[0;32m│[0;33m│[0m  [0m55/62: CheckInt32Condition[UnsignedLessThan, OutOfBounds] [v47/n53:[rax|R|w32], v40/n42:[r12|R|w32]]
[0;31m│[0;32m│[0;33m│[0m  [0m56/63: StoreFixedArrayElementNoWriteBarrier [v37/n39:[r11|R|t], v47/n53:[rax|R|w32], v54/n61:[r9|R|t]]
[0;31m│[0;32m│[0;33m│[0m[0;34m  46 : 5b 0b             Inc FBV[11]
[m[0;31m│[0;32m│[0;33m│[0m         ↱ eager @46 (6 live vars)
[0;31m│[0;32m│[0;33m│[0m  [0m57/64: Int32IncrementWithOverflow [v47/n53:[rax|R|w32]] → [rax|R|w32] (spilled: [stack:1|w32]), live range: [57-59]
[0;31m│[0;32m│[0;33m│[0m[0;34m  49 : 97 1e 00 0c       JumpLoop [30], [0], FBV[12]
[m[0;31m│[0;32m│[0;33m│[0m  [0m58/65: ReduceInterruptBudgetForLoop(24) [v1/n47:[rbx|R|t]]
[0;31m│[0;32m│[0;33m│[0m         ↳ lazy @49 (6 live vars)
[0;31m│[0;32m│[0;33m│[0m  [0m59/67: Int32ToNumber[kCanonicalizeSmi] [v57/n64:[rax|R|w32]] → [rdx|R|t], live range: [59-60]
[0;31m│[0;32m│[0;33m│[0m         ↱ eager @46 (6 live vars)
[0;31m│[0;32m╰─◄─[0m60/66: JumpLoop b6
[0;31m│ [0;33m│[0m         with gap moves:
[0;31m│ [0;33m│[0m           - v59/n67:[rdx|R|t] → 52: φᵀ r1 [rax|R|t]
[0;31m│ [0;33m│[0m         with register merges:
[0;31m│ [0;33m│[0m           - [r15|R|w32] → r9
[0;31m│ [0;33m│[0m
[0;31m│ [0;33m╰►[0mBlock b8
[0;31m│  [0m[1;34m0x09b80101e179 <SharedFunctionInfo scale> (0x09b80104a7b1 <String[18]: "workloads/mixed.js">:13:2)
[m[0;31m│  [0m[0;34m  53 : 0b f9             Ldar r0
[m[0;31m│[0;32m╭───[0m61/68: Jump b10
[0;31m│[0;32m│ [0m
[0;31m╰──►[0mBlock b9
 [0;32m│ [0m  [0m62/69: Jump b10
 [0;32m│ [0m      ↓
 [0;32m╰─►[0mBlock b10
   [0m[1;34m0x09b80101e179 <SharedFunctionInfo scale> (0x09b80104a7b1 <String[18]: "workloads/mixed.js">:13:13)
[m   [0m[0;34m  55 : b9                Return
[m   [0m  [0m63/70: ReduceInterruptBudgetForReturn(55) [v1/n47:[rbx|R|t]]
   [0m     [0m81: GapMove([rdi|R|t] → [rax|R|t])
   [0m  [0m64/71: Return [v22/n19:[rax|R|t]]
   [0m
[bailout (kind: deopt-eager, reason: not a Smi): begin. deoptimizing 0x09b80101e2f9 <JSFunction flipflop (sfi = 0x9b80101e1a9)>, 0x031a01000861 <Code MAGLEV>, opt id 1, bytecode offset 2, deopt exit 0, FP to SP delta 24, caller SP 0x0003080e9808, pc 0x000161c005d6]
Compiling 0x09b80101e2f9 <JSFunction flipflop (sfi = 0x9b80101e1a9)> with Maglev
----- Bytecode array -----
Parameter count 2
Register count 0
Frame size 0
  581 S> 0x31a01000364 @    0 : 0b 03             Ldar a0
  590 E> 0x31a01000366 @    2 : 51 02 01          MulSmi [2], FBV[1]
  594 E> 0x31a01000369 @    5 : 4f 01 00          AddSmi [1], FBV[0]
  598 S> 0x31a0100036c @    8 : b9                Return
Constant pool (size = 0)
Handler Table (size = 0)
Source Position Table (size = 11)
0x031a01000371 <Other heap object (TRUSTED_BYTE_ARRAY_TYPE)>
0x9b80101e625: [FeedbackVector] in OldSpace
 - map: 0x09b800000899 <Map(FEEDBACK_VECTOR_TYPE)>
 - length: 2
 - shared function info: 0x09b80101e1a9 <SharedFunctionInfo flipflop>
 - tiering_in_progress: 0
 - osr_tiering_in_progress: 0
 - invocation count: 803
 - closure feedback cell array: 0x9b8000021d9: [ClosureFeedbackCellArray] in ReadOnlySpace
 - map: 0x09b800000871 <Map(CLOSURE_FEEDBACK_CELL_ARRAY_TYPE)>
 - length: 0
 - elements:

 - slot #0 BinaryOp BinaryOp:AdditiveSafeInteger {
     [0]: 7
  }
 - slot #1 BinaryOp BinaryOp:Number {
     [1]: 15
  }

----- After graph building -----
Graph

[0m  [0m13: Constant(0x09b80101e259 <FeedbackCell[one closure]>), 1 uses
[0m   [0m3: Constant(0x09b80101e2f9 <JSFunction flipflop (sfi = 0x9b80101e1a9)>), 2 uses
[0m   [0m4: Constant(0x09b80101e279 <ScriptContext[4]>), 2 uses
[0m   [0m5: RootConstant(undefined_value), 0 uses 🪦
[0m  [0m11: Float64Constant(1), 1 uses
[0m   [0m9: Float64Constant(2), 1 uses
 [0mBlock b0
[0m[1;34m0x09b80101e1a9 <SharedFunctionInfo flipflop> (0x09b80104a7b1 <String[18]: "workloads/mixed.js">:17:17)
[m[0m[0;34m   0 : 0b 03             Ldar a0
[m[0m   [0m1: InitialValue(<this>), 2 uses
[0m   [0m2: InitialValue(a0), 4 uses
[0m   [0m6: FunctionEntryStackCheck
[0m      ↳ lazy @-1 (3 live vars)
[0m   [0m7: Jump b1
[0m   ↓
 [0mBlock b1
[0m[1;34m0x09b80101e1a9 <SharedFunctionInfo flipflop> (0x09b80104a7b1 <String[18]: "workloads/mixed.js">:18:11)
[m[0m[0;34m   2 : 51 02 01          MulSmi [2], FBV[1]
[m[0m      ↱ eager @2 (4 live vars)
[0m   [0m8: CheckedNumberToFloat64 [n2], 1 uses, cannot truncate to int32 [-∞, +∞]
[0m  [0m10: Float64Multiply [n8, n9], 1 uses, cannot truncate to int32 [-∞, +∞]
[0m[1;34m0x09b80101e1a9 <SharedFunctionInfo flipflop> (0x09b80104a7b1 <String[18]: "workloads/mixed.js">:18:15)
[m[0m[0;34m   5 : 4f 01 00          AddSmi [1], FBV[0]
[m[0m  [0m12: Float64Add [n10, n11], 1 uses, cannot truncate to int32 [-∞, +∞]
[0m[1;34m0x09b80101e1a9 <SharedFunctionInfo flipflop> (0x09b80104a7b1 <String[18]: "workloads/mixed.js">:18:19)
[m[0m[0;34m   8 : b9                Return
[m[0m  [0m14: ReduceInterruptBudgetForReturn(8) [n13]
[0m  [0m15: Float64ToTagged[kCanonicalizeSmi] [n12], 1 uses
[0m  [0m16: Return [n15]
[0m

----- After use marking -----
Graph

[0m  [0m13: Constant(0x09b80101e259 <FeedbackCell[one closure]>) → (x)
[0m   [0m3: Constant(0x09b80101e2f9 <JSFunction flipflop (sfi = 0x9b80101e1a9)>) → (x)
[0m   [0m4: Constant(0x09b80101e279 <ScriptContext[4]>) → (x)
[0m  [0m11: Float64Constant(1) → (x)
[0m   [0m9: Float64Constant(2) → (x)
 [0mBlock b0
[0m[1;34m0x09b80101e1a9 <SharedFunctionInfo flipflop> (0x09b80104a7b1 <String[18]: "workloads/mixed.js">:17:17)
[m[0m[0;34m   0 : 0b 03             Ldar a0
[m[0m   [0m1: InitialValue(<this>) → (x)
[0m   [0m2: InitialValue(a0) → (x)
[0m   [0m6: FunctionEntryStackCheck
[0m      ↳ lazy @-1 (3 live vars)
[0m   [0m7: Jump b1
[0m   ↓
 [0mBlock b1
[0m[1;34m0x09b80101e1a9 <SharedFunctionInfo flipflop> (0x09b80104a7b1 <String[18]: "workloads/mixed.js">:18:11)
[m[0m[0;34m   2 : 51 02 01          MulSmi [2], FBV[1]
[m[0m      ↱ eager @2 (4 live vars)
[0m   [0m8: CheckedNumberToFloat64 [v0/n2:(x)] → (x)
[0m  [0m10: Float64Multiply [v0/n8:(x), v0/n9:(x)] → (x)
[0m[1;34m0x09b80101e1a9 <SharedFunctionInfo flipflop> (0x09b80104a7b1 <String[18]: "workloads/mixed.js">:18:15)
[m[0m[0;34m   5 : 4f 01 00          AddSmi [1], FBV[0]
[m[0m  [0m12: Float64Add [v0/n10:(x), v0/n11:(x)] → (x)
[0m[1;34m0x09b80101e1a9 <SharedFunctionInfo flipflop> (0x09b80104a7b1 <String[18]: "workloads/mixed.js">:18:19)
[m[0m[0;34m   8 : b9                Return
[m[0m  [0m14: ReduceInterruptBudgetForReturn(8) [v0/n13:(x)]
[0m  [0m15: Float64ToTagged[kCanonicalizeSmi] [v0/n12:(x)] → (x)
[0m  [0m16: Return [v0/n15:(x)]
[0m

----- After register allocation pre-processing -----
Graph

[0m   [0m1/13: Constant(0x09b80101e259 <FeedbackCell[one closure]>) → v-1, live range: [1-13]
[0m    [0m2/3: Constant(0x09b80101e2f9 <JSFunction flipflop (sfi = 0x9b80101e1a9)>) → v-1, live range: [2-10]
[0m    [0m3/4: Constant(0x09b80101e279 <ScriptContext[4]>) → v-1, live range: [3-10]
[0m   [0m4/11: Float64Constant(1) → v-1, live range: [4-12]
[0m    [0m5/9: Float64Constant(2) → v-1, live range: [5-11]
 [0mBlock b0
[0m[1;34m0x09b80101e1a9 <SharedFunctionInfo flipflop> (0x09b80104a7b1 <String[18]: "workloads/mixed.js">:17:17)
[m[0m[0;34m   0 : 0b 03             Ldar a0
[m[0m    [0m6/1: InitialValue(<this>) → v-1(=-6S), live range: [6-10]
[0m    [0m7/2: InitialValue(a0) → v-1(=-7S), live range: [7-10]
[0m    [0m8/6: FunctionEntryStackCheck
[0m         ↳ lazy @-1 (3 live vars)
[0m    [0m9/7: Jump b1
[0m      ↓
 [0mBlock b1
[0m[1;34m0x09b80101e1a9 <SharedFunctionInfo flipflop> (0x09b80104a7b1 <String[18]: "workloads/mixed.js">:18:11)
[m[0m[0;34m   2 : 51 02 01          MulSmi [2], FBV[1]
[m[0m         ↱ eager @2 (4 live vars)
[0m   [0m10/8: CheckedNumberToFloat64 [v7/n2:v-1(R)] → v-1(R), live range: [10-11]
[0m  [0m11/10: Float64Multiply [v10/n8:v-1(R), v5/n9:v-1(R)] → v-1(0), live range: [11-12]
[0m[1;34m0x09b80101e1a9 <SharedFunctionInfo flipflop> (0x09b80104a7b1 <String[18]: "workloads/mixed.js">:18:15)
[m[0m[0;34m   5 : 4f 01 00          AddSmi [1], FBV[0]
[m[0m  [0m12/12: Float64Add [v11/n10:v-1(R), v4/n11:v-1(R)] → v-1(0), live range: [12-14]
[0m[1;34m0x09b80101e1a9 <SharedFunctionInfo flipflop> (0x09b80104a7b1 <String[18]: "workloads/mixed.js">:18:19)
[m[0m[0;34m   8 : b9                Return
[m[0m  [0m13/14: ReduceInterruptBudgetForReturn(8) [v1/n13:v-1(R)]
[0m  [0m14/15: Float64ToTagged[kCanonicalizeSmi] [v12/n12:v-1(R)] → v-1(R), live range: [14-15]
[0m  [0m15/16: Return [v14/n15:v-1(=rax)]
[0m

----- After register allocation -----
Graph

[0m   [0m1/13: Constant(0x09b80101e259 <FeedbackCell[one closure]>) → v-1, live range: [1-13]
[0m    [0m2/3: Constant(0x09b80101e2f9 <JSFunction flipflop (sfi = 0x9b80101e1a9)>) → v-1, live range: [2-10]
[0m    [0m3/4: Constant(0x09b80101e279 <ScriptContext[4]>) → v-1, live range: [3-10]
[0m   [0m4/11: Float64Constant(1) → v-1, live range: [4-12]
[0m    [0m5/9: Float64Constant(2) → v-1, live range: [5-11]
 [0mBlock b0
[0m[1;34m0x09b80101e1a9 <SharedFunctionInfo flipflop> (0x09b80104a7b1 <String[18]: "workloads/mixed.js">:17:17)
[m[0m[0;34m   0 : 0b 03             Ldar a0
[m[0m    [0m6/1: InitialValue(<this>) → [stack:-6|t], live range: [6-10]
[0m    [0m7/2: InitialValue(a0) → [stack:-7|t], live range: [7-10]
[0m    [0m8/6: FunctionEntryStackCheck
[0m         ↳ lazy @-1 (3 live vars)
[0m    [0m9/7: Jump b1
[0m      ↓
 [0mBlock b1
[0m     [0m17: GapMove([stack:-7|t] → [rax|R|t])
[0m[1;34m0x09b80101e1a9 <SharedFunctionInfo flipflop> (0x09b80104a7b1 <String[18]: "workloads/mixed.js">:18:11)
[m[0m[0;34m   2 : 51 02 01          MulSmi [2], FBV[1]
[m[0m         ↱ eager @2 (4 live vars)
[0m   [0m10/8: CheckedNumberToFloat64 [v7/n2:[rax|R|t]] → [xmm0|R|f64], live range: [10-11]
[0m     [0m18: ConstantGapMove(n9 → [xmm1|R|f64])
[0m  [0m11/10: Float64Multiply [v10/n8:[xmm0|R|f64], v5/n9:[xmm1|R|f64]] → [xmm0|R|f64], live range: [11-12]
[0m     [0m19: ConstantGapMove(n11 → [xmm1|R|f64])
[0m[1;34m0x09b80101e1a9 <SharedFunctionInfo flipflop> (0x09b80104a7b1 <String[18]: "workloads/mixed.js">:18:15)
[m[0m[0;34m   5 : 4f 01 00          AddSmi [1], FBV[0]
[m[0m  [0m12/12: Float64Add [v11/n10:[xmm0|R|f64], v4/n11:[xmm1|R|f64]] → [xmm0|R|f64], live range: [12-14]
[0m     [0m20: ConstantGapMove(n13 → [rax|R|t])
[0m[1;34m0x09b80101e1a9 <SharedFunctionInfo flipflop> (0x09b80104a7b1 <String[18]: "workloads/mixed.js">:18:19)
[m[0m[0;34m   8 : b9                Return
[m[0m  [0m13/14: ReduceInterruptBudgetForReturn(8) [v1/n13:[rax|R|t]]
[0m  [0m14/15: Float64ToTagged[kCanonicalizeSmi] [v12/n12:[xmm0|R|f64]] → [rax|R|t], live range: [14-15]
[0m  [0m15/16: Return [v14/n15:[rax|R|t]]
[0m
Compiling 0x09b80101e219 <JSFunction (sfi = 0x9b80101e0c9)> with Maglev
----- Bytecode array -----
Parameter count 1
Register count 9
Frame size 72
         0x31a010000f8 @    0 : 13 00             LdaConstant [0:0x09b80101e129 <FixedArray[6]>]
         0x31a010000fa @    2 : d0                Star4
         0x31a010000fb @    3 : 1b fe f4          Mov <closure>, r5
    0 E> 0x31a010000fe @    6 : 70 75 01 f5 02    CallRuntime [DeclareGlobals], r4-r5
  615 S> 0x31a01000103 @   11 : 88 00             CreateEmptyArrayLiteral FBV[0]
  615 E> 0x31a01000105 @   13 : 27 02             StaCurrentContextSlotNoCell [2]
  632 S> 0x31a01000107 @   15 : 0c                LdaZero
         0x31a01000108 @   16 : d1                Star3
  637 S> 0x31a01000109 @   17 : 00 0d 00 01       LdaSmi.Wide [256]
  637 E> 0x31a0100010d @   21 : 79 f6 01 00       TestLessThan r3, EmbeddedFeedback[0x1]
         0x31a01000111 @   25 : a8 18             JumpIfFalse [24] (0x31a01000129 @ 49)
  649 S> 0x31a01000113 @   27 : 19 02             LdaImmutableCurrentContextSlot [2]
         0x31a01000115 @   29 : cf                Star5
  654 E> 0x31a01000116 @   30 : 33 f4 01 01       GetNamedProperty r5, [1:"push"], FBV[1]
         0x31a0100011a @   34 : d0                Star4
  654 E> 0x31a0100011b @   35 : 69 f5 f4 f6 03    CallProperty1 r4, r5, r3, FBV[3]
  645 S> 0x31a01000120 @   40 : 0b f6             Ldar r3
         0x31a01000122 @   42 : 5b 05             Inc FBV[5]
         0x31a01000124 @   44 : d1                Star3
  619 E> 0x31a01000125 @   45 : 97 1c 00 06       JumpLoop [28], [0], FBV[6] (0x31a01000109 @ 17)
  674 S> 0x31a01000129 @   49 : 0c                LdaZero
  674 E> 0x31a0100012a @   50 : 29 03             StaCurrentContextSlot [3]
  694 S> 0x31a0100012c @   52 : 0c                LdaZero
         0x31a0100012d @   53 : d3                Star1
  703 S> 0x31a0100012e @   54 : 00 0d 90 01       LdaSmi.Wide [400]
  703 E> 0x31a01000132 @   58 : 79 f8 01 00       TestLessThan r1, EmbeddedFeedback[0x1]
         0x31a01000136 @   62 : a8 7b             JumpIfFalse [123] (0x31a010001b1 @ 185)
  723 S> 0x31a01000138 @   64 : 18 03             LdaCurrentContextSlot [3]
         0x31a0100013a @   66 : d0                Star4
         0x31a0100013b @   67 : 23 02 08          LdaGlobal [2:"sum"], FBV[8]
         0x31a0100013e @   70 : cf                Star5
         0x31a0100013f @   71 : 19 02             LdaImmutableCurrentContextSlot [2]
         0x31a01000141 @   73 : ce                Star6
  730 E> 0x31a01000142 @   74 : 6d f4 f3 0a       CallUndefinedReceiver1 r5, r6, FBV[10]
         0x31a01000146 @   78 : 42 f5 07          Add r4, FBV[7]
  727 E> 0x31a01000149 @   81 : 29 03             StaCurrentContextSlot [3]
  743 S> 0x31a0100014b @   83 : 18 03             LdaCurrentContextSlot [3]
         0x31a0100014d @   85 : d0                Star4
         0x31a0100014e @   86 : 23 02 08          LdaGlobal [2:"sum"], FBV[8]
         0x31a01000151 @   89 : cf                Star5
         0x31a01000152 @   90 : 23 03 0d          LdaGlobal [3:"scale"], FBV[13]
         0x31a01000155 @   93 : ce                Star6
         0x31a01000156 @   94 : 19 02             LdaImmutableCurrentContextSlot [2]
         0x31a01000158 @   96 : cd                Star7
         0x31a01000159 @   97 : 0d 03             LdaSmi [3]
         0x31a0100015b @   99 : cc                Star8
  754 E> 0x31a0100015c @  100 : 6e f3 f2 f1 0f    CallUndefinedReceiver2 r6, r7, r8, FBV[15]
         0x31a01000161 @  105 : ce                Star6
  750 E> 0x31a01000162 @  106 : 6d f4 f3 11       CallUndefinedReceiver1 r5, r6, FBV[17]
         0x31a01000166 @  110 : 42 f5 0c          Add r4, FBV[12]
  747 E> 0x31a01000169 @  113 : 29 03             StaCurrentContextSlot [3]
  786 S> 0x31a0100016b @  115 : 0c                LdaZero
         0x31a0100016c @  116 : d2                Star2
  791 S> 0x31a0100016d @  117 : 00 0d c8 00       LdaSmi.Wide [200]
  791 E> 0x31a01000171 @  121 : 79 f7 01 00       TestLessThan r2, EmbeddedFeedback[0x1]
         0x31a01000175 @  125 : a8 33             JumpIfFalse [51] (0x31a010001a8 @ 176)
  809 S> 0x31a01000177 @  127 : 18 03             LdaCurrentContextSlot [3]
         0x31a01000179 @  129 : d0                Star4
         0x31a0100017a @  130 : 23 04 14          LdaGlobal [4:"flipflop"], FBV[20]
         0x31a0100017d @  133 : cf                Star5
         0x31a0100017e @  134 : 0b f8             Ldar r1
  831 E> 0x31a01000180 @  136 : 53 07 16          ModSmi [7], FBV[22]
         0x31a01000183 @  139 : ce                Star6
         0x31a01000184 @  140 : 0d 06             LdaSmi [6]
  835 E> 0x31a01000186 @  142 : 78 f3 01 00       TestEqualStrict r6, EmbeddedFeedback[0x1]
         0x31a0100018a @  146 : a8 09             JumpIfFalse [9] (0x31a01000193 @ 155)
         0x31a0100018c @  148 : 13 05             LdaConstant [5:0x09b80101e1d9 <HeapNumber 0.5>]
  845 E> 0x31a0100018e @  150 : 42 f7 17          Add r2, FBV[23]
         0x31a01000191 @  153 : 98 04             Jump [4] (0x31a01000195 @ 157)
         0x31a01000193 @  155 : 0b f7             Ldar r2
         0x31a01000195 @  157 : ce                Star6
  816 E> 0x31a01000196 @  158 : 6d f4 f3 18       CallUndefinedReceiver1 r5, r6, FBV[24]
         0x31a0100019a @  162 : 42 f5 13          Add r4, FBV[19]
  813 E> 0x31a0100019d @  165 : 29 03             StaCurrentContextSlot [3]
  799 S> 0x31a0100019f @  167 : 0b f7             Ldar r2
         0x31a010001a1 @  169 : 5b 1a             Inc FBV[26]
         0x31a010001a3 @  171 : d2                Star2
  773 E> 0x31a010001a4 @  172 : 97 37 01 1b       JumpLoop [55], [1], FBV[27] (0x31a0100016d @ 117)
  715 S> 0x31a010001a8 @  176 : 0b f8             Ldar r1
         0x31a010001aa @  178 : 5b 1c             Inc FBV[28]
         0x31a010001ac @  180 : d3                Star1
  677 E> 0x31a010001ad @  181 : 97 7f 00 1d       JumpLoop [127], [0], FBV[29] (0x31a0100012e @ 54)
  863 S> 0x31a010001b1 @  185 : 23 06 1e          LdaGlobal [6:"print"], FBV[30]
         0x31a010001b4 @  188 : d0                Star4
         0x31a010001b5 @  189 : 18 03             LdaCurrentContextSlot [3]
         0x31a010001b7 @  191 : cf                Star5
  863 E> 0x31a010001b8 @  192 : 6d f5 f4 20       CallUndefinedReceiver1 r4, r5, FBV[32]
         0x31a010001bc @  196 : d4                Star0
  875 S> 0x31a010001bd @  197 : b9                Return
Constant pool (size = 7)
0x31a010000ad: [TrustedFixedArray]
 - map: 0x09b800000605 <Map(TRUSTED_FIXED_ARRAY_TYPE)>
 - length: 7
           0: 0x09b80101e129 <FixedArray[6]>
           1: 0x09b8001a3991 <String[4]: #push>
           2: 0x09b80101e039 <String[3]: #sum>
           3: 0x09b80101e059 <String[5]: #scale>
           4: 0x09b80101e07d <String[8]: #flipflop>
           5: 0x09b80101e1d9 <HeapNumber 0.5>
           6: 0x09b801002e25 <String[5]: #print>
Handler Table (size = 0)
Source Position Table (size = 87)
0x031a010001c1 <Other heap object (TRUSTED_BYTE_ARRAY_TYPE)>
0x9b80101e32d: [FeedbackVector] in OldSpace
 - map: 0x09b800000899 <Map(FEEDBACK_VECTOR_TYPE)>
 - length: 34
 - shared function info: 0x09b80101e0c9 <SharedFunctionInfo>
 - tiering_in_progress: 0
 - osr_tiering_in_progress: 0
 - invocation count: 1
 - closure feedback cell array: 0x9b80104b791: [ClosureFeedbackCellArray]
 - map: 0x09b800000871 <Map(CLOSURE_FEEDBACK_CELL_ARRAY_TYPE)>
 - length: 3
 - elements:
           0: 0x09b80101e239 <FeedbackCell[one closure]>
           1: 0x09b80101e249 <FeedbackCell[one closure]>
           2: 0x09b80101e259 <FeedbackCell[one closure]>

 - slot #0 Literal  {
     [0]: 0
  }
 - slot #1 LoadProperty MONOMORPHIC
   [weak] 0x09b80100ca11 <Map[16](PACKED_SMI_ELEMENTS)>: LoadHandler(do access check on lookup start object = 0, lookup on lookup start object = 0, kind = kConstantFromPrototype, data1 = [weak] 0x09b80100cc11 <JSFunction push (sfi = 0x9b8001ac6f9)>, validity cell = 0x09b801005b09 <Cell value= [weak] 0x09b801004985 <NativeContext[307]>>) {
     [1]: [weak] 0x09b80100ca11 <Map[16](PACKED_SMI_ELEMENTS)>
     [2]: 0x09b80101e459 <Other heap object (LOAD_HANDLER_TYPE)>
  }
 - slot #3 Call MONOMORPHIC {
     [3]: [weak] 0x09b80100cc11 <JSFunction push (sfi = 0x9b8001ac6f9)>
     [4]: 1688
  }
 - slot #5 BinaryOp BinaryOp:SignedSmall {
     [5]: 1
  }
 - slot #6 JumpLoop JumpLoop {
     [6]: [cleared]
  }
 - slot #7 BinaryOp BinaryOp:SignedSmall {
     [7]: 1
  }
 - slot #8 LoadGlobalNotInsideTypeof MONOMORPHIC
   [weak] 0x09b80101e2b1 <PropertyCell name=0x09b80101e039 <String[3]: #sum> value=0x09b80101e291 <JSFunction sum (sfi = 0x9b80101e149)>> {
     [8]: [weak] 0x09b80101e2b1 <PropertyCell name=0x09b80101e039 <String[3]: #sum> value=0x09b80101e291 <JSFunction sum (sfi = 0x9b80101e149)>>
     [9]: 0x09b800000e95 <Symbol: (uninitialized_symbol)>
  }
 - slot #10 Call MONOMORPHIC {
     [10]: [weak] 0x09b80101e291 <JSFunction sum (sfi = 0x9b80101e149)>
     [11]: 2192
  }
 - slot #12 BinaryOp BinaryOp:SignedSmall {
     [12]: 1
  }
 - slot #13 LoadGlobalNotInsideTypeof MONOMORPHIC
   [weak] 0x09b80101e2e5 <PropertyCell name=0x09b80101e059 <String[5]: #scale> value=0x09b80101e2c5 <JSFunction scale (sfi = 0x9b80101e179)>> {
     [13]: [weak] 0x09b80101e2e5 <PropertyCell name=0x09b80101e059 <String[5]: #scale> value=0x09b80101e2c5 <JSFunction scale (sfi = 0x9b80101e179)>>
     [14]: 0x09b800000e95 <Symbol: (uninitialized_symbol)>
  }
 - slot #15 Call MONOMORPHIC {
     [15]: [weak] 0x09b80101e2c5 <JSFunction scale (sfi = 0x9b80101e179)>
     [16]: 2192
  }
 - slot #17 Call MONOMORPHIC {
     [17]: [weak] 0x09b80101e291 <JSFunction sum (sfi = 0x9b80101e149)>
     [18]: 2192
  }
 - slot #19 BinaryOp BinaryOp:AdditiveSafeInteger {
     [19]: 7
  }
 - slot #20 LoadGlobalNotInsideTypeof MONOMORPHIC
   [weak] 0x09b80101e319 <PropertyCell name=0x09b80101e07d <String[8]: #flipflop> value=0x09b80101e2f9 <JSFunction flipflop (sfi = 0x9b80101e1a9)>> {
     [20]: [weak] 0x09b80101e319 <PropertyCell name=0x09b80101e07d <String[8]: #flipflop> value=0x09b80101e2f9 <JSFunction flipflop (sfi = 0x9b80101e1a9)>>
     [21]: 0x09b800000e95 <Symbol: (uninitialized_symbol)>
  }
 - slot #22 BinaryOp BinaryOp:SignedSmall {
     [22]: 1
  }
 - slot #23 BinaryOp BinaryOp:Number {
     [23]: 15
  }
 - slot #24 Call MONOMORPHIC {
     [24]: [weak] 0x09b80101e2f9 <JSFunction flipflop (sfi = 0x9b80101e1a9)>
     [25]: 438400
  }
 - slot #26 BinaryOp BinaryOp:SignedSmall {
     [26]: 1
  }
 - slot #27 JumpLoop JumpLoop {
     [27]: [cleared]
  }
 - slot #28 BinaryOp BinaryOp:SignedSmall {
     [28]: 1
  }
 - slot #29 JumpLoop JumpLoop {
     [29]: [cleared]
  }
 - slot #30 LoadGlobalNotInsideTypeof UNINITIALIZED {
     [30]: [cleared]
     [31]: 0x09b800000e95 <Symbol: (uninitialized_symbol)>
  }
 - slot #32 Call UNINITIALIZED {
     [32]: 0x09b800000e95 <Symbol: (uninitialized_symbol)>
     [33]: 0
  }

----- Inlining 0x09b80101e149 <SharedFunctionInfo sum> with bytecode -----
Parameter count 2
Register count 3
Frame size 24
  298 S> 0x31a01000254 @    0 : 0c                LdaZero
         0x31a01000255 @    1 : d4                Star0
  316 S> 0x31a01000256 @    2 : 0c                LdaZero
         0x31a01000257 @    3 : d3                Star1
  327 S> 0x31a01000258 @    4 : 33 03 00 00       GetNamedProperty a0, [0:"length"], FBV[0]
  321 E> 0x31a0100025c @    8 : 79 f8 01 00       TestLessThan r1, EmbeddedFeedback[0x1]
         0x31a01000260 @   12 : a8 17             JumpIfFalse [23] (0x31a01000277 @ 35)
  340 S> 0x31a01000262 @   14 : 0b f8             Ldar r1
  348 E> 0x31a01000264 @   16 : 35 03 03          GetKeyedProperty a0, FBV[3]
         0x31a01000267 @   19 : 42 f9 02          Add r0, FBV[2]
         0x31a0100026a @   22 : 1b f9 f7          Mov r0, r2
         0x31a0100026d @   25 : d4                Star0
  336 S> 0x31a0100026e @   26 : 0b f8             Ldar r1
         0x31a01000270 @   28 : 5b 05             Inc FBV[5]
         0x31a01000272 @   30 : d3                Star1
  303 E> 0x31a01000273 @   31 : 97 1b 00 06       JumpLoop [27], [0], FBV[6] (0x31a01000258 @ 4)
  355 S> 0x31a01000277 @   35 : 0b f9             Ldar r0
  364 S> 0x31a01000279 @   37 : b9                Return
Constant pool (size = 1)
0x31a01000221: [TrustedFixedArray]
 - map: 0x09b800000605 <Map(TRUSTED_FIXED_ARRAY_TYPE)>
 - length: 1
           0: 0x09b800000e19 <String[6]: #length>
Handler Table (size = 0)
Source Position Table (size = 25)
0x031a0100027d <Other heap object (TRUSTED_BYTE_ARRAY_TYPE)>
0x9b80101e501: [FeedbackVector] in OldSpace
 - map: 0x09b800000899 <Map(FEEDBACK_VECTOR_TYPE)>
 - length: 7
 - shared function info: 0x09b80101e149 <SharedFunctionInfo sum>
 - tiering_in_progress: 0
 - osr_tiering_in_progress: 0
 - invocation count: 5
 - closure feedback cell array: 0x9b8000021d9: [ClosureFeedbackCellArray] in ReadOnlySpace
 - map: 0x09b800000871 <Map(CLOSURE_FEEDBACK_CELL_ARRAY_TYPE)>
 - length: 0
 - elements:

 - slot #0 LoadProperty POLYMORPHIC
   [weak] 0x09b80100d091 <Map[16](HOLEY_SMI_ELEMENTS)>: LoadHandler(Smi)(kind = kField, is in object = 1, is double = 0, storage offset in words = 3, descriptor index = 2046)
   [weak] 0x09b80100ca11 <Map[16](PACKED_SMI_ELEMENTS)>: LoadHandler(Smi)(kind = kField, is in object = 1, is double = 0, storage offset in words = 3, descriptor index = 2046) {
     [0]: 0x09b80104c9a1 <WeakFixedArray[4]>
     [1]: 0x09b800000e95 <Symbol: (uninitialized_symbol)>
  }
 - slot #2 BinaryOp BinaryOp:SignedSmall {
     [2]: 1
  }
 - slot #3 LoadKeyed POLYMORPHIC
   [weak] 0x09b80100d091 <Map[16](HOLEY_SMI_ELEMENTS)>: LoadHandler(Smi)(kind = kElement, allow out of bounds = 0, is JSArray = 1, allow reading holes = 0, elements kind = HOLEY_SMI_ELEMENTS)
   [weak] 0x09b80100ca11 <Map[16](PACKED_SMI_ELEMENTS)>: LoadHandler(Smi)(kind = kElementWithTransition, allow out of bounds = 0, is JSArray = 1, allow reading holes = 0, elements kind = HOLEY_SMI_ELEMENTS) {
     [3]: 0x09b80104c9b9 <WeakFixedArray[4]>
     [4]: 0x09b800000e95 <Symbol: (uninitialized_symbol)>
  }
 - slot #5 BinaryOp BinaryOp:SignedSmall {
     [5]: 1
  }
 - slot #6 JumpLoop JumpLoop {
     [6]: [cleared]
  }

----- Inlining 0x09b80101e179 <SharedFunctionInfo scale> with bytecode -----
Parameter count 3
Register count 5
Frame size 40
  407 S> 0x31a010002d8 @    0 : 23 00 00          LdaGlobal [0:"Array"], FBV[0]
         0x31a010002db @    3 : d2                Star2
  421 E> 0x31a010002dc @    4 : 33 03 01 02       GetNamedProperty a0, [1:"length"], FBV[2]
         0x31a010002e0 @    8 : d1                Star3
         0x31a010002e1 @    9 : 0b f7             Ldar r2
  407 E> 0x31a010002e3 @   11 : 74 f7 f6 01 04    Construct r2, r3-r3, FBV[4]
         0x31a010002e8 @   16 : d4                Star0
  445 S> 0x31a010002e9 @   17 : 0c                LdaZero
         0x31a010002ea @   18 : d3                Star1
  456 S> 0x31a010002eb @   19 : 33 03 01 02       GetNamedProperty a0, [1:"length"], FBV[2]
  450 E> 0x31a010002ef @   23 : 79 f8 01 00       TestLessThan r1, EmbeddedFeedback[0x1]
         0x31a010002f3 @   27 : a8 1a             JumpIfFalse [26] (0x31a0100030d @ 53)
  469 S> 0x31a010002f5 @   29 : 0b f8             Ldar r1
  481 E> 0x31a010002f7 @   31 : 35 03 07          GetKeyedProperty a0, FBV[7]
         0x31a010002fa @   34 : d0                Star4
         0x31a010002fb @   35 : 0b 04             Ldar a1
  485 E> 0x31a010002fd @   37 : 44 f5 06          Mul r4, FBV[6]
  476 E> 0x31a01000300 @   40 : 3c f9 f8 09       SetKeyedProperty r0, r1, FBV[9]
  465 S> 0x31a01000304 @   44 : 0b f8             Ldar r1
         0x31a01000306 @   46 : 5b 0b             Inc FBV[11]
         0x31a01000308 @   48 : d3                Star1
  432 E> 0x31a01000309 @   49 : 97 1e 00 0c       JumpLoop [30], [0], FBV[12] (0x31a010002eb @ 19)
  492 S> 0x31a0100030d @   53 : 0b f9             Ldar r0
  503 S> 0x31a0100030f @   55 : b9                Return
Constant pool (size = 2)
0x31a010002a1: [TrustedFixedArray]
 - map: 0x09b800000605 <Map(TRUSTED_FIXED_ARRAY_TYPE)>
 - length: 2
           0: 0x09b800003f8d <String[5]: #Array>
           1: 0x09b800000e19 <String[6]: #length>
Handler Table (size = 0)
Source Position Table (size = 34)
0x031a01000311 <Other heap object (TRUSTED_BYTE_ARRAY_TYPE)>
0x9b80101e585: [FeedbackVector] in OldSpace
 - map: 0x09b800000899 <Map(FEEDBACK_VECTOR_TYPE)>
 - length: 13
 - shared function info: 0x09b80101e179 <SharedFunctionInfo scale>
 - tiering_in_progress: 0
 - osr_tiering_in_progress: 0
 - invocation count: 5
 - closure feedback cell array: 0x9b8000021d9: [ClosureFeedbackCellArray] in ReadOnlySpace
 - map: 0x09b800000871 <Map(CLOSURE_FEEDBACK_CELL_ARRAY_TYPE)>
 - length: 0
 - elements:

 - slot #0 LoadGlobalNotInsideTypeof MONOMORPHIC
   [weak] 0x09b801017891 <PropertyCell name=0x09b800003f8d <String[5]: #Array> value=0x09b80100c961 <JSFunction Array (sfi = 0x9b8001ac3f9)>> {
     [0]: [weak] 0x09b801017891 <PropertyCell name=0x09b800003f8d <String[5]: #Array> value=0x09b80100c961 <JSFunction Array (sfi = 0x9b8001ac3f9)>>
     [1]: 0x09b800000e95 <Symbol: (uninitialized_symbol)>
  }
 - slot #2 LoadProperty MONOMORPHIC
   [weak] 0x09b80100d091 <Map[16](HOLEY_SMI_ELEMENTS)>: LoadHandler(Smi)(kind = kField, is in object = 1, is double = 0, storage offset in words = 3, descriptor index = 2046) {
     [2]: [weak] 0x09b80100d091 <Map[16](HOLEY_SMI_ELEMENTS)>
     [3]: 1072824517
  }
 - slot #4 Call MONOMORPHIC {
     [4]: 0x09b80101e649 <AllocationSite>
     [5]: 32
  }
 - slot #6 BinaryOp BinaryOp:SignedSmall {
     [6]: 1
  }
 - slot #7 LoadKeyed MONOMORPHIC
   [weak] 0x09b80100d091 <Map[16](HOLEY_SMI_ELEMENTS)>: LoadHandler(Smi)(kind = kElement, allow out of bounds = 0, is JSArray = 1, allow reading holes = 0, elements kind = HOLEY_SMI_ELEMENTS) {
     [7]: [weak] 0x09b80100d091 <Map[16](HOLEY_SMI_ELEMENTS)>
     [8]: 640
  }
 - slot #9 StoreKeyedSloppy MONOMORPHIC
   0x09b80100d091 <Map[16](HOLEY_SMI_ELEMENTS)>: StoreHandler(builtin = 0x09b8001b6f11 <Code BUILTIN StoreFastElementIC_InBounds>, validity cell = 0x09b801005b09 <Cell value= [weak] 0x09b801004985 <NativeContext[307]>>)
 {
     [9]: [weak] 0x09b80100d091 <Map[16](HOLEY_SMI_ELEMENTS)>
     [10]: 0x09b80101e5d5 <Other heap object (STORE_HANDLER_TYPE)>
  }
 - slot #11 BinaryOp BinaryOp:SignedSmall {
     [11]: 1
  }
 - slot #12 JumpLoop JumpLoop {
     [12]: [cleared]
  }

----- Inlining 0x09b80101e149 <SharedFunctionInfo sum> with bytecode -----
Parameter count 2
Register count 3
Frame size 24
  298 S> 0x31a01000254 @    0 : 0c                LdaZero
         0x31a01000255 @    1 : d4                Star0
  316 S> 0x31a01000256 @    2 : 0c                LdaZero
         0x31a01000257 @    3 : d3                Star1
  327 S> 0x31a01000258 @    4 : 33 03 00 00       GetNamedProperty a0, [0:"length"], FBV[0]
  321 E> 0x31a0100025c @    8 : 79 f8 01 00       TestLessThan r1, EmbeddedFeedback[0x1]
         0x31a01000260 @   12 : a8 17             JumpIfFalse [23] (0x31a01000277 @ 35)
  340 S> 0x31a01000262 @   14 : 0b f8             Ldar r1
  348 E> 0x31a01000264 @   16 : 35 03 03          GetKeyedProperty a0, FBV[3]
         0x31a01000267 @   19 : 42 f9 02          Add r0, FBV[2]
         0x31a0100026a @   22 : 1b f9 f7          Mov r0, r2
         0x31a0100026d @   25 : d4                Star0
  336 S> 0x31a0100026e @   26 : 0b f8             Ldar r1
         0x31a01000270 @   28 : 5b 05             Inc FBV[5]
         0x31a01000272 @   30 : d3                Star1
  303 E> 0x31a01000273 @   31 : 97 1b 00 06       JumpLoop [27], [0], FBV[6] (0x31a01000258 @ 4)
  355 S> 0x31a01000277 @   35 : 0b f9             Ldar r0
  364 S> 0x31a01000279 @   37 : b9                Return
Constant pool (size = 1)
0x31a01000221: [TrustedFixedArray]
 - map: 0x09b800000605 <Map(TRUSTED_FIXED_ARRAY_TYPE)>
 - length: 1
           0: 0x09b800000e19 <String[6]: #length>
Handler Table (size = 0)
Source Position Table (size = 25)
0x031a0100027d <Other heap object (TRUSTED_BYTE_ARRAY_TYPE)>
0x9b80101e501: [FeedbackVector] in OldSpace
 - map: 0x09b800000899 <Map(FEEDBACK_VECTOR_TYPE)>
 - length: 7
 - shared function info: 0x09b80101e149 <SharedFunctionInfo sum>
 - tiering_in_progress: 0
 - osr_tiering_in_progress: 0
 - invocation count: 5
 - closure feedback cell array: 0x9b8000021d9: [ClosureFeedbackCellArray] in ReadOnlySpace
 - map: 0x09b800000871 <Map(CLOSURE_FEEDBACK_CELL_ARRAY_TYPE)>
 - length: 0
 - elements:

 - slot #0 LoadProperty POLYMORPHIC
   [weak] 0x09b80100d091 <Map[16](HOLEY_SMI_ELEMENTS)>: LoadHandler(Smi)(kind = kField, is in object = 1, is double = 0, storage offset in words = 3, descriptor index = 2046)
   [weak] 0x09b80100ca11 <Map[16](PACKED_SMI_ELEMENTS)>: LoadHandler(Smi)(kind = kField, is in object = 1, is double = 0, storage offset in words = 3, descriptor index = 2046) {
     [0]: 0x09b80104c9a1 <WeakFixedArray[4]>
     [1]: 0x09b800000e95 <Symbol: (uninitialized_symbol)>
  }
 - slot #2 BinaryOp BinaryOp:SignedSmall {
     [2]: 1
  }
 - slot #3 LoadKeyed POLYMORPHIC
   [weak] 0x09b80100d091 <Map[16](HOLEY_SMI_ELEMENTS)>: LoadHandler(Smi)(kind = kElement, allow out of bounds = 0, is JSArray = 1, allow reading holes = 0, elements kind = HOLEY_SMI_ELEMENTS)
   [weak] 0x09b80100ca11 <Map[16](PACKED_SMI_ELEMENTS)>: LoadHandler(Smi)(kind = kElementWithTransition, allow out of bounds = 0, is JSArray = 1, allow reading holes = 0, elements kind = HOLEY_SMI_ELEMENTS) {
     [3]: 0x09b80104c9b9 <WeakFixedArray[4]>
     [4]: 0x09b800000e95 <Symbol: (uninitialized_symbol)>
  }
 - slot #5 BinaryOp BinaryOp:SignedSmall {
     [5]: 1
  }
 - slot #6 JumpLoop JumpLoop {
     [6]: [cleared]
  }

----- Inlining 0x09b80101e1a9 <SharedFunctionInfo flipflop> with bytecode -----
Parameter count 2
Register count 0
Frame size 0
  581 S> 0x31a01000364 @    0 : 0b 03             Ldar a0
  590 E> 0x31a01000366 @    2 : 51 02 01          MulSmi [2], FBV[1]
  594 E> 0x31a01000369 @    5 : 4f 01 00          AddSmi [1], FBV[0]
  598 S> 0x31a0100036c @    8 : b9                Return
Constant pool (size = 0)
Handler Table (size = 0)
Source Position Table (size = 11)
0x031a01000371 <Other heap object (TRUSTED_BYTE_ARRAY_TYPE)>
0x9b80101e625: [FeedbackVector] in OldSpace
 - map: 0x09b800000899 <Map(FEEDBACK_VECTOR_TYPE)>
 - length: 2
 - shared function info: 0x09b80101e1a9 <SharedFunctionInfo flipflop>
 - tiering_in_progress: 0
 - osr_tiering_in_progress: 0
 - invocation count: 803
 - closure feedback cell array: 0x9b8000021d9: [ClosureFeedbackCellArray] in ReadOnlySpace
 - map: 0x09b800000871 <Map(CLOSURE_FEEDBACK_CELL_ARRAY_TYPE)>
 - length: 0
 - elements:

 - slot #0 BinaryOp BinaryOp:AdditiveSafeInteger {
     [0]: 7
  }
 - slot #1 BinaryOp BinaryOp:Number {
     [1]: 15
  }

----- Inlining 0x09b80101e1a9 <SharedFunctionInfo flipflop> with bytecode -----
Parameter count 2
Register count 0
Frame size 0
  581 S> 0x31a01000364 @    0 : 0b 03             Ldar a0
  590 E> 0x31a01000366 @    2 : 51 02 01          MulSmi [2], FBV[1]
  594 E> 0x31a01000369 @    5 : 4f 01 00          AddSmi [1], FBV[0]
  598 S> 0x31a0100036c @    8 : b9                Return
Constant pool (size = 0)
Handler Table (size = 0)
Source Position Table (size = 11)
0x031a01000371 <Other heap object (TRUSTED_BYTE_ARRAY_TYPE)>
0x9b80101e625: [FeedbackVector] in OldSpace
 - map: 0x09b800000899 <Map(FEEDBACK_VECTOR_TYPE)>
 - length: 2
 - shared function info: 0x09b80101e1a9 <SharedFunctionInfo flipflop>
 - tiering_in_progress: 0
 - osr_tiering_in_progress: 0
 - invocation count: 803
 - closure feedback cell array: 0x9b8000021d9: [ClosureFeedbackCellArray] in ReadOnlySpace
 - map: 0x09b800000871 <Map(CLOSURE_FEEDBACK_CELL_ARRAY_TYPE)>
 - length: 0
 - elements:

 - slot #0 BinaryOp BinaryOp:AdditiveSafeInteger {
     [0]: 7
  }
 - slot #1 BinaryOp BinaryOp:Number {
     [1]: 15
  }

----- After graph building -----
Graph

      [0m  [0m189: Constant(0x09b80101e269 <FeedbackCell[one closure]>), 3 uses
      [0m   [0m24: Constant(0x09b80101e291 <JSFunction sum (sfi = 0x9b80101e149)>), 9 uses
      [0m   [0m27: Constant(0x09b80101e279 <ScriptContext[4]>), 15 uses
      [0m   [0m28: Constant(0x09b801004925 <JSGlobalProxy>), 15 uses
      [0m   [0m73: Constant(0x09b80101e2c5 <JSFunction scale (sfi = 0x9b80101e179)>), 7 uses
      [0m   [0m76: Constant(0x09b80100c961 <JSFunction Array (sfi = 0x9b8001ac3f9)>), 2 uses
      [0m  [0m165: Constant(0x09b80101e2f9 <JSFunction flipflop (sfi = 0x9b80101e1a9)>), 1 uses
      [0m  [0m172: Constant(0x09b80101e1d9 <HeapNumber 0.5>), 0 uses 🪦
      [0m   [0m79: Constant(0x09b80100d091 <Map[16](HOLEY_SMI_ELEMENTS)>), 0 uses 🪦
      [0m   [0m26: RootConstant(undefined_value), 0 uses 🪦
      [0m   [0m22: RootConstant(true_value), 0 uses 🪦
      [0m   [0m21: RootConstant(false_value), 0 uses 🪦
      [0m   [0m80: RootConstant(empty_fixed_array), 1 uses
      [0m   [0m45: RootConstant(optimized_out), 0 uses 🪦
      [0m   [0m30: SmiConstant(0), 13 uses
      [0m   [0m48: SmiConstant(1), 4 uses
      [0m   [0m74: SmiConstant(3), 7 uses
      [0m  [0m168: SmiConstant(6), 0 uses 🪦
      [0m  [0m163: SmiConstant(200), 1 uses
      [0m   [0m88: SmiConstant(247), 1 uses
      [0m   [0m16: SmiConstant(400), 1 uses
      [0m   [0m33: Int32Constant(0), 13 uses, cannot truncate to int32
      [0m   [0m43: Int32Constant(1), 4 uses, cannot truncate to int32
      [0m   [0m97: Int32Constant(3), 2 uses, cannot truncate to int32
      [0m  [0m169: Int32Constant(6), 3 uses, cannot truncate to int32
      [0m  [0m166: Int32Constant(7), 1 uses, cannot truncate to int32
      [0m  [0m164: Int32Constant(200), 2 uses, cannot truncate to int32
      [0m   [0m18: Int32Constant(400), 2 uses, cannot truncate to int32
      [0m  [0m173: Float64Constant(0), 0 uses 🪦
      [0m  [0m174: Float64Constant(0.5), 2 uses
      [0m  [0m183: Float64Constant(1), 2 uses
      [0m  [0m181: Float64Constant(2), 2 uses
       [0mBlock b0
      [0m[1;34m0x09b80101e0c9 <SharedFunctionInfo> (0x09b80104a7b1 <String[18]: "workloads/mixed.js">:0:0)
[m      [0m[0;34m  54 : 00 0d 90 01       LdaSmi.Wide [400]
[m      [0m    [0m1: InitialValue(<this>), 22 uses
      [0m    [0m2: InitialValue(<context>), 29 uses
      [0m    [0m3: InitialValue(<closure>), 22 uses
      [0m    [0m4: InitialValue(r0), 0 uses 🪦
      [0m    [0m5: InitialValue(r1), 2 uses
      [0m    [0m6: InitialValue(r2), 0 uses 🪦
      [0m    [0m7: InitialValue(r3), 0 uses 🪦
      [0m    [0m8: InitialValue(r4), 0 uses 🪦
      [0m    [0m9: InitialValue(r5), 0 uses 🪦
      [0m   [0m10: InitialValue(r6), 0 uses 🪦
      [0m   [0m11: InitialValue(r7), 0 uses 🪦
      [0m   [0m12: InitialValue(r8), 0 uses 🪦
      [0m   [0m13: FunctionEntryStackCheck
      [0m       ↳ lazy @181 (3 live vars)
      [0m       ↱ eager @181 (3 live vars)
      [0m   [0m14: CheckpointedJump b1
      [0m    │  with gap moves:
      [0m    │    - n5 → 15: φᵀ r1
      [0m    ▼
[0;31m╭─────►[0mBlock b1 (effects:)
[0;31m│     [0m   [0m15: φᵀ r1 (n5, n219), 21 uses
[0;31m│     [0m[1;34m0x09b80101e0c9 <SharedFunctionInfo> (0x09b80104a7b1 <String[18]: "workloads/mixed.js">:25:26)
[m[0;31m│     [0m[0;34m  58 : 79 f8 01 00       TestLessThan r1, EmbeddedFeedback[0x1]
[m[0;31m│     [0m       ↱ eager @58 (4 live vars)
[0;31m│     [0m   [0m17: CheckedSmiUntag [n15], 4 uses, cannot truncate to int32
[0;31m│     [0m   [0m19: Int32Compare[LessThan] [n17, n18], 0 uses 🪦
[0;31m│     [0m[0;34m  62 : a8 7b             JumpIfFalse [123]
[m[0;31m│[0;32m╭───────[0m20: BranchIfInt32Compare(LessThan) [n17, n18] b2 b38
[0;31m│[0;32m│    [0m    ↓
[0;31m│[0;32m│     [0mBlock b2
[0;31m│[0;32m│    [0m[1;34m0x09b80101e0c9 <SharedFunctionInfo> (0x09b80104a7b1 <String[18]: "workloads/mixed.js">:26:2)
[m[0;31m│[0;32m│    [0m[0;34m  64 : 18 03             LdaCurrentContextSlot [3]
[m[0;31m│[0;32m│    [0m   [0m23: LoadContextSlot(0x14, mutable) [n2], 3 uses
[0;31m│[0;32m│    [0m[0;34m  71 : 19 02             LdaImmutableCurrentContextSlot [2]
[m[0;31m│[0;32m│    [0m   [0m25: LoadContextSlotNoCells(0x10, constant) [n2], 16 uses
[0;31m│[0;32m│    [0m[1;34m0x09b80101e149 <SharedFunctionInfo sum> (0x09b80104a7b1 <String[18]: "workloads/mixed.js">:4:12)
[m[0;31m│[0;32m│    [0m[0;34m   0 : 0c                LdaZero
[m[0;31m│[0;32m│    [0m   [0m29: Jump b3
[0;31m│[0;32m│    [0m    ↓
[0;31m│[0;32m│     [0mBlock b3
[0;31m│[0;32m│    [0m[1;34m0x09b80101e149 <SharedFunctionInfo sum> (0x09b80104a7b1 <String[18]: "workloads/mixed.js">:6:26)
[m[0;31m│[0;32m│    [0m[0;34m   4 : 33 03 00 00       GetNamedProperty a0, [0:"length"], FBV[0]
[m[0;31m│[0;32m│    [0m       ↱ eager @74 (4 live vars)
[0;31m│[0;32m│    [0m       │       @4 (5 live vars)
[0;31m│[0;32m│    [0m   [0m31: CheckMaps(0x09b80100d091 <Map[16](HOLEY_SMI_ELEMENTS)>, 0x09b80100ca11 <Map[16](PACKED_SMI_ELEMENTS)>, check heapobj) [n25]
[0;31m│[0;32m│    [0m   [0m32: LoadTaggedField(0xc: 0x09b800000e19 <String[6]: #length>, compressed, Smi) [n25], 14 uses
[0;31m│[0;32m│    [0m[1;34m0x09b80101e149 <SharedFunctionInfo sum> (0x09b80104a7b1 <String[18]: "workloads/mixed.js">:6:20)
[m[0;31m│[0;32m│    [0m[0;34m   8 : 79 f8 01 00       TestLessThan r1, EmbeddedFeedback[0x1]
[m[0;31m│[0;32m│    [0m   [0m34: UnsafeSmiUntag [n32], 13 uses, cannot truncate to int32
[0;31m│[0;32m│    [0m   [0m35: Int32Compare[LessThan] [n33, n34], 0 uses 🪦
[0;31m│[0;32m│    [0m[0;34m  12 : a8 17             JumpIfFalse [23]
[m[0;31m│[0;32m│[0;33m╭──────[0m36: BranchIfInt32Compare(LessThan) [n33, n34] b4 b8
[0;31m│[0;32m│[0;33m│   [0m    ↓
[0;31m│[0;32m│[0;33m│    [0mBlock b4
[0;31m│[0;32m│[0;33m│   [0m[1;34m0x09b80101e149 <SharedFunctionInfo sum> (0x09b80104a7b1 <String[18]: "workloads/mixed.js">:6:47)
[m[0;31m│[0;32m│[0;33m│   [0m[0;34m  16 : 35 03 03          GetKeyedProperty a0, FBV[3]
[m[0;31m│[0;32m│[0;33m│   [0m   [0m37: LoadTaggedField(0x8, compressed) [n25], 2 uses
[0;31m│[0;32m│[0;33m│   [0m       ↱ eager @74 (4 live vars)
[0;31m│[0;32m│[0;33m│   [0m       │       @4 (5 live vars)
[0;31m│[0;32m│[0;33m│   [0m   [0m38: CheckInt32Condition[UnsignedLessThan, OutOfBounds] [n33, n34]
[0;31m│[0;32m│[0;33m│   [0m   [0m39: LoadTaggedField(0x8, compressed) [n37], 2 uses
[0;31m│[0;32m│[0;33m│   [0m       ↱ eager @74 (4 live vars)
[0;31m│[0;32m│[0;33m│   [0m       │       @4 (5 live vars)
[0;31m│[0;32m│[0;33m│   [0m   [0m40: CheckNotHole [n39]
[0;31m│[0;32m│[0;33m│   [0m[0;34m  19 : 42 f9 02          Add r0, FBV[2]
[m[0;31m│[0;32m│[0;33m│   [0m   [0m41: UnsafeSmiUntag [n39], 1 uses, cannot truncate to int32
[0;31m│[0;32m│[0;33m│   [0m       ↱ eager @74 (4 live vars)
[0;31m│[0;32m│[0;33m│   [0m       │       @4 (5 live vars)
[0;31m│[0;32m│[0;33m│   [0m   [0m42: Int32AddWithOverflow [n41, n33], 2 uses, can truncate to int32 [-2147483648, 2147483647]
[0;31m│[0;32m│[0;33m│   [0m[1;34m0x09b80101e149 <SharedFunctionInfo sum> (0x09b80104a7b1 <String[18]: "workloads/mixed.js">:6:2)
[m[0;31m│[0;32m│[0;33m│   [0m[0;34m  31 : 97 1b 00 06       JumpLoop [27], [0], FBV[6]
[m[0;31m│[0;32m│[0;33m│   [0m   [0m44: HandleNoHeapWritesInterrupt
[0;31m│[0;32m│[0;33m│   [0m       │      @74 (4 live vars)
[0;31m│[0;32m│[0;33m│   [0m       ↳ lazy @31 (5 live vars)
[0;31m│[0;32m│[0;33m│   [0m   [0m47: Int32ToNumber[kCanonicalizeSmi] [n42], 1 uses
[0;31m│[0;32m│[0;33m│   [0m   [0m46: Jump b5
[0;31m│[0;32m│[0;33m│   [0m    │  with gap moves:
[0;31m│[0;32m│[0;33m│   [0m    │    - n47 → 49: φᵀ r0
[0;31m│[0;32m│[0;33m│   [0m    │    - n48 → 50: φᵀ r1
[0;31m│[0;32m│[0;33m│   [0m    ▼
[0;31m│[0;32m│[0;33m│[0;34m╭──►[0mBlock b5 peeled (effects:)
[0;31m│[0;32m│[0;33m│[0;34m│  [0m   [0m49: φᵀ r0 (n47, n63), 3 uses
[0;31m│[0;32m│[0;33m│[0;34m│  [0m   [0m50: φᵀ r1 (n48, n64), 2 uses
[0;31m│[0;32m│[0;33m│[0;34m│  [0m[0;34m   8 : 79 f8 01 00       TestLessThan r1, EmbeddedFeedback[0x1]
[m[0;31m│[0;32m│[0;33m│[0;34m│  [0m       ↱ eager @74 (4 live vars)
[0;31m│[0;32m│[0;33m│[0;34m│  [0m       │       @8 (6 live vars)
[0;31m│[0;32m│[0;33m│[0;34m│  [0m   [0m51: CheckedSmiUntag [n50], 5 uses, cannot truncate to int32
[0;31m│[0;32m│[0;33m│[0;34m│  [0m   [0m52: Int32Compare[LessThan] [n51, n34], 0 uses 🪦
[0;31m│[0;32m│[0;33m│[0;34m│  [0m[0;34m  12 : a8 17             JumpIfFalse [23]
[m[0;31m│[0;32m│[0;33m│[0;34m│[0;35m╭────[0m53: BranchIfInt32Compare(LessThan) [n51, n34] b6 b7
[0;31m│[0;32m│[0;33m│[0;34m│[0;35m│ [0m    ↓
[0;31m│[0;32m│[0;33m│[0;34m│[0;35m│  [0mBlock b6
[0;31m│[0;32m│[0;33m│[0;34m│[0;35m│ [0m[0;34m  16 : 35 03 03          GetKeyedProperty a0, FBV[3]
[m[0;31m│[0;32m│[0;33m│[0;34m│[0;35m│ [0m       ↱ eager @74 (4 live vars)
[0;31m│[0;32m│[0;33m│[0;34m│[0;35m│ [0m       │       @8 (6 live vars)
[0;31m│[0;32m│[0;33m│[0;34m│[0;35m│ [0m   [0m54: CheckInt32Condition[UnsignedLessThan, OutOfBounds] [n51, n34]
[0;31m│[0;32m│[0;33m│[0;34m│[0;35m│ [0m   [0m55: LoadFixedArrayElement(compressed), Unknown [n37, n51], 2 uses
[0;31m│[0;32m│[0;33m│[0;34m│[0;35m│ [0m       ↱ eager @74 (4 live vars)
[0;31m│[0;32m│[0;33m│[0;34m│[0;35m│ [0m       │       @8 (6 live vars)
[0;31m│[0;32m│[0;33m│[0;34m│[0;35m│ [0m   [0m56: CheckNotHole [n55]
[0;31m│[0;32m│[0;33m│[0;34m│[0;35m│ [0m[0;34m  19 : 42 f9 02          Add r0, FBV[2]
[m[0;31m│[0;32m│[0;33m│[0;34m│[0;35m│ [0m       ↱ eager @74 (4 live vars)
[0;31m│[0;32m│[0;33m│[0;34m│[0;35m│ [0m       │       @8 (6 live vars)
[0;31m│[0;32m│[0;33m│[0;34m│[0;35m│ [0m   [0m57: CheckedSmiUntag [n49], 1 uses, cannot truncate to int32
[0;31m│[0;32m│[0;33m│[0;34m│[0;35m│ [0m   [0m58: UnsafeSmiUntag [n55], 1 uses, cannot truncate to int32
[0;31m│[0;32m│[0;33m│[0;34m│[0;35m│ [0m       ↱ eager @74 (4 live vars)
[0;31m│[0;32m│[0;33m│[0;34m│[0;35m│ [0m       │       @8 (6 live vars)
[0;31m│[0;32m│[0;33m│[0;34m│[0;35m│ [0m   [0m59: Int32AddWithOverflow [n57, n58], 2 uses, can truncate to int32 [-2147483648, 2147483647]
[0;31m│[0;32m│[0;33m│[0;34m│[0;35m│ [0m[0;34m  28 : 5b 05             Inc FBV[5]
[m[0;31m│[0;32m│[0;33m│[0;34m│[0;35m│ [0m       ↱ eager @74 (4 live vars)
[0;31m│[0;32m│[0;33m│[0;34m│[0;35m│ [0m       │       @8 (6 live vars)
[0;31m│[0;32m│[0;33m│[0;34m│[0;35m│ [0m   [0m60: Int32IncrementWithOverflow [n51], 2 uses, cannot truncate to int32
[0;31m│[0;32m│[0;33m│[0;34m│[0;35m│ [0m[0;34m  31 : 97 1b 00 06       JumpLoop [27], [0], FBV[6]
[m[0;31m│[0;32m│[0;33m│[0;34m│[0;35m│ [0m   [0m61: HandleNoHeapWritesInterrupt
[0;31m│[0;32m│[0;33m│[0;34m│[0;35m│ [0m       │      @74 (4 live vars)
[0;31m│[0;32m│[0;33m│[0;34m│[0;35m│ [0m       ↳ lazy @31 (5 live vars)
[0;31m│[0;32m│[0;33m│[0;34m│[0;35m│ [0m   [0m63: Int32ToNumber[kCanonicalizeSmi] [n59], 1 uses
[0;31m│[0;32m│[0;33m│[0;34m│[0;35m│ [0m   [0m64: Int32ToNumber[kCanonicalizeSmi] [n60], 1 uses
[0;31m│[0;32m│[0;33m│[0;34m│[0;35m│ [0m       ↱ eager @74 (4 live vars)
[0;31m│[0;32m│[0;33m│[0;34m│[0;35m│ [0m       │       @8 (6 live vars)
[0;31m│[0;32m│[0;33m│[0;34m╰──◄──[0m62: JumpLoop b5
[0;31m│[0;32m│[0;33m│ [0;35m│ [0m       with gap moves:
[0;31m│[0;32m│[0;33m│ [0;35m│ [0m         - n63 → 49: φᵀ r0
[0;31m│[0;32m│[0;33m│ [0;35m│ [0m         - n64 → 50: φᵀ r1
[0;31m│[0;32m│[0;33m│ [0;35m│ [0m
[0;31m│[0;32m│[0;33m│ [0;35m╰─►[0mBlock b7
[0;31m│[0;32m│[0;33m│   [0m[1;34m0x09b80101e149 <SharedFunctionInfo sum> (0x09b80104a7b1 <String[18]: "workloads/mixed.js">:7:2)
[m[0;31m│[0;32m│[0;33m│   [0m[0;34m  35 : 0b f9             Ldar r0
[m[0;31m│[0;32m│[0;33m│[0;34m╭─────[0m65: Jump b9
[0;31m│[0;32m│[0;33m│[0;34m│  [0m       with gap moves:
[0;31m│[0;32m│[0;33m│[0;34m│  [0m         - n49 → 67: φᵀ r0
[0;31m│[0;32m│[0;33m│[0;34m│  [0m
[0;31m│[0;32m│[0;33m╰───►[0mBlock b8
[0;31m│[0;32m│ [0;34m│  [0m   [0m66: Jump b9
[0;31m│[0;32m│ [0;34m│  [0m    │  with gap moves:
[0;31m│[0;32m│ [0;34m│  [0m    │    - n30 → 67: φᵀ r0
[0;31m│[0;32m│ [0;34m│  [0m    ▼
[0;31m│[0;32m│ [0;34m╰──►[0mBlock b9
[0;31m│[0;32m│    [0m   [0m67: φᵀ r0 (n30, n49), 2 uses
[0;31m│[0;32m│    [0m[1;34m0x09b80101e0c9 <SharedFunctionInfo> (0x09b80104a7b1 <String[18]: "workloads/mixed.js">:26:9)
[m[0;31m│[0;32m│    [0m[0;34m  78 : 42 f5 07          Add r4, FBV[7]
[m[0;31m│[0;32m│    [0m       ↱ eager @78 (5 live vars)
[0;31m│[0;32m│    [0m   [0m68: CheckedSmiUntag [n23], 1 uses, cannot truncate to int32
[0;31m│[0;32m│    [0m       ↱ eager @78 (5 live vars)
[0;31m│[0;32m│    [0m   [0m69: CheckedSmiUntag [n67], 1 uses, cannot truncate to int32
[0;31m│[0;32m│    [0m       ↱ eager @78 (5 live vars)
[0;31m│[0;32m│    [0m   [0m70: Int32AddWithOverflow [n68, n69], 5 uses, can truncate to int32 [-2147483648, 2147483647]
[0;31m│[0;32m│    [0m[1;34m0x09b80101e0c9 <SharedFunctionInfo> (0x09b80104a7b1 <String[18]: "workloads/mixed.js">:26:6)
[m[0;31m│[0;32m│    [0m[0;34m  81 : 29 03             StaCurrentContextSlot [3]
[m[0;31m│[0;32m│    [0m   [0m71: Int32ToNumber[kCanonicalizeSmi] [n70], 1 uses
[0;31m│[0;32m│    [0m   [0m72: StoreContextSlotWithWriteBarrier(3, mutable) [n2, n71]
[0;31m│[0;32m│    [0m       ↳ lazy @81 (3 live vars)
[0;31m│[0;32m│    [0m[1;34m0x09b80101e179 <SharedFunctionInfo scale> (0x09b80104a7b1 <String[18]: "workloads/mixed.js">:10:14)
[m[0;31m│[0;32m│    [0m[0;34m   0 : 23 00 00          LdaGlobal [0:"Array"], FBV[0]
[m[0;31m│[0;32m│    [0m   [0m75: Jump b10
[0;31m│[0;32m│    [0m    ↓
[0;31m│[0;32m│     [0mBlock b10
[0;31m│[0;32m│    [0m[1;34m0x09b80101e179 <SharedFunctionInfo scale> (0x09b80104a7b1 <String[18]: "workloads/mixed.js">:11:14)
[m[0;31m│[0;32m│    [0m[0;34m  11 : 74 f7 f6 01 04    Construct r2, r3-r3, FBV[4]
[m[0;31m│[0;32m│[0;33m╭──────[0m77: BranchIfInt32Compare(GreaterThanOrEqual) [n34, n33] b11 b12
[0;31m│[0;32m│[0;33m│   [0m    ↓
[0;31m│[0;32m│[0;33m│    [0mBlock b11
[0;31m│[0;32m│[0;33m│   [0m       ↱ eager @100 (5 live vars)
[0;31m│[0;32m│[0;33m│   [0m       │       @11 (7 live vars)
[0;31m│[0;32m│[0;33m│   [0m   [0m78: AllocateElementsArray(HOLEY_SMI_ELEMENTS, Young) [n34], 10 uses
[0;31m│[0;32m│[0;33m│   [0m   [0m81: AllocationBlock(Young), 1 uses
[0;31m│[0;32m│[0;33m│   [0m   [0m82: InlinedAllocation(object 0x09b80100d091 <Map[16](HOLEY_SMI_ELEMENTS)>) [n81], 17 uses (13 non escaping uses)
[0;31m│[0;32m│[0;33m│   [0m   [0m83: StoreMap(0x09b80100d091 <Map[16](HOLEY_SMI_ELEMENTS)>, InlinedAllocation) [n82]
[0;31m│[0;32m│[0;33m│   [0m   [0m84: StoreTaggedFieldNoWriteBarrier(0x4, mutable) [n82, n80]
[0;31m│[0;32m│[0;33m│   [0m   [0m85: StoreTaggedFieldWithWriteBarrier(0x8, mutable, maybe_smi:1) [n82, n78]
[0;31m│[0;32m│[0;33m│   [0m   [0m86: StoreTaggedFieldNoWriteBarrier(0xc, mutable) [n82, n32]
[0;31m│[0;32m│[0;33m│[0;34m╭─────[0m87: Jump b13
[0;31m│[0;32m│[0;33m│[0;34m│  [0m
[0;31m│[0;32m│[0;33m╰───►[0mBlock b12
[0;31m│[0;32m│ [0;34m│  [0m   [0m89: Throw(ThrowRangeError, has_input=1) [n88]
[0;31m│[0;32m│ [0;34m│  [0m       │      @100 (5 live vars)
[0;31m│[0;32m│ [0;34m│  [0m       ↳ lazy @11 (4 live vars)
[0;31m│[0;32m│ [0;34m│  [0m
[0;31m│[0;32m│ [0;34m╰──►[0mBlock b13
[0;31m│[0;32m│    [0m[1;34m0x09b80101e179 <SharedFunctionInfo scale> (0x09b80104a7b1 <String[18]: "workloads/mixed.js">:12:20)
[m[0;31m│[0;32m│    [0m[0;34m  27 : a8 1a             JumpIfFalse [26]
[m[0;31m│[0;32m│[0;33m╭──────[0m90: BranchIfInt32Compare(LessThan) [n33, n34] b14 b18
[0;31m│[0;32m│[0;33m│   [0m    ↓
[0;31m│[0;32m│[0;33m│    [0mBlock b14
[0;31m│[0;32m│[0;33m│   [0m[1;34m0x09b80101e179 <SharedFunctionInfo scale> (0x09b80104a7b1 <String[18]: "workloads/mixed.js">:12:51)
[m[0;31m│[0;32m│[0;33m│   [0m[0;34m  31 : 35 03 07          GetKeyedProperty a0, FBV[7]
[m[0;31m│[0;32m│[0;33m│   [0m       ↱ eager @100 (5 live vars)
[0;31m│[0;32m│[0;33m│   [0m       │       @31 (7 live vars)
[0;31m│[0;32m│[0;33m│   [0m   [0m91: CheckMaps(0x09b80100d091 <Map[16](HOLEY_SMI_ELEMENTS)>, no heapobj check) [n25]
[0;31m│[0;32m│[0;33m│   [0m   [0m92: LoadTaggedField(0x8, compressed) [n25], 2 uses
[0;31m│[0;32m│[0;33m│   [0m       ↱ eager @100 (5 live vars)
[0;31m│[0;32m│[0;33m│   [0m       │       @31 (7 live vars)
[0;31m│[0;32m│[0;33m│   [0m   [0m93: CheckInt32Condition[UnsignedLessThan, OutOfBounds] [n33, n34]
[0;31m│[0;32m│[0;33m│   [0m   [0m94: LoadTaggedField(0x8, compressed) [n92], 2 uses
[0;31m│[0;32m│[0;33m│   [0m       ↱ eager @100 (5 live vars)
[0;31m│[0;32m│[0;33m│   [0m       │       @31 (7 live vars)
[0;31m│[0;32m│[0;33m│   [0m   [0m95: CheckNotHole [n94]
[0;31m│[0;32m│[0;33m│   [0m[1;34m0x09b80101e179 <SharedFunctionInfo scale> (0x09b80104a7b1 <String[18]: "workloads/mixed.js">:12:55)
[m[0;31m│[0;32m│[0;33m│   [0m[0;34m  37 : 44 f5 06          Mul r4, FBV[6]
[m[0;31m│[0;32m│[0;33m│   [0m   [0m96: UnsafeSmiUntag [n94], 1 uses, cannot truncate to int32
[0;31m│[0;32m│[0;33m│   [0m       ↱ eager @100 (5 live vars)
[0;31m│[0;32m│[0;33m│   [0m       │       @31 (7 live vars)
[0;31m│[0;32m│[0;33m│   [0m   [0m98: Int32MultiplyWithOverflow [n96, n97], 1 uses, cannot truncate to int32
[0;31m│[0;32m│[0;33m│   [0m[1;34m0x09b80101e179 <SharedFunctionInfo scale> (0x09b80104a7b1 <String[18]: "workloads/mixed.js">:12:46)
[m[0;31m│[0;32m│[0;33m│   [0m[0;34m  40 : 3c f9 f8 09       SetKeyedProperty r0, r1, FBV[9]
[m[0;31m│[0;32m│[0;33m│   [0m   [0m99: LoadTaggedField(0x8, compressed) [n82], 3 uses
[0;31m│[0;32m│[0;33m│   [0m       ↱ eager @100 (5 live vars)
[0;31m│[0;32m│[0;33m│   [0m       │       @31 (7 live vars)
[0;31m│[0;32m│[0;33m│   [0m  [0m100: CheckedSmiTagInt32 [n98], 1 uses
[0;31m│[0;32m│[0;33m│   [0m  [0m101: LoadTaggedField(0xc: 0x09b800000e19 <String[6]: #length>, compressed, Smi) [n82], 1 uses
[0;31m│[0;32m│[0;33m│   [0m  [0m102: UnsafeSmiUntag [n101], 2 uses, cannot truncate to int32
[0;31m│[0;32m│[0;33m│   [0m       ↱ eager @100 (5 live vars)
[0;31m│[0;32m│[0;33m│   [0m       │       @31 (7 live vars)
[0;31m│[0;32m│[0;33m│   [0m  [0m103: CheckInt32Condition[UnsignedLessThan, OutOfBounds] [n33, n102]
[0;31m│[0;32m│[0;33m│   [0m       ↱ eager @100 (5 live vars)
[0;31m│[0;32m│[0;33m│   [0m       │       @31 (7 live vars)
[0;31m│[0;32m│[0;33m│   [0m  [0m104: CheckMaps(0x09b8000005dd <Map(FIXED_ARRAY_TYPE)>, check heapobj) [n99]
[0;31m│[0;32m│[0;33m│   [0m  [0m105: StoreFixedArrayElementNoWriteBarrier [n99, n33, n100]
[0;31m│[0;32m│[0;33m│   [0m[1;34m0x09b80101e179 <SharedFunctionInfo scale> (0x09b80104a7b1 <String[18]: "workloads/mixed.js">:12:2)
[m[0;31m│[0;32m│[0;33m│   [0m[0;34m  49 : 97 1e 00 0c       JumpLoop [30], [0], FBV[12]
[m[0;31m│[0;32m│[0;33m│   [0m  [0m106: HandleNoHeapWritesInterrupt
[0;31m│[0;32m│[0;33m│   [0m       │      @100 (5 live vars)
[0;31m│[0;32m│[0;33m│   [0m       ↳ lazy @49 (6 live vars)
[0;31m│[0;32m│[0;33m│   [0m  [0m107: Jump b15
[0;31m│[0;32m│[0;33m│   [0m    │  with gap moves:
[0;31m│[0;32m│[0;33m│   [0m    │    - n48 → 108: φᵀ r1
[0;31m│[0;32m│[0;33m│   [0m    ▼
[0;31m│[0;32m│[0;33m│[0;34m╭──►[0mBlock b15 peeled (effects:)
[0;31m│[0;32m│[0;33m│[0;34m│  [0m  [0m108: φᵀ r1 (n48, n123), 3 uses
[0;31m│[0;32m│[0;33m│[0;34m│  [0m[0;34m  23 : 79 f8 01 00       TestLessThan r1, EmbeddedFeedback[0x1]
[m[0;31m│[0;32m│[0;33m│[0;34m│  [0m       ↱ eager @100 (5 live vars)
[0;31m│[0;32m│[0;33m│[0;34m│  [0m       │       @23 (7 live vars)
[0;31m│[0;32m│[0;33m│[0;34m│  [0m  [0m109: CheckedSmiUntag [n108], 7 uses, cannot truncate to int32
[0;31m│[0;32m│[0;33m│[0;34m│  [0m  [0m110: Int32Compare[LessThan] [n109, n34], 0 uses 🪦
[0;31m│[0;32m│[0;33m│[0;34m│  [0m[0;34m  27 : a8 1a             JumpIfFalse [26]
[m[0;31m│[0;32m│[0;33m│[0;34m│[0;35m╭───[0m111: BranchIfInt32Compare(LessThan) [n109, n34] b16 b17
[0;31m│[0;32m│[0;33m│[0;34m│[0;35m│ [0m    ↓
[0;31m│[0;32m│[0;33m│[0;34m│[0;35m│  [0mBlock b16
[0;31m│[0;32m│[0;33m│[0;34m│[0;35m│ [0m[0;34m  31 : 35 03 07          GetKeyedProperty a0, FBV[7]
[m[0;31m│[0;32m│[0;33m│[0;34m│[0;35m│ [0m       ↱ eager @100 (5 live vars)
[0;31m│[0;32m│[0;33m│[0;34m│[0;35m│ [0m       │       @23 (7 live vars)
[0;31m│[0;32m│[0;33m│[0;34m│[0;35m│ [0m  [0m112: CheckInt32Condition[UnsignedLessThan, OutOfBounds] [n109, n34]
[0;31m│[0;32m│[0;33m│[0;34m│[0;35m│ [0m  [0m113: LoadFixedArrayElement(compressed), Unknown [n92, n109], 2 uses
[0;31m│[0;32m│[0;33m│[0;34m│[0;35m│ [0m       ↱ eager @100 (5 live vars)
[0;31m│[0;32m│[0;33m│[0;34m│[0;35m│ [0m       │       @23 (7 live vars)
[0;31m│[0;32m│[0;33m│[0;34m│[0;35m│ [0m  [0m114: CheckNotHole [n113]
[0;31m│[0;32m│[0;33m│[0;34m│[0;35m│ [0m[0;34m  37 : 44 f5 06          Mul r4, FBV[6]
[m[0;31m│[0;32m│[0;33m│[0;34m│[0;35m│ [0m  [0m115: UnsafeSmiUntag [n113], 1 uses, cannot truncate to int32
[0;31m│[0;32m│[0;33m│[0;34m│[0;35m│ [0m       ↱ eager @100 (5 live vars)
[0;31m│[0;32m│[0;33m│[0;34m│[0;35m│ [0m       │       @23 (7 live vars)
[0;31m│[0;32m│[0;33m│[0;34m│[0;35m│ [0m  [0m116: Int32MultiplyWithOverflow [n115, n97], 1 uses, cannot truncate to int32
[0;31m│[0;32m│[0;33m│[0;34m│[0;35m│ [0m[0;34m  40 : 3c f9 f8 09       SetKeyedProperty r0, r1, FBV[9]
[m[0;31m│[0;32m│[0;33m│[0;34m│[0;35m│ [0m       ↱ eager @100 (5 live vars)
[0;31m│[0;32m│[0;33m│[0;34m│[0;35m│ [0m       │       @23 (7 live vars)
[0;31m│[0;32m│[0;33m│[0;34m│[0;35m│ [0m  [0m117: CheckedSmiTagInt32 [n116], 1 uses
[0;31m│[0;32m│[0;33m│[0;34m│[0;35m│ [0m       ↱ eager @100 (5 live vars)
[0;31m│[0;32m│[0;33m│[0;34m│[0;35m│ [0m       │       @23 (7 live vars)
[0;31m│[0;32m│[0;33m│[0;34m│[0;35m│ [0m  [0m118: CheckInt32Condition[UnsignedLessThan, OutOfBounds] [n109, n102]
[0;31m│[0;32m│[0;33m│[0;34m│[0;35m│ [0m  [0m119: StoreFixedArrayElementNoWriteBarrier [n99, n109, n117]
[0;31m│[0;32m│[0;33m│[0;34m│[0;35m│ [0m[0;34m  46 : 5b 0b             Inc FBV[11]
[m[0;31m│[0;32m│[0;33m│[0;34m│[0;35m│ [0m       ↱ eager @100 (5 live vars)
[0;31m│[0;32m│[0;33m│[0;34m│[0;35m│ [0m       │       @46 (6 live vars)
[0;31m│[0;32m│[0;33m│[0;34m│[0;35m│ [0m  [0m120: Int32IncrementWithOverflow [n109], 2 uses, cannot truncate to int32
[0;31m│[0;32m│[0;33m│[0;34m│[0;35m│ [0m[0;34m  49 : 97 1e 00 0c       JumpLoop [30], [0], FBV[12]
[m[0;31m│[0;32m│[0;33m│[0;34m│[0;35m│ [0m  [0m121: HandleNoHeapWritesInterrupt
[0;31m│[0;32m│[0;33m│[0;34m│[0;35m│ [0m       │      @100 (5 live vars)
[0;31m│[0;32m│[0;33m│[0;34m│[0;35m│ [0m       ↳ lazy @49 (6 live vars)
[0;31m│[0;32m│[0;33m│[0;34m│[0;35m│ [0m  [0m123: Int32ToNumber[kCanonicalizeSmi] [n120], 1 uses
[0;31m│[0;32m│[0;33m│[0;34m│[0;35m│ [0m       ↱ eager @100 (5 live vars)
[0;31m│[0;32m│[0;33m│[0;34m│[0;35m│ [0m       │       @46 (6 live vars)
[0;31m│[0;32m│[0;33m│[0;34m╰──◄─[0m122: JumpLoop b15
[0;31m│[0;32m│[0;33m│ [0;35m│ [0m       with gap moves:
[0;31m│[0;32m│[0;33m│ [0;35m│ [0m         - n123 → 108: φᵀ r1
[0;31m│[0;32m│[0;33m│ [0;35m│ [0m
[0;31m│[0;32m│[0;33m│ [0;35m╰─►[0mBlock b17
[0;31m│[0;32m│[0;33m│   [0m[1;34m0x09b80101e179 <SharedFunctionInfo scale> (0x09b80104a7b1 <String[18]: "workloads/mixed.js">:13:2)
[m[0;31m│[0;32m│[0;33m│   [0m[0;34m  53 : 0b f9             Ldar r0
[m[0;31m│[0;32m│[0;33m│[0;34m╭────[0m124: Jump b19
[0;31m│[0;32m│[0;33m│[0;34m│  [0m
[0;31m│[0;32m│[0;33m╰───►[0mBlock b18
[0;31m│[0;32m│ [0;34m│  [0m  [0m125: Jump b19
[0;31m│[0;32m│ [0;34m│  [0m    ↓
[0;31m│[0;32m│ [0;34m╰──►[0mBlock b19
[0;31m│[0;32m│    [0m[1;34m0x09b80101e149 <SharedFunctionInfo sum> (0x09b80104a7b1 <String[18]: "workloads/mixed.js">:4:12)
[m[0;31m│[0;32m│    [0m[0;34m   0 : 0c                LdaZero
[m[0;31m│[0;32m│    [0m  [0m126: Jump b20
[0;31m│[0;32m│    [0m    ↓
[0;31m│[0;32m│     [0mBlock b20
[0;31m│[0;32m│    [0m[1;34m0x09b80101e149 <SharedFunctionInfo sum> (0x09b80104a7b1 <String[18]: "workloads/mixed.js">:6:26)
[m[0;31m│[0;32m│    [0m[0;34m   4 : 33 03 00 00       GetNamedProperty a0, [0:"length"], FBV[0]
[m[0;31m│[0;32m│    [0m  [0m127: LoadTaggedField(0xc: 0x09b800000e19 <String[6]: #length>, compressed, Smi) [n82], 2 uses
[0;31m│[0;32m│    [0m[1;34m0x09b80101e149 <SharedFunctionInfo sum> (0x09b80104a7b1 <String[18]: "workloads/mixed.js">:6:20)
[m[0;31m│[0;32m│    [0m[0;34m   8 : 79 f8 01 00       TestLessThan r1, EmbeddedFeedback[0x1]
[m[0;31m│[0;32m│    [0m  [0m128: UnsafeSmiUntag [n127], 6 uses, cannot truncate to int32
[0;31m│[0;32m│    [0m  [0m129: Int32Compare[LessThan] [n33, n128], 0 uses 🪦
[0;31m│[0;32m│    [0m[0;34m  12 : a8 17             JumpIfFalse [23]
[m[0;31m│[0;32m│[0;33m╭─────[0m130: BranchIfInt32Compare(LessThan) [n33, n128] b21 b25
[0;31m│[0;32m│[0;33m│   [0m    ↓
[0;31m│[0;32m│[0;33m│    [0mBlock b21
[0;31m│[0;32m│[0;33m│   [0m[1;34m0x09b80101e149 <SharedFunctionInfo sum> (0x09b80104a7b1 <String[18]: "workloads/mixed.js">:6:47)
[m[0;31m│[0;32m│[0;33m│   [0m[0;34m  16 : 35 03 03          GetKeyedProperty a0, FBV[3]
[m[0;31m│[0;32m│[0;33m│   [0m  [0m131: LoadTaggedField(0x8, compressed) [n82], 2 uses
[0;31m│[0;32m│[0;33m│   [0m       ↱ eager @106 (4 live vars)
[0;31m│[0;32m│[0;33m│   [0m       │       @16 (6 live vars)
[0;31m│[0;32m│[0;33m│   [0m  [0m132: CheckInt32Condition[UnsignedLessThan, OutOfBounds] [n33, n128]
[0;31m│[0;32m│[0;33m│   [0m  [0m133: LoadTaggedField(0x8, compressed) [n131], 2 uses
[0;31m│[0;32m│[0;33m│   [0m       ↱ eager @106 (4 live vars)
[0;31m│[0;32m│[0;33m│   [0m       │       @16 (6 live vars)
[0;31m│[0;32m│[0;33m│   [0m  [0m134: CheckNotHole [n133]
[0;31m│[0;32m│[0;33m│   [0m[0;34m  19 : 42 f9 02          Add r0, FBV[2]
[m[0;31m│[0;32m│[0;33m│   [0m  [0m135: UnsafeSmiUntag [n133], 1 uses, cannot truncate to int32
[0;31m│[0;32m│[0;33m│   [0m       ↱ eager @106 (4 live vars)
[0;31m│[0;32m│[0;33m│   [0m       │       @16 (6 live vars)
[0;31m│[0;32m│[0;33m│   [0m  [0m136: Int32AddWithOverflow [n135, n33], 2 uses, can truncate to int32 [-2147483648, 2147483647]
[0;31m│[0;32m│[0;33m│   [0m[1;34m0x09b80101e149 <SharedFunctionInfo sum> (0x09b80104a7b1 <String[18]: "workloads/mixed.js">:6:2)
[m[0;31m│[0;32m│[0;33m│   [0m[0;34m  31 : 97 1b 00 06       JumpLoop [27], [0], FBV[6]
[m[0;31m│[0;32m│[0;33m│   [0m  [0m137: HandleNoHeapWritesInterrupt
[0;31m│[0;32m│[0;33m│   [0m       │      @106 (4 live vars)
[0;31m│[0;32m│[0;33m│   [0m       ↳ lazy @31 (5 live vars)
[0;31m│[0;32m│[0;33m│   [0m  [0m139: Int32ToNumber[kCanonicalizeSmi] [n136], 1 uses
[0;31m│[0;32m│[0;33m│   [0m  [0m138: Jump b22
[0;31m│[0;32m│[0;33m│   [0m    │  with gap moves:
[0;31m│[0;32m│[0;33m│   [0m    │    - n139 → 140: φᵀ r0
[0;31m│[0;32m│[0;33m│   [0m    │    - n48 → 141: φᵀ r1
[0;31m│[0;32m│[0;33m│   [0m    ▼
[0;31m│[0;32m│[0;33m│[0;34m╭──►[0mBlock b22 peeled (effects:)
[0;31m│[0;32m│[0;33m│[0;34m│  [0m  [0m140: φᵀ r0 (n139, n154), 3 uses
[0;31m│[0;32m│[0;33m│[0;34m│  [0m  [0m141: φᵀ r1 (n48, n155), 2 uses
[0;31m│[0;32m│[0;33m│[0;34m│  [0m[0;34m   8 : 79 f8 01 00       TestLessThan r1, EmbeddedFeedback[0x1]
[m[0;31m│[0;32m│[0;33m│[0;34m│  [0m       ↱ eager @106 (4 live vars)
[0;31m│[0;32m│[0;33m│[0;34m│  [0m       │       @8 (6 live vars)
[0;31m│[0;32m│[0;33m│[0;34m│  [0m  [0m142: CheckedSmiUntag [n141], 5 uses, cannot truncate to int32
[0;31m│[0;32m│[0;33m│[0;34m│  [0m  [0m143: Int32Compare[LessThan] [n142, n128], 0 uses 🪦
[0;31m│[0;32m│[0;33m│[0;34m│  [0m[0;34m  12 : a8 17             JumpIfFalse [23]
[m[0;31m│[0;32m│[0;33m│[0;34m│[0;35m╭───[0m144: BranchIfInt32Compare(LessThan) [n142, n128] b23 b24
[0;31m│[0;32m│[0;33m│[0;34m│[0;35m│ [0m    ↓
[0;31m│[0;32m│[0;33m│[0;34m│[0;35m│  [0mBlock b23
[0;31m│[0;32m│[0;33m│[0;34m│[0;35m│ [0m[0;34m  16 : 35 03 03          GetKeyedProperty a0, FBV[3]
[m[0;31m│[0;32m│[0;33m│[0;34m│[0;35m│ [0m       ↱ eager @106 (4 live vars)
[0;31m│[0;32m│[0;33m│[0;34m│[0;35m│ [0m       │       @8 (6 live vars)
[0;31m│[0;32m│[0;33m│[0;34m│[0;35m│ [0m  [0m145: CheckInt32Condition[UnsignedLessThan, OutOfBounds] [n142, n128]
[0;31m│[0;32m│[0;33m│[0;34m│[0;35m│ [0m  [0m146: LoadFixedArrayElement(compressed), Unknown [n131, n142], 2 uses
[0;31m│[0;32m│[0;33m│[0;34m│[0;35m│ [0m       ↱ eager @106 (4 live vars)
[0;31m│[0;32m│[0;33m│[0;34m│[0;35m│ [0m       │       @8 (6 live vars)
[0;31m│[0;32m│[0;33m│[0;34m│[0;35m│ [0m  [0m147: CheckNotHole [n146]
[0;31m│[0;32m│[0;33m│[0;34m│[0;35m│ [0m[0;34m  19 : 42 f9 02          Add r0, FBV[2]
[m[0;31m│[0;32m│[0;33m│[0;34m│[0;35m│ [0m       ↱ eager @106 (4 live vars)
[0;31m│[0;32m│[0;33m│[0;34m│[0;35m│ [0m       │       @8 (6 live vars)
[0;31m│[0;32m│[0;33m│[0;34m│[0;35m│ [0m  [0m148: CheckedSmiUntag [n140], 1 uses, cannot truncate to int32
[0;31m│[0;32m│[0;33m│[0;34m│[0;35m│ [0m  [0m149: UnsafeSmiUntag [n146], 1 uses, cannot truncate to int32
[0;31m│[0;32m│[0;33m│[0;34m│[0;35m│ [0m       ↱ eager @106 (4 live vars)
[0;31m│[0;32m│[0;33m│[0;34m│[0;35m│ [0m       │       @8 (6 live vars)
[0;31m│[0;32m│[0;33m│[0;34m│[0;35m│ [0m  [0m150: Int32AddWithOverflow [n148, n149], 2 uses, can truncate to int32 [-2147483648, 2147483647]
[0;31m│[0;32m│[0;33m│[0;34m│[0;35m│ [0m[0;34m  28 : 5b 05             Inc FBV[5]
[m[0;31m│[0;32m│[0;33m│[0;34m│[0;35m│ [0m       ↱ eager @106 (4 live vars)
[0;31m│[0;32m│[0;33m│[0;34m│[0;35m│ [0m       │       @8 (6 live vars)
[0;31m│[0;32m│[0;33m│[0;34m│[0;35m│ [0m  [0m151: Int32IncrementWithOverflow [n142], 2 uses, cannot truncate to int32
[0;31m│[0;32m│[0;33m│[0;34m│[0;35m│ [0m[0;34m  31 : 97 1b 00 06       JumpLoop [27], [0], FBV[6]
[m[0;31m│[0;32m│[0;33m│[0;34m│[0;35m│ [0m  [0m152: HandleNoHeapWritesInterrupt
[0;31m│[0;32m│[0;33m│[0;34m│[0;35m│ [0m       │      @106 (4 live vars)
[0;31m│[0;32m│[0;33m│[0;34m│[0;35m│ [0m       ↳ lazy @31 (5 live vars)
[0;31m│[0;32m│[0;33m│[0;34m│[0;35m│ [0m  [0m154: Int32ToNumber[kCanonicalizeSmi] [n150], 1 uses
[0;31m│[0;32m│[0;33m│[0;34m│[0;35m│ [0m  [0m155: Int32ToNumber[kCanonicalizeSmi] [n151], 1 uses
[0;31m│[0;32m│[0;33m│[0;34m│[0;35m│ [0m       ↱ eager @106 (4 live vars)
[0;31m│[0;32m│[0;33m│[0;34m│[0;35m│ [0m       │       @8 (6 live vars)
[0;31m│[0;32m│[0;33m│[0;34m╰──◄─[0m153: JumpLoop b22
[0;31m│[0;32m│[0;33m│ [0;35m│ [0m       with gap moves:
[0;31m│[0;32m│[0;33m│ [0;35m│ [0m         - n154 → 140: φᵀ r0
[0;31m│[0;32m│[0;33m│ [0;35m│ [0m         - n155 → 141: φᵀ r1
[0;31m│[0;32m│[0;33m│ [0;35m│ [0m
[0;31m│[0;32m│[0;33m│ [0;35m╰─►[0mBlock b24
[0;31m│[0;32m│[0;33m│   [0m[1;34m0x09b80101e149 <SharedFunctionInfo sum> (0x09b80104a7b1 <String[18]: "workloads/mixed.js">:7:2)
[m[0;31m│[0;32m│[0;33m│   [0m[0;34m  35 : 0b f9             Ldar r0
[m[0;31m│[0;32m│[0;33m│[0;34m╭────[0m156: Jump b26
[0;31m│[0;32m│[0;33m│[0;34m│  [0m       with gap moves:
[0;31m│[0;32m│[0;33m│[0;34m│  [0m         - n140 → 158: φᵀ r0
[0;31m│[0;32m│[0;33m│[0;34m│  [0m
[0;31m│[0;32m│[0;33m╰───►[0mBlock b25
[0;31m│[0;32m│ [0;34m│  [0m  [0m157: Jump b26
[0;31m│[0;32m│ [0;34m│  [0m    │  with gap moves:
[0;31m│[0;32m│ [0;34m│  [0m    │    - n30 → 158: φᵀ r0
[0;31m│[0;32m│ [0;34m│  [0m    ▼
[0;31m│[0;32m│ [0;34m╰──►[0mBlock b26
[0;31m│[0;32m│    [0m  [0m158: φᵀ r0 (n30, n140), 2 uses
[0;31m│[0;32m│    [0m[1;34m0x09b80101e0c9 <SharedFunctionInfo> (0x09b80104a7b1 <String[18]: "workloads/mixed.js">:27:9)
[m[0;31m│[0;32m│    [0m[0;34m 110 : 42 f5 0c          Add r4, FBV[12]
[m[0;31m│[0;32m│    [0m       ↱ eager @110 (5 live vars)
[0;31m│[0;32m│    [0m  [0m159: CheckedSmiUntag [n158], 1 uses, cannot truncate to int32
[0;31m│[0;32m│    [0m       ↱ eager @110 (5 live vars)
[0;31m│[0;32m│    [0m  [0m160: Int32AddWithOverflow [n70, n159], 4 uses, can truncate to int32 [-2147483648, 2147483647]
[0;31m│[0;32m│    [0m[1;34m0x09b80101e0c9 <SharedFunctionInfo> (0x09b80104a7b1 <String[18]: "workloads/mixed.js">:27:6)
[m[0;31m│[0;32m│    [0m[0;34m 113 : 29 03             StaCurrentContextSlot [3]
[m[0;31m│[0;32m│    [0m  [0m161: Int32ToNumber[kCanonicalizeSmi] [n160], 1 uses
[0;31m│[0;32m│    [0m  [0m162: StoreContextSlotWithWriteBarrier(3, mutable) [n2, n161]
[0;31m│[0;32m│    [0m       ↳ lazy @113 (3 live vars)
[0;31m│[0;32m│    [0m[1;34m0x09b80101e0c9 <SharedFunctionInfo> (0x09b80104a7b1 <String[18]: "workloads/mixed.js">:29:26)
[m[0;31m│[0;32m│    [0m[0;34m 136 : 53 07 16          ModSmi [7], FBV[22]
[m[0;31m│[0;32m│    [0m       ↱ eager @136 (7 live vars)
[0;31m│[0;32m│    [0m  [0m167: Int32ModulusWithOverflow [n17, n166], 3 uses, cannot truncate to int32
[0;31m│[0;32m│    [0m[1;34m0x09b80101e0c9 <SharedFunctionInfo> (0x09b80104a7b1 <String[18]: "workloads/mixed.js">:29:30)
[m[0;31m│[0;32m│    [0m[0;34m 142 : 78 f3 01 00       TestEqualStrict r6, EmbeddedFeedback[0x1]
[m[0;31m│[0;32m│    [0m  [0m170: Int32Compare[StrictEqual] [n167, n169], 0 uses 🪦
[0;31m│[0;32m│    [0m[0;34m 146 : a8 09             JumpIfFalse [9]
[m[0;31m│[0;32m│[0;33m╭─────[0m171: BranchIfInt32Compare(StrictEqual) [n167, n169] b27 b28
[0;31m│[0;32m│[0;33m│   [0m    ↓
[0;31m│[0;32m│[0;33m│    [0mBlock b27
[0;31m│[0;32m│[0;33m│   [0m  [0m177: Float64ToTagged[kCanonicalizeSmi] [n174], 1 uses
[0;31m│[0;32m│[0;33m│   [0m[1;34m0x09b80101e0c9 <SharedFunctionInfo> (0x09b80104a7b1 <String[18]: "workloads/mixed.js">:29:40)
[m[0;31m│[0;32m│[0;33m│   [0m[0;34m 153 : 98 04             Jump [4]
[m[0;31m│[0;32m│[0;33m│[0;34m╭────[0m175: Jump b29
[0;31m│[0;32m│[0;33m│[0;34m│  [0m       with gap moves:
[0;31m│[0;32m│[0;33m│[0;34m│  [0m         - n177 → 178: φᵀ <accumulator>
[0;31m│[0;32m│[0;33m│[0;34m│  [0m
[0;31m│[0;32m│[0;33m╰───►[0mBlock b28
[0;31m│[0;32m│ [0;34m│  [0m[0;34m 157 : ce                Star6
[m[0;31m│[0;32m│ [0;34m│  [0m  [0m176: Jump b29
[0;31m│[0;32m│ [0;34m│  [0m    │  with gap moves:
[0;31m│[0;32m│ [0;34m│  [0m    │    - n30 → 178: φᵀ <accumulator>
[0;31m│[0;32m│ [0;34m│  [0m    ▼
[0;31m│[0;32m│ [0;34m╰──►[0mBlock b29
[0;31m│[0;32m│    [0m  [0m178: φᵀ <accumulator> (n177, n30), 1 uses
[0;31m│[0;32m│    [0m[1;34m0x09b80101e1a9 <SharedFunctionInfo flipflop> (0x09b80104a7b1 <String[18]: "workloads/mixed.js">:17:17)
[m[0;31m│[0;32m│    [0m[0;34m   0 : 0b 03             Ldar a0
[m[0;31m│[0;32m│    [0m  [0m179: Jump b30
[0;31m│[0;32m│    [0m    ↓
[0;31m│[0;32m│     [0mBlock b30
[0;31m│[0;32m│    [0m[1;34m0x09b80101e1a9 <SharedFunctionInfo flipflop> (0x09b80104a7b1 <String[18]: "workloads/mixed.js">:18:11)
[m[0;31m│[0;32m│    [0m[0;34m   2 : 51 02 01          MulSmi [2], FBV[1]
[m[0;31m│[0;32m│    [0m  [0m180: UnsafeNumberToFloat64 [n178], 1 uses, cannot truncate to int32 [-∞, +∞]
[0;31m│[0;32m│    [0m  [0m182: Float64Multiply [n180, n181], 1 uses, cannot truncate to int32 [-∞, +∞]
[0;31m│[0;32m│    [0m[1;34m0x09b80101e1a9 <SharedFunctionInfo flipflop> (0x09b80104a7b1 <String[18]: "workloads/mixed.js">:18:15)
[m[0;31m│[0;32m│    [0m[0;34m   5 : 4f 01 00          AddSmi [1], FBV[0]
[m[0;31m│[0;32m│    [0m  [0m184: Float64Add [n182, n183], 1 uses, cannot truncate to int32 [-∞, +∞]
[0;31m│[0;32m│    [0m[1;34m0x09b80101e0c9 <SharedFunctionInfo> (0x09b80104a7b1 <String[18]: "workloads/mixed.js">:29:11)
[m[0;31m│[0;32m│    [0m[0;34m 162 : 42 f5 13          Add r4, FBV[19]
[m[0;31m│[0;32m│    [0m  [0m185: ChangeInt32ToFloat64 [n160], 1 uses
[0;31m│[0;32m│    [0m  [0m186: Float64Add [n184, n185], 1 uses, cannot truncate to int32 [-∞, +∞]
[0;31m│[0;32m│    [0m[1;34m0x09b80101e0c9 <SharedFunctionInfo> (0x09b80104a7b1 <String[18]: "workloads/mixed.js">:29:8)
[m[0;31m│[0;32m│    [0m[0;34m 165 : 29 03             StaCurrentContextSlot [3]
[m[0;31m│[0;32m│    [0m  [0m187: Float64ToTagged[kCanonicalizeSmi] [n186], 1 uses
[0;31m│[0;32m│    [0m  [0m188: StoreContextSlotWithWriteBarrier(3, mutable) [n2, n187]
[0;31m│[0;32m│    [0m       ↳ lazy @165 (4 live vars)
[0;31m│[0;32m│    [0m[1;34m0x09b80101e0c9 <SharedFunctionInfo> (0x09b80104a7b1 <String[18]: "workloads/mixed.js">:28:2)
[m[0;31m│[0;32m│    [0m[0;34m 172 : 97 37 01 1b       JumpLoop [55], [1], FBV[27]
[m[0;31m│[0;32m│    [0m  [0m190: ReduceInterruptBudgetForLoop(44) [n189]
[0;31m│[0;32m│    [0m       ↳ lazy @172 (4 live vars)
[0;31m│[0;32m│    [0m  [0m191: Jump b31
[0;31m│[0;32m│    [0m    │  with gap moves:
[0;31m│[0;32m│    [0m    │    - n48 → 192: φᵀ r2
[0;31m│[0;32m│    [0m    ▼
[0;31m│[0;32m│[0;33m╭───►[0mBlock b31 peeled (effects:)
[0;31m│[0;32m│[0;33m│   [0m  [0m192: φᵀ r2 (n48, n215), 7 uses
[0;31m│[0;32m│[0;33m│   [0m[0;34m 121 : 79 f7 01 00       TestLessThan r2, EmbeddedFeedback[0x1]
[m[0;31m│[0;32m│[0;33m│   [0m       ↱ eager @121 (5 live vars)
[0;31m│[0;32m│[0;33m│   [0m  [0m193: CheckedSmiUntag [n192], 4 uses, cannot truncate to int32
[0;31m│[0;32m│[0;33m│   [0m  [0m194: Int32Compare[LessThan] [n193, n164], 0 uses 🪦
[0;31m│[0;32m│[0;33m│   [0m[0;34m 125 : a8 33             JumpIfFalse [51]
[m[0;31m│[0;32m│[0;33m│[0;34m╭────[0m195: BranchIfInt32Compare(LessThan) [n193, n164] b32 b37
[0;31m│[0;32m│[0;33m│[0;34m│  [0m    ↓
[0;31m│[0;32m│[0;33m│[0;34m│   [0mBlock b32
[0;31m│[0;32m│[0;33m│[0;34m│  [0m[0;34m 127 : 18 03             LdaCurrentContextSlot [3]
[m[0;31m│[0;32m│[0;33m│[0;34m│  [0m  [0m196: LoadContextSlot(0x14, mutable) [n2], 3 uses
[0;31m│[0;32m│[0;33m│[0;34m│  [0m[0;34m 146 : a8 09             JumpIfFalse [9]
[m[0;31m│[0;32m│[0;33m│[0;34m│[0;35m╭───[0m197: BranchIfInt32Compare(StrictEqual) [n167, n169] b33 b34
[0;31m│[0;32m│[0;33m│[0;34m│[0;35m│ [0m    ↓
[0;31m│[0;32m│[0;33m│[0;34m│[0;35m│  [0mBlock b33
[0;31m│[0;32m│[0;33m│[0;34m│[0;35m│ [0m[0;34m 150 : 42 f7 17          Add r2, FBV[23]
[m[0;31m│[0;32m│[0;33m│[0;34m│[0;35m│ [0m  [0m198: ChangeInt32ToFloat64 [n193], 1 uses
[0;31m│[0;32m│[0;33m│[0;34m│[0;35m│ [0m  [0m199: Float64Add [n198, n174], 1 uses, cannot truncate to int32 [-∞, +∞]
[0;31m│[0;32m│[0;33m│[0;34m│[0;35m│ [0m  [0m202: Float64ToTagged[kCanonicalizeSmi] [n199], 1 uses
[0;31m│[0;32m│[0;33m│[0;34m│[0;35m│ [0m[0;34m 153 : 98 04             Jump [4]
[m[0;31m│[0;32m│[0;33m│[0;34m│[0;35m│[0;36m╭──[0m200: Jump b35
[0;31m│[0;32m│[0;33m│[0;34m│[0;35m│[0;36m│[0m       with gap moves:
[0;31m│[0;32m│[0;33m│[0;34m│[0;35m│[0;36m│[0m         - n202 → 203: φᵀ <accumulator>
[0;31m│[0;32m│[0;33m│[0;34m│[0;35m│[0;36m│[0m
[0;31m│[0;32m│[0;33m│[0;34m│[0;35m╰─►[0mBlock b34
[0;31m│[0;32m│[0;33m│[0;34m│ [0;36m│[0m[0;34m 157 : ce                Star6
[m[0;31m│[0;32m│[0;33m│[0;34m│ [0;36m│[0m  [0m201: Jump b35
[0;31m│[0;32m│[0;33m│[0;34m│ [0;36m│[0m    │  with gap moves:
[0;31m│[0;32m│[0;33m│[0;34m│ [0;36m│[0m    │    - n192 → 203: φᵀ <accumulator>
[0;31m│[0;32m│[0;33m│[0;34m│ [0;36m│[0m    ▼
[0;31m│[0;32m│[0;33m│[0;34m│ [0;36m╰►[0mBlock b35
[0;31m│[0;32m│[0;33m│[0;34m│  [0m  [0m203: φᵀ <accumulator> (n202, n192), 1 uses
[0;31m│[0;32m│[0;33m│[0;34m│  [0m[1;34m0x09b80101e1a9 <SharedFunctionInfo flipflop> (0x09b80104a7b1 <String[18]: "workloads/mixed.js">:17:17)
[m[0;31m│[0;32m│[0;33m│[0;34m│  [0m[0;34m   0 : 0b 03             Ldar a0
[m[0;31m│[0;32m│[0;33m│[0;34m│  [0m  [0m204: Jump b36
[0;31m│[0;32m│[0;33m│[0;34m│  [0m    ↓
[0;31m│[0;32m│[0;33m│[0;34m│   [0mBlock b36
[0;31m│[0;32m│[0;33m│[0;34m│  [0m[1;34m0x09b80101e1a9 <SharedFunctionInfo flipflop> (0x09b80104a7b1 <String[18]: "workloads/mixed.js">:18:11)
[m[0;31m│[0;32m│[0;33m│[0;34m│  [0m[0;34m   2 : 51 02 01          MulSmi [2], FBV[1]
[m[0;31m│[0;32m│[0;33m│[0;34m│  [0m  [0m205: UnsafeNumberToFloat64 [n203], 1 uses, cannot truncate to int32 [-∞, +∞]
[0;31m│[0;32m│[0;33m│[0;34m│  [0m  [0m206: Float64Multiply [n205, n181], 1 uses, cannot truncate to int32 [-∞, +∞]
[0;31m│[0;32m│[0;33m│[0;34m│  [0m[1;34m0x09b80101e1a9 <SharedFunctionInfo flipflop> (0x09b80104a7b1 <String[18]: "workloads/mixed.js">:18:15)
[m[0;31m│[0;32m│[0;33m│[0;34m│  [0m[0;34m   5 : 4f 01 00          AddSmi [1], FBV[0]
[m[0;31m│[0;32m│[0;33m│[0;34m│  [0m  [0m207: Float64Add [n206, n183], 2 uses, cannot truncate to int32 [-∞, +∞]
[0;31m│[0;32m│[0;33m│[0;34m│  [0m[1;34m0x09b80101e0c9 <SharedFunctionInfo> (0x09b80104a7b1 <String[18]: "workloads/mixed.js">:28:2)
[m[0;31m│[0;32m│[0;33m│[0;34m│  [0m[0;34m 162 : 42 f5 13          Add r4, FBV[19]
[m[0;31m│[0;32m│[0;33m│[0;34m│  [0m       ↱ eager @162 (6 live vars)
[0;31m│[0;32m│[0;33m│[0;34m│  [0m  [0m208: CheckedNumberToFloat64 [n196], 1 uses, cannot truncate to int32 [-∞, +∞]
[0;31m│[0;32m│[0;33m│[0;34m│  [0m  [0m209: Float64Add [n207, n208], 1 uses, cannot truncate to int32 [-∞, +∞]
[0;31m│[0;32m│[0;33m│[0;34m│  [0m[0;34m 165 : 29 03             StaCurrentContextSlot [3]
[m[0;31m│[0;32m│[0;33m│[0;34m│  [0m  [0m210: Float64ToTagged[kCanonicalizeSmi] [n209], 1 uses
[0;31m│[0;32m│[0;33m│[0;34m│  [0m  [0m211: StoreContextSlotWithWriteBarrier(3, mutable) [n2, n210]
[0;31m│[0;32m│[0;33m│[0;34m│  [0m       ↳ lazy @165 (4 live vars)
[0;31m│[0;32m│[0;33m│[0;34m│  [0m[0;34m 169 : 5b 1a             Inc FBV[26]
[m[0;31m│[0;32m│[0;33m│[0;34m│  [0m       ↱ eager @169 (4 live vars)
[0;31m│[0;32m│[0;33m│[0;34m│  [0m  [0m212: Int32IncrementWithOverflow [n193], 2 uses, cannot truncate to int32
[0;31m│[0;32m│[0;33m│[0;34m│  [0m[0;34m 172 : 97 37 01 1b       JumpLoop [55], [1], FBV[27]
[m[0;31m│[0;32m│[0;33m│[0;34m│  [0m  [0m213: ReduceInterruptBudgetForLoop(44) [n189]
[0;31m│[0;32m│[0;33m│[0;34m│  [0m       ↳ lazy @172 (4 live vars)
[0;31m│[0;32m│[0;33m│[0;34m│  [0m  [0m215: Int32ToNumber[kCanonicalizeSmi] [n212], 1 uses
[0;31m│[0;32m│[0;33m│[0;34m│  [0m       ↱ eager @169 (4 live vars)
[0;31m│[0;32m│[0;33m╰───◄─[0m214: JumpLoop b31
[0;31m│[0;32m│ [0;34m│  [0m       with gap moves:
[0;31m│[0;32m│ [0;34m│  [0m         - n215 → 192: φᵀ r2
[0;31m│[0;32m│ [0;34m│  [0m
[0;31m│[0;32m│ [0;34m╰──►[0mBlock b37
[0;31m│[0;32m│    [0m[1;34m0x09b80101e0c9 <SharedFunctionInfo> (0x09b80104a7b1 <String[18]: "workloads/mixed.js">:25:38)
[m[0;31m│[0;32m│    [0m[0;34m 178 : 5b 1c             Inc FBV[28]
[m[0;31m│[0;32m│    [0m       ↱ eager @178 (3 live vars)
[0;31m│[0;32m│    [0m  [0m216: Int32IncrementWithOverflow [n17], 2 uses, cannot truncate to int32
[0;31m│[0;32m│    [0m[1;34m0x09b80101e0c9 <SharedFunctionInfo> (0x09b80104a7b1 <String[18]: "workloads/mixed.js">:25:0)
[m[0;31m│[0;32m│    [0m[0;34m 181 : 97 7f 00 1d       JumpLoop [127], [0], FBV[29]
[m[0;31m│[0;32m│    [0m  [0m217: ReduceInterruptBudgetForLoop(101) [n189]
[0;31m│[0;32m│    [0m       ↳ lazy @181 (3 live vars)
[0;31m│[0;32m│    [0m  [0m219: Int32ToNumber[kCanonicalizeSmi] [n216], 1 uses
[0;31m│[0;32m│    [0m       ↱ eager @178 (3 live vars)
[0;31m╰─────◄─[0m218: JumpLoop b1
 [0;32m│    [0m       with gap moves:
 [0;32m│    [0m         - n219 → 15: φᵀ r1
 [0;32m│    [0m
 [0;32m╰────►[0mBlock b38
      [0m[1;34m0x09b80101e0c9 <SharedFunctionInfo> (0x09b80104a7b1 <String[18]: "workloads/mixed.js">:32:0)
[m      [0m[0;34m 185 : 23 06 1e          LdaGlobal [6:"print"], FBV[30]
[m      [0m       ↱ eager @185 (2 live vars)
      [0m  [0m220: Deopt(Insufficient type feedback for generic global access)
      [0m

----- After use marking -----
Graph

      [0m  [0m189: Constant(0x09b80101e269 <FeedbackCell[one closure]>) → (x)
      [0m   [0m24: Constant(0x09b80101e291 <JSFunction sum (sfi = 0x9b80101e149)>) → (x)
      [0m   [0m27: Constant(0x09b80101e279 <ScriptContext[4]>) → (x)
      [0m   [0m28: Constant(0x09b801004925 <JSGlobalProxy>) → (x)
      [0m   [0m73: Constant(0x09b80101e2c5 <JSFunction scale (sfi = 0x9b80101e179)>) → (x)
      [0m   [0m76: Constant(0x09b80100c961 <JSFunction Array (sfi = 0x9b8001ac3f9)>) → (x)
      [0m  [0m165: Constant(0x09b80101e2f9 <JSFunction flipflop (sfi = 0x9b80101e1a9)>) → (x)
      [0m   [0m80: RootConstant(empty_fixed_array) → (x)
      [0m   [0m30: SmiConstant(0) → (x)
      [0m   [0m48: SmiConstant(1) → (x)
      [0m   [0m74: SmiConstant(3) → (x)
      [0m  [0m163: SmiConstant(200) → (x)
      [0m   [0m88: SmiConstant(247) → (x)
      [0m   [0m16: SmiConstant(400) → (x)
      [0m   [0m33: Int32Constant(0) → (x)
      [0m   [0m43: Int32Constant(1) → (x)
      [0m   [0m97: Int32Constant(3) → (x)
      [0m  [0m169: Int32Constant(6) → (x)
      [0m  [0m166: Int32Constant(7) → (x)
      [0m  [0m164: Int32Constant(200) → (x)
      [0m   [0m18: Int32Constant(400) → (x)
      [0m  [0m174: Float64Constant(0.5) → (x)
      [0m  [0m183: Float64Constant(1) → (x)
      [0m  [0m181: Float64Constant(2) → (x)
       [0mBlock b0
      [0m[1;34m0x09b80101e0c9 <SharedFunctionInfo> (0x09b80104a7b1 <String[18]: "workloads/mixed.js">:0:0)
[m      [0m[0;34m  54 : 00 0d 90 01       LdaSmi.Wide [400]
[m      [0m    [0m1: InitialValue(<this>) → (x)
      [0m    [0m2: InitialValue(<context>) → (x)
      [0m    [0m3: InitialValue(<closure>) → (x)
      [0m    [0m5: InitialValue(r1) → (x)
      [0m   [0m13: FunctionEntryStackCheck
      [0m       ↳ lazy @181 (3 live vars)
      [0m       ↱ eager @181 (3 live vars)
      [0m   [0m14: CheckpointedJump b1
      [0m    │  with gap moves:
      [0m    │    - v0/n5:(x) → 15: φᵀ r1 (x)
      [0m    ▼
[0;31m╭─────►[0mBlock b1 (effects:)
[0;31m│     [0m   [0m15: φᵀ r1 (n5, n219) (compressed) → (x)
[0;31m│     [0m[1;34m0x09b80101e0c9 <SharedFunctionInfo> (0x09b80104a7b1 <String[18]: "workloads/mixed.js">:25:26)
[m[0;31m│     [0m[0;34m  58 : 79 f8 01 00       TestLessThan r1, EmbeddedFeedback[0x1]
[m[0;31m│     [0m       ↱ eager @58 (4 live vars)
[0;31m│     [0m   [0m17: CheckedSmiUntag [v0/n15:(x)] → (x)
[0;31m│     [0m[0;34m  62 : a8 7b             JumpIfFalse [123]
[m[0;31m│[0;32m╭───────[0m20: BranchIfInt32Compare(LessThan) [v0/n17:(x), v0/n18:(x)] b2 b38
[0;31m│[0;32m│    [0m    ↓
[0;31m│[0;32m│     [0mBlock b2
[0;31m│[0;32m│    [0m[1;34m0x09b80101e0c9 <SharedFunctionInfo> (0x09b80104a7b1 <String[18]: "workloads/mixed.js">:26:2)
[m[0;31m│[0;32m│    [0m[0;34m  64 : 18 03             LdaCurrentContextSlot [3]
[m[0;31m│[0;32m│    [0m   [0m23: LoadContextSlot(0x14, mutable) [v0/n2:(x)] → (x)
[0;31m│[0;32m│    [0m[0;34m  71 : 19 02             LdaImmutableCurrentContextSlot [2]
[m[0;31m│[0;32m│    [0m   [0m25: LoadContextSlotNoCells(0x10, constant) [v0/n2:(x)] → (x)
[0;31m│[0;32m│    [0m[1;34m0x09b80101e149 <SharedFunctionInfo sum> (0x09b80104a7b1 <String[18]: "workloads/mixed.js">:4:12)
[m[0;31m│[0;32m│    [0m[0;34m   0 : 0c                LdaZero
[m[0;31m│[0;32m│    [0m   [0m29: Jump b3
[0;31m│[0;32m│    [0m    ↓
[0;31m│[0;32m│     [0mBlock b3
[0;31m│[0;32m│    [0m[1;34m0x09b80101e149 <SharedFunctionInfo sum> (0x09b80104a7b1 <String[18]: "workloads/mixed.js">:6:26)
[m[0;31m│[0;32m│    [0m[0;34m   4 : 33 03 00 00       GetNamedProperty a0, [0:"length"], FBV[0]
[m[0;31m│[0;32m│    [0m       ↱ eager @74 (4 live vars)
[0;31m│[0;32m│    [0m       │       @4 (5 live vars)
[0;31m│[0;32m│    [0m   [0m31: CheckMaps(0x09b80100d091 <Map[16](HOLEY_SMI_ELEMENTS)>, 0x09b80100ca11 <Map[16](PACKED_SMI_ELEMENTS)>, check heapobj) [v0/n25:(x)]
[0;31m│[0;32m│    [0m   [0m32: LoadTaggedField(0xc: 0x09b800000e19 <String[6]: #length>, compressed, Smi) [v0/n25:(x)] → (x)
[0;31m│[0;32m│    [0m[1;34m0x09b80101e149 <SharedFunctionInfo sum> (0x09b80104a7b1 <String[18]: "workloads/mixed.js">:6:20)
[m[0;31m│[0;32m│    [0m[0;34m   8 : 79 f8 01 00       TestLessThan r1, EmbeddedFeedback[0x1]
[m[0;31m│[0;32m│    [0m   [0m34: UnsafeSmiUntag [v0/n32:(x)] → (x)
[0;31m│[0;32m│    [0m[0;34m  12 : a8 17             JumpIfFalse [23]
[m[0;31m│[0;32m│[0;33m╭──────[0m36: BranchIfInt32Compare(LessThan) [v0/n33:(x), v0/n34:(x)] b4 b8
[0;31m│[0;32m│[0;33m│   [0m    ↓
[0;31m│[0;32m│[0;33m│    [0mBlock b4
[0;31m│[0;32m│[0;33m│   [0m[1;34m0x09b80101e149 <SharedFunctionInfo sum> (0x09b80104a7b1 <String[18]: "workloads/mixed.js">:6:47)
[m[0;31m│[0;32m│[0;33m│   [0m[0;34m  16 : 35 03 03          GetKeyedProperty a0, FBV[3]
[m[0;31m│[0;32m│[0;33m│   [0m   [0m37: LoadTaggedField(0x8, compressed) [v0/n25:(x)] → (x)
[0;31m│[0;32m│[0;33m│   [0m       ↱ eager @74 (4 live vars)
[0;31m│[0;32m│[0;33m│   [0m       │       @4 (5 live vars)
[0;31m│[0;32m│[0;33m│   [0m   [0m38: CheckInt32Condition[UnsignedLessThan, OutOfBounds] [v0/n33:(x), v0/n34:(x)]
[0;31m│[0;32m│[0;33m│   [0m   [0m39: LoadTaggedField(0x8, compressed) [v0/n37:(x)] → (x)
[0;31m│[0;32m│[0;33m│   [0m       ↱ eager @74 (4 live vars)
[0;31m│[0;32m│[0;33m│   [0m       │       @4 (5 live vars)
[0;31m│[0;32m│[0;33m│   [0m   [0m40: CheckNotHole [v0/n39:(x)]
[0;31m│[0;32m│[0;33m│   [0m[0;34m  19 : 42 f9 02          Add r0, FBV[2]
[m[0;31m│[0;32m│[0;33m│   [0m   [0m41: UnsafeSmiUntag [v0/n39:(x)] → (x)
[0;31m│[0;32m│[0;33m│   [0m       ↱ eager @74 (4 live vars)
[0;31m│[0;32m│[0;33m│   [0m       │       @4 (5 live vars)
[0;31m│[0;32m│[0;33m│   [0m   [0m42: Int32AddWithOverflow [v0/n41:(x), v0/n33:(x)] → (x)
[0;31m│[0;32m│[0;33m│   [0m[1;34m0x09b80101e149 <SharedFunctionInfo sum> (0x09b80104a7b1 <String[18]: "workloads/mixed.js">:6:2)
[m[0;31m│[0;32m│[0;33m│   [0m[0;34m  31 : 97 1b 00 06       JumpLoop [27], [0], FBV[6]
[m[0;31m│[0;32m│[0;33m│   [0m   [0m44: HandleNoHeapWritesInterrupt
[0;31m│[0;32m│[0;33m│   [0m       │      @74 (4 live vars)
[0;31m│[0;32m│[0;33m│   [0m       ↳ lazy @31 (5 live vars)
[0;31m│[0;32m│[0;33m│   [0m   [0m47: Int32ToNumber[kCanonicalizeSmi] [v0/n42:(x)] → (x)
[0;31m│[0;32m│[0;33m│   [0m   [0m46: Jump b5
[0;31m│[0;32m│[0;33m│   [0m    │  with gap moves:
[0;31m│[0;32m│[0;33m│   [0m    │    - v0/n47:(x) → 49: φᵀ r0 (x)
[0;31m│[0;32m│[0;33m│   [0m    │    - v0/n48:(x) → 50: φᵀ r1 (x)
[0;31m│[0;32m│[0;33m│   [0m    ▼
[0;31m│[0;32m│[0;33m│[0;34m╭──►[0mBlock b5 peeled (effects:)
[0;31m│[0;32m│[0;33m│[0;34m│  [0m   [0m49: φᵀ r0 (n47, n63) (compressed) → (x)
[0;31m│[0;32m│[0;33m│[0;34m│  [0m   [0m50: φᵀ r1 (n48, n64) (compressed) → (x)
[0;31m│[0;32m│[0;33m│[0;34m│  [0m[0;34m   8 : 79 f8 01 00       TestLessThan r1, EmbeddedFeedback[0x1]
[m[0;31m│[0;32m│[0;33m│[0;34m│  [0m       ↱ eager @74 (4 live vars)
[0;31m│[0;32m│[0;33m│[0;34m│  [0m       │       @8 (6 live vars)
[0;31m│[0;32m│[0;33m│[0;34m│  [0m   [0m51: CheckedSmiUntag [v0/n50:(x)] → (x)
[0;31m│[0;32m│[0;33m│[0;34m│  [0m[0;34m  12 : a8 17             JumpIfFalse [23]
[m[0;31m│[0;32m│[0;33m│[0;34m│[0;35m╭────[0m53: BranchIfInt32Compare(LessThan) [v0/n51:(x), v0/n34:(x)] b6 b7
[0;31m│[0;32m│[0;33m│[0;34m│[0;35m│ [0m    ↓
[0;31m│[0;32m│[0;33m│[0;34m│[0;35m│  [0mBlock b6
[0;31m│[0;32m│[0;33m│[0;34m│[0;35m│ [0m[0;34m  16 : 35 03 03          GetKeyedProperty a0, FBV[3]
[m[0;31m│[0;32m│[0;33m│[0;34m│[0;35m│ [0m       ↱ eager @74 (4 live vars)
[0;31m│[0;32m│[0;33m│[0;34m│[0;35m│ [0m       │       @8 (6 live vars)
[0;31m│[0;32m│[0;33m│[0;34m│[0;35m│ [0m   [0m54: CheckInt32Condition[UnsignedLessThan, OutOfBounds] [v0/n51:(x), v0/n34:(x)]
[0;31m│[0;32m│[0;33m│[0;34m│[0;35m│ [0m   [0m55: LoadFixedArrayElement(compressed), Unknown [v0/n37:(x), v0/n51:(x)] → (x)
[0;31m│[0;32m│[0;33m│[0;34m│[0;35m│ [0m       ↱ eager @74 (4 live vars)
[0;31m│[0;32m│[0;33m│[0;34m│[0;35m│ [0m       │       @8 (6 live vars)
[0;31m│[0;32m│[0;33m│[0;34m│[0;35m│ [0m   [0m56: CheckNotHole [v0/n55:(x)]
[0;31m│[0;32m│[0;33m│[0;34m│[0;35m│ [0m[0;34m  19 : 42 f9 02          Add r0, FBV[2]
[m[0;31m│[0;32m│[0;33m│[0;34m│[0;35m│ [0m       ↱ eager @74 (4 live vars)
[0;31m│[0;32m│[0;33m│[0;34m│[0;35m│ [0m       │       @8 (6 live vars)
[0;31m│[0;32m│[0;33m│[0;34m│[0;35m│ [0m   [0m57: CheckedSmiUntag [v0/n49:(x)] → (x)
[0;31m│[0;32m│[0;33m│[0;34m│[0;35m│ [0m   [0m58: UnsafeSmiUntag [v0/n55:(x)] → (x)
[0;31m│[0;32m│[0;33m│[0;34m│[0;35m│ [0m       ↱ eager @74 (4 live vars)
[0;31m│[0;32m│[0;33m│[0;34m│[0;35m│ [0m       │       @8 (6 live vars)
[0;31m│[0;32m│[0;33m│[0;34m│[0;35m│ [0m   [0m59: Int32AddWithOverflow [v0/n57:(x), v0/n58:(x)] → (x)
[0;31m│[0;32m│[0;33m│[0;34m│[0;35m│ [0m[0;34m  28 : 5b 05             Inc FBV[5]
[m[0;31m│[0;32m│[0;33m│[0;34m│[0;35m│ [0m       ↱ eager @74 (4 live vars)
[0;31m│[0;32m│[0;33m│[0;34m│[0;35m│ [0m       │       @8 (6 live vars)
[0;31m│[0;32m│[0;33m│[0;34m│[0;35m│ [0m   [0m60: Int32IncrementWithOverflow [v0/n51:(x)] → (x)
[0;31m│[0;32m│[0;33m│[0;34m│[0;35m│ [0m[0;34m  31 : 97 1b 00 06       JumpLoop [27], [0], FBV[6]
[m[0;31m│[0;32m│[0;33m│[0;34m│[0;35m│ [0m   [0m61: HandleNoHeapWritesInterrupt
[0;31m│[0;32m│[0;33m│[0;34m│[0;35m│ [0m       │      @74 (4 live vars)
[0;31m│[0;32m│[0;33m│[0;34m│[0;35m│ [0m       ↳ lazy @31 (5 live vars)
[0;31m│[0;32m│[0;33m│[0;34m│[0;35m│ [0m   [0m63: Int32ToNumber[kCanonicalizeSmi] [v0/n59:(x)] → (x)
[0;31m│[0;32m│[0;33m│[0;34m│[0;35m│ [0m   [0m64: Int32ToNumber[kCanonicalizeSmi] [v0/n60:(x)] → (x)
[0;31m│[0;32m│[0;33m│[0;34m│[0;35m│ [0m       ↱ eager @74 (4 live vars)
[0;31m│[0;32m│[0;33m│[0;34m│[0;35m│ [0m       │       @8 (6 live vars)
[0;31m│[0;32m│[0;33m│[0;34m╰──◄──[0m62: JumpLoop b5
[0;31m│[0;32m│[0;33m│ [0;35m│ [0m       with gap moves:
[0;31m│[0;32m│[0;33m│ [0;35m│ [0m         - v0/n63:(x) → 49: φᵀ r0 (x)
[0;31m│[0;32m│[0;33m│ [0;35m│ [0m         - v0/n64:(x) → 50: φᵀ r1 (x)
[0;31m│[0;32m│[0;33m│ [0;35m│ [0m
[0;31m│[0;32m│[0;33m│ [0;35m╰─►[0mBlock b7
[0;31m│[0;32m│[0;33m│   [0m[1;34m0x09b80101e149 <SharedFunctionInfo sum> (0x09b80104a7b1 <String[18]: "workloads/mixed.js">:7:2)
[m[0;31m│[0;32m│[0;33m│   [0m[0;34m  35 : 0b f9             Ldar r0
[m[0;31m│[0;32m│[0;33m│[0;34m╭─────[0m65: Jump b9
[0;31m│[0;32m│[0;33m│[0;34m│  [0m       with gap moves:
[0;31m│[0;32m│[0;33m│[0;34m│  [0m         - v0/n49:(x) → 67: φᵀ r0 (x)
[0;31m│[0;32m│[0;33m│[0;34m│  [0m
[0;31m│[0;32m│[0;33m╰───►[0mBlock b8
[0;31m│[0;32m│ [0;34m│  [0m   [0m66: Jump b9
[0;31m│[0;32m│ [0;34m│  [0m    │  with gap moves:
[0;31m│[0;32m│ [0;34m│  [0m    │    - v0/n30:(x) → 67: φᵀ r0 (x)
[0;31m│[0;32m│ [0;34m│  [0m    ▼
[0;31m│[0;32m│ [0;34m╰──►[0mBlock b9
[0;31m│[0;32m│    [0m   [0m67: φᵀ r0 (n30, n49) (compressed) → (x)
[0;31m│[0;32m│    [0m[1;34m0x09b80101e0c9 <SharedFunctionInfo> (0x09b80104a7b1 <String[18]: "workloads/mixed.js">:26:9)
[m[0;31m│[0;32m│    [0m[0;34m  78 : 42 f5 07          Add r4, FBV[7]
[m[0;31m│[0;32m│    [0m       ↱ eager @78 (5 live vars)
[0;31m│[0;32m│    [0m   [0m68: CheckedSmiUntag [v0/n23:(x)] → (x)
[0;31m│[0;32m│    [0m       ↱ eager @78 (5 live vars)
[0;31m│[0;32m│    [0m   [0m69: CheckedSmiUntag [v0/n67:(x)] → (x)
[0;31m│[0;32m│    [0m       ↱ eager @78 (5 live vars)
[0;31m│[0;32m│    [0m   [0m70: Int32AddWithOverflow [v0/n68:(x), v0/n69:(x)] → (x)
[0;31m│[0;32m│    [0m[1;34m0x09b80101e0c9 <SharedFunctionInfo> (0x09b80104a7b1 <String[18]: "workloads/mixed.js">:26:6)
[m[0;31m│[0;32m│    [0m[0;34m  81 : 29 03             StaCurrentContextSlot [3]
[m[0;31m│[0;32m│    [0m   [0m71: Int32ToNumber[kCanonicalizeSmi] [v0/n70:(x)] → (x)
[0;31m│[0;32m│    [0m   [0m72: StoreContextSlotWithWriteBarrier(3, mutable) [v0/n2:(x), v0/n71:(x)]
[0;31m│[0;32m│    [0m       ↳ lazy @81 (3 live vars)
[0;31m│[0;32m│    [0m[1;34m0x09b80101e179 <SharedFunctionInfo scale> (0x09b80104a7b1 <String[18]: "workloads/mixed.js">:10:14)
[m[0;31m│[0;32m│    [0m[0;34m   0 : 23 00 00          LdaGlobal [0:"Array"], FBV[0]
[m[0;31m│[0;32m│    [0m   [0m75: Jump b10
[0;31m│[0;32m│    [0m    ↓
[0;31m│[0;32m│     [0mBlock b10
[0;31m│[0;32m│    [0m[1;34m0x09b80101e179 <SharedFunctionInfo scale> (0x09b80104a7b1 <String[18]: "workloads/mixed.js">:11:14)
[m[0;31m│[0;32m│    [0m[0;34m  11 : 74 f7 f6 01 04    Construct r2, r3-r3, FBV[4]
[m[0;31m│[0;32m│[0;33m╭──────[0m77: BranchIfInt32Compare(GreaterThanOrEqual) [v0/n34:(x), v0/n33:(x)] b11 b12
[0;31m│[0;32m│[0;33m│   [0m    ↓
[0;31m│[0;32m│[0;33m│    [0mBlock b11
[0;31m│[0;32m│[0;33m│   [0m       ↱ eager @100 (5 live vars)
[0;31m│[0;32m│[0;33m│   [0m       │       @11 (7 live vars)
[0;31m│[0;32m│[0;33m│   [0m   [0m78: AllocateElementsArray(HOLEY_SMI_ELEMENTS, Young) [v0/n34:(x)] → (x)
[0;31m│[0;32m│[0;33m│   [0m   [0m81: AllocationBlock(Young) → (x)
[0;31m│[0;32m│[0;33m│   [0m   [0m82: InlinedAllocation(object 0x09b80100d091 <Map[16](HOLEY_SMI_ELEMENTS)>) [v0/n81:(x)] → (x)
[0;31m│[0;32m│[0;33m│   [0m   [0m83: StoreMap(0x09b80100d091 <Map[16](HOLEY_SMI_ELEMENTS)>, InlinedAllocation) [v0/n82:(x)]
[0;31m│[0;32m│[0;33m│   [0m   [0m84: StoreTaggedFieldNoWriteBarrier(0x4, mutable) [v0/n82:(x), v0/n80:(x)]
[0;31m│[0;32m│[0;33m│   [0m   [0m85: StoreTaggedFieldWithWriteBarrier(0x8, mutable, maybe_smi:1) [v0/n82:(x), v0/n78:(x)]
[0;31m│[0;32m│[0;33m│   [0m   [0m86: StoreTaggedFieldNoWriteBarrier(0xc, mutable) [v0/n82:(x), v0/n32:(x)]
[0;31m│[0;32m│[0;33m│[0;34m╭─────[0m87: Jump b13
[0;31m│[0;32m│[0;33m│[0;34m│  [0m
[0;31m│[0;32m│[0;33m╰───►[0mBlock b12
[0;31m│[0;32m│ [0;34m│  [0m   [0m89: Throw(ThrowRangeError, has_input=1) [v0/n88:(x)]
[0;31m│[0;32m│ [0;34m│  [0m       │      @100 (5 live vars)
[0;31m│[0;32m│ [0;34m│  [0m       ↳ lazy @11 (4 live vars)
[0;31m│[0;32m│ [0;34m│  [0m
[0;31m│[0;32m│ [0;34m╰──►[0mBlock b13
[0;31m│[0;32m│    [0m[1;34m0x09b80101e179 <SharedFunctionInfo scale> (0x09b80104a7b1 <String[18]: "workloads/mixed.js">:12:20)
[m[0;31m│[0;32m│    [0m[0;34m  27 : a8 1a             JumpIfFalse [26]
[m[0;31m│[0;32m│[0;33m╭──────[0m90: BranchIfInt32Compare(LessThan) [v0/n33:(x), v0/n34:(x)] b14 b18
[0;31m│[0;32m│[0;33m│   [0m    ↓
[0;31m│[0;32m│[0;33m│    [0mBlock b14
[0;31m│[0;32m│[0;33m│   [0m[1;34m0x09b80101e179 <SharedFunctionInfo scale> (0x09b80104a7b1 <String[18]: "workloads/mixed.js">:12:51)
[m[0;31m│[0;32m│[0;33m│   [0m[0;34m  31 : 35 03 07          GetKeyedProperty a0, FBV[7]
[m[0;31m│[0;32m│[0;33m│   [0m       ↱ eager @100 (5 live vars)
[0;31m│[0;32m│[0;33m│   [0m       │       @31 (7 live vars)
[0;31m│[0;32m│[0;33m│   [0m   [0m91: CheckMaps(0x09b80100d091 <Map[16](HOLEY_SMI_ELEMENTS)>, no heapobj check) [v0/n25:(x)]
[0;31m│[0;32m│[0;33m│   [0m   [0m92: LoadTaggedField(0x8, compressed) [v0/n25:(x)] → (x)
[0;31m│[0;32m│[0;33m│   [0m       ↱ eager @100 (5 live vars)
[0;31m│[0;32m│[0;33m│   [0m       │       @31 (7 live vars)
[0;31m│[0;32m│[0;33m│   [0m   [0m93: CheckInt32Condition[UnsignedLessThan, OutOfBounds] [v0/n33:(x), v0/n34:(x)]
[0;31m│[0;32m│[0;33m│   [0m   [0m94: LoadTaggedField(0x8, compressed) [v0/n92:(x)] → (x)
[0;31m│[0;32m│[0;33m│   [0m       ↱ eager @100 (5 live vars)
[0;31m│[0;32m│[0;33m│   [0m       │       @31 (7 live vars)
[0;31m│[0;32m│[0;33m│   [0m   [0m95: CheckNotHole [v0/n94:(x)]
[0;31m│[0;32m│[0;33m│   [0m[1;34m0x09b80101e179 <SharedFunctionInfo scale> (0x09b80104a7b1 <String[18]: "workloads/mixed.js">:12:55)
[m[0;31m│[0;32m│[0;33m│   [0m[0;34m  37 : 44 f5 06          Mul r4, FBV[6]
[m[0;31m│[0;32m│[0;33m│   [0m   [0m96: UnsafeSmiUntag [v0/n94:(x)] → (x)
[0;31m│[0;32m│[0;33m│   [0m       ↱ eager @100 (5 live vars)
[0;31m│[0;32m│[0;33m│   [0m       │       @31 (7 live vars)
[0;31m│[0;32m│[0;33m│   [0m   [0m98: Int32MultiplyWithOverflow [v0/n96:(x), v0/n97:(x)] → (x)
[0;31m│[0;32m│[0;33m│   [0m[1;34m0x09b80101e179 <SharedFunctionInfo scale> (0x09b80104a7b1 <String[18]: "workloads/mixed.js">:12:46)
[m[0;31m│[0;32m│[0;33m│   [0m[0;34m  40 : 3c f9 f8 09       SetKeyedProperty r0, r1, FBV[9]
[m[0;31m│[0;32m│[0;33m│   [0m   [0m99: LoadTaggedField(0x8, compressed) [v0/n82:(x)] → (x)
[0;31m│[0;32m│[0;33m│   [0m       ↱ eager @100 (5 live vars)
[0;31m│[0;32m│[0;33m│   [0m       │       @31 (7 live vars)
[0;31m│[0;32m│[0;33m│   [0m  [0m100: CheckedSmiTagInt32 [v0/n98:(x)] → (x)
[0;31m│[0;32m│[0;33m│   [0m  [0m101: LoadTaggedField(0xc: 0x09b800000e19 <String[6]: #length>, compressed, Smi) [v0/n82:(x)] → (x)
[0;31m│[0;32m│[0;33m│   [0m  [0m102: UnsafeSmiUntag [v0/n101:(x)] → (x)
[0;31m│[0;32m│[0;33m│   [0m       ↱ eager @100 (5 live vars)
[0;31m│[0;32m│[0;33m│   [0m       │       @31 (7 live vars)
[0;31m│[0;32m│[0;33m│   [0m  [0m103: CheckInt32Condition[UnsignedLessThan, OutOfBounds] [v0/n33:(x), v0/n102:(x)]
[0;31m│[0;32m│[0;33m│   [0m       ↱ eager @100 (5 live vars)
[0;31m│[0;32m│[0;33m│   [0m       │       @31 (7 live vars)
[0;31m│[0;32m│[0;33m│   [0m  [0m104: CheckMaps(0x09b8000005dd <Map(FIXED_ARRAY_TYPE)>, check heapobj) [v0/n99:(x)]
[0;31m│[0;32m│[0;33m│   [0m  [0m105: StoreFixedArrayElementNoWriteBarrier [v0/n99:(x), v0/n33:(x), v0/n100:(x)]
[0;31m│[0;32m│[0;33m│   [0m[1;34m0x09b80101e179 <SharedFunctionInfo scale> (0x09b80104a7b1 <String[18]: "workloads/mixed.js">:12:2)
[m[0;31m│[0;32m│[0;33m│   [0m[0;34m  49 : 97 1e 00 0c       JumpLoop [30], [0], FBV[12]
[m[0;31m│[0;32m│[0;33m│   [0m  [0m106: HandleNoHeapWritesInterrupt
[0;31m│[0;32m│[0;33m│   [0m       │      @100 (5 live vars)
[0;31m│[0;32m│[0;33m│   [0m       ↳ lazy @49 (6 live vars)
[0;31m│[0;32m│[0;33m│   [0m  [0m107: Jump b15
[0;31m│[0;32m│[0;33m│   [0m    │  with gap moves:
[0;31m│[0;32m│[0;33m│   [0m    │    - v0/n48:(x) → 108: φᵀ r1 (x)
[0;31m│[0;32m│[0;33m│   [0m    ▼
[0;31m│[0;32m│[0;33m│[0;34m╭──►[0mBlock b15 peeled (effects:)
[0;31m│[0;32m│[0;33m│[0;34m│  [0m  [0m108: φᵀ r1 (n48, n123) (compressed) → (x)
[0;31m│[0;32m│[0;33m│[0;34m│  [0m[0;34m  23 : 79 f8 01 00       TestLessThan r1, EmbeddedFeedback[0x1]
[m[0;31m│[0;32m│[0;33m│[0;34m│  [0m       ↱ eager @100 (5 live vars)
[0;31m│[0;32m│[0;33m│[0;34m│  [0m       │       @23 (7 live vars)
[0;31m│[0;32m│[0;33m│[0;34m│  [0m  [0m109: CheckedSmiUntag [v0/n108:(x)] → (x)
[0;31m│[0;32m│[0;33m│[0;34m│  [0m[0;34m  27 : a8 1a             JumpIfFalse [26]
[m[0;31m│[0;32m│[0;33m│[0;34m│[0;35m╭───[0m111: BranchIfInt32Compare(LessThan) [v0/n109:(x), v0/n34:(x)] b16 b17
[0;31m│[0;32m│[0;33m│[0;34m│[0;35m│ [0m    ↓
[0;31m│[0;32m│[0;33m│[0;34m│[0;35m│  [0mBlock b16
[0;31m│[0;32m│[0;33m│[0;34m│[0;35m│ [0m[0;34m  31 : 35 03 07          GetKeyedProperty a0, FBV[7]
[m[0;31m│[0;32m│[0;33m│[0;34m│[0;35m│ [0m       ↱ eager @100 (5 live vars)
[0;31m│[0;32m│[0;33m│[0;34m│[0;35m│ [0m       │       @23 (7 live vars)
[0;31m│[0;32m│[0;33m│[0;34m│[0;35m│ [0m  [0m112: CheckInt32Condition[UnsignedLessThan, OutOfBounds] [v0/n109:(x), v0/n34:(x)]
[0;31m│[0;32m│[0;33m│[0;34m│[0;35m│ [0m  [0m113: LoadFixedArrayElement(compressed), Unknown [v0/n92:(x), v0/n109:(x)] → (x)
[0;31m│[0;32m│[0;33m│[0;34m│[0;35m│ [0m       ↱ eager @100 (5 live vars)
[0;31m│[0;32m│[0;33m│[0;34m│[0;35m│ [0m       │       @23 (7 live vars)
[0;31m│[0;32m│[0;33m│[0;34m│[0;35m│ [0m  [0m114: CheckNotHole [v0/n113:(x)]
[0;31m│[0;32m│[0;33m│[0;34m│[0;35m│ [0m[0;34m  37 : 44 f5 06          Mul r4, FBV[6]
[m[0;31m│[0;32m│[0;33m│[0;34m│[0;35m│ [0m  [0m115: UnsafeSmiUntag [v0/n113:(x)] → (x)
[0;31m│[0;32m│[0;33m│[0;34m│[0;35m│ [0m       ↱ eager @100 (5 live vars)
[0;31m│[0;32m│[0;33m│[0;34m│[0;35m│ [0m       │       @23 (7 live vars)
[0;31m│[0;32m│[0;33m│[0;34m│[0;35m│ [0m  [0m116: Int32MultiplyWithOverflow [v0/n115:(x), v0/n97:(x)] → (x)
[0;31m│[0;32m│[0;33m│[0;34m│[0;35m│ [0m[0;34m  40 : 3c f9 f8 09       SetKeyedProperty r0, r1, FBV[9]
[m[0;31m│[0;32m│[0;33m│[0;34m│[0;35m│ [0m       ↱ eager @100 (5 live vars)
[0;31m│[0;32m│[0;33m│[0;34m│[0;35m│ [0m       │       @23 (7 live vars)
[0;31m│[0;32m│[0;33m│[0;34m│[0;35m│ [0m  [0m117: CheckedSmiTagInt32 [v0/n116:(x)] → (x)
[0;31m│[0;32m│[0;33m│[0;34m│[0;35m│ [0m       ↱ eager @100 (5 live vars)
[0;31m│[0;32m│[0;33m│[0;34m│[0;35m│ [0m       │       @23 (7 live vars)
[0;31m│[0;32m│[0;33m│[0;34m│[0;35m│ [0m  [0m118: CheckInt32Condition[UnsignedLessThan, OutOfBounds] [v0/n109:(x), v0/n102:(x)]
[0;31m│[0;32m│[0;33m│[0;34m│[0;35m│ [0m  [0m119: StoreFixedArrayElementNoWriteBarrier [v0/n99:(x), v0/n109:(x), v0/n117:(x)]
[0;31m│[0;32m│[0;33m│[0;34m│[0;35m│ [0m[0;34m  46 : 5b 0b             Inc FBV[11]
[m[0;31m│[0;32m│[0;33m│[0;34m│[0;35m│ [0m       ↱ eager @100 (5 live vars)
[0;31m│[0;32m│[0;33m│[0;34m│[0;35m│ [0m       │       @46 (6 live vars)
[0;31m│[0;32m│[0;33m│[0;34m│[0;35m│ [0m  [0m120: Int32IncrementWithOverflow [v0/n109:(x)] → (x)
[0;31m│[0;32m│[0;33m│[0;34m│[0;35m│ [0m[0;34m  49 : 97 1e 00 0c       JumpLoop [30], [0], FBV[12]
[m[0;31m│[0;32m│[0;33m│[0;34m│[0;35m│ [0m  [0m121: HandleNoHeapWritesInterrupt
[0;31m│[0;32m│[0;33m│[0;34m│[0;35m│ [0m       │      @100 (5 live vars)
[0;31m│[0;32m│[0;33m│[0;34m│[0;35m│ [0m       ↳ lazy @49 (6 live vars)
[0;31m│[0;32m│[0;33m│[0;34m│[0;35m│ [0m  [0m123: Int32ToNumber[kCanonicalizeSmi] [v0/n120:(x)] → (x)
[0;31m│[0;32m│[0;33m│[0;34m│[0;35m│ [0m       ↱ eager @100 (5 live vars)
[0;31m│[0;32m│[0;33m│[0;34m│[0;35m│ [0m       │       @46 (6 live vars)
[0;31m│[0;32m│[0;33m│[0;34m╰──◄─[0m122: JumpLoop b15
[0;31m│[0;32m│[0;33m│ [0;35m│ [0m       with gap moves:
[0;31m│[0;32m│[0;33m│ [0;35m│ [0m         - v0/n123:(x) → 108: φᵀ r1 (x)
[0;31m│[0;32m│[0;33m│ [0;35m│ [0m
[0;31m│[0;32m│[0;33m│ [0;35m╰─►[0mBlock b17
[0;31m│[0;32m│[0;33m│   [0m[1;34m0x09b80101e179 <SharedFunctionInfo scale> (0x09b80104a7b1 <String[18]: "workloads/mixed.js">:13:2)
[m[0;31m│[0;32m│[0;33m│   [0m[0;34m  53 : 0b f9             Ldar r0
[m[0;31m│[0;32m│[0;33m│[0;34m╭────[0m124: Jump b19
[0;31m│[0;32m│[0;33m│[0;34m│  [0m
[0;31m│[0;32m│[0;33m╰───►[0mBlock b18
[0;31m│[0;32m│ [0;34m│  [0m  [0m125: Jump b19
[0;31m│[0;32m│ [0;34m│  [0m    ↓
[0;31m│[0;32m│ [0;34m╰──►[0mBlock b19
[0;31m│[0;32m│    [0m[1;34m0x09b80101e149 <SharedFunctionInfo sum> (0x09b80104a7b1 <String[18]: "workloads/mixed.js">:4:12)
[m[0;31m│[0;32m│    [0m[0;34m   0 : 0c                LdaZero
[m[0;31m│[0;32m│    [0m  [0m126: Jump b20
[0;31m│[0;32m│    [0m    ↓
[0;31m│[0;32m│     [0mBlock b20
[0;31m│[0;32m│    [0m[1;34m0x09b80101e149 <SharedFunctionInfo sum> (0x09b80104a7b1 <String[18]: "workloads/mixed.js">:6:26)
[m[0;31m│[0;32m│    [0m[0;34m   4 : 33 03 00 00       GetNamedProperty a0, [0:"length"], FBV[0]
[m[0;31m│[0;32m│    [0m  [0m127: LoadTaggedField(0xc: 0x09b800000e19 <String[6]: #length>, compressed, Smi) [v0/n82:(x)] → (x)
[0;31m│[0;32m│    [0m[1;34m0x09b80101e149 <SharedFunctionInfo sum> (0x09b80104a7b1 <String[18]: "workloads/mixed.js">:6:20)
[m[0;31m│[0;32m│    [0m[0;34m   8 : 79 f8 01 00       TestLessThan r1, EmbeddedFeedback[0x1]
[m[0;31m│[0;32m│    [0m  [0m128: UnsafeSmiUntag [v0/n127:(x)] → (x)
[0;31m│[0;32m│    [0m[0;34m  12 : a8 17             JumpIfFalse [23]
[m[0;31m│[0;32m│[0;33m╭─────[0m130: BranchIfInt32Compare(LessThan) [v0/n33:(x), v0/n128:(x)] b21 b25
[0;31m│[0;32m│[0;33m│   [0m    ↓
[0;31m│[0;32m│[0;33m│    [0mBlock b21
[0;31m│[0;32m│[0;33m│   [0m[1;34m0x09b80101e149 <SharedFunctionInfo sum> (0x09b80104a7b1 <String[18]: "workloads/mixed.js">:6:47)
[m[0;31m│[0;32m│[0;33m│   [0m[0;34m  16 : 35 03 03          GetKeyedProperty a0, FBV[3]
[m[0;31m│[0;32m│[0;33m│   [0m  [0m131: LoadTaggedField(0x8, compressed) [v0/n82:(x)] → (x)
[0;31m│[0;32m│[0;33m│   [0m       ↱ eager @106 (4 live vars)
[0;31m│[0;32m│[0;33m│   [0m       │       @16 (6 live vars)
[0;31m│[0;32m│[0;33m│   [0m  [0m132: CheckInt32Condition[UnsignedLessThan, OutOfBounds] [v0/n33:(x), v0/n128:(x)]
[0;31m│[0;32m│[0;33m│   [0m  [0m133: LoadTaggedField(0x8, compressed) [v0/n131:(x)] → (x)
[0;31m│[0;32m│[0;33m│   [0m       ↱ eager @106 (4 live vars)
[0;31m│[0;32m│[0;33m│   [0m       │       @16 (6 live vars)
[0;31m│[0;32m│[0;33m│   [0m  [0m134: CheckNotHole [v0/n133:(x)]
[0;31m│[0;32m│[0;33m│   [0m[0;34m  19 : 42 f9 02          Add r0, FBV[2]
[m[0;31m│[0;32m│[0;33m│   [0m  [0m135: UnsafeSmiUntag [v0/n133:(x)] → (x)
[0;31m│[0;32m│[0;33m│   [0m       ↱ eager @106 (4 live vars)
[0;31m│[0;32m│[0;33m│   [0m       │       @16 (6 live vars)
[0;31m│[0;32m│[0;33m│   [0m  [0m136: Int32AddWithOverflow [v0/n135:(x), v0/n33:(x)] → (x)
[0;31m│[0;32m│[0;33m│   [0m[1;34m0x09b80101e149 <SharedFunctionInfo sum> (0x09b80104a7b1 <String[18]: "workloads/mixed.js">:6:2)
[m[0;31m│[0;32m│[0;33m│   [0m[0;34m  31 : 97 1b 00 06       JumpLoop [27], [0], FBV[6]
[m[0;31m│[0;32m│[0;33m│   [0m  [0m137: HandleNoHeapWritesInterrupt
[0;31m│[0;32m│[0;33m│   [0m       │      @106 (4 live vars)
[0;31m│[0;32m│[0;33m│   [0m       ↳ lazy @31 (5 live vars)
[0;31m│[0;32m│[0;33m│   [0m  [0m139: Int32ToNumber[kCanonicalizeSmi] [v0/n136:(x)] → (x)
[0;31m│[0;32m│[0;33m│   [0m  [0m138: Jump b22
[0;31m│[0;32m│[0;33m│   [0m    │  with gap moves:
[0;31m│[0;32m│[0;33m│   [0m    │    - v0/n139:(x) → 140: φᵀ r0 (x)
[0;31m│[0;32m│[0;33m│   [0m    │    - v0/n48:(x) → 141: φᵀ r1 (x)
[0;31m│[0;32m│[0;33m│   [0m    ▼
[0;31m│[0;32m│[0;33m│[0;34m╭──►[0mBlock b22 peeled (effects:)
[0;31m│[0;32m│[0;33m│[0;34m│  [0m  [0m140: φᵀ r0 (n139, n154) (compressed) → (x)
[0;31m│[0;32m│[0;33m│[0;34m│  [0m  [0m141: φᵀ r1 (n48, n155) (compressed) → (x)
[0;31m│[0;32m│[0;33m│[0;34m│  [0m[0;34m   8 : 79 f8 01 00       TestLessThan r1, EmbeddedFeedback[0x1]
[m[0;31m│[0;32m│[0;33m│[0;34m│  [0m       ↱ eager @106 (4 live vars)
[0;31m│[0;32m│[0;33m│[0;34m│  [0m       │       @8 (6 live vars)
[0;31m│[0;32m│[0;33m│[0;34m│  [0m  [0m142: CheckedSmiUntag [v0/n141:(x)] → (x)
[0;31m│[0;32m│[0;33m│[0;34m│  [0m[0;34m  12 : a8 17             JumpIfFalse [23]
[m[0;31m│[0;32m│[0;33m│[0;34m│[0;35m╭───[0m144: BranchIfInt32Compare(LessThan) [v0/n142:(x), v0/n128:(x)] b23 b24
[0;31m│[0;32m│[0;33m│[0;34m│[0;35m│ [0m    ↓
[0;31m│[0;32m│[0;33m│[0;34m│[0;35m│  [0mBlock b23
[0;31m│[0;32m│[0;33m│[0;34m│[0;35m│ [0m[0;34m  16 : 35 03 03          GetKeyedProperty a0, FBV[3]
[m[0;31m│[0;32m│[0;33m│[0;34m│[0;35m│ [0m       ↱ eager @106 (4 live vars)
[0;31m│[0;32m│[0;33m│[0;34m│[0;35m│ [0m       │       @8 (6 live vars)
[0;31m│[0;32m│[0;33m│[0;34m│[0;35m│ [0m  [0m145: CheckInt32Condition[UnsignedLessThan, OutOfBounds] [v0/n142:(x), v0/n128:(x)]
[0;31m│[0;32m│[0;33m│[0;34m│[0;35m│ [0m  [0m146: LoadFixedArrayElement(compressed), Unknown [v0/n131:(x), v0/n142:(x)] → (x)
[0;31m│[0;32m│[0;33m│[0;34m│[0;35m│ [0m       ↱ eager @106 (4 live vars)
[0;31m│[0;32m│[0;33m│[0;34m│[0;35m│ [0m       │       @8 (6 live vars)
[0;31m│[0;32m│[0;33m│[0;34m│[0;35m│ [0m  [0m147: CheckNotHole [v0/n146:(x)]
[0;31m│[0;32m│[0;33m│[0;34m│[0;35m│ [0m[0;34m  19 : 42 f9 02          Add r0, FBV[2]
[m[0;31m│[0;32m│[0;33m│[0;34m│[0;35m│ [0m       ↱ eager @106 (4 live vars)
[0;31m│[0;32m│[0;33m│[0;34m│[0;35m│ [0m       │       @8 (6 live vars)
[0;31m│[0;32m│[0;33m│[0;34m│[0;35m│ [0m  [0m148: CheckedSmiUntag [v0/n140:(x)] → (x)
[0;31m│[0;32m│[0;33m│[0;34m│[0;35m│ [0m  [0m149: UnsafeSmiUntag [v0/n146:(x)] → (x)
[0;31m│[0;32m│[0;33m│[0;34m│[0;35m│ [0m       ↱ eager @106 (4 live vars)
[0;31m│[0;32m│[0;33m│[0;34m│[0;35m│ [0m       │       @8 (6 live vars)
[0;31m│[0;32m│[0;33m│[0;34m│[0;35m│ [0m  [0m150: Int32AddWithOverflow [v0/n148:(x), v0/n149:(x)] → (x)
[0;31m│[0;32m│[0;33m│[0;34m│[0;35m│ [0m[0;34m  28 : 5b 05             Inc FBV[5]
[m[0;31m│[0;32m│[0;33m│[0;34m│[0;35m│ [0m       ↱ eager @106 (4 live vars)
[0;31m│[0;32m│[0;33m│[0;34m│[0;35m│ [0m       │       @8 (6 live vars)
[0;31m│[0;32m│[0;33m│[0;34m│[0;35m│ [0m  [0m151: Int32IncrementWithOverflow [v0/n142:(x)] → (x)
[0;31m│[0;32m│[0;33m│[0;34m│[0;35m│ [0m[0;34m  31 : 97 1b 00 06       JumpLoop [27], [0], FBV[6]
[m[0;31m│[0;32m│[0;33m│[0;34m│[0;35m│ [0m  [0m152: HandleNoHeapWritesInterrupt
[0;31m│[0;32m│[0;33m│[0;34m│[0;35m│ [0m       │      @106 (4 live vars)
[0;31m│[0;32m│[0;33m│[0;34m│[0;35m│ [0m       ↳ lazy @31 (5 live vars)
[0;31m│[0;32m│[0;33m│[0;34m│[0;35m│ [0m  [0m154: Int32ToNumber[kCanonicalizeSmi] [v0/n150:(x)] → (x)
[0;31m│[0;32m│[0;33m│[0;34m│[0;35m│ [0m  [0m155: Int32ToNumber[kCanonicalizeSmi] [v0/n151:(x)] → (x)
[0;31m│[0;32m│[0;33m│[0;34m│[0;35m│ [0m       ↱ eager @106 (4 live vars)
[0;31m│[0;32m│[0;33m│[0;34m│[0;35m│ [0m       │       @8 (6 live vars)
[0;31m│[0;32m│[0;33m│[0;34m╰──◄─[0m153: JumpLoop b22
[0;31m│[0;32m│[0;33m│ [0;35m│ [0m       with gap moves:
[0;31m│[0;32m│[0;33m│ [0;35m│ [0m         - v0/n154:(x) → 140: φᵀ r0 (x)
[0;31m│[0;32m│[0;33m│ [0;35m│ [0m         - v0/n155:(x) → 141: φᵀ r1 (x)
[0;31m│[0;32m│[0;33m│ [0;35m│ [0m
[0;31m│[0;32m│[0;33m│ [0;35m╰─►[0mBlock b24
[0;31m│[0;32m│[0;33m│   [0m[1;34m0x09b80101e149 <SharedFunctionInfo sum> (0x09b80104a7b1 <String[18]: "workloads/mixed.js">:7:2)
[m[0;31m│[0;32m│[0;33m│   [0m[0;34m  35 : 0b f9             Ldar r0
[m[0;31m│[0;32m│[0;33m│[0;34m╭────[0m156: Jump b26
[0;31m│[0;32m│[0;33m│[0;34m│  [0m       with gap moves:
[0;31m│[0;32m│[0;33m│[0;34m│  [0m         - v0/n140:(x) → 158: φᵀ r0 (x)
[0;31m│[0;32m│[0;33m│[0;34m│  [0m
[0;31m│[0;32m│[0;33m╰───►[0mBlock b25
[0;31m│[0;32m│ [0;34m│  [0m  [0m157: Jump b26
[0;31m│[0;32m│ [0;34m│  [0m    │  with gap moves:
[0;31m│[0;32m│ [0;34m│  [0m    │    - v0/n30:(x) → 158: φᵀ r0 (x)
[0;31m│[0;32m│ [0;34m│  [0m    ▼
[0;31m│[0;32m│ [0;34m╰──►[0mBlock b26
[0;31m│[0;32m│    [0m  [0m158: φᵀ r0 (n30, n140) (compressed) → (x)
[0;31m│[0;32m│    [0m[1;34m0x09b80101e0c9 <SharedFunctionInfo> (0x09b80104a7b1 <String[18]: "workloads/mixed.js">:27:9)
[m[0;31m│[0;32m│    [0m[0;34m 110 : 42 f5 0c          Add r4, FBV[12]
[m[0;31m│[0;32m│    [0m       ↱ eager @110 (5 live vars)
[0;31m│[0;32m│    [0m  [0m159: CheckedSmiUntag [v0/n158:(x)] → (x)
[0;31m│[0;32m│    [0m       ↱ eager @110 (5 live vars)
[0;31m│[0;32m│    [0m  [0m160: Int32AddWithOverflow [v0/n70:(x), v0/n159:(x)] → (x)
[0;31m│[0;32m│    [0m[1;34m0x09b80101e0c9 <SharedFunctionInfo> (0x09b80104a7b1 <String[18]: "workloads/mixed.js">:27:6)
[m[0;31m│[0;32m│    [0m[0;34m 113 : 29 03             StaCurrentContextSlot [3]
[m[0;31m│[0;32m│    [0m  [0m161: Int32ToNumber[kCanonicalizeSmi] [v0/n160:(x)] → (x)
[0;31m│[0;32m│    [0m  [0m162: StoreContextSlotWithWriteBarrier(3, mutable) [v0/n2:(x), v0/n161:(x)]
[0;31m│[0;32m│    [0m       ↳ lazy @113 (3 live vars)
[0;31m│[0;32m│    [0m[1;34m0x09b80101e0c9 <SharedFunctionInfo> (0x09b80104a7b1 <String[18]: "workloads/mixed.js">:29:26)
[m[0;31m│[0;32m│    [0m[0;34m 136 : 53 07 16          ModSmi [7], FBV[22]
[m[0;31m│[0;32m│    [0m       ↱ eager @136 (7 live vars)
[0;31m│[0;32m│    [0m  [0m167: Int32ModulusWithOverflow [v0/n17:(x), v0/n166:(x)] → (x)
[0;31m│[0;32m│    [0m[1;34m0x09b80101e0c9 <SharedFunctionInfo> (0x09b80104a7b1 <String[18]: "workloads/mixed.js">:29:30)
[m[0;31m│[0;32m│    [0m[0;34m 146 : a8 09             JumpIfFalse [9]
[m[0;31m│[0;32m│[0;33m╭─────[0m171: BranchIfInt32Compare(StrictEqual) [v0/n167:(x), v0/n169:(x)] b27 b28
[0;31m│[0;32m│[0;33m│   [0m    ↓
[0;31m│[0;32m│[0;33m│    [0mBlock b27
[0;31m│[0;32m│[0;33m│   [0m  [0m177: Float64ToTagged[kCanonicalizeSmi] [v0/n174:(x)] → (x)
[0;31m│[0;32m│[0;33m│   [0m[1;34m0x09b80101e0c9 <SharedFunctionInfo> (0x09b80104a7b1 <String[18]: "workloads/mixed.js">:29:40)
[m[0;31m│[0;32m│[0;33m│   [0m[0;34m 153 : 98 04             Jump [4]
[m[0;31m│[0;32m│[0;33m│[0;34m╭────[0m175: Jump b29
[0;31m│[0;32m│[0;33m│[0;34m│  [0m       with gap moves:
[0;31m│[0;32m│[0;33m│[0;34m│  [0m         - v0/n177:(x) → 178: φᵀ <accumulator> (x)
[0;31m│[0;32m│[0;33m│[0;34m│  [0m
[0;31m│[0;32m│[0;33m╰───►[0mBlock b28
[0;31m│[0;32m│ [0;34m│  [0m[0;34m 157 : ce                Star6
[m[0;31m│[0;32m│ [0;34m│  [0m  [0m176: Jump b29
[0;31m│[0;32m│ [0;34m│  [0m    │  with gap moves:
[0;31m│[0;32m│ [0;34m│  [0m    │    - v0/n30:(x) → 178: φᵀ <accumulator> (x)
[0;31m│[0;32m│ [0;34m│  [0m    ▼
[0;31m│[0;32m│ [0;34m╰──►[0mBlock b29
[0;31m│[0;32m│    [0m  [0m178: φᵀ <accumulator> (n177, n30) (compressed) → (x)
[0;31m│[0;32m│    [0m[1;34m0x09b80101e1a9 <SharedFunctionInfo flipflop> (0x09b80104a7b1 <String[18]: "workloads/mixed.js">:17:17)
[m[0;31m│[0;32m│    [0m[0;34m   0 : 0b 03             Ldar a0
[m[0;31m│[0;32m│    [0m  [0m179: Jump b30
[0;31m│[0;32m│    [0m    ↓
[0;31m│[0;32m│     [0mBlock b30
[0;31m│[0;32m│    [0m[1;34m0x09b80101e1a9 <SharedFunctionInfo flipflop> (0x09b80104a7b1 <String[18]: "workloads/mixed.js">:18:11)
[m[0;31m│[0;32m│    [0m[0;34m   2 : 51 02 01          MulSmi [2], FBV[1]
[m[0;31m│[0;32m│    [0m  [0m180: UnsafeNumberToFloat64 [v0/n178:(x)] → (x)
[0;31m│[0;32m│    [0m  [0m182: Float64Multiply [v0/n180:(x), v0/n181:(x)] → (x)
[0;31m│[0;32m│    [0m[1;34m0x09b80101e1a9 <SharedFunctionInfo flipflop> (0x09b80104a7b1 <String[18]: "workloads/mixed.js">:18:15)
[m[0;31m│[0;32m│    [0m[0;34m   5 : 4f 01 00          AddSmi [1], FBV[0]
[m[0;31m│[0;32m│    [0m  [0m184: Float64Add [v0/n182:(x), v0/n183:(x)] → (x)
[0;31m│[0;32m│    [0m[1;34m0x09b80101e0c9 <SharedFunctionInfo> (0x09b80104a7b1 <String[18]: "workloads/mixed.js">:29:11)
[m[0;31m│[0;32m│    [0m[0;34m 162 : 42 f5 13          Add r4, FBV[19]
[m[0;31m│[0;32m│    [0m  [0m185: ChangeInt32ToFloat64 [v0/n160:(x)] → (x)
[0;31m│[0;32m│    [0m  [0m186: Float64Add [v0/n184:(x), v0/n185:(x)] → (x)
[0;31m│[0;32m│    [0m[1;34m0x09b80101e0c9 <SharedFunctionInfo> (0x09b80104a7b1 <String[18]: "workloads/mixed.js">:29:8)
[m[0;31m│[0;32m│    [0m[0;34m 165 : 29 03             StaCurrentContextSlot [3]
[m[0;31m│[0;32m│    [0m  [0m187: Float64ToTagged[kCanonicalizeSmi] [v0/n186:(x)] → (x)
[0;31m│[0;32m│    [0m  [0m188: StoreContextSlotWithWriteBarrier(3, mutable) [v0/n2:(x), v0/n187:(x)]
[0;31m│[0;32m│    [0m       ↳ lazy @165 (4 live vars)
[0;31m│[0;32m│    [0m[1;34m0x09b80101e0c9 <SharedFunctionInfo> (0x09b80104a7b1 <String[18]: "workloads/mixed.js">:28:2)
[m[0;31m│[0;32m│    [0m[0;34m 172 : 97 37 01 1b       JumpLoop [55], [1], FBV[27]
[m[0;31m│[0;32m│    [0m  [0m190: ReduceInterruptBudgetForLoop(44) [v0/n189:(x)]
[0;31m│[0;32m│    [0m       ↳ lazy @172 (4 live vars)
[0;31m│[0;32m│    [0m  [0m191: Jump b31
[0;31m│[0;32m│    [0m    │  with gap moves:
[0;31m│[0;32m│    [0m    │    - v0/n48:(x) → 192: φᵀ r2 (x)
[0;31m│[0;32m│    [0m    ▼
[0;31m│[0;32m│[0;33m╭───►[0mBlock b31 peeled (effects:)
[0;31m│[0;32m│[0;33m│   [0m  [0m192: φᵀ r2 (n48, n215) (compressed) → (x)
[0;31m│[0;32m│[0;33m│   [0m[0;34m 121 : 79 f7 01 00       TestLessThan r2, EmbeddedFeedback[0x1]
[m[0;31m│[0;32m│[0;33m│   [0m       ↱ eager @121 (5 live vars)
[0;31m│[0;32m│[0;33m│   [0m  [0m193: CheckedSmiUntag [v0/n192:(x)] → (x)
[0;31m│[0;32m│[0;33m│   [0m[0;34m 125 : a8 33             JumpIfFalse [51]
[m[0;31m│[0;32m│[0;33m│[0;34m╭────[0m195: BranchIfInt32Compare(LessThan) [v0/n193:(x), v0/n164:(x)] b32 b37
[0;31m│[0;32m│[0;33m│[0;34m│  [0m    ↓
[0;31m│[0;32m│[0;33m│[0;34m│   [0mBlock b32
[0;31m│[0;32m│[0;33m│[0;34m│  [0m[0;34m 127 : 18 03             LdaCurrentContextSlot [3]
[m[0;31m│[0;32m│[0;33m│[0;34m│  [0m  [0m196: LoadContextSlot(0x14, mutable) [v0/n2:(x)] → (x)
[0;31m│[0;32m│[0;33m│[0;34m│  [0m[0;34m 146 : a8 09             JumpIfFalse [9]
[m[0;31m│[0;32m│[0;33m│[0;34m│[0;35m╭───[0m197: BranchIfInt32Compare(StrictEqual) [v0/n167:(x), v0/n169:(x)] b33 b34
[0;31m│[0;32m│[0;33m│[0;34m│[0;35m│ [0m    ↓
[0;31m│[0;32m│[0;33m│[0;34m│[0;35m│  [0mBlock b33
[0;31m│[0;32m│[0;33m│[0;34m│[0;35m│ [0m[0;34m 150 : 42 f7 17          Add r2, FBV[23]
[m[0;31m│[0;32m│[0;33m│[0;34m│[0;35m│ [0m  [0m198: ChangeInt32ToFloat64 [v0/n193:(x)] → (x)
[0;31m│[0;32m│[0;33m│[0;34m│[0;35m│ [0m  [0m199: Float64Add [v0/n198:(x), v0/n174:(x)] → (x)
[0;31m│[0;32m│[0;33m│[0;34m│[0;35m│ [0m  [0m202: Float64ToTagged[kCanonicalizeSmi] [v0/n199:(x)] → (x)
[0;31m│[0;32m│[0;33m│[0;34m│[0;35m│ [0m[0;34m 153 : 98 04             Jump [4]
[m[0;31m│[0;32m│[0;33m│[0;34m│[0;35m│[0;36m╭──[0m200: Jump b35
[0;31m│[0;32m│[0;33m│[0;34m│[0;35m│[0;36m│[0m       with gap moves:
[0;31m│[0;32m│[0;33m│[0;34m│[0;35m│[0;36m│[0m         - v0/n202:(x) → 203: φᵀ <accumulator> (x)
[0;31m│[0;32m│[0;33m│[0;34m│[0;35m│[0;36m│[0m
[0;31m│[0;32m│[0;33m│[0;34m│[0;35m╰─►[0mBlock b34
[0;31m│[0;32m│[0;33m│[0;34m│ [0;36m│[0m[0;34m 157 : ce                Star6
[m[0;31m│[0;32m│[0;33m│[0;34m│ [0;36m│[0m  [0m201: Jump b35
[0;31m│[0;32m│[0;33m│[0;34m│ [0;36m│[0m    │  with gap moves:
[0;31m│[0;32m│[0;33m│[0;34m│ [0;36m│[0m    │    - v0/n192:(x) → 203: φᵀ <accumulator> (x)
[0;31m│[0;32m│[0;33m│[0;34m│ [0;36m│[0m    ▼
[0;31m│[0;32m│[0;33m│[0;34m│ [0;36m╰►[0mBlock b35
[0;31m│[0;32m│[0;33m│[0;34m│  [0m  [0m203: φᵀ <accumulator> (n202, n192) (compressed) → (x)
[0;31m│[0;32m│[0;33m│[0;34m│  [0m[1;34m0x09b80101e1a9 <SharedFunctionInfo flipflop> (0x09b80104a7b1 <String[18]: "workloads/mixed.js">:17:17)
[m[0;31m│[0;32m│[0;33m│[0;34m│  [0m[0;34m   0 : 0b 03             Ldar a0
[m[0;31m│[0;32m│[0;33m│[0;34m│  [0m  [0m204: Jump b36
[0;31m│[0;32m│[0;33m│[0;34m│  [0m    ↓
[0;31m│[0;32m│[0;33m│[0;34m│   [0mBlock b36
[0;31m│[0;32m│[0;33m│[0;34m│  [0m[1;34m0x09b80101e1a9 <SharedFunctionInfo flipflop> (0x09b80104a7b1 <String[18]: "workloads/mixed.js">:18:11)
[m[0;31m│[0;32m│[0;33m│[0;34m│  [0m[0;34m   2 : 51 02 01          MulSmi [2], FBV[1]
[m[0;31m│[0;32m│[0;33m│[0;34m│  [0m  [0m205: UnsafeNumberToFloat64 [v0/n203:(x)] → (x)
[0;31m│[0;32m│[0;33m│[0;34m│  [0m  [0m206: Float64Multiply [v0/n205:(x), v0/n181:(x)] → (x)
[0;31m│[0;32m│[0;33m│[0;34m│  [0m[1;34m0x09b80101e1a9 <SharedFunctionInfo flipflop> (0x09b80104a7b1 <String[18]: "workloads/mixed.js">:18:15)
[m[0;31m│[0;32m│[0;33m│[0;34m│  [0m[0;34m   5 : 4f 01 00          AddSmi [1], FBV[0]
[m[0;31m│[0;32m│[0;33m│[0;34m│  [0m  [0m207: Float64Add [v0/n206:(x), v0/n183:(x)] → (x)
[0;31m│[0;32m│[0;33m│[0;34m│  [0m[1;34m0x09b80101e0c9 <SharedFunctionInfo> (0x09b80104a7b1 <String[18]: "workloads/mixed.js">:28:2)
[m[0;31m│[0;32m│[0;33m│[0;34m│  [0m[0;34m 162 : 42 f5 13          Add r4, FBV[19]
[m[0;31m│[0;32m│[0;33m│[0;34m│  [0m       ↱ eager @162 (6 live vars)
[0;31m│[0;32m│[0;33m│[0;34m│  [0m  [0m208: CheckedNumberToFloat64 [v0/n196:(x)] → (x)
[0;31m│[0;32m│[0;33m│[0;34m│  [0m  [0m209: Float64Add [v0/n207:(x), v0/n208:(x)] → (x)
[0;31m│[0;32m│[0;33m│[0;34m│  [0m[0;34m 165 : 29 03             StaCurrentContextSlot [3]
[m[0;31m│[0;32m│[0;33m│[0;34m│  [0m  [0m210: Float64ToTagged[kCanonicalizeSmi] [v0/n209:(x)] → (x)
[0;31m│[0;32m│[0;33m│[0;34m│  [0m  [0m211: StoreContextSlotWithWriteBarrier(3, mutable) [v0/n2:(x), v0/n210:(x)]
[0;31m│[0;32m│[0;33m│[0;34m│  [0m       ↳ lazy @165 (4 live vars)
[0;31m│[0;32m│[0;33m│[0;34m│  [0m[0;34m 169 : 5b 1a             Inc FBV[26]
[m[0;31m│[0;32m│[0;33m│[0;34m│  [0m       ↱ eager @169 (4 live vars)
[0;31m│[0;32m│[0;33m│[0;34m│  [0m  [0m212: Int32IncrementWithOverflow [v0/n193:(x)] → (x)
[0;31m│[0;32m│[0;33m│[0;34m│  [0m[0;34m 172 : 97 37 01 1b       JumpLoop [55], [1], FBV[27]
[m[0;31m│[0;32m│[0;33m│[0;34m│  [0m  [0m213: ReduceInterruptBudgetForLoop(44) [v0/n189:(x)]
[0;31m│[0;32m│[0;33m│[0;34m│  [0m       ↳ lazy @172 (4 live vars)
[0;31m│[0;32m│[0;33m│[0;34m│  [0m  [0m215: Int32ToNumber[kCanonicalizeSmi] [v0/n212:(x)] → (x)
[0;31m│[0;32m│[0;33m│[0;34m│  [0m       ↱ eager @169 (4 live vars)
[0;31m│[0;32m│[0;33m╰───◄─[0m214: JumpLoop b31
[0;31m│[0;32m│ [0;34m│  [0m       with gap moves:
[0;31m│[0;32m│ [0;34m│  [0m         - v0/n215:(x) → 192: φᵀ r2 (x)
[0;31m│[0;32m│ [0;34m│  [0m
[0;31m│[0;32m│ [0;34m╰──►[0mBlock b37
[0;31m│[0;32m│    [0m[1;34m0x09b80101e0c9 <SharedFunctionInfo> (0x09b80104a7b1 <String[18]: "workloads/mixed.js">:25:38)
[m[0;31m│[0;32m│    [0m[0;34m 178 : 5b 1c             Inc FBV[28]
[m[0;31m│[0;32m│    [0m       ↱ eager @178 (3 live vars)
[0;31m│[0;32m│    [0m  [0m216: Int32IncrementWithOverflow [v0/n17:(x)] → (x)
[0;31m│[0;32m│    [0m[1;34m0x09b80101e0c9 <SharedFunctionInfo> (0x09b80104a7b1 <String[18]: "workloads/mixed.js">:25:0)
[m[0;31m│[0;32m│    [0m[0;34m 181 : 97 7f 00 1d       JumpLoop [127], [0], FBV[29]
[m[0;31m│[0;32m│    [0m  [0m217: ReduceInterruptBudgetForLoop(101) [v0/n189:(x)]
[0;31m│[0;32m│    [0m       ↳ lazy @181 (3 live vars)
[0;31m│[0;32m│    [0m  [0m219: Int32ToNumber[kCanonicalizeSmi] [v0/n216:(x)] → (x)
[0;31m│[0;32m│    [0m       ↱ eager @178 (3 live vars)
[0;31m╰─────◄─[0m218: JumpLoop b1
 [0;32m│    [0m       with gap moves:
 [0;32m│    [0m         - v0/n219:(x) → 15: φᵀ r1 (x)
 [0;32m│    [0m
 [0;32m╰────►[0mBlock b38
      [0m[1;34m0x09b80101e0c9 <SharedFunctionInfo> (0x09b80104a7b1 <String[18]: "workloads/mixed.js">:32:0)
[m      [0m[0;34m 185 : 23 06 1e          LdaGlobal [6:"print"], FBV[30]
[m      [0m       ↱ eager @185 (2 live vars)
      [0m  [0m220: Deopt(Insufficient type feedback for generic global access)
      [0m

----- After register allocation pre-processing -----
Graph

      [0m    [0m1/189: Constant(0x09b80101e269 <FeedbackCell[one closure]>) → v-1, live range: [1-195]
      [0m     [0m2/24: Constant(0x09b80101e291 <JSFunction sum (sfi = 0x9b80101e149)>) → v-1, live range: [2-195]
      [0m     [0m3/27: Constant(0x09b80101e279 <ScriptContext[4]>) → v-1, live range: [3-195]
      [0m     [0m4/28: Constant(0x09b801004925 <JSGlobalProxy>) → v-1, live range: [4-195]
      [0m     [0m5/73: Constant(0x09b80101e2c5 <JSFunction scale (sfi = 0x9b80101e179)>) → v-1, live range: [5-195]
      [0m     [0m6/76: Constant(0x09b80100c961 <JSFunction Array (sfi = 0x9b8001ac3f9)>) → v-1, live range: [6-195]
      [0m    [0m7/165: Constant(0x09b80101e2f9 <JSFunction flipflop (sfi = 0x9b80101e1a9)>) → v-1, live range: [7-195]
      [0m     [0m8/80: RootConstant(empty_fixed_array) → v-1, live range: [8-195]
      [0m     [0m9/30: SmiConstant(0) → v-1, live range: [9-195]
      [0m    [0m10/48: SmiConstant(1) → v-1, live range: [10-195]
      [0m    [0m11/74: SmiConstant(3) → v-1, live range: [11-195]
      [0m   [0m12/163: SmiConstant(200) → v-1, live range: [12-195]
      [0m    [0m13/88: SmiConstant(247) → v-1, live range: [13-195]
      [0m    [0m14/16: SmiConstant(400) → v-1, live range: [14-195]
      [0m    [0m15/33: Int32Constant(0) → v-1, live range: [15-195]
      [0m    [0m16/43: Int32Constant(1) → v-1, live range: [16-195]
      [0m    [0m17/97: Int32Constant(3) → v-1, live range: [17-195]
      [0m   [0m18/169: Int32Constant(6) → v-1, live range: [18-195]
      [0m   [0m19/166: Int32Constant(7) → v-1, live range: [19-195]
      [0m   [0m20/164: Int32Constant(200) → v-1, live range: [20-195]
      [0m    [0m21/18: Int32Constant(400) → v-1, live range: [21-195]
      [0m   [0m22/174: Float64Constant(0.5) → v-1, live range: [22-195]
      [0m   [0m23/183: Float64Constant(1) → v-1, live range: [23-195]
      [0m   [0m24/181: Float64Constant(2) → v-1, live range: [24-195]
       [0mBlock b0
      [0m[1;34m0x09b80101e0c9 <SharedFunctionInfo> (0x09b80104a7b1 <String[18]: "workloads/mixed.js">:0:0)
[m      [0m[0;34m  54 : 00 0d 90 01       LdaSmi.Wide [400]
[m      [0m     [0m25/1: InitialValue(<this>) → v-1(=-6S), live range: [25-196]
      [0m     [0m26/2: InitialValue(<context>) → v-1(=-3S), live range: [26-196]
      [0m     [0m27/3: InitialValue(<closure>) → v-1(=-2S), live range: [27-196]
      [0m     [0m28/5: InitialValue(r1) → v-1(=4S), live range: [28-30]
      [0m    [0m29/13: FunctionEntryStackCheck
      [0m           ↳ lazy @181 (3 live vars)
      [0m           ↱ eager @181 (3 live vars)
      [0m    [0m30/14: CheckpointedJump b1
      [0m        │  with gap moves:
      [0m        │    - v28/n5:v-1(*) → 15: φᵀ r1 v-1(*)
      [0m        ▼
[0;31m╭─────►[0mBlock b1 (effects:)
[0;31m│     [0m    [0m31/15: φᵀ r1 (n5, n219) → v-1(*), live range: [31-192]
[0;31m│     [0m[1;34m0x09b80101e0c9 <SharedFunctionInfo> (0x09b80104a7b1 <String[18]: "workloads/mixed.js">:25:26)
[m[0;31m│     [0m[0;34m  58 : 79 f8 01 00       TestLessThan r1, EmbeddedFeedback[0x1]
[m[0;31m│     [0m           ↱ eager @58 (4 live vars)
[0;31m│     [0m    [0m32/17: CheckedSmiUntag [v31/n15:v-1(R)] → v-1(0), live range: [32-192]
[0;31m│     [0m[0;34m  62 : a8 7b             JumpIfFalse [123]
[m[0;31m│[0;32m╭────────[0m33/20: BranchIfInt32Compare(LessThan) [v32/n17:v-1(R), v21/n18:v-1(R)] b2 b38
[0;31m│[0;32m│    [0m        ↓
[0;31m│[0;32m│     [0mBlock b2
[0;31m│[0;32m│    [0m[1;34m0x09b80101e0c9 <SharedFunctionInfo> (0x09b80104a7b1 <String[18]: "workloads/mixed.js">:26:2)
[m[0;31m│[0;32m│    [0m[0;34m  64 : 18 03             LdaCurrentContextSlot [3]
[m[0;31m│[0;32m│    [0m    [0m34/23: LoadContextSlot(0x14, mutable) [v26/n2:v-1(R)] → v-1(R), live range: [34-70]
[0;31m│[0;32m│    [0m[0;34m  71 : 19 02             LdaImmutableCurrentContextSlot [2]
[m[0;31m│[0;32m│    [0m    [0m35/25: LoadContextSlotNoCells(0x10, constant) [v26/n2:v-1(R)] → v-1(R), live range: [35-115]
[0;31m│[0;32m│    [0m[1;34m0x09b80101e149 <SharedFunctionInfo sum> (0x09b80104a7b1 <String[18]: "workloads/mixed.js">:4:12)
[m[0;31m│[0;32m│    [0m[0;34m   0 : 0c                LdaZero
[m[0;31m│[0;32m│    [0m    [0m36/29: Jump b3
[0;31m│[0;32m│    [0m        ↓
[0;31m│[0;32m│     [0mBlock b3
[0;31m│[0;32m│    [0m[1;34m0x09b80101e149 <SharedFunctionInfo sum> (0x09b80104a7b1 <String[18]: "workloads/mixed.js">:6:26)
[m[0;31m│[0;32m│    [0m[0;34m   4 : 33 03 00 00       GetNamedProperty a0, [0:"length"], FBV[0]
[m[0;31m│[0;32m│    [0m           ↱ eager @74 (4 live vars)
[0;31m│[0;32m│    [0m           │       @4 (5 live vars)
[0;31m│[0;32m│    [0m    [0m37/31: CheckMaps(0x09b80100d091 <Map[16](HOLEY_SMI_ELEMENTS)>, 0x09b80100ca11 <Map[16](PACKED_SMI_ELEMENTS)>, check heapobj) [v35/n25:v-1(R)]
[0;31m│[0;32m│    [0m    [0m38/32: LoadTaggedField(0xc: 0x09b800000e19 <String[6]: #length>, compressed, Smi) [v35/n25:v-1(R)] → v-1(R), live range: [38-115]
[0;31m│[0;32m│    [0m[1;34m0x09b80101e149 <SharedFunctionInfo sum> (0x09b80104a7b1 <String[18]: "workloads/mixed.js">:6:20)
[m[0;31m│[0;32m│    [0m[0;34m   8 : 79 f8 01 00       TestLessThan r1, EmbeddedFeedback[0x1]
[m[0;31m│[0;32m│    [0m    [0m39/34: UnsafeSmiUntag [v38/n32:v-1(R)] → v-1(0), live range: [39-115]
[0;31m│[0;32m│    [0m[0;34m  12 : a8 17             JumpIfFalse [23]
[m[0;31m│[0;32m│[0;33m╭───────[0m40/36: BranchIfInt32Compare(LessThan) [v15/n33:v-1(R), v39/n34:v-1(R)] b4 b8
[0;31m│[0;32m│[0;33m│   [0m        ↓
[0;31m│[0;32m│[0;33m│    [0mBlock b4
[0;31m│[0;32m│[0;33m│   [0m[1;34m0x09b80101e149 <SharedFunctionInfo sum> (0x09b80104a7b1 <String[18]: "workloads/mixed.js">:6:47)
[m[0;31m│[0;32m│[0;33m│   [0m[0;34m  16 : 35 03 03          GetKeyedProperty a0, FBV[3]
[m[0;31m│[0;32m│[0;33m│   [0m    [0m41/37: LoadTaggedField(0x8, decompressed) [v35/n25:v-1(R)] → v-1(R), live range: [41-64]
[0;31m│[0;32m│[0;33m│   [0m           ↱ eager @74 (4 live vars)
[0;31m│[0;32m│[0;33m│   [0m           │       @4 (5 live vars)
[0;31m│[0;32m│[0;33m│   [0m    [0m42/38: CheckInt32Condition[UnsignedLessThan, OutOfBounds] [v15/n33:v-1(R), v39/n34:v-1(R)]
[0;31m│[0;32m│[0;33m│   [0m    [0m43/39: LoadTaggedField(0x8, decompressed) [v41/n37:v-1(R)] → v-1(R), live range: [43-45]
[0;31m│[0;32m│[0;33m│   [0m           ↱ eager @74 (4 live vars)
[0;31m│[0;32m│[0;33m│   [0m           │       @4 (5 live vars)
[0;31m│[0;32m│[0;33m│   [0m    [0m44/40: CheckNotHole [v43/n39:v-1(R)]
[0;31m│[0;32m│[0;33m│   [0m[0;34m  19 : 42 f9 02          Add r0, FBV[2]
[m[0;31m│[0;32m│[0;33m│   [0m    [0m45/41: UnsafeSmiUntag [v43/n39:v-1(R)] → v-1(0), live range: [45-46]
[0;31m│[0;32m│[0;33m│   [0m           ↱ eager @74 (4 live vars)
[0;31m│[0;32m│[0;33m│   [0m           │       @4 (5 live vars)
[0;31m│[0;32m│[0;33m│   [0m    [0m46/42: Int32AddWithOverflow [v45/n41:v-1(R), v15/n33:v-1(*)] → v-1(0), live range: [46-48]
[0;31m│[0;32m│[0;33m│   [0m[1;34m0x09b80101e149 <SharedFunctionInfo sum> (0x09b80104a7b1 <String[18]: "workloads/mixed.js">:6:2)
[m[0;31m│[0;32m│[0;33m│   [0m[0;34m  31 : 97 1b 00 06       JumpLoop [27], [0], FBV[6]
[m[0;31m│[0;32m│[0;33m│   [0m    [0m47/44: HandleNoHeapWritesInterrupt
[0;31m│[0;32m│[0;33m│   [0m           │      @74 (4 live vars)
[0;31m│[0;32m│[0;33m│   [0m           ↳ lazy @31 (5 live vars)
[0;31m│[0;32m│[0;33m│   [0m    [0m48/47: Int32ToNumber[kCanonicalizeSmi] [v46/n42:v-1(R)] → v-1(R), live range: [48-49]
[0;31m│[0;32m│[0;33m│   [0m    [0m49/46: Jump b5
[0;31m│[0;32m│[0;33m│   [0m        │  with gap moves:
[0;31m│[0;32m│[0;33m│   [0m        │    - v48/n47:v-1(*) → 49: φᵀ r0 v-1(*)
[0;31m│[0;32m│[0;33m│   [0m        │    - v10/n48:v-1(*) → 50: φᵀ r1 v-1(*)
[0;31m│[0;32m│[0;33m│   [0m        ▼
[0;31m│[0;32m│[0;33m│[0;34m╭──►[0mBlock b5 peeled (effects:)
[0;31m│[0;32m│[0;33m│[0;34m│  [0m    [0m50/49: φᵀ r0 (n47, n63) → v-1(*), live range: [50-65]
[0;31m│[0;32m│[0;33m│[0;34m│  [0m    [0m51/50: φᵀ r1 (n48, n64) → v-1(*), live range: [51-60]
[0;31m│[0;32m│[0;33m│[0;34m│  [0m[0;34m   8 : 79 f8 01 00       TestLessThan r1, EmbeddedFeedback[0x1]
[m[0;31m│[0;32m│[0;33m│[0;34m│  [0m           ↱ eager @74 (4 live vars)
[0;31m│[0;32m│[0;33m│[0;34m│  [0m           │       @8 (6 live vars)
[0;31m│[0;32m│[0;33m│[0;34m│  [0m    [0m52/51: CheckedSmiUntag [v51/n50:v-1(R)] → v-1(0), live range: [52-60]
[0;31m│[0;32m│[0;33m│[0;34m│  [0m[0;34m  12 : a8 17             JumpIfFalse [23]
[m[0;31m│[0;32m│[0;33m│[0;34m│[0;35m╭─────[0m53/53: BranchIfInt32Compare(LessThan) [v52/n51:v-1(R), v39/n34:v-1(R)] b6 b7
[0;31m│[0;32m│[0;33m│[0;34m│[0;35m│ [0m        ↓
[0;31m│[0;32m│[0;33m│[0;34m│[0;35m│  [0mBlock b6
[0;31m│[0;32m│[0;33m│[0;34m│[0;35m│ [0m[0;34m  16 : 35 03 03          GetKeyedProperty a0, FBV[3]
[m[0;31m│[0;32m│[0;33m│[0;34m│[0;35m│ [0m           ↱ eager @74 (4 live vars)
[0;31m│[0;32m│[0;33m│[0;34m│[0;35m│ [0m           │       @8 (6 live vars)
[0;31m│[0;32m│[0;33m│[0;34m│[0;35m│ [0m    [0m54/54: CheckInt32Condition[UnsignedLessThan, OutOfBounds] [v52/n51:v-1(R), v39/n34:v-1(R)]
[0;31m│[0;32m│[0;33m│[0;34m│[0;35m│ [0m    [0m55/55: LoadFixedArrayElement(decompressed), Unknown [v41/n37:v-1(R), v52/n51:v-1(R)] → v-1(R), live range: [55-58]
[0;31m│[0;32m│[0;33m│[0;34m│[0;35m│ [0m           ↱ eager @74 (4 live vars)
[0;31m│[0;32m│[0;33m│[0;34m│[0;35m│ [0m           │       @8 (6 live vars)
[0;31m│[0;32m│[0;33m│[0;34m│[0;35m│ [0m    [0m56/56: CheckNotHole [v55/n55:v-1(R)]
[0;31m│[0;32m│[0;33m│[0;34m│[0;35m│ [0m[0;34m  19 : 42 f9 02          Add r0, FBV[2]
[m[0;31m│[0;32m│[0;33m│[0;34m│[0;35m│ [0m           ↱ eager @74 (4 live vars)
[0;31m│[0;32m│[0;33m│[0;34m│[0;35m│ [0m           │       @8 (6 live vars)
[0;31m│[0;32m│[0;33m│[0;34m│[0;35m│ [0m    [0m57/57: CheckedSmiUntag [v50/n49:v-1(R)] → v-1(0), live range: [57-59]
[0;31m│[0;32m│[0;33m│[0;34m│[0;35m│ [0m    [0m58/58: UnsafeSmiUntag [v55/n55:v-1(R)] → v-1(0), live range: [58-59]
[0;31m│[0;32m│[0;33m│[0;34m│[0;35m│ [0m           ↱ eager @74 (4 live vars)
[0;31m│[0;32m│[0;33m│[0;34m│[0;35m│ [0m           │       @8 (6 live vars)
[0;31m│[0;32m│[0;33m│[0;34m│[0;35m│ [0m    [0m59/59: Int32AddWithOverflow [v57/n57:v-1(R), v58/n58:v-1(R)] → v-1(0), live range: [59-62]
[0;31m│[0;32m│[0;33m│[0;34m│[0;35m│ [0m[0;34m  28 : 5b 05             Inc FBV[5]
[m[0;31m│[0;32m│[0;33m│[0;34m│[0;35m│ [0m           ↱ eager @74 (4 live vars)
[0;31m│[0;32m│[0;33m│[0;34m│[0;35m│ [0m           │       @8 (6 live vars)
[0;31m│[0;32m│[0;33m│[0;34m│[0;35m│ [0m    [0m60/60: Int32IncrementWithOverflow [v52/n51:v-1(R)] → v-1(0), live range: [60-63]
[0;31m│[0;32m│[0;33m│[0;34m│[0;35m│ [0m[0;34m  31 : 97 1b 00 06       JumpLoop [27], [0], FBV[6]
[m[0;31m│[0;32m│[0;33m│[0;34m│[0;35m│ [0m    [0m61/61: HandleNoHeapWritesInterrupt
[0;31m│[0;32m│[0;33m│[0;34m│[0;35m│ [0m           │      @74 (4 live vars)
[0;31m│[0;32m│[0;33m│[0;34m│[0;35m│ [0m           ↳ lazy @31 (5 live vars)
[0;31m│[0;32m│[0;33m│[0;34m│[0;35m│ [0m    [0m62/63: Int32ToNumber[kCanonicalizeSmi] [v59/n59:v-1(R)] → v-1(R), live range: [62-64]
[0;31m│[0;32m│[0;33m│[0;34m│[0;35m│ [0m    [0m63/64: Int32ToNumber[kCanonicalizeSmi] [v60/n60:v-1(R)] → v-1(R), live range: [63-64]
[0;31m│[0;32m│[0;33m│[0;34m│[0;35m│ [0m           ↱ eager @74 (4 live vars)
[0;31m│[0;32m│[0;33m│[0;34m│[0;35m│ [0m           │       @8 (6 live vars)
[0;31m│[0;32m│[0;33m│[0;34m╰──◄───[0m64/62: JumpLoop b5
[0;31m│[0;32m│[0;33m│ [0;35m│ [0m           with gap moves:
[0;31m│[0;32m│[0;33m│ [0;35m│ [0m             - v62/n63:v-1(*) → 49: φᵀ r0 v-1(*)
[0;31m│[0;32m│[0;33m│ [0;35m│ [0m             - v63/n64:v-1(*) → 50: φᵀ r1 v-1(*)
[0;31m│[0;32m│[0;33m│ [0;35m│ [0m
[0;31m│[0;32m│[0;33m│ [0;35m╰─►[0mBlock b7
[0;31m│[0;32m│[0;33m│   [0m[1;34m0x09b80101e149 <SharedFunctionInfo sum> (0x09b80104a7b1 <String[18]: "workloads/mixed.js">:7:2)
[m[0;31m│[0;32m│[0;33m│   [0m[0;34m  35 : 0b f9             Ldar r0
[m[0;31m│[0;32m│[0;33m│[0;34m╭──────[0m65/65: Jump b9
[0;31m│[0;32m│[0;33m│[0;34m│  [0m           with gap moves:
[0;31m│[0;32m│[0;33m│[0;34m│  [0m             - v50/n49:v-1(*) → 67: φᵀ r0 v-1(*)
[0;31m│[0;32m│[0;33m│[0;34m│  [0m
[0;31m│[0;32m│[0;33m╰───►[0mBlock b8
[0;31m│[0;32m│ [0;34m│  [0m    [0m66/66: Jump b9
[0;31m│[0;32m│ [0;34m│  [0m        │  with gap moves:
[0;31m│[0;32m│ [0;34m│  [0m        │    - v9/n30:v-1(*) → 67: φᵀ r0 v-1(*)
[0;31m│[0;32m│ [0;34m│  [0m        ▼
[0;31m│[0;32m│ [0;34m╰──►[0mBlock b9
[0;31m│[0;32m│    [0m    [0m67/67: φᵀ r0 (n30, n49) → v-1(*), live range: [67-70]
[0;31m│[0;32m│    [0m[1;34m0x09b80101e0c9 <SharedFunctionInfo> (0x09b80104a7b1 <String[18]: "workloads/mixed.js">:26:9)
[m[0;31m│[0;32m│    [0m[0;34m  78 : 42 f5 07          Add r4, FBV[7]
[m[0;31m│[0;32m│    [0m           ↱ eager @78 (5 live vars)
[0;31m│[0;32m│    [0m    [0m68/68: CheckedSmiUntag [v34/n23:v-1(R)] → v-1(0), live range: [68-70]
[0;31m│[0;32m│    [0m           ↱ eager @78 (5 live vars)
[0;31m│[0;32m│    [0m    [0m69/69: CheckedSmiUntag [v67/n67:v-1(R)] → v-1(0), live range: [69-70]
[0;31m│[0;32m│    [0m           ↱ eager @78 (5 live vars)
[0;31m│[0;32m│    [0m    [0m70/70: Int32AddWithOverflow [v68/n68:v-1(R), v69/n69:v-1(R)] → v-1(0), live range: [70-150]
[0;31m│[0;32m│    [0m[1;34m0x09b80101e0c9 <SharedFunctionInfo> (0x09b80104a7b1 <String[18]: "workloads/mixed.js">:26:6)
[m[0;31m│[0;32m│    [0m[0;34m  81 : 29 03             StaCurrentContextSlot [3]
[m[0;31m│[0;32m│    [0m    [0m71/71: Int32ToNumber[kCanonicalizeSmi] [v70/n70:v-1(R)] → v-1(R), live range: [71-72]
[0;31m│[0;32m│    [0m    [0m72/72: StoreContextSlotWithWriteBarrier(3, mutable) [v26/n2:v-1(=rdi), v71/n71:v-1(R)]
[0;31m│[0;32m│    [0m           ↳ lazy @81 (3 live vars)
[0;31m│[0;32m│    [0m[1;34m0x09b80101e179 <SharedFunctionInfo scale> (0x09b80104a7b1 <String[18]: "workloads/mixed.js">:10:14)
[m[0;31m│[0;32m│    [0m[0;34m   0 : 23 00 00          LdaGlobal [0:"Array"], FBV[0]
[m[0;31m│[0;32m│    [0m    [0m73/75: Jump b10
[0;31m│[0;32m│    [0m        ↓
[0;31m│[0;32m│     [0mBlock b10
[0;31m│[0;32m│    [0m[1;34m0x09b80101e179 <SharedFunctionInfo scale> (0x09b80104a7b1 <String[18]: "workloads/mixed.js">:11:14)
[m[0;31m│[0;32m│    [0m[0;34m  11 : 74 f7 f6 01 04    Construct r2, r3-r3, FBV[4]
[m[0;31m│[0;32m│[0;33m╭───────[0m74/77: BranchIfInt32Compare(GreaterThanOrEqual) [v39/n34:v-1(R), v15/n33:v-1(R)] b11 b12
[0;31m│[0;32m│[0;33m│   [0m        ↓
[0;31m│[0;32m│[0;33m│    [0mBlock b11
[0;31m│[0;32m│[0;33m│   [0m           ↱ eager @100 (5 live vars)
[0;31m│[0;32m│[0;33m│   [0m           │       @11 (7 live vars)
[0;31m│[0;32m│[0;33m│   [0m    [0m75/78: AllocateElementsArray(HOLEY_SMI_ELEMENTS, Young) [v39/n34:v-1(R)] → v-1(R), live range: [75-80]
[0;31m│[0;32m│[0;33m│   [0m    [0m76/81: AllocationBlock(Young) → v-1(R), live range: [76-77]
[0;31m│[0;32m│[0;33m│   [0m    [0m77/82: InlinedAllocation(object 0x09b80100d091 <Map[16](HOLEY_SMI_ELEMENTS)>) [v76/n81:v-1(R)] → v-1(0), live range: [77-145]
[0;31m│[0;32m│[0;33m│   [0m    [0m78/83: StoreMap(0x09b80100d091 <Map[16](HOLEY_SMI_ELEMENTS)>, InlinedAllocation) [v77/n82:v-1(=rdi)]
[0;31m│[0;32m│[0;33m│   [0m    [0m79/84: StoreTaggedFieldNoWriteBarrier(0x4, mutable) [v77/n82:v-1(R), v8/n80:v-1(R)]
[0;31m│[0;32m│[0;33m│   [0m    [0m80/85: StoreTaggedFieldWithWriteBarrier(0x8, mutable, maybe_smi:1) [v77/n82:v-1(=rdi), v75/n78:v-1(R)]
[0;31m│[0;32m│[0;33m│   [0m    [0m81/86: StoreTaggedFieldNoWriteBarrier(0xc, mutable) [v77/n82:v-1(R), v38/n32:v-1(R)]
[0;31m│[0;32m│[0;33m│[0;34m╭──────[0m82/87: Jump b13
[0;31m│[0;32m│[0;33m│[0;34m│  [0m
[0;31m│[0;32m│[0;33m╰───►[0mBlock b12
[0;31m│[0;32m│ [0;34m│  [0m    [0m83/89: Throw(ThrowRangeError, has_input=1) [v13/n88:v-1(*)]
[0;31m│[0;32m│ [0;34m│  [0m           │      @100 (5 live vars)
[0;31m│[0;32m│ [0;34m│  [0m           ↳ lazy @11 (4 live vars)
[0;31m│[0;32m│ [0;34m│  [0m
[0;31m│[0;32m│ [0;34m╰──►[0mBlock b13
[0;31m│[0;32m│    [0m[1;34m0x09b80101e179 <SharedFunctionInfo scale> (0x09b80104a7b1 <String[18]: "workloads/mixed.js">:12:20)
[m[0;31m│[0;32m│    [0m[0;34m  27 : a8 1a             JumpIfFalse [26]
[m[0;31m│[0;32m│[0;33m╭───────[0m84/90: BranchIfInt32Compare(LessThan) [v15/n33:v-1(R), v39/n34:v-1(R)] b14 b18
[0;31m│[0;32m│[0;33m│   [0m        ↓
[0;31m│[0;32m│[0;33m│    [0mBlock b14
[0;31m│[0;32m│[0;33m│   [0m[1;34m0x09b80101e179 <SharedFunctionInfo scale> (0x09b80104a7b1 <String[18]: "workloads/mixed.js">:12:51)
[m[0;31m│[0;32m│[0;33m│   [0m[0;34m  31 : 35 03 07          GetKeyedProperty a0, FBV[7]
[m[0;31m│[0;32m│[0;33m│   [0m           ↱ eager @100 (5 live vars)
[0;31m│[0;32m│[0;33m│   [0m           │       @31 (7 live vars)
[0;31m│[0;32m│[0;33m│   [0m    [0m85/91: CheckMaps(0x09b80100d091 <Map[16](HOLEY_SMI_ELEMENTS)>, no heapobj check) [v35/n25:v-1(R)]
[0;31m│[0;32m│[0;33m│   [0m    [0m86/92: LoadTaggedField(0x8, decompressed) [v35/n25:v-1(R)] → v-1(R), live range: [86-115]
[0;31m│[0;32m│[0;33m│   [0m           ↱ eager @100 (5 live vars)
[0;31m│[0;32m│[0;33m│   [0m           │       @31 (7 live vars)
[0;31m│[0;32m│[0;33m│   [0m    [0m87/93: CheckInt32Condition[UnsignedLessThan, OutOfBounds] [v15/n33:v-1(R), v39/n34:v-1(R)]
[0;31m│[0;32m│[0;33m│   [0m    [0m88/94: LoadTaggedField(0x8, decompressed) [v86/n92:v-1(R)] → v-1(R), live range: [88-90]
[0;31m│[0;32m│[0;33m│   [0m           ↱ eager @100 (5 live vars)
[0;31m│[0;32m│[0;33m│   [0m           │       @31 (7 live vars)
[0;31m│[0;32m│[0;33m│   [0m    [0m89/95: CheckNotHole [v88/n94:v-1(R)]
[0;31m│[0;32m│[0;33m│   [0m[1;34m0x09b80101e179 <SharedFunctionInfo scale> (0x09b80104a7b1 <String[18]: "workloads/mixed.js">:12:55)
[m[0;31m│[0;32m│[0;33m│   [0m[0;34m  37 : 44 f5 06          Mul r4, FBV[6]
[m[0;31m│[0;32m│[0;33m│   [0m    [0m90/96: UnsafeSmiUntag [v88/n94:v-1(R)] → v-1(0), live range: [90-91]
[0;31m│[0;32m│[0;33m│   [0m           ↱ eager @100 (5 live vars)
[0;31m│[0;32m│[0;33m│   [0m           │       @31 (7 live vars)
[0;31m│[0;32m│[0;33m│   [0m    [0m91/98: Int32MultiplyWithOverflow [v90/n96:v-1(R), v17/n97:v-1(R)] → v-1(0), live range: [91-93]
[0;31m│[0;32m│[0;33m│   [0m[1;34m0x09b80101e179 <SharedFunctionInfo scale> (0x09b80104a7b1 <String[18]: "workloads/mixed.js">:12:46)
[m[0;31m│[0;32m│[0;33m│   [0m[0;34m  40 : 3c f9 f8 09       SetKeyedProperty r0, r1, FBV[9]
[m[0;31m│[0;32m│[0;33m│   [0m    [0m92/99: LoadTaggedField(0x8, decompressed) [v77/n82:v-1(R)] → v-1(R), live range: [92-115]
[0;31m│[0;32m│[0;33m│   [0m           ↱ eager @100 (5 live vars)
[0;31m│[0;32m│[0;33m│   [0m           │       @31 (7 live vars)
[0;31m│[0;32m│[0;33m│   [0m   [0m93/100: CheckedSmiTagInt32 [v91/n98:v-1(R)] → v-1(0), live range: [93-98]
[0;31m│[0;32m│[0;33m│   [0m   [0m94/101: LoadTaggedField(0xc: 0x09b800000e19 <String[6]: #length>, compressed, Smi) [v77/n82:v-1(R)] → v-1(R), live range: [94-95]
[0;31m│[0;32m│[0;33m│   [0m   [0m95/102: UnsafeSmiUntag [v94/n101:v-1(R)] → v-1(0), live range: [95-115]
[0;31m│[0;32m│[0;33m│   [0m           ↱ eager @100 (5 live vars)
[0;31m│[0;32m│[0;33m│   [0m           │       @31 (7 live vars)
[0;31m│[0;32m│[0;33m│   [0m   [0m96/103: CheckInt32Condition[UnsignedLessThan, OutOfBounds] [v15/n33:v-1(R), v95/n102:v-1(R)]
[0;31m│[0;32m│[0;33m│   [0m           ↱ eager @100 (5 live vars)
[0;31m│[0;32m│[0;33m│   [0m           │       @31 (7 live vars)
[0;31m│[0;32m│[0;33m│   [0m   [0m97/104: CheckMaps(0x09b8000005dd <Map(FIXED_ARRAY_TYPE)>, check heapobj) [v92/n99:v-1(R)]
[0;31m│[0;32m│[0;33m│   [0m   [0m98/105: StoreFixedArrayElementNoWriteBarrier [v92/n99:v-1(R), v15/n33:v-1(R), v93/n100:v-1(R)]
[0;31m│[0;32m│[0;33m│   [0m[1;34m0x09b80101e179 <SharedFunctionInfo scale> (0x09b80104a7b1 <String[18]: "workloads/mixed.js">:12:2)
[m[0;31m│[0;32m│[0;33m│   [0m[0;34m  49 : 97 1e 00 0c       JumpLoop [30], [0], FBV[12]
[m[0;31m│[0;32m│[0;33m│   [0m   [0m99/106: HandleNoHeapWritesInterrupt
[0;31m│[0;32m│[0;33m│   [0m           │      @100 (5 live vars)
[0;31m│[0;32m│[0;33m│   [0m           ↳ lazy @49 (6 live vars)
[0;31m│[0;32m│[0;33m│   [0m  [0m100/107: Jump b15
[0;31m│[0;32m│[0;33m│   [0m        │  with gap moves:
[0;31m│[0;32m│[0;33m│   [0m        │    - v10/n48:v-1(*) → 108: φᵀ r1 v-1(*)
[0;31m│[0;32m│[0;33m│   [0m        ▼
[0;31m│[0;32m│[0;33m│[0;34m╭──►[0mBlock b15 peeled (effects:)
[0;31m│[0;32m│[0;33m│[0;34m│  [0m  [0m101/108: φᵀ r1 (n48, n123) → v-1(*), live range: [101-112]
[0;31m│[0;32m│[0;33m│[0;34m│  [0m[0;34m  23 : 79 f8 01 00       TestLessThan r1, EmbeddedFeedback[0x1]
[m[0;31m│[0;32m│[0;33m│[0;34m│  [0m           ↱ eager @100 (5 live vars)
[0;31m│[0;32m│[0;33m│[0;34m│  [0m           │       @23 (7 live vars)
[0;31m│[0;32m│[0;33m│[0;34m│  [0m  [0m102/109: CheckedSmiUntag [v101/n108:v-1(R)] → v-1(0), live range: [102-112]
[0;31m│[0;32m│[0;33m│[0;34m│  [0m[0;34m  27 : a8 1a             JumpIfFalse [26]
[m[0;31m│[0;32m│[0;33m│[0;34m│[0;35m╭───[0m103/111: BranchIfInt32Compare(LessThan) [v102/n109:v-1(R), v39/n34:v-1(R)] b16 b17
[0;31m│[0;32m│[0;33m│[0;34m│[0;35m│ [0m        ↓
[0;31m│[0;32m│[0;33m│[0;34m│[0;35m│  [0mBlock b16
[0;31m│[0;32m│[0;33m│[0;34m│[0;35m│ [0m[0;34m  31 : 35 03 07          GetKeyedProperty a0, FBV[7]
[m[0;31m│[0;32m│[0;33m│[0;34m│[0;35m│ [0m           ↱ eager @100 (5 live vars)
[0;31m│[0;32m│[0;33m│[0;34m│[0;35m│ [0m           │       @23 (7 live vars)
[0;31m│[0;32m│[0;33m│[0;34m│[0;35m│ [0m  [0m104/112: CheckInt32Condition[UnsignedLessThan, OutOfBounds] [v102/n109:v-1(R), v39/n34:v-1(R)]
[0;31m│[0;32m│[0;33m│[0;34m│[0;35m│ [0m  [0m105/113: LoadFixedArrayElement(decompressed), Unknown [v86/n92:v-1(R), v102/n109:v-1(R)] → v-1(R), live range: [105-107]
[0;31m│[0;32m│[0;33m│[0;34m│[0;35m│ [0m           ↱ eager @100 (5 live vars)
[0;31m│[0;32m│[0;33m│[0;34m│[0;35m│ [0m           │       @23 (7 live vars)
[0;31m│[0;32m│[0;33m│[0;34m│[0;35m│ [0m  [0m106/114: CheckNotHole [v105/n113:v-1(R)]
[0;31m│[0;32m│[0;33m│[0;34m│[0;35m│ [0m[0;34m  37 : 44 f5 06          Mul r4, FBV[6]
[m[0;31m│[0;32m│[0;33m│[0;34m│[0;35m│ [0m  [0m107/115: UnsafeSmiUntag [v105/n113:v-1(R)] → v-1(0), live range: [107-108]
[0;31m│[0;32m│[0;33m│[0;34m│[0;35m│ [0m           ↱ eager @100 (5 live vars)
[0;31m│[0;32m│[0;33m│[0;34m│[0;35m│ [0m           │       @23 (7 live vars)
[0;31m│[0;32m│[0;33m│[0;34m│[0;35m│ [0m  [0m108/116: Int32MultiplyWithOverflow [v107/n115:v-1(R), v17/n97:v-1(R)] → v-1(0), live range: [108-109]
[0;31m│[0;32m│[0;33m│[0;34m│[0;35m│ [0m[0;34m  40 : 3c f9 f8 09       SetKeyedProperty r0, r1, FBV[9]
[m[0;31m│[0;32m│[0;33m│[0;34m│[0;35m│ [0m           ↱ eager @100 (5 live vars)
[0;31m│[0;32m│[0;33m│[0;34m│[0;35m│ [0m           │       @23 (7 live vars)
[0;31m│[0;32m│[0;33m│[0;34m│[0;35m│ [0m  [0m109/117: CheckedSmiTagInt32 [v108/n116:v-1(R)] → v-1(0), live range: [109-111]
[0;31m│[0;32m│[0;33m│[0;34m│[0;35m│ [0m           ↱ eager @100 (5 live vars)
[0;31m│[0;32m│[0;33m│[0;34m│[0;35m│ [0m           │       @23 (7 live vars)
[0;31m│[0;32m│[0;33m│[0;34m│[0;35m│ [0m  [0m110/118: CheckInt32Condition[UnsignedLessThan, OutOfBounds] [v102/n109:v-1(R), v95/n102:v-1(R)]
[0;31m│[0;32m│[0;33m│[0;34m│[0;35m│ [0m  [0m111/119: StoreFixedArrayElementNoWriteBarrier [v92/n99:v-1(R), v102/n109:v-1(R), v109/n117:v-1(R)]
[0;31m│[0;32m│[0;33m│[0;34m│[0;35m│ [0m[0;34m  46 : 5b 0b             Inc FBV[11]
[m[0;31m│[0;32m│[0;33m│[0;34m│[0;35m│ [0m           ↱ eager @100 (5 live vars)
[0;31m│[0;32m│[0;33m│[0;34m│[0;35m│ [0m           │       @46 (6 live vars)
[0;31m│[0;32m│[0;33m│[0;34m│[0;35m│ [0m  [0m112/120: Int32IncrementWithOverflow [v102/n109:v-1(R)] → v-1(0), live range: [112-114]
[0;31m│[0;32m│[0;33m│[0;34m│[0;35m│ [0m[0;34m  49 : 97 1e 00 0c       JumpLoop [30], [0], FBV[12]
[m[0;31m│[0;32m│[0;33m│[0;34m│[0;35m│ [0m  [0m113/121: HandleNoHeapWritesInterrupt
[0;31m│[0;32m│[0;33m│[0;34m│[0;35m│ [0m           │      @100 (5 live vars)
[0;31m│[0;32m│[0;33m│[0;34m│[0;35m│ [0m           ↳ lazy @49 (6 live vars)
[0;31m│[0;32m│[0;33m│[0;34m│[0;35m│ [0m  [0m114/123: Int32ToNumber[kCanonicalizeSmi] [v112/n120:v-1(R)] → v-1(R), live range: [114-115]
[0;31m│[0;32m│[0;33m│[0;34m│[0;35m│ [0m           ↱ eager @100 (5 live vars)
[0;31m│[0;32m│[0;33m│[0;34m│[0;35m│ [0m           │       @46 (6 live vars)
[0;31m│[0;32m│[0;33m│[0;34m╰──◄─[0m115/122: JumpLoop b15
[0;31m│[0;32m│[0;33m│ [0;35m│ [0m           with gap moves:
[0;31m│[0;32m│[0;33m│ [0;35m│ [0m             - v114/n123:v-1(*) → 108: φᵀ r1 v-1(*)
[0;31m│[0;32m│[0;33m│ [0;35m│ [0m
[0;31m│[0;32m│[0;33m│ [0;35m╰─►[0mBlock b17
[0;31m│[0;32m│[0;33m│   [0m[1;34m0x09b80101e179 <SharedFunctionInfo scale> (0x09b80104a7b1 <String[18]: "workloads/mixed.js">:13:2)
[m[0;31m│[0;32m│[0;33m│   [0m[0;34m  53 : 0b f9             Ldar r0
[m[0;31m│[0;32m│[0;33m│[0;34m╭────[0m116/124: Jump b19
[0;31m│[0;32m│[0;33m│[0;34m│  [0m
[0;31m│[0;32m│[0;33m╰───►[0mBlock b18
[0;31m│[0;32m│ [0;34m│  [0m  [0m117/125: Jump b19
[0;31m│[0;32m│ [0;34m│  [0m        ↓
[0;31m│[0;32m│ [0;34m╰──►[0mBlock b19
[0;31m│[0;32m│    [0m[1;34m0x09b80101e149 <SharedFunctionInfo sum> (0x09b80104a7b1 <String[18]: "workloads/mixed.js">:4:12)
[m[0;31m│[0;32m│    [0m[0;34m   0 : 0c                LdaZero
[m[0;31m│[0;32m│    [0m  [0m118/126: Jump b20
[0;31m│[0;32m│    [0m        ↓
[0;31m│[0;32m│     [0mBlock b20
[0;31m│[0;32m│    [0m[1;34m0x09b80101e149 <SharedFunctionInfo sum> (0x09b80104a7b1 <String[18]: "workloads/mixed.js">:6:26)
[m[0;31m│[0;32m│    [0m[0;34m   4 : 33 03 00 00       GetNamedProperty a0, [0:"length"], FBV[0]
[m[0;31m│[0;32m│    [0m  [0m119/127: LoadTaggedField(0xc: 0x09b800000e19 <String[6]: #length>, compressed, Smi) [v77/n82:v-1(R)] → v-1(R), live range: [119-145]
[0;31m│[0;32m│    [0m[1;34m0x09b80101e149 <SharedFunctionInfo sum> (0x09b80104a7b1 <String[18]: "workloads/mixed.js">:6:20)
[m[0;31m│[0;32m│    [0m[0;34m   8 : 79 f8 01 00       TestLessThan r1, EmbeddedFeedback[0x1]
[m[0;31m│[0;32m│    [0m  [0m120/128: UnsafeSmiUntag [v119/n127:v-1(R)] → v-1(0), live range: [120-145]
[0;31m│[0;32m│    [0m[0;34m  12 : a8 17             JumpIfFalse [23]
[m[0;31m│[0;32m│[0;33m╭─────[0m121/130: BranchIfInt32Compare(LessThan) [v15/n33:v-1(R), v120/n128:v-1(R)] b21 b25
[0;31m│[0;32m│[0;33m│   [0m        ↓
[0;31m│[0;32m│[0;33m│    [0mBlock b21
[0;31m│[0;32m│[0;33m│   [0m[1;34m0x09b80101e149 <SharedFunctionInfo sum> (0x09b80104a7b1 <String[18]: "workloads/mixed.js">:6:47)
[m[0;31m│[0;32m│[0;33m│   [0m[0;34m  16 : 35 03 03          GetKeyedProperty a0, FBV[3]
[m[0;31m│[0;32m│[0;33m│   [0m  [0m122/131: LoadTaggedField(0x8, decompressed) [v77/n82:v-1(R)] → v-1(R), live range: [122-145]
[0;31m│[0;32m│[0;33m│   [0m           ↱ eager @106 (4 live vars)
[0;31m│[0;32m│[0;33m│   [0m           │       @16 (6 live vars)
[0;31m│[0;32m│[0;33m│   [0m  [0m123/132: CheckInt32Condition[UnsignedLessThan, OutOfBounds] [v15/n33:v-1(R), v120/n128:v-1(R)]
[0;31m│[0;32m│[0;33m│   [0m  [0m124/133: LoadTaggedField(0x8, decompressed) [v122/n131:v-1(R)] → v-1(R), live range: [124-126]
[0;31m│[0;32m│[0;33m│   [0m           ↱ eager @106 (4 live vars)
[0;31m│[0;32m│[0;33m│   [0m           │       @16 (6 live vars)
[0;31m│[0;32m│[0;33m│   [0m  [0m125/134: CheckNotHole [v124/n133:v-1(R)]
[0;31m│[0;32m│[0;33m│   [0m[0;34m  19 : 42 f9 02          Add r0, FBV[2]
[m[0;31m│[0;32m│[0;33m│   [0m  [0m126/135: UnsafeSmiUntag [v124/n133:v-1(R)] → v-1(0), live range: [126-127]
[0;31m│[0;32m│[0;33m│   [0m           ↱ eager @106 (4 live vars)
[0;31m│[0;32m│[0;33m│   [0m           │       @16 (6 live vars)
[0;31m│[0;32m│[0;33m│   [0m  [0m127/136: Int32AddWithOverflow [v126/n135:v-1(R), v15/n33:v-1(*)] → v-1(0), live range: [127-129]
[0;31m│[0;32m│[0;33m│   [0m[1;34m0x09b80101e149 <SharedFunctionInfo sum> (0x09b80104a7b1 <String[18]: "workloads/mixed.js">:6:2)
[m[0;31m│[0;32m│[0;33m│   [0m[0;34m  31 : 97 1b 00 06       JumpLoop [27], [0], FBV[6]
[m[0;31m│[0;32m│[0;33m│   [0m  [0m128/137: HandleNoHeapWritesInterrupt
[0;31m│[0;32m│[0;33m│   [0m           │      @106 (4 live vars)
[0;31m│[0;32m│[0;33m│   [0m           ↳ lazy @31 (5 live vars)
[0;31m│[0;32m│[0;33m│   [0m  [0m129/139: Int32ToNumber[kCanonicalizeSmi] [v127/n136:v-1(R)] → v-1(R), live range: [129-130]
[0;31m│[0;32m│[0;33m│   [0m  [0m130/138: Jump b22
[0;31m│[0;32m│[0;33m│   [0m        │  with gap moves:
[0;31m│[0;32m│[0;33m│   [0m        │    - v129/n139:v-1(*) → 140: φᵀ r0 v-1(*)
[0;31m│[0;32m│[0;33m│   [0m        │    - v10/n48:v-1(*) → 141: φᵀ r1 v-1(*)
[0;31m│[0;32m│[0;33m│   [0m        ▼
[0;31m│[0;32m│[0;33m│[0;34m╭──►[0mBlock b22 peeled (effects:)
[0;31m│[0;32m│[0;33m│[0;34m│  [0m  [0m131/140: φᵀ r0 (n139, n154) → v-1(*), live range: [131-146]
[0;31m│[0;32m│[0;33m│[0;34m│  [0m  [0m132/141: φᵀ r1 (n48, n155) → v-1(*), live range: [132-141]
[0;31m│[0;32m│[0;33m│[0;34m│  [0m[0;34m   8 : 79 f8 01 00       TestLessThan r1, EmbeddedFeedback[0x1]
[m[0;31m│[0;32m│[0;33m│[0;34m│  [0m           ↱ eager @106 (4 live vars)
[0;31m│[0;32m│[0;33m│[0;34m│  [0m           │       @8 (6 live vars)
[0;31m│[0;32m│[0;33m│[0;34m│  [0m  [0m133/142: CheckedSmiUntag [v132/n141:v-1(R)] → v-1(0), live range: [133-141]
[0;31m│[0;32m│[0;33m│[0;34m│  [0m[0;34m  12 : a8 17             JumpIfFalse [23]
[m[0;31m│[0;32m│[0;33m│[0;34m│[0;35m╭───[0m134/144: BranchIfInt32Compare(LessThan) [v133/n142:v-1(R), v120/n128:v-1(R)] b23 b24
[0;31m│[0;32m│[0;33m│[0;34m│[0;35m│ [0m        ↓
[0;31m│[0;32m│[0;33m│[0;34m│[0;35m│  [0mBlock b23
[0;31m│[0;32m│[0;33m│[0;34m│[0;35m│ [0m[0;34m  16 : 35 03 03          GetKeyedProperty a0, FBV[3]
[m[0;31m│[0;32m│[0;33m│[0;34m│[0;35m│ [0m           ↱ eager @106 (4 live vars)
[0;31m│[0;32m│[0;33m│[0;34m│[0;35m│ [0m           │       @8 (6 live vars)
[0;31m│[0;32m│[0;33m│[0;34m│[0;35m│ [0m  [0m135/145: CheckInt32Condition[UnsignedLessThan, OutOfBounds] [v133/n142:v-1(R), v120/n128:v-1(R)]
[0;31m│[0;32m│[0;33m│[0;34m│[0;35m│ [0m  [0m136/146: LoadFixedArrayElement(decompressed), Unknown [v122/n131:v-1(R), v133/n142:v-1(R)] → v-1(R), live range: [136-139]
[0;31m│[0;32m│[0;33m│[0;34m│[0;35m│ [0m           ↱ eager @106 (4 live vars)
[0;31m│[0;32m│[0;33m│[0;34m│[0;35m│ [0m           │       @8 (6 live vars)
[0;31m│[0;32m│[0;33m│[0;34m│[0;35m│ [0m  [0m137/147: CheckNotHole [v136/n146:v-1(R)]
[0;31m│[0;32m│[0;33m│[0;34m│[0;35m│ [0m[0;34m  19 : 42 f9 02          Add r0, FBV[2]
[m[0;31m│[0;32m│[0;33m│[0;34m│[0;35m│ [0m           ↱ eager @106 (4 live vars)
[0;31m│[0;32m│[0;33m│[0;34m│[0;35m│ [0m           │       @8 (6 live vars)
[0;31m│[0;32m│[0;33m│[0;34m│[0;35m│ [0m  [0m138/148: CheckedSmiUntag [v131/n140:v-1(R)] → v-1(0), live range: [138-140]
[0;31m│[0;32m│[0;33m│[0;34m│[0;35m│ [0m  [0m139/149: UnsafeSmiUntag [v136/n146:v-1(R)] → v-1(0), live range: [139-140]
[0;31m│[0;32m│[0;33m│[0;34m│[0;35m│ [0m           ↱ eager @106 (4 live vars)
[0;31m│[0;32m│[0;33m│[0;34m│[0;35m│ [0m           │       @8 (6 live vars)
[0;31m│[0;32m│[0;33m│[0;34m│[0;35m│ [0m  [0m140/150: Int32AddWithOverflow [v138/n148:v-1(R), v139/n149:v-1(R)] → v-1(0), live range: [140-143]
[0;31m│[0;32m│[0;33m│[0;34m│[0;35m│ [0m[0;34m  28 : 5b 05             Inc FBV[5]
[m[0;31m│[0;32m│[0;33m│[0;34m│[0;35m│ [0m           ↱ eager @106 (4 live vars)
[0;31m│[0;32m│[0;33m│[0;34m│[0;35m│ [0m           │       @8 (6 live vars)
[0;31m│[0;32m│[0;33m│[0;34m│[0;35m│ [0m  [0m141/151: Int32IncrementWithOverflow [v133/n142:v-1(R)] → v-1(0), live range: [141-144]
[0;31m│[0;32m│[0;33m│[0;34m│[0;35m│ [0m[0;34m  31 : 97 1b 00 06       JumpLoop [27], [0], FBV[6]
[m[0;31m│[0;32m│[0;33m│[0;34m│[0;35m│ [0m  [0m142/152: HandleNoHeapWritesInterrupt
[0;31m│[0;32m│[0;33m│[0;34m│[0;35m│ [0m           │      @106 (4 live vars)
[0;31m│[0;32m│[0;33m│[0;34m│[0;35m│ [0m           ↳ lazy @31 (5 live vars)
[0;31m│[0;32m│[0;33m│[0;34m│[0;35m│ [0m  [0m143/154: Int32ToNumber[kCanonicalizeSmi] [v140/n150:v-1(R)] → v-1(R), live range: [143-145]
[0;31m│[0;32m│[0;33m│[0;34m│[0;35m│ [0m  [0m144/155: Int32ToNumber[kCanonicalizeSmi] [v141/n151:v-1(R)] → v-1(R), live range: [144-145]
[0;31m│[0;32m│[0;33m│[0;34m│[0;35m│ [0m           ↱ eager @106 (4 live vars)
[0;31m│[0;32m│[0;33m│[0;34m│[0;35m│ [0m           │       @8 (6 live vars)
[0;31m│[0;32m│[0;33m│[0;34m╰──◄─[0m145/153: JumpLoop b22
[0;31m│[0;32m│[0;33m│ [0;35m│ [0m           with gap moves:
[0;31m│[0;32m│[0;33m│ [0;35m│ [0m             - v143/n154:v-1(*) → 140: φᵀ r0 v-1(*)
[0;31m│[0;32m│[0;33m│ [0;35m│ [0m             - v144/n155:v-1(*) → 141: φᵀ r1 v-1(*)
[0;31m│[0;32m│[0;33m│ [0;35m│ [0m
[0;31m│[0;32m│[0;33m│ [0;35m╰─►[0mBlock b24
[0;31m│[0;32m│[0;33m│   [0m[1;34m0x09b80101e149 <SharedFunctionInfo sum> (0x09b80104a7b1 <String[18]: "workloads/mixed.js">:7:2)
[m[0;31m│[0;32m│[0;33m│   [0m[0;34m  35 : 0b f9             Ldar r0
[m[0;31m│[0;32m│[0;33m│[0;34m╭────[0m146/156: Jump b26
[0;31m│[0;32m│[0;33m│[0;34m│  [0m           with gap moves:
[0;31m│[0;32m│[0;33m│[0;34m│  [0m             - v131/n140:v-1(*) → 158: φᵀ r0 v-1(*)
[0;31m│[0;32m│[0;33m│[0;34m│  [0m
[0;31m│[0;32m│[0;33m╰───►[0mBlock b25
[0;31m│[0;32m│ [0;34m│  [0m  [0m147/157: Jump b26
[0;31m│[0;32m│ [0;34m│  [0m        │  with gap moves:
[0;31m│[0;32m│ [0;34m│  [0m        │    - v9/n30:v-1(*) → 158: φᵀ r0 v-1(*)
[0;31m│[0;32m│ [0;34m│  [0m        ▼
[0;31m│[0;32m│ [0;34m╰──►[0mBlock b26
[0;31m│[0;32m│    [0m  [0m148/158: φᵀ r0 (n30, n140) → v-1(*), live range: [148-150]
[0;31m│[0;32m│    [0m[1;34m0x09b80101e0c9 <SharedFunctionInfo> (0x09b80104a7b1 <String[18]: "workloads/mixed.js">:27:9)
[m[0;31m│[0;32m│    [0m[0;34m 110 : 42 f5 0c          Add r4, FBV[12]
[m[0;31m│[0;32m│    [0m           ↱ eager @110 (5 live vars)
[0;31m│[0;32m│    [0m  [0m149/159: CheckedSmiUntag [v148/n158:v-1(R)] → v-1(0), live range: [149-150]
[0;31m│[0;32m│    [0m           ↱ eager @110 (5 live vars)
[0;31m│[0;32m│    [0m  [0m150/160: Int32AddWithOverflow [v70/n70:v-1(R), v149/n159:v-1(R)] → v-1(0), live range: [150-163]
[0;31m│[0;32m│    [0m[1;34m0x09b80101e0c9 <SharedFunctionInfo> (0x09b80104a7b1 <String[18]: "workloads/mixed.js">:27:6)
[m[0;31m│[0;32m│    [0m[0;34m 113 : 29 03             StaCurrentContextSlot [3]
[m[0;31m│[0;32m│    [0m  [0m151/161: Int32ToNumber[kCanonicalizeSmi] [v150/n160:v-1(R)] → v-1(R), live range: [151-152]
[0;31m│[0;32m│    [0m  [0m152/162: StoreContextSlotWithWriteBarrier(3, mutable) [v26/n2:v-1(=rdi), v151/n161:v-1(R)]
[0;31m│[0;32m│    [0m           ↳ lazy @113 (3 live vars)
[0;31m│[0;32m│    [0m[1;34m0x09b80101e0c9 <SharedFunctionInfo> (0x09b80104a7b1 <String[18]: "workloads/mixed.js">:29:26)
[m[0;31m│[0;32m│    [0m[0;34m 136 : 53 07 16          ModSmi [7], FBV[22]
[m[0;31m│[0;32m│    [0m           ↱ eager @136 (7 live vars)
[0;31m│[0;32m│    [0m  [0m153/167: Int32ModulusWithOverflow [v32/n17:v-1(R), v19/n166:v-1(R)] → v-1(=rdx), live range: [153-191]
[0;31m│[0;32m│    [0m[1;34m0x09b80101e0c9 <SharedFunctionInfo> (0x09b80104a7b1 <String[18]: "workloads/mixed.js">:29:30)
[m[0;31m│[0;32m│    [0m[0;34m 146 : a8 09             JumpIfFalse [9]
[m[0;31m│[0;32m│[0;33m╭─────[0m154/171: BranchIfInt32Compare(StrictEqual) [v153/n167:v-1(R), v18/n169:v-1(R)] b27 b28
[0;31m│[0;32m│[0;33m│   [0m        ↓
[0;31m│[0;32m│[0;33m│    [0mBlock b27
[0;31m│[0;32m│[0;33m│   [0m  [0m155/177: Float64ToTagged[kCanonicalizeSmi] [v22/n174:v-1(R)] → v-1(R), live range: [155-156]
[0;31m│[0;32m│[0;33m│   [0m[1;34m0x09b80101e0c9 <SharedFunctionInfo> (0x09b80104a7b1 <String[18]: "workloads/mixed.js">:29:40)
[m[0;31m│[0;32m│[0;33m│   [0m[0;34m 153 : 98 04             Jump [4]
[m[0;31m│[0;32m│[0;33m│[0;34m╭────[0m156/175: Jump b29
[0;31m│[0;32m│[0;33m│[0;34m│  [0m           with gap moves:
[0;31m│[0;32m│[0;33m│[0;34m│  [0m             - v155/n177:v-1(*) → 178: φᵀ <accumulator> v-1(*)
[0;31m│[0;32m│[0;33m│[0;34m│  [0m
[0;31m│[0;32m│[0;33m╰───►[0mBlock b28
[0;31m│[0;32m│ [0;34m│  [0m[0;34m 157 : ce                Star6
[m[0;31m│[0;32m│ [0;34m│  [0m  [0m157/176: Jump b29
[0;31m│[0;32m│ [0;34m│  [0m        │  with gap moves:
[0;31m│[0;32m│ [0;34m│  [0m        │    - v9/n30:v-1(*) → 178: φᵀ <accumulator> v-1(*)
[0;31m│[0;32m│ [0;34m│  [0m        ▼
[0;31m│[0;32m│ [0;34m╰──►[0mBlock b29
[0;31m│[0;32m│    [0m  [0m158/178: φᵀ <accumulator> (n177, n30) → v-1(*), live range: [158-160]
[0;31m│[0;32m│    [0m[1;34m0x09b80101e1a9 <SharedFunctionInfo flipflop> (0x09b80104a7b1 <String[18]: "workloads/mixed.js">:17:17)
[m[0;31m│[0;32m│    [0m[0;34m   0 : 0b 03             Ldar a0
[m[0;31m│[0;32m│    [0m  [0m159/179: Jump b30
[0;31m│[0;32m│    [0m        ↓
[0;31m│[0;32m│     [0mBlock b30
[0;31m│[0;32m│    [0m[1;34m0x09b80101e1a9 <SharedFunctionInfo flipflop> (0x09b80104a7b1 <String[18]: "workloads/mixed.js">:18:11)
[m[0;31m│[0;32m│    [0m[0;34m   2 : 51 02 01          MulSmi [2], FBV[1]
[m[0;31m│[0;32m│    [0m  [0m160/180: UnsafeNumberToFloat64 [v158/n178:v-1(R)] → v-1(R), live range: [160-161]
[0;31m│[0;32m│    [0m  [0m161/182: Float64Multiply [v160/n180:v-1(R), v24/n181:v-1(R)] → v-1(0), live range: [161-162]
[0;31m│[0;32m│    [0m[1;34m0x09b80101e1a9 <SharedFunctionInfo flipflop> (0x09b80104a7b1 <String[18]: "workloads/mixed.js">:18:15)
[m[0;31m│[0;32m│    [0m[0;34m   5 : 4f 01 00          AddSmi [1], FBV[0]
[m[0;31m│[0;32m│    [0m  [0m162/184: Float64Add [v161/n182:v-1(R), v23/n183:v-1(R)] → v-1(0), live range: [162-164]
[0;31m│[0;32m│    [0m[1;34m0x09b80101e0c9 <SharedFunctionInfo> (0x09b80104a7b1 <String[18]: "workloads/mixed.js">:29:11)
[m[0;31m│[0;32m│    [0m[0;34m 162 : 42 f5 13          Add r4, FBV[19]
[m[0;31m│[0;32m│    [0m  [0m163/185: ChangeInt32ToFloat64 [v150/n160:v-1(R)] → v-1(R), live range: [163-164]
[0;31m│[0;32m│    [0m  [0m164/186: Float64Add [v162/n184:v-1(R), v163/n185:v-1(R)] → v-1(0), live range: [164-165]
[0;31m│[0;32m│    [0m[1;34m0x09b80101e0c9 <SharedFunctionInfo> (0x09b80104a7b1 <String[18]: "workloads/mixed.js">:29:8)
[m[0;31m│[0;32m│    [0m[0;34m 165 : 29 03             StaCurrentContextSlot [3]
[m[0;31m│[0;32m│    [0m  [0m165/187: Float64ToTagged[kCanonicalizeSmi] [v164/n186:v-1(R)] → v-1(R), live range: [165-166]
[0;31m│[0;32m│    [0m  [0m166/188: StoreContextSlotWithWriteBarrier(3, mutable) [v26/n2:v-1(=rdi), v165/n187:v-1(R)]
[0;31m│[0;32m│    [0m           ↳ lazy @165 (4 live vars)
[0;31m│[0;32m│    [0m[1;34m0x09b80101e0c9 <SharedFunctionInfo> (0x09b80104a7b1 <String[18]: "workloads/mixed.js">:28:2)
[m[0;31m│[0;32m│    [0m[0;34m 172 : 97 37 01 1b       JumpLoop [55], [1], FBV[27]
[m[0;31m│[0;32m│    [0m  [0m167/190: ReduceInterruptBudgetForLoop(44) [v1/n189:v-1(R)]
[0;31m│[0;32m│    [0m           ↳ lazy @172 (4 live vars)
[0;31m│[0;32m│    [0m  [0m168/191: Jump b31
[0;31m│[0;32m│    [0m        │  with gap moves:
[0;31m│[0;32m│    [0m        │    - v10/n48:v-1(*) → 192: φᵀ r2 v-1(*)
[0;31m│[0;32m│    [0m        ▼
[0;31m│[0;32m│[0;33m╭───►[0mBlock b31 peeled (effects:)
[0;31m│[0;32m│[0;33m│   [0m  [0m169/192: φᵀ r2 (n48, n215) → v-1(*), live range: [169-188]
[0;31m│[0;32m│[0;33m│   [0m[0;34m 121 : 79 f7 01 00       TestLessThan r2, EmbeddedFeedback[0x1]
[m[0;31m│[0;32m│[0;33m│   [0m           ↱ eager @121 (5 live vars)
[0;31m│[0;32m│[0;33m│   [0m  [0m170/193: CheckedSmiUntag [v169/n192:v-1(R)] → v-1(0), live range: [170-188]
[0;31m│[0;32m│[0;33m│   [0m[0;34m 125 : a8 33             JumpIfFalse [51]
[m[0;31m│[0;32m│[0;33m│[0;34m╭────[0m171/195: BranchIfInt32Compare(LessThan) [v170/n193:v-1(R), v20/n164:v-1(R)] b32 b37
[0;31m│[0;32m│[0;33m│[0;34m│  [0m        ↓
[0;31m│[0;32m│[0;33m│[0;34m│   [0mBlock b32
[0;31m│[0;32m│[0;33m│[0;34m│  [0m[0;34m 127 : 18 03             LdaCurrentContextSlot [3]
[m[0;31m│[0;32m│[0;33m│[0;34m│  [0m  [0m172/196: LoadContextSlot(0x14, mutable) [v26/n2:v-1(R)] → v-1(R), live range: [172-184]
[0;31m│[0;32m│[0;33m│[0;34m│  [0m[0;34m 146 : a8 09             JumpIfFalse [9]
[m[0;31m│[0;32m│[0;33m│[0;34m│[0;35m╭───[0m173/197: BranchIfInt32Compare(StrictEqual) [v153/n167:v-1(R), v18/n169:v-1(R)] b33 b34
[0;31m│[0;32m│[0;33m│[0;34m│[0;35m│ [0m        ↓
[0;31m│[0;32m│[0;33m│[0;34m│[0;35m│  [0mBlock b33
[0;31m│[0;32m│[0;33m│[0;34m│[0;35m│ [0m[0;34m 150 : 42 f7 17          Add r2, FBV[23]
[m[0;31m│[0;32m│[0;33m│[0;34m│[0;35m│ [0m  [0m174/198: ChangeInt32ToFloat64 [v170/n193:v-1(R)] → v-1(R), live range: [174-175]
[0;31m│[0;32m│[0;33m│[0;34m│[0;35m│ [0m  [0m175/199: Float64Add [v174/n198:v-1(R), v22/n174:v-1(R)] → v-1(0), live range: [175-176]
[0;31m│[0;32m│[0;33m│[0;34m│[0;35m│ [0m  [0m176/202: Float64ToTagged[kCanonicalizeSmi] [v175/n199:v-1(R)] → v-1(R), live range: [176-177]
[0;31m│[0;32m│[0;33m│[0;34m│[0;35m│ [0m[0;34m 153 : 98 04             Jump [4]
[m[0;31m│[0;32m│[0;33m│[0;34m│[0;35m│[0;36m╭──[0m177/200: Jump b35
[0;31m│[0;32m│[0;33m│[0;34m│[0;35m│[0;36m│[0m           with gap moves:
[0;31m│[0;32m│[0;33m│[0;34m│[0;35m│[0;36m│[0m             - v176/n202:v-1(*) → 203: φᵀ <accumulator> v-1(*)
[0;31m│[0;32m│[0;33m│[0;34m│[0;35m│[0;36m│[0m
[0;31m│[0;32m│[0;33m│[0;34m│[0;35m╰─►[0mBlock b34
[0;31m│[0;32m│[0;33m│[0;34m│ [0;36m│[0m[0;34m 157 : ce                Star6
[m[0;31m│[0;32m│[0;33m│[0;34m│ [0;36m│[0m  [0m178/201: Jump b35
[0;31m│[0;32m│[0;33m│[0;34m│ [0;36m│[0m        │  with gap moves:
[0;31m│[0;32m│[0;33m│[0;34m│ [0;36m│[0m        │    - v169/n192:v-1(*) → 203: φᵀ <accumulator> v-1(*)
[0;31m│[0;32m│[0;33m│[0;34m│ [0;36m│[0m        ▼
[0;31m│[0;32m│[0;33m│[0;34m│ [0;36m╰►[0mBlock b35
[0;31m│[0;32m│[0;33m│[0;34m│  [0m  [0m179/203: φᵀ <accumulator> (n202, n192) → v-1(*), live range: [179-181]
[0;31m│[0;32m│[0;33m│[0;34m│  [0m[1;34m0x09b80101e1a9 <SharedFunctionInfo flipflop> (0x09b80104a7b1 <String[18]: "workloads/mixed.js">:17:17)
[m[0;31m│[0;32m│[0;33m│[0;34m│  [0m[0;34m   0 : 0b 03             Ldar a0
[m[0;31m│[0;32m│[0;33m│[0;34m│  [0m  [0m180/204: Jump b36
[0;31m│[0;32m│[0;33m│[0;34m│  [0m        ↓
[0;31m│[0;32m│[0;33m│[0;34m│   [0mBlock b36
[0;31m│[0;32m│[0;33m│[0;34m│  [0m[1;34m0x09b80101e1a9 <SharedFunctionInfo flipflop> (0x09b80104a7b1 <String[18]: "workloads/mixed.js">:18:11)
[m[0;31m│[0;32m│[0;33m│[0;34m│  [0m[0;34m   2 : 51 02 01          MulSmi [2], FBV[1]
[m[0;31m│[0;32m│[0;33m│[0;34m│  [0m  [0m181/205: UnsafeNumberToFloat64 [v179/n203:v-1(R)] → v-1(R), live range: [181-182]
[0;31m│[0;32m│[0;33m│[0;34m│  [0m  [0m182/206: Float64Multiply [v181/n205:v-1(R), v24/n181:v-1(R)] → v-1(0), live range: [182-183]
[0;31m│[0;32m│[0;33m│[0;34m│  [0m[1;34m0x09b80101e1a9 <SharedFunctionInfo flipflop> (0x09b80104a7b1 <String[18]: "workloads/mixed.js">:18:15)
[m[0;31m│[0;32m│[0;33m│[0;34m│  [0m[0;34m   5 : 4f 01 00          AddSmi [1], FBV[0]
[m[0;31m│[0;32m│[0;33m│[0;34m│  [0m  [0m183/207: Float64Add [v182/n206:v-1(R), v23/n183:v-1(R)] → v-1(0), live range: [183-185]
[0;31m│[0;32m│[0;33m│[0;34m│  [0m[1;34m0x09b80101e0c9 <SharedFunctionInfo> (0x09b80104a7b1 <String[18]: "workloads/mixed.js">:28:2)
[m[0;31m│[0;32m│[0;33m│[0;34m│  [0m[0;34m 162 : 42 f5 13          Add r4, FBV[19]
[m[0;31m│[0;32m│[0;33m│[0;34m│  [0m           ↱ eager @162 (6 live vars)
[0;31m│[0;32m│[0;33m│[0;34m│  [0m  [0m184/208: CheckedNumberToFloat64 [v172/n196:v-1(R)] → v-1(R), live range: [184-185]
[0;31m│[0;32m│[0;33m│[0;34m│  [0m  [0m185/209: Float64Add [v183/n207:v-1(R), v184/n208:v-1(R)] → v-1(0), live range: [185-186]
[0;31m│[0;32m│[0;33m│[0;34m│  [0m[0;34m 165 : 29 03             StaCurrentContextSlot [3]
[m[0;31m│[0;32m│[0;33m│[0;34m│  [0m  [0m186/210: Float64ToTagged[kCanonicalizeSmi] [v185/n209:v-1(R)] → v-1(R), live range: [186-187]
[0;31m│[0;32m│[0;33m│[0;34m│  [0m  [0m187/211: StoreContextSlotWithWriteBarrier(3, mutable) [v26/n2:v-1(=rdi), v186/n210:v-1(R)]
[0;31m│[0;32m│[0;33m│[0;34m│  [0m           ↳ lazy @165 (4 live vars)
[0;31m│[0;32m│[0;33m│[0;34m│  [0m[0;34m 169 : 5b 1a             Inc FBV[26]
[m[0;31m│[0;32m│[0;33m│[0;34m│  [0m           ↱ eager @169 (4 live vars)
[0;31m│[0;32m│[0;33m│[0;34m│  [0m  [0m188/212: Int32IncrementWithOverflow [v170/n193:v-1(R)] → v-1(0), live range: [188-190]
[0;31m│[0;32m│[0;33m│[0;34m│  [0m[0;34m 172 : 97 37 01 1b       JumpLoop [55], [1], FBV[27]
[m[0;31m│[0;32m│[0;33m│[0;34m│  [0m  [0m189/213: ReduceInterruptBudgetForLoop(44) [v1/n189:v-1(R)]
[0;31m│[0;32m│[0;33m│[0;34m│  [0m           ↳ lazy @172 (4 live vars)
[0;31m│[0;32m│[0;33m│[0;34m│  [0m  [0m190/215: Int32ToNumber[kCanonicalizeSmi] [v188/n212:v-1(R)] → v-1(R), live range: [190-191]
[0;31m│[0;32m│[0;33m│[0;34m│  [0m           ↱ eager @169 (4 live vars)
[0;31m│[0;32m│[0;33m╰───◄─[0m191/214: JumpLoop b31
[0;31m│[0;32m│ [0;34m│  [0m           with gap moves:
[0;31m│[0;32m│ [0;34m│  [0m             - v190/n215:v-1(*) → 192: φᵀ r2 v-1(*)
[0;31m│[0;32m│ [0;34m│  [0m
[0;31m│[0;32m│ [0;34m╰──►[0mBlock b37
[0;31m│[0;32m│    [0m[1;34m0x09b80101e0c9 <SharedFunctionInfo> (0x09b80104a7b1 <String[18]: "workloads/mixed.js">:25:38)
[m[0;31m│[0;32m│    [0m[0;34m 178 : 5b 1c             Inc FBV[28]
[m[0;31m│[0;32m│    [0m           ↱ eager @178 (3 live vars)
[0;31m│[0;32m│    [0m  [0m192/216: Int32IncrementWithOverflow [v32/n17:v-1(R)] → v-1(0), live range: [192-194]
[0;31m│[0;32m│    [0m[1;34m0x09b80101e0c9 <SharedFunctionInfo> (0x09b80104a7b1 <String[18]: "workloads/mixed.js">:25:0)
[m[0;31m│[0;32m│    [0m[0;34m 181 : 97 7f 00 1d       JumpLoop [127], [0], FBV[29]
[m[0;31m│[0;32m│    [0m  [0m193/217: ReduceInterruptBudgetForLoop(101) [v1/n189:v-1(R)]
[0;31m│[0;32m│    [0m           ↳ lazy @181 (3 live vars)
[0;31m│[0;32m│    [0m  [0m194/219: Int32ToNumber[kCanonicalizeSmi] [v192/n216:v-1(R)] → v-1(R), live range: [194-195]
[0;31m│[0;32m│    [0m           ↱ eager @178 (3 live vars)
[0;31m╰─────◄─[0m195/218: JumpLoop b1
 [0;32m│    [0m           with gap moves:
 [0;32m│    [0m             - v194/n219:v-1(*) → 15: φᵀ r1 v-1(*)
 [0;32m│    [0m
 [0;32m╰────►[0mBlock b38
      [0m[1;34m0x09b80101e0c9 <SharedFunctionInfo> (0x09b80104a7b1 <String[18]: "workloads/mixed.js">:32:0)
[m      [0m[0;34m 185 : 23 06 1e          LdaGlobal [6:"print"], FBV[30]
[m      [0m           ↱ eager @185 (2 live vars)
      [0m  [0m196/220: Deopt(Insufficient type feedback for generic global access)
      [0m

----- After register allocation -----
Graph

      [0m    [0m1/189: Constant(0x09b80101e269 <FeedbackCell[one closure]>) → v-1, live range: [1-195]
      [0m     [0m2/24: Constant(0x09b80101e291 <JSFunction sum (sfi = 0x9b80101e149)>) → v-1, live range: [2-195]
      [0m     [0m3/27: Constant(0x09b80101e279 <ScriptContext[4]>) → v-1, live range: [3-195]
      [0m     [0m4/28: Constant(0x09b801004925 <JSGlobalProxy>) → v-1, live range: [4-195]
      [0m     [0m5/73: Constant(0x09b80101e2c5 <JSFunction scale (sfi = 0x9b80101e179)>) → v-1, live range: [5-195]
      [0m     [0m6/76: Constant(0x09b80100c961 <JSFunction Array (sfi = 0x9b8001ac3f9)>) → v-1, live range: [6-195]
      [0m    [0m7/165: Constant(0x09b80101e2f9 <JSFunction flipflop (sfi = 0x9b80101e1a9)>) → v-1, live range: [7-195]
      [0m     [0m8/80: RootConstant(empty_fixed_array) → v-1, live range: [8-195]
      [0m     [0m9/30: SmiConstant(0) → v-1, live range: [9-195]
      [0m    [0m10/48: SmiConstant(1) → v-1, live range: [10-195]
      [0m    [0m11/74: SmiConstant(3) → v-1, live range: [11-195]
      [0m   [0m12/163: SmiConstant(200) → v-1, live range: [12-195]
      [0m    [0m13/88: SmiConstant(247) → v-1, live range: [13-195]
      [0m    [0m14/16: SmiConstant(400) → v-1, live range: [14-195]
      [0m    [0m15/33: Int32Constant(0) → v-1, live range: [15-195]
      [0m    [0m16/43: Int32Constant(1) → v-1, live range: [16-195]
      [0m    [0m17/97: Int32Constant(3) → v-1, live range: [17-195]
      [0m   [0m18/169: Int32Constant(6) → v-1, live range: [18-195]
      [0m   [0m19/166: Int32Constant(7) → v-1, live range: [19-195]
      [0m   [0m20/164: Int32Constant(200) → v-1, live range: [20-195]
      [0m    [0m21/18: Int32Constant(400) → v-1, live range: [21-195]
      [0m   [0m22/174: Float64Constant(0.5) → v-1, live range: [22-195]
      [0m   [0m23/183: Float64Constant(1) → v-1, live range: [23-195]
      [0m   [0m24/181: Float64Constant(2) → v-1, live range: [24-195]
       [0mBlock b0
      [0m[1;34m0x09b80101e0c9 <SharedFunctionInfo> (0x09b80104a7b1 <String[18]: "workloads/mixed.js">:0:0)
[m      [0m[0;34m  54 : 00 0d 90 01       LdaSmi.Wide [400]
[m      [0m     [0m25/1: InitialValue(<this>) → [stack:-6|t], live range: [25-196]
      [0m     [0m26/2: InitialValue(<context>) → [stack:-3|t], live range: [26-196]
      [0m     [0m27/3: InitialValue(<closure>) → [stack:-2|t], live range: [27-196]
      [0m     [0m28/5: InitialValue(r1) → [stack:4|t], live range: [28-30]
      [0m    [0m29/13: FunctionEntryStackCheck
      [0m           ↳ lazy @181 (3 live vars)
      [0m      [0m221: GapMove([stack:-3|t] → [rdi|R|t])
      [0m      [0m222: ConstantGapMove(n33 → [rax|R|w32])
      [0m           ↱ eager @181 (3 live vars)
      [0m    [0m30/14: CheckpointedJump b1
      [0m        │  with gap moves:
      [0m        │    - v28/n5:[stack:4|t] → 15: φᵀ r1 [rcx|R|t]
      [0m        │  with register merges:
      [0m        │    - [rax|R|t] → rax
      [0m        ▼
[0;31m╭─────►[0mBlock b1 (effects:)
[0;31m│     [0m    [0m31/15: φᵀ r1 (n5, n219) (compressed) → [rcx|R|t] (spilled: [stack:4|t]), live range: [31-192]
[0;31m│     [0m      [0m223: GapMove([rcx|R|t] → [rdx|R|t])
[0;31m│     [0m[1;34m0x09b80101e0c9 <SharedFunctionInfo> (0x09b80104a7b1 <String[18]: "workloads/mixed.js">:25:26)
[m[0;31m│     [0m[0;34m  58 : 79 f8 01 00       TestLessThan r1, EmbeddedFeedback[0x1]
[m[0;31m│     [0m           ↱ eager @58 (4 live vars)
[0;31m│     [0m    [0m32/17: CheckedSmiUntag [v31/n15:[rcx|R|t]] → [rcx|R|w32] (spilled: [stack:3|w32]), live range: [32-192]
[0;31m│     [0m      [0m224: ConstantGapMove(n18 → [rbx|R|w32])
[0;31m│     [0m[0;34m  62 : a8 7b             JumpIfFalse [123]
[m[0;31m│[0;32m╭────────[0m33/20: BranchIfInt32Compare(LessThan) [v32/n17:[rcx|R|w32], v21/n18:[rbx|R|w32]] b2 b38
[0;31m│[0;32m│    [0m        ↓
[0;31m│[0;32m│     [0mBlock b2
[0;31m│[0;32m│    [0m[1;34m0x09b80101e0c9 <SharedFunctionInfo> (0x09b80104a7b1 <String[18]: "workloads/mixed.js">:26:2)
[m[0;31m│[0;32m│    [0m[0;34m  64 : 18 03             LdaCurrentContextSlot [3]
[m[0;31m│[0;32m│    [0m    [0m34/23: LoadContextSlot(0x14, mutable) [v26/n2:[rdi|R|t]] → [r9|R|t] (spilled: [stack:3|t]), live range: [34-70]
[0;31m│[0;32m│    [0m[0;34m  71 : 19 02             LdaImmutableCurrentContextSlot [2]
[m[0;31m│[0;32m│    [0m    [0m35/25: LoadContextSlotNoCells(0x10, constant) [v26/n2:[rdi|R|t]] → [rsi|R|t] (spilled: [stack:2|t]), live range: [35-115]
[0;31m│[0;32m│    [0m[1;34m0x09b80101e149 <SharedFunctionInfo sum> (0x09b80104a7b1 <String[18]: "workloads/mixed.js">:4:12)
[m[0;31m│[0;32m│    [0m[0;34m   0 : 0c                LdaZero
[m[0;31m│[0;32m│    [0m    [0m36/29: Jump b3
[0;31m│[0;32m│    [0m        ↓
[0;31m│[0;32m│     [0mBlock b3
[0;31m│[0;32m│    [0m[1;34m0x09b80101e149 <SharedFunctionInfo sum> (0x09b80104a7b1 <String[18]: "workloads/mixed.js">:6:26)
[m[0;31m│[0;32m│    [0m[0;34m   4 : 33 03 00 00       GetNamedProperty a0, [0:"length"], FBV[0]
[m[0;31m│[0;32m│    [0m           ↱ eager @74 (4 live vars)
[0;31m│[0;32m│    [0m           │       @4 (5 live vars)
[0;31m│[0;32m│    [0m    [0m37/31: CheckMaps(0x09b80100d091 <Map[16](HOLEY_SMI_ELEMENTS)>, 0x09b80100ca11 <Map[16](PACKED_SMI_ELEMENTS)>, check heapobj) [v35/n25:[rsi|R|t]]
[0;31m│[0;32m│    [0m    [0m38/32: LoadTaggedField(0xc: 0x09b800000e19 <String[6]: #length>, compressed, Smi) [v35/n25:[rsi|R|t]] → [r8|R|t] (spilled: [stack:1|t]), live range: [38-115]
[0;31m│[0;32m│    [0m      [0m225: GapMove([r8|R|t] → [r11|R|t])
[0;31m│[0;32m│    [0m[1;34m0x09b80101e149 <SharedFunctionInfo sum> (0x09b80104a7b1 <String[18]: "workloads/mixed.js">:6:20)
[m[0;31m│[0;32m│    [0m[0;34m   8 : 79 f8 01 00       TestLessThan r1, EmbeddedFeedback[0x1]
[m[0;31m│[0;32m│    [0m    [0m39/34: UnsafeSmiUntag [v38/n32:[r8|R|t]] → [r8|R|w32] (spilled: [stack:4|w32]), live range: [39-115]
[0;31m│[0;32m│    [0m[0;34m  12 : a8 17             JumpIfFalse [23]
[m[0;31m│[0;32m│[0;33m╭───────[0m40/36: BranchIfInt32Compare(LessThan) [v15/n33:[rax|R|w32], v39/n34:[r8|R|w32]] b4 b8
[0;31m│[0;32m│[0;33m│   [0m        ↓
[0;31m│[0;32m│[0;33m│    [0mBlock b4
[0;31m│[0;32m│[0;33m│   [0m[1;34m0x09b80101e149 <SharedFunctionInfo sum> (0x09b80104a7b1 <String[18]: "workloads/mixed.js">:6:47)
[m[0;31m│[0;32m│[0;33m│   [0m[0;34m  16 : 35 03 03          GetKeyedProperty a0, FBV[3]
[m[0;31m│[0;32m│[0;33m│   [0m    [0m41/37: LoadTaggedField(0x8, decompressed) [v35/n25:[rsi|R|t]] → [r12|R|t], live range: [41-64]
[0;31m│[0;32m│[0;33m│   [0m           ↱ eager @74 (4 live vars)
[0;31m│[0;32m│[0;33m│   [0m           │       @4 (5 live vars)
[0;31m│[0;32m│[0;33m│   [0m    [0m42/38: CheckInt32Condition[UnsignedLessThan, OutOfBounds] [v15/n33:[rax|R|w32], v39/n34:[r8|R|w32]]
[0;31m│[0;32m│[0;33m│   [0m    [0m43/39: LoadTaggedField(0x8, decompressed) [v41/n37:[r12|R|t]] → [r15|R|t], live range: [43-45]
[0;31m│[0;32m│[0;33m│   [0m           ↱ eager @74 (4 live vars)
[0;31m│[0;32m│[0;33m│   [0m           │       @4 (5 live vars)
[0;31m│[0;32m│[0;33m│   [0m    [0m44/40: CheckNotHole [v43/n39:[r15|R|t]]
[0;31m│[0;32m│[0;33m│   [0m[0;34m  19 : 42 f9 02          Add r0, FBV[2]
[m[0;31m│[0;32m│[0;33m│   [0m    [0m45/41: UnsafeSmiUntag [v43/n39:[r15|R|t]] → [r15|R|w32], live range: [45-46]
[0;31m│[0;32m│[0;33m│   [0m           ↱ eager @74 (4 live vars)
[0;31m│[0;32m│[0;33m│   [0m           │       @4 (5 live vars)
[0;31m│[0;32m│[0;33m│   [0m    [0m46/42: Int32AddWithOverflow [v45/n41:[r15|R|w32], v15/n33:[rax|R|w32]] → [r15|R|w32] (spilled: [stack:0|w32]), live range: [46-48]
[0;31m│[0;32m│[0;33m│   [0m[1;34m0x09b80101e149 <SharedFunctionInfo sum> (0x09b80104a7b1 <String[18]: "workloads/mixed.js">:6:2)
[m[0;31m│[0;32m│[0;33m│   [0m[0;34m  31 : 97 1b 00 06       JumpLoop [27], [0], FBV[6]
[m[0;31m│[0;32m│[0;33m│   [0m    [0m47/44: HandleNoHeapWritesInterrupt
[0;31m│[0;32m│[0;33m│   [0m           │      @74 (4 live vars)
[0;31m│[0;32m│[0;33m│   [0m           ↳ lazy @31 (5 live vars)
[0;31m│[0;32m│[0;33m│   [0m    [0m48/47: Int32ToNumber[kCanonicalizeSmi] [v46/n42:[r15|R|w32]] → [rbx|R|t], live range: [48-49]
[0;31m│[0;32m│[0;33m│   [0m    [0m49/46: Jump b5
[0;31m│[0;32m│[0;33m│   [0m        │  with gap moves:
[0;31m│[0;32m│[0;33m│   [0m        │    - v48/n47:[rbx|R|t] → 49: φᵀ r0 [rbx|R|t]
[0;31m│[0;32m│[0;33m│   [0m        │    - v10/n48:[constant:v-1] → 50: φᵀ r1 [rdx|R|t]
[0;31m│[0;32m│[0;33m│   [0m        │  with register merges:
[0;31m│[0;32m│[0;33m│   [0m        ▼
[0;31m│[0;32m│[0;33m│[0;34m╭──►[0mBlock b5 peeled (effects:)
[0;31m│[0;32m│[0;33m│[0;34m│  [0m    [0m50/49: φᵀ r0 (n47, n63) (compressed) → [rbx|R|t], live range: [50-65]
[0;31m│[0;32m│[0;33m│[0;34m│  [0m    [0m51/50: φᵀ r1 (n48, n64) (compressed) → [rdx|R|t], live range: [51-60]
[0;31m│[0;32m│[0;33m│[0;34m│  [0m      [0m226: GapMove([rdx|R|t] → [rsi|R|t])
[0;31m│[0;32m│[0;33m│[0;34m│  [0m[0;34m   8 : 79 f8 01 00       TestLessThan r1, EmbeddedFeedback[0x1]
[m[0;31m│[0;32m│[0;33m│[0;34m│  [0m           ↱ eager @74 (4 live vars)
[0;31m│[0;32m│[0;33m│[0;34m│  [0m           │       @8 (6 live vars)
[0;31m│[0;32m│[0;33m│[0;34m│  [0m    [0m52/51: CheckedSmiUntag [v51/n50:[rdx|R|t]] → [rdx|R|w32], live range: [52-60]
[0;31m│[0;32m│[0;33m│[0;34m│  [0m[0;34m  12 : a8 17             JumpIfFalse [23]
[m[0;31m│[0;32m│[0;33m│[0;34m│[0;35m╭─────[0m53/53: BranchIfInt32Compare(LessThan) [v52/n51:[rdx|R|w32], v39/n34:[r8|R|w32]] b6 b7
[0;31m│[0;32m│[0;33m│[0;34m│[0;35m│ [0m        ↓
[0;31m│[0;32m│[0;33m│[0;34m│[0;35m│  [0mBlock b6
[0;31m│[0;32m│[0;33m│[0;34m│[0;35m│ [0m[0;34m  16 : 35 03 03          GetKeyedProperty a0, FBV[3]
[m[0;31m│[0;32m│[0;33m│[0;34m│[0;35m│ [0m           ↱ eager @74 (4 live vars)
[0;31m│[0;32m│[0;33m│[0;34m│[0;35m│ [0m           │       @8 (6 live vars)
[0;31m│[0;32m│[0;33m│[0;34m│[0;35m│ [0m    [0m54/54: CheckInt32Condition[UnsignedLessThan, OutOfBounds] [v52/n51:[rdx|R|w32], v39/n34:[r8|R|w32]]
[0;31m│[0;32m│[0;33m│[0;34m│[0;35m│ [0m    [0m55/55: LoadFixedArrayElement(decompressed), Unknown [v41/n37:[r12|R|t], v52/n51:[rdx|R|w32]] → [rdi|R|t], live range: [55-58]
[0;31m│[0;32m│[0;33m│[0;34m│[0;35m│ [0m           ↱ eager @74 (4 live vars)
[0;31m│[0;32m│[0;33m│[0;34m│[0;35m│ [0m           │       @8 (6 live vars)
[0;31m│[0;32m│[0;33m│[0;34m│[0;35m│ [0m    [0m56/56: CheckNotHole [v55/n55:[rdi|R|t]]
[0;31m│[0;32m│[0;33m│[0;34m│[0;35m│ [0m      [0m227: GapMove([rbx|R|t] → [r9|R|t])
[0;31m│[0;32m│[0;33m│[0;34m│[0;35m│ [0m[0;34m  19 : 42 f9 02          Add r0, FBV[2]
[m[0;31m│[0;32m│[0;33m│[0;34m│[0;35m│ [0m           ↱ eager @74 (4 live vars)
[0;31m│[0;32m│[0;33m│[0;34m│[0;35m│ [0m           │       @8 (6 live vars)
[0;31m│[0;32m│[0;33m│[0;34m│[0;35m│ [0m    [0m57/57: CheckedSmiUntag [v50/n49:[rbx|R|t]] → [rbx|R|w32], live range: [57-59]
[0;31m│[0;32m│[0;33m│[0;34m│[0;35m│ [0m    [0m58/58: UnsafeSmiUntag [v55/n55:[rdi|R|t]] → [rdi|R|w32], live range: [58-59]
[0;31m│[0;32m│[0;33m│[0;34m│[0;35m│ [0m           ↱ eager @74 (4 live vars)
[0;31m│[0;32m│[0;33m│[0;34m│[0;35m│ [0m           │       @8 (6 live vars)
[0;31m│[0;32m│[0;33m│[0;34m│[0;35m│ [0m    [0m59/59: Int32AddWithOverflow [v57/n57:[rbx|R|w32], v58/n58:[rdi|R|w32]] → [rbx|R|w32] (spilled: [stack:1|w32]), live range: [59-62]
[0;31m│[0;32m│[0;33m│[0;34m│[0;35m│ [0m[0;34m  28 : 5b 05             Inc FBV[5]
[m[0;31m│[0;32m│[0;33m│[0;34m│[0;35m│ [0m           ↱ eager @74 (4 live vars)
[0;31m│[0;32m│[0;33m│[0;34m│[0;35m│ [0m           │       @8 (6 live vars)
[0;31m│[0;32m│[0;33m│[0;34m│[0;35m│ [0m    [0m60/60: Int32IncrementWithOverflow [v52/n51:[rdx|R|w32]] → [rdx|R|w32] (spilled: [stack:2|w32]), live range: [60-63]
[0;31m│[0;32m│[0;33m│[0;34m│[0;35m│ [0m[0;34m  31 : 97 1b 00 06       JumpLoop [27], [0], FBV[6]
[m[0;31m│[0;32m│[0;33m│[0;34m│[0;35m│ [0m    [0m61/61: HandleNoHeapWritesInterrupt
[0;31m│[0;32m│[0;33m│[0;34m│[0;35m│ [0m           │      @74 (4 live vars)
[0;31m│[0;32m│[0;33m│[0;34m│[0;35m│ [0m           ↳ lazy @31 (5 live vars)
[0;31m│[0;32m│[0;33m│[0;34m│[0;35m│ [0m    [0m62/63: Int32ToNumber[kCanonicalizeSmi] [v59/n59:[rbx|R|w32]] → [rsi|R|t], live range: [62-64]
[0;31m│[0;32m│[0;33m│[0;34m│[0;35m│ [0m    [0m63/64: Int32ToNumber[kCanonicalizeSmi] [v60/n60:[rdx|R|w32]] → [rbx|R|t], live range: [63-64]
[0;31m│[0;32m│[0;33m│[0;34m│[0;35m│ [0m           ↱ eager @74 (4 live vars)
[0;31m│[0;32m│[0;33m│[0;34m│[0;35m│ [0m           │       @8 (6 live vars)
[0;31m│[0;32m│[0;33m│[0;34m╰──◄───[0m64/62: JumpLoop b5
[0;31m│[0;32m│[0;33m│ [0;35m│ [0m           with gap moves:
[0;31m│[0;32m│[0;33m│ [0;35m│ [0m             - v62/n63:[rsi|R|t] → 49: φᵀ r0 [rbx|R|t]
[0;31m│[0;32m│[0;33m│ [0;35m│ [0m             - v63/n64:[rbx|R|t] → 50: φᵀ r1 [rdx|R|t]
[0;31m│[0;32m│[0;33m│ [0;35m│ [0m           with register merges:
[0;31m│[0;32m│[0;33m│ [0;35m│ [0m
[0;31m│[0;32m│[0;33m│ [0;35m╰─►[0mBlock b7
[0;31m│[0;32m│[0;33m│   [0m[1;34m0x09b80101e149 <SharedFunctionInfo sum> (0x09b80104a7b1 <String[18]: "workloads/mixed.js">:7:2)
[m[0;31m│[0;32m│[0;33m│   [0m[0;34m  35 : 0b f9             Ldar r0
[m[0;31m│[0;32m│[0;33m│[0;34m╭──────[0m65/65: Jump b9
[0;31m│[0;32m│[0;33m│[0;34m│  [0m           with gap moves:
[0;31m│[0;32m│[0;33m│[0;34m│  [0m             - v50/n49:[rbx|R|t] → 67: φᵀ r0 [r12|R|t]
[0;31m│[0;32m│[0;33m│[0;34m│  [0m           with register merges:
[0;31m│[0;32m│[0;33m│[0;34m│  [0m             - [stack:4|t] → rdx
[0;31m│[0;32m│[0;33m│[0;34m│  [0m             - [constant:v-1] → rbx
[0;31m│[0;32m│[0;33m│[0;34m│  [0m             - [stack:2|t] → rsi
[0;31m│[0;32m│[0;33m│[0;34m│  [0m             - [stack:-3|t] → rdi
[0;31m│[0;32m│[0;33m│[0;34m│  [0m             - [stack:3|t] → r9
[0;31m│[0;32m│[0;33m│[0;34m│  [0m             - [stack:1|t] → r11
[0;31m│[0;32m│[0;33m│[0;34m│  [0m
[0;31m│[0;32m│[0;33m╰───►[0mBlock b8
[0;31m│[0;32m│ [0;34m│  [0m    [0m66/66: Jump b9
[0;31m│[0;32m│ [0;34m│  [0m        │  with gap moves:
[0;31m│[0;32m│ [0;34m│  [0m        │    - v9/n30:[constant:v-1] → 67: φᵀ r0 [r12|R|t]
[0;31m│[0;32m│ [0;34m│  [0m        │  with register merges:
[0;31m│[0;32m│ [0;34m│  [0m        │    - [rdx|R|t] → rdx
[0;31m│[0;32m│ [0;34m│  [0m        │    - [rbx|R|t] → rbx
[0;31m│[0;32m│ [0;34m│  [0m        │    - [rsi|R|t] → rsi
[0;31m│[0;32m│ [0;34m│  [0m        │    - [rdi|R|t] → rdi
[0;31m│[0;32m│ [0;34m│  [0m        │    - [r9|R|t] → r9
[0;31m│[0;32m│ [0;34m│  [0m        │    - [r11|R|t] → r11
[0;31m│[0;32m│ [0;34m│  [0m        ▼
[0;31m│[0;32m│ [0;34m╰──►[0mBlock b9
[0;31m│[0;32m│    [0m    [0m67/67: φᵀ r0 (n30, n49) (compressed) → [r12|R|t], live range: [67-70]
[0;31m│[0;32m│    [0m[1;34m0x09b80101e0c9 <SharedFunctionInfo> (0x09b80104a7b1 <String[18]: "workloads/mixed.js">:26:9)
[m[0;31m│[0;32m│    [0m[0;34m  78 : 42 f5 07          Add r4, FBV[7]
[m[0;31m│[0;32m│    [0m           ↱ eager @78 (5 live vars)
[0;31m│[0;32m│    [0m    [0m68/68: CheckedSmiUntag [v34/n23:[r9|R|t]] → [r9|R|w32], live range: [68-70]
[0;31m│[0;32m│    [0m      [0m228: GapMove([r12|R|t] → [r15|R|t])
[0;31m│[0;32m│    [0m           ↱ eager @78 (5 live vars)
[0;31m│[0;32m│    [0m    [0m69/69: CheckedSmiUntag [v67/n67:[r12|R|t]] → [r12|R|w32], live range: [69-70]
[0;31m│[0;32m│    [0m           ↱ eager @78 (5 live vars)
[0;31m│[0;32m│    [0m    [0m70/70: Int32AddWithOverflow [v68/n68:[r9|R|w32], v69/n69:[r12|R|w32]] → [r9|R|w32] (spilled: [stack:2|w32]), live range: [70-150]
[0;31m│[0;32m│    [0m[1;34m0x09b80101e0c9 <SharedFunctionInfo> (0x09b80104a7b1 <String[18]: "workloads/mixed.js">:26:6)
[m[0;31m│[0;32m│    [0m[0;34m  81 : 29 03             StaCurrentContextSlot [3]
[m[0;31m│[0;32m│    [0m    [0m71/71: Int32ToNumber[kCanonicalizeSmi] [v70/n70:[r9|R|w32]] → [r12|R|t], live range: [71-72]
[0;31m│[0;32m│    [0m    [0m72/72: StoreContextSlotWithWriteBarrier(3, mutable) [v26/n2:[rdi|R|t], v71/n71:[r12|R|t]]
[0;31m│[0;32m│    [0m           ↳ lazy @81 (3 live vars)
[0;31m│[0;32m│    [0m[1;34m0x09b80101e179 <SharedFunctionInfo scale> (0x09b80104a7b1 <String[18]: "workloads/mixed.js">:10:14)
[m[0;31m│[0;32m│    [0m[0;34m   0 : 23 00 00          LdaGlobal [0:"Array"], FBV[0]
[m[0;31m│[0;32m│    [0m    [0m73/75: Jump b10
[0;31m│[0;32m│    [0m        ↓
[0;31m│[0;32m│     [0mBlock b10
[0;31m│[0;32m│    [0m[1;34m0x09b80101e179 <SharedFunctionInfo scale> (0x09b80104a7b1 <String[18]: "workloads/mixed.js">:11:14)
[m[0;31m│[0;32m│    [0m[0;34m  11 : 74 f7 f6 01 04    Construct r2, r3-r3, FBV[4]
[m[0;31m│[0;32m│[0;33m╭───────[0m74/77: BranchIfInt32Compare(GreaterThanOrEqual) [v39/n34:[r8|R|w32], v15/n33:[rax|R|w32]] b11 b12
[0;31m│[0;32m│[0;33m│   [0m        ↓
[0;31m│[0;32m│[0;33m│    [0mBlock b11
[0;31m│[0;32m│[0;33m│   [0m      [0m229: GapMove([r8|R|w32] → [rbx|R|w32])
[0;31m│[0;32m│[0;33m│   [0m           ↱ eager @100 (5 live vars)
[0;31m│[0;32m│[0;33m│   [0m           │       @11 (7 live vars)
[0;31m│[0;32m│[0;33m│   [0m    [0m75/78: AllocateElementsArray(HOLEY_SMI_ELEMENTS, Young) [v39/n34:[r8|R|w32]] → [r15|R|t], live range: [75-80]
[0;31m│[0;32m│[0;33m│   [0m    [0m76/81: AllocationBlock(Young) → [r8|R|t], live range: [76-77]
[0;31m│[0;32m│[0;33m│   [0m    [0m77/82: InlinedAllocation(object 0x09b80100d091 <Map[16](HOLEY_SMI_ELEMENTS)>) [v76/n81:[r8|R|t]] → [r8|R|t] (spilled: [stack:3|t]), live range: [77-145]
[0;31m│[0;32m│[0;33m│   [0m      [0m230: GapMove([r8|R|t] → [rdi|R|t])
[0;31m│[0;32m│[0;33m│   [0m    [0m78/83: StoreMap(0x09b80100d091 <Map[16](HOLEY_SMI_ELEMENTS)>, InlinedAllocation) [v77/n82:[rdi|R|t]]
[0;31m│[0;32m│[0;33m│   [0m      [0m231: ConstantGapMove(n80 → [r12|R|t])
[0;31m│[0;32m│[0;33m│   [0m    [0m79/84: StoreTaggedFieldNoWriteBarrier(0x4, mutable) [v77/n82:[rdi|R|t], v8/n80:[r12|R|t]]
[0;31m│[0;32m│[0;33m│   [0m    [0m80/85: StoreTaggedFieldWithWriteBarrier(0x8, mutable, maybe_smi:1) [v77/n82:[rdi|R|t], v75/n78:[r15|R|t]]
[0;31m│[0;32m│[0;33m│   [0m    [0m81/86: StoreTaggedFieldNoWriteBarrier(0xc, mutable) [v77/n82:[rdi|R|t], v38/n32:[r11|R|t]]
[0;31m│[0;32m│[0;33m│[0;34m╭──────[0m82/87: Jump b13
[0;31m│[0;32m│[0;33m│[0;34m│  [0m
[0;31m│[0;32m│[0;33m╰───►[0mBlock b12
[0;31m│[0;32m│ [0;34m│  [0m    [0m83/89: Throw(ThrowRangeError, has_input=1) [v13/n88:[constant:v-1]]
[0;31m│[0;32m│ [0;34m│  [0m           │      @100 (5 live vars)
[0;31m│[0;32m│ [0;34m│  [0m           ↳ lazy @11 (4 live vars)
[0;31m│[0;32m│ [0;34m│  [0m
[0;31m│[0;32m│ [0;34m╰──►[0mBlock b13
[0;31m│[0;32m│    [0m[1;34m0x09b80101e179 <SharedFunctionInfo scale> (0x09b80104a7b1 <String[18]: "workloads/mixed.js">:12:20)
[m[0;31m│[0;32m│    [0m[0;34m  27 : a8 1a             JumpIfFalse [26]
[m[0;31m│[0;32m│[0;33m╭───────[0m84/90: BranchIfInt32Compare(LessThan) [v15/n33:[rax|R|w32], v39/n34:[rbx|R|w32]] b14 b18
[0;31m│[0;32m│[0;33m│   [0m        ↓
[0;31m│[0;32m│[0;33m│    [0mBlock b14
[0;31m│[0;32m│[0;33m│   [0m[1;34m0x09b80101e179 <SharedFunctionInfo scale> (0x09b80104a7b1 <String[18]: "workloads/mixed.js">:12:51)
[m[0;31m│[0;32m│[0;33m│   [0m[0;34m  31 : 35 03 07          GetKeyedProperty a0, FBV[7]
[m[0;31m│[0;32m│[0;33m│   [0m           ↱ eager @100 (5 live vars)
[0;31m│[0;32m│[0;33m│   [0m           │       @31 (7 live vars)
[0;31m│[0;32m│[0;33m│   [0m    [0m85/91: CheckMaps(0x09b80100d091 <Map[16](HOLEY_SMI_ELEMENTS)>, no heapobj check) [v35/n25:[rsi|R|t]]
[0;31m│[0;32m│[0;33m│   [0m    [0m86/92: LoadTaggedField(0x8, decompressed) [v35/n25:[rsi|R|t]] → [r15|R|t], live range: [86-115]
[0;31m│[0;32m│[0;33m│   [0m           ↱ eager @100 (5 live vars)
[0;31m│[0;32m│[0;33m│   [0m           │       @31 (7 live vars)
[0;31m│[0;32m│[0;33m│   [0m    [0m87/93: CheckInt32Condition[UnsignedLessThan, OutOfBounds] [v15/n33:[rax|R|w32], v39/n34:[rbx|R|w32]]
[0;31m│[0;32m│[0;33m│   [0m    [0m88/94: LoadTaggedField(0x8, decompressed) [v86/n92:[r15|R|t]] → [rdi|R|t], live range: [88-90]
[0;31m│[0;32m│[0;33m│   [0m           ↱ eager @100 (5 live vars)
[0;31m│[0;32m│[0;33m│   [0m           │       @31 (7 live vars)
[0;31m│[0;32m│[0;33m│   [0m    [0m89/95: CheckNotHole [v88/n94:[rdi|R|t]]
[0;31m│[0;32m│[0;33m│   [0m[1;34m0x09b80101e179 <SharedFunctionInfo scale> (0x09b80104a7b1 <String[18]: "workloads/mixed.js">:12:55)
[m[0;31m│[0;32m│[0;33m│   [0m[0;34m  37 : 44 f5 06          Mul r4, FBV[6]
[m[0;31m│[0;32m│[0;33m│   [0m    [0m90/96: UnsafeSmiUntag [v88/n94:[rdi|R|t]] → [rdi|R|w32], live range: [90-91]
[0;31m│[0;32m│[0;33m│   [0m      [0m232: ConstantGapMove(n97 → [r12|R|w32])
[0;31m│[0;32m│[0;33m│   [0m           ↱ eager @100 (5 live vars)
[0;31m│[0;32m│[0;33m│   [0m           │       @31 (7 live vars)
[0;31m│[0;32m│[0;33m│   [0m    [0m91/98: Int32MultiplyWithOverflow [v90/n96:[rdi|R|w32], v17/n97:[r12|R|w32]] → [rdi|R|w32], live range: [91-93]
[0;31m│[0;32m│[0;33m│   [0m[1;34m0x09b80101e179 <SharedFunctionInfo scale> (0x09b80104a7b1 <String[18]: "workloads/mixed.js">:12:46)
[m[0;31m│[0;32m│[0;33m│   [0m[0;34m  40 : 3c f9 f8 09       SetKeyedProperty r0, r1, FBV[9]
[m[0;31m│[0;32m│[0;33m│   [0m    [0m92/99: LoadTaggedField(0x8, decompressed) [v77/n82:[r8|R|t]] → [rcx|R|t], live range: [92-115]
[0;31m│[0;32m│[0;33m│   [0m           ↱ eager @100 (5 live vars)
[0;31m│[0;32m│[0;33m│   [0m           │       @31 (7 live vars)
[0;31m│[0;32m│[0;33m│   [0m   [0m93/100: CheckedSmiTagInt32 [v91/n98:[rdi|R|w32]] → [rdi|R|t], live range: [93-98]
[0;31m│[0;32m│[0;33m│   [0m   [0m94/101: LoadTaggedField(0xc: 0x09b800000e19 <String[6]: #length>, compressed, Smi) [v77/n82:[r8|R|t]] → [r12|R|t], live range: [94-95]
[0;31m│[0;32m│[0;33m│   [0m   [0m95/102: UnsafeSmiUntag [v94/n101:[r12|R|t]] → [r12|R|w32], live range: [95-115]
[0;31m│[0;32m│[0;33m│   [0m           ↱ eager @100 (5 live vars)
[0;31m│[0;32m│[0;33m│   [0m           │       @31 (7 live vars)
[0;31m│[0;32m│[0;33m│   [0m   [0m96/103: CheckInt32Condition[UnsignedLessThan, OutOfBounds] [v15/n33:[rax|R|w32], v95/n102:[r12|R|w32]]
[0;31m│[0;32m│[0;33m│   [0m           ↱ eager @100 (5 live vars)
[0;31m│[0;32m│[0;33m│   [0m           │       @31 (7 live vars)
[0;31m│[0;32m│[0;33m│   [0m   [0m97/104: CheckMaps(0x09b8000005dd <Map(FIXED_ARRAY_TYPE)>, check heapobj) [v92/n99:[rcx|R|t]]
[0;31m│[0;32m│[0;33m│   [0m   [0m98/105: StoreFixedArrayElementNoWriteBarrier [v92/n99:[rcx|R|t], v15/n33:[rax|R|w32], v93/n100:[rdi|R|t]]
[0;31m│[0;32m│[0;33m│   [0m[1;34m0x09b80101e179 <SharedFunctionInfo scale> (0x09b80104a7b1 <String[18]: "workloads/mixed.js">:12:2)
[m[0;31m│[0;32m│[0;33m│   [0m[0;34m  49 : 97 1e 00 0c       JumpLoop [30], [0], FBV[12]
[m[0;31m│[0;32m│[0;33m│   [0m   [0m99/106: HandleNoHeapWritesInterrupt
[0;31m│[0;32m│[0;33m│   [0m           │      @100 (5 live vars)
[0;31m│[0;32m│[0;33m│   [0m           ↳ lazy @49 (6 live vars)
[0;31m│[0;32m│[0;33m│   [0m      [0m233: ConstantGapMove(n97 → [rdi|R|w32])
[0;31m│[0;32m│[0;33m│   [0m  [0m100/107: Jump b15
[0;31m│[0;32m│[0;33m│   [0m        │  with gap moves:
[0;31m│[0;32m│[0;33m│   [0m        │    - v10/n48:[constant:v-1] → 108: φᵀ r1 [rdx|R|t]
[0;31m│[0;32m│[0;33m│   [0m        │  with register merges:
[0;31m│[0;32m│[0;33m│   [0m        ▼
[0;31m│[0;32m│[0;33m│[0;34m╭──►[0mBlock b15 peeled (effects:)
[0;31m│[0;32m│[0;33m│[0;34m│  [0m  [0m101/108: φᵀ r1 (n48, n123) (compressed) → [rdx|R|t], live range: [101-112]
[0;31m│[0;32m│[0;33m│[0;34m│  [0m      [0m234: GapMove([rdx|R|t] → [rsi|R|t])
[0;31m│[0;32m│[0;33m│[0;34m│  [0m[0;34m  23 : 79 f8 01 00       TestLessThan r1, EmbeddedFeedback[0x1]
[m[0;31m│[0;32m│[0;33m│[0;34m│  [0m           ↱ eager @100 (5 live vars)
[0;31m│[0;32m│[0;33m│[0;34m│  [0m           │       @23 (7 live vars)
[0;31m│[0;32m│[0;33m│[0;34m│  [0m  [0m102/109: CheckedSmiUntag [v101/n108:[rdx|R|t]] → [rdx|R|w32], live range: [102-112]
[0;31m│[0;32m│[0;33m│[0;34m│  [0m[0;34m  27 : a8 1a             JumpIfFalse [26]
[m[0;31m│[0;32m│[0;33m│[0;34m│[0;35m╭───[0m103/111: BranchIfInt32Compare(LessThan) [v102/n109:[rdx|R|w32], v39/n34:[rbx|R|w32]] b16 b17
[0;31m│[0;32m│[0;33m│[0;34m│[0;35m│ [0m        ↓
[0;31m│[0;32m│[0;33m│[0;34m│[0;35m│  [0mBlock b16
[0;31m│[0;32m│[0;33m│[0;34m│[0;35m│ [0m[0;34m  31 : 35 03 07          GetKeyedProperty a0, FBV[7]
[m[0;31m│[0;32m│[0;33m│[0;34m│[0;35m│ [0m           ↱ eager @100 (5 live vars)
[0;31m│[0;32m│[0;33m│[0;34m│[0;35m│ [0m           │       @23 (7 live vars)
[0;31m│[0;32m│[0;33m│[0;34m│[0;35m│ [0m  [0m104/112: CheckInt32Condition[UnsignedLessThan, OutOfBounds] [v102/n109:[rdx|R|w32], v39/n34:[rbx|R|w32]]
[0;31m│[0;32m│[0;33m│[0;34m│[0;35m│ [0m  [0m105/113: LoadFixedArrayElement(decompressed), Unknown [v86/n92:[r15|R|t], v102/n109:[rdx|R|w32]] → [r8|R|t], live range: [105-107]
[0;31m│[0;32m│[0;33m│[0;34m│[0;35m│ [0m           ↱ eager @100 (5 live vars)
[0;31m│[0;32m│[0;33m│[0;34m│[0;35m│ [0m           │       @23 (7 live vars)
[0;31m│[0;32m│[0;33m│[0;34m│[0;35m│ [0m  [0m106/114: CheckNotHole [v105/n113:[r8|R|t]]
[0;31m│[0;32m│[0;33m│[0;34m│[0;35m│ [0m[0;34m  37 : 44 f5 06          Mul r4, FBV[6]
[m[0;31m│[0;32m│[0;33m│[0;34m│[0;35m│ [0m  [0m107/115: UnsafeSmiUntag [v105/n113:[r8|R|t]] → [r8|R|w32], live range: [107-108]
[0;31m│[0;32m│[0;33m│[0;34m│[0;35m│ [0m           ↱ eager @100 (5 live vars)
[0;31m│[0;32m│[0;33m│[0;34m│[0;35m│ [0m           │       @23 (7 live vars)
[0;31m│[0;32m│[0;33m│[0;34m│[0;35m│ [0m  [0m108/116: Int32MultiplyWithOverflow [v107/n115:[r8|R|w32], v17/n97:[rdi|R|w32]] → [r8|R|w32], live range: [108-109]
[0;31m│[0;32m│[0;33m│[0;34m│[0;35m│ [0m[0;34m  40 : 3c f9 f8 09       SetKeyedProperty r0, r1, FBV[9]
[m[0;31m│[0;32m│[0;33m│[0;34m│[0;35m│ [0m           ↱ eager @100 (5 live vars)
[0;31m│[0;32m│[0;33m│[0;34m│[0;35m│ [0m           │       @23 (7 live vars)
[0;31m│[0;32m│[0;33m│[0;34m│[0;35m│ [0m  [0m109/117: CheckedSmiTagInt32 [v108/n116:[r8|R|w32]] → [r8|R|t], live range: [109-111]
[0;31m│[0;32m│[0;33m│[0;34m│[0;35m│ [0m           ↱ eager @100 (5 live vars)
[0;31m│[0;32m│[0;33m│[0;34m│[0;35m│ [0m           │       @23 (7 live vars)
[0;31m│[0;32m│[0;33m│[0;34m│[0;35m│ [0m  [0m110/118: CheckInt32Condition[UnsignedLessThan, OutOfBounds] [v102/n109:[rdx|R|w32], v95/n102:[r12|R|w32]]
[0;31m│[0;32m│[0;33m│[0;34m│[0;35m│ [0m  [0m111/119: StoreFixedArrayElementNoWriteBarrier [v92/n99:[rcx|R|t], v102/n109:[rdx|R|w32], v109/n117:[r8|R|t]]
[0;31m│[0;32m│[0;33m│[0;34m│[0;35m│ [0m[0;34m  46 : 5b 0b             Inc FBV[11]
[m[0;31m│[0;32m│[0;33m│[0;34m│[0;35m│ [0m           ↱ eager @100 (5 live vars)
[0;31m│[0;32m│[0;33m│[0;34m│[0;35m│ [0m           │       @46 (6 live vars)
[0;31m│[0;32m│[0;33m│[0;34m│[0;35m│ [0m  [0m112/120: Int32IncrementWithOverflow [v102/n109:[rdx|R|w32]] → [rdx|R|w32] (spilled: [stack:5|w32]), live range: [112-114]
[0;31m│[0;32m│[0;33m│[0;34m│[0;35m│ [0m[0;34m  49 : 97 1e 00 0c       JumpLoop [30], [0], FBV[12]
[m[0;31m│[0;32m│[0;33m│[0;34m│[0;35m│ [0m  [0m113/121: HandleNoHeapWritesInterrupt
[0;31m│[0;32m│[0;33m│[0;34m│[0;35m│ [0m           │      @100 (5 live vars)
[0;31m│[0;32m│[0;33m│[0;34m│[0;35m│ [0m           ↳ lazy @49 (6 live vars)
[0;31m│[0;32m│[0;33m│[0;34m│[0;35m│ [0m  [0m114/123: Int32ToNumber[kCanonicalizeSmi] [v112/n120:[rdx|R|w32]] → [rsi|R|t], live range: [114-115]
[0;31m│[0;32m│[0;33m│[0;34m│[0;35m│ [0m           ↱ eager @100 (5 live vars)
[0;31m│[0;32m│[0;33m│[0;34m│[0;35m│ [0m           │       @46 (6 live vars)
[0;31m│[0;32m│[0;33m│[0;34m╰──◄─[0m115/122: JumpLoop b15
[0;31m│[0;32m│[0;33m│ [0;35m│ [0m           with gap moves:
[0;31m│[0;32m│[0;33m│ [0;35m│ [0m             - v114/n123:[rsi|R|t] → 108: φᵀ r1 [rdx|R|t]
[0;31m│[0;32m│[0;33m│ [0;35m│ [0m           with register merges:
[0;31m│[0;32m│[0;33m│ [0;35m│ [0m
[0;31m│[0;32m│[0;33m│ [0;35m╰─►[0mBlock b17
[0;31m│[0;32m│[0;33m│   [0m[1;34m0x09b80101e179 <SharedFunctionInfo scale> (0x09b80104a7b1 <String[18]: "workloads/mixed.js">:13:2)
[m[0;31m│[0;32m│[0;33m│   [0m[0;34m  53 : 0b f9             Ldar r0
[m[0;31m│[0;32m│[0;33m│[0;34m╭────[0m116/124: Jump b19
[0;31m│[0;32m│[0;33m│[0;34m│  [0m
[0;31m│[0;32m│[0;33m╰───►[0mBlock b18
[0;31m│[0;32m│ [0;34m│  [0m  [0m117/125: Jump b19
[0;31m│[0;32m│ [0;34m│  [0m        ↓
[0;31m│[0;32m│ [0;34m╰──►[0mBlock b19
[0;31m│[0;32m│    [0m[1;34m0x09b80101e149 <SharedFunctionInfo sum> (0x09b80104a7b1 <String[18]: "workloads/mixed.js">:4:12)
[m[0;31m│[0;32m│    [0m[0;34m   0 : 0c                LdaZero
[m[0;31m│[0;32m│    [0m  [0m118/126: Jump b20
[0;31m│[0;32m│    [0m        ↓
[0;31m│[0;32m│     [0mBlock b20
[0;31m│[0;32m│    [0m[1;34m0x09b80101e149 <SharedFunctionInfo sum> (0x09b80104a7b1 <String[18]: "workloads/mixed.js">:6:26)
[m[0;31m│[0;32m│    [0m[0;34m   4 : 33 03 00 00       GetNamedProperty a0, [0:"length"], FBV[0]
[m[0;31m│[0;32m│    [0m  [0m119/127: LoadTaggedField(0xc: 0x09b800000e19 <String[6]: #length>, compressed, Smi) [v77/n82:[r8|R|t]] → [rbx|R|t] (spilled: [stack:1|t]), live range: [119-145]
[0;31m│[0;32m│    [0m      [0m235: GapMove([rbx|R|t] → [rsi|R|t])
[0;31m│[0;32m│    [0m[1;34m0x09b80101e149 <SharedFunctionInfo sum> (0x09b80104a7b1 <String[18]: "workloads/mixed.js">:6:20)
[m[0;31m│[0;32m│    [0m[0;34m   8 : 79 f8 01 00       TestLessThan r1, EmbeddedFeedback[0x1]
[m[0;31m│[0;32m│    [0m  [0m120/128: UnsafeSmiUntag [v119/n127:[rbx|R|t]] → [rbx|R|w32], live range: [120-145]
[0;31m│[0;32m│    [0m[0;34m  12 : a8 17             JumpIfFalse [23]
[m[0;31m│[0;32m│[0;33m╭─────[0m121/130: BranchIfInt32Compare(LessThan) [v15/n33:[rax|R|w32], v120/n128:[rbx|R|w32]] b21 b25
[0;31m│[0;32m│[0;33m│   [0m        ↓
[0;31m│[0;32m│[0;33m│    [0mBlock b21
[0;31m│[0;32m│[0;33m│   [0m[1;34m0x09b80101e149 <SharedFunctionInfo sum> (0x09b80104a7b1 <String[18]: "workloads/mixed.js">:6:47)
[m[0;31m│[0;32m│[0;33m│   [0m[0;34m  16 : 35 03 03          GetKeyedProperty a0, FBV[3]
[m[0;31m│[0;32m│[0;33m│   [0m  [0m122/131: LoadTaggedField(0x8, decompressed) [v77/n82:[r8|R|t]] → [r11|R|t], live range: [122-145]
[0;31m│[0;32m│[0;33m│   [0m           ↱ eager @106 (4 live vars)
[0;31m│[0;32m│[0;33m│   [0m           │       @16 (6 live vars)
[0;31m│[0;32m│[0;33m│   [0m  [0m123/132: CheckInt32Condition[UnsignedLessThan, OutOfBounds] [v15/n33:[rax|R|w32], v120/n128:[rbx|R|w32]]
[0;31m│[0;32m│[0;33m│   [0m  [0m124/133: LoadTaggedField(0x8, decompressed) [v122/n131:[r11|R|t]] → [r15|R|t], live range: [124-126]
[0;31m│[0;32m│[0;33m│   [0m           ↱ eager @106 (4 live vars)
[0;31m│[0;32m│[0;33m│   [0m           │       @16 (6 live vars)
[0;31m│[0;32m│[0;33m│   [0m  [0m125/134: CheckNotHole [v124/n133:[r15|R|t]]
[0;31m│[0;32m│[0;33m│   [0m[0;34m  19 : 42 f9 02          Add r0, FBV[2]
[m[0;31m│[0;32m│[0;33m│   [0m  [0m126/135: UnsafeSmiUntag [v124/n133:[r15|R|t]] → [r15|R|w32], live range: [126-127]
[0;31m│[0;32m│[0;33m│   [0m           ↱ eager @106 (4 live vars)
[0;31m│[0;32m│[0;33m│   [0m           │       @16 (6 live vars)
[0;31m│[0;32m│[0;33m│   [0m  [0m127/136: Int32AddWithOverflow [v126/n135:[r15|R|w32], v15/n33:[rax|R|w32]] → [r15|R|w32] (spilled: [stack:4|w32]), live range: [127-129]
[0;31m│[0;32m│[0;33m│   [0m[1;34m0x09b80101e149 <SharedFunctionInfo sum> (0x09b80104a7b1 <String[18]: "workloads/mixed.js">:6:2)
[m[0;31m│[0;32m│[0;33m│   [0m[0;34m  31 : 97 1b 00 06       JumpLoop [27], [0], FBV[6]
[m[0;31m│[0;32m│[0;33m│   [0m  [0m128/137: HandleNoHeapWritesInterrupt
[0;31m│[0;32m│[0;33m│   [0m           │      @106 (4 live vars)
[0;31m│[0;32m│[0;33m│   [0m           ↳ lazy @31 (5 live vars)
[0;31m│[0;32m│[0;33m│   [0m  [0m129/139: Int32ToNumber[kCanonicalizeSmi] [v127/n136:[r15|R|w32]] → [rax|R|t], live range: [129-130]
[0;31m│[0;32m│[0;33m│   [0m  [0m130/138: Jump b22
[0;31m│[0;32m│[0;33m│   [0m        │  with gap moves:
[0;31m│[0;32m│[0;33m│   [0m        │    - v129/n139:[rax|R|t] → 140: φᵀ r0 [rax|R|t]
[0;31m│[0;32m│[0;33m│   [0m        │    - v10/n48:[constant:v-1] → 141: φᵀ r1 [rdx|R|t]
[0;31m│[0;32m│[0;33m│   [0m        │  with register merges:
[0;31m│[0;32m│[0;33m│   [0m        ▼
[0;31m│[0;32m│[0;33m│[0;34m╭──►[0mBlock b22 peeled (effects:)
[0;31m│[0;32m│[0;33m│[0;34m│  [0m  [0m131/140: φᵀ r0 (n139, n154) (compressed) → [rax|R|t], live range: [131-146]
[0;31m│[0;32m│[0;33m│[0;34m│  [0m  [0m132/141: φᵀ r1 (n48, n155) (compressed) → [rdx|R|t], live range: [132-141]
[0;31m│[0;32m│[0;33m│[0;34m│  [0m      [0m236: GapMove([rdx|R|t] → [rsi|R|t])
[0;31m│[0;32m│[0;33m│[0;34m│  [0m[0;34m   8 : 79 f8 01 00       TestLessThan r1, EmbeddedFeedback[0x1]
[m[0;31m│[0;32m│[0;33m│[0;34m│  [0m           ↱ eager @106 (4 live vars)
[0;31m│[0;32m│[0;33m│[0;34m│  [0m           │       @8 (6 live vars)
[0;31m│[0;32m│[0;33m│[0;34m│  [0m  [0m133/142: CheckedSmiUntag [v132/n141:[rdx|R|t]] → [rdx|R|w32], live range: [133-141]
[0;31m│[0;32m│[0;33m│[0;34m│  [0m[0;34m  12 : a8 17             JumpIfFalse [23]
[m[0;31m│[0;32m│[0;33m│[0;34m│[0;35m╭───[0m134/144: BranchIfInt32Compare(LessThan) [v133/n142:[rdx|R|w32], v120/n128:[rbx|R|w32]] b23 b24
[0;31m│[0;32m│[0;33m│[0;34m│[0;35m│ [0m        ↓
[0;31m│[0;32m│[0;33m│[0;34m│[0;35m│  [0mBlock b23
[0;31m│[0;32m│[0;33m│[0;34m│[0;35m│ [0m[0;34m  16 : 35 03 03          GetKeyedProperty a0, FBV[3]
[m[0;31m│[0;32m│[0;33m│[0;34m│[0;35m│ [0m           ↱ eager @106 (4 live vars)
[0;31m│[0;32m│[0;33m│[0;34m│[0;35m│ [0m           │       @8 (6 live vars)
[0;31m│[0;32m│[0;33m│[0;34m│[0;35m│ [0m  [0m135/145: CheckInt32Condition[UnsignedLessThan, OutOfBounds] [v133/n142:[rdx|R|w32], v120/n128:[rbx|R|w32]]
[0;31m│[0;32m│[0;33m│[0;34m│[0;35m│ [0m  [0m136/146: LoadFixedArrayElement(decompressed), Unknown [v122/n131:[r11|R|t], v133/n142:[rdx|R|w32]] → [r8|R|t], live range: [136-139]
[0;31m│[0;32m│[0;33m│[0;34m│[0;35m│ [0m           ↱ eager @106 (4 live vars)
[0;31m│[0;32m│[0;33m│[0;34m│[0;35m│ [0m           │       @8 (6 live vars)
[0;31m│[0;32m│[0;33m│[0;34m│[0;35m│ [0m  [0m137/147: CheckNotHole [v136/n146:[r8|R|t]]
[0;31m│[0;32m│[0;33m│[0;34m│[0;35m│ [0m      [0m237: GapMove([rax|R|t] → [r9|R|t])
[0;31m│[0;32m│[0;33m│[0;34m│[0;35m│ [0m[0;34m  19 : 42 f9 02          Add r0, FBV[2]
[m[0;31m│[0;32m│[0;33m│[0;34m│[0;35m│ [0m           ↱ eager @106 (4 live vars)
[0;31m│[0;32m│[0;33m│[0;34m│[0;35m│ [0m           │       @8 (6 live vars)
[0;31m│[0;32m│[0;33m│[0;34m│[0;35m│ [0m  [0m138/148: CheckedSmiUntag [v131/n140:[rax|R|t]] → [rax|R|w32], live range: [138-140]
[0;31m│[0;32m│[0;33m│[0;34m│[0;35m│ [0m  [0m139/149: UnsafeSmiUntag [v136/n146:[r8|R|t]] → [r8|R|w32], live range: [139-140]
[0;31m│[0;32m│[0;33m│[0;34m│[0;35m│ [0m           ↱ eager @106 (4 live vars)
[0;31m│[0;32m│[0;33m│[0;34m│[0;35m│ [0m           │       @8 (6 live vars)
[0;31m│[0;32m│[0;33m│[0;34m│[0;35m│ [0m  [0m140/150: Int32AddWithOverflow [v138/n148:[rax|R|w32], v139/n149:[r8|R|w32]] → [rax|R|w32] (spilled: [stack:4|w32]), live range: [140-143]
[0;31m│[0;32m│[0;33m│[0;34m│[0;35m│ [0m[0;34m  28 : 5b 05             Inc FBV[5]
[m[0;31m│[0;32m│[0;33m│[0;34m│[0;35m│ [0m           ↱ eager @106 (4 live vars)
[0;31m│[0;32m│[0;33m│[0;34m│[0;35m│ [0m           │       @8 (6 live vars)
[0;31m│[0;32m│[0;33m│[0;34m│[0;35m│ [0m  [0m141/151: Int32IncrementWithOverflow [v133/n142:[rdx|R|w32]] → [rdx|R|w32] (spilled: [stack:5|w32]), live range: [141-144]
[0;31m│[0;32m│[0;33m│[0;34m│[0;35m│ [0m[0;34m  31 : 97 1b 00 06       JumpLoop [27], [0], FBV[6]
[m[0;31m│[0;32m│[0;33m│[0;34m│[0;35m│ [0m  [0m142/152: HandleNoHeapWritesInterrupt
[0;31m│[0;32m│[0;33m│[0;34m│[0;35m│ [0m           │      @106 (4 live vars)
[0;31m│[0;32m│[0;33m│[0;34m│[0;35m│ [0m           ↳ lazy @31 (5 live vars)
[0;31m│[0;32m│[0;33m│[0;34m│[0;35m│ [0m  [0m143/154: Int32ToNumber[kCanonicalizeSmi] [v140/n150:[rax|R|w32]] → [rsi|R|t], live range: [143-145]
[0;31m│[0;32m│[0;33m│[0;34m│[0;35m│ [0m  [0m144/155: Int32ToNumber[kCanonicalizeSmi] [v141/n151:[rdx|R|w32]] → [rax|R|t], live range: [144-145]
[0;31m│[0;32m│[0;33m│[0;34m│[0;35m│ [0m           ↱ eager @106 (4 live vars)
[0;31m│[0;32m│[0;33m│[0;34m│[0;35m│ [0m           │       @8 (6 live vars)
[0;31m│[0;32m│[0;33m│[0;34m╰──◄─[0m145/153: JumpLoop b22
[0;31m│[0;32m│[0;33m│ [0;35m│ [0m           with gap moves:
[0;31m│[0;32m│[0;33m│ [0;35m│ [0m             - v143/n154:[rsi|R|t] → 140: φᵀ r0 [rax|R|t]
[0;31m│[0;32m│[0;33m│ [0;35m│ [0m             - v144/n155:[rax|R|t] → 141: φᵀ r1 [rdx|R|t]
[0;31m│[0;32m│[0;33m│ [0;35m│ [0m           with register merges:
[0;31m│[0;32m│[0;33m│ [0;35m│ [0m
[0;31m│[0;32m│[0;33m│ [0;35m╰─►[0mBlock b24
[0;31m│[0;32m│[0;33m│   [0m[1;34m0x09b80101e149 <SharedFunctionInfo sum> (0x09b80104a7b1 <String[18]: "workloads/mixed.js">:7:2)
[m[0;31m│[0;32m│[0;33m│   [0m[0;34m  35 : 0b f9             Ldar r0
[m[0;31m│[0;32m│[0;33m│[0;34m╭────[0m146/156: Jump b26
[0;31m│[0;32m│[0;33m│[0;34m│  [0m           with gap moves:
[0;31m│[0;32m│[0;33m│[0;34m│  [0m             - v131/n140:[rax|R|t] → 158: φᵀ r0 [rbx|R|t]
[0;31m│[0;32m│[0;33m│[0;34m│  [0m           with register merges:
[0;31m│[0;32m│[0;33m│[0;34m│  [0m             - [constant:v-1] → rax
[0;31m│[0;32m│[0;33m│[0;34m│  [0m             - [stack:4|t] → rdx
[0;31m│[0;32m│[0;33m│[0;34m│  [0m             - [stack:2|w32] → r9
[0;31m│[0;32m│[0;33m│[0;34m│  [0m
[0;31m│[0;32m│[0;33m╰───►[0mBlock b25
[0;31m│[0;32m│ [0;34m│  [0m  [0m147/157: Jump b26
[0;31m│[0;32m│ [0;34m│  [0m        │  with gap moves:
[0;31m│[0;32m│ [0;34m│  [0m        │    - v9/n30:[constant:v-1] → 158: φᵀ r0 [rbx|R|t]
[0;31m│[0;32m│ [0;34m│  [0m        │  with register merges:
[0;31m│[0;32m│ [0;34m│  [0m        │    - [rax|R|t] → rax
[0;31m│[0;32m│ [0;34m│  [0m        │    - [rdx|R|t] → rdx
[0;31m│[0;32m│ [0;34m│  [0m        │    - [r9|R|t] → r9
[0;31m│[0;32m│ [0;34m│  [0m        ▼
[0;31m│[0;32m│ [0;34m╰──►[0mBlock b26
[0;31m│[0;32m│    [0m  [0m148/158: φᵀ r0 (n30, n140) (compressed) → [rbx|R|t], live range: [148-150]
[0;31m│[0;32m│    [0m      [0m238: GapMove([rbx|R|t] → [rsi|R|t])
[0;31m│[0;32m│    [0m[1;34m0x09b80101e0c9 <SharedFunctionInfo> (0x09b80104a7b1 <String[18]: "workloads/mixed.js">:27:9)
[m[0;31m│[0;32m│    [0m[0;34m 110 : 42 f5 0c          Add r4, FBV[12]
[m[0;31m│[0;32m│    [0m           ↱ eager @110 (5 live vars)
[0;31m│[0;32m│    [0m  [0m149/159: CheckedSmiUntag [v148/n158:[rbx|R|t]] → [rbx|R|w32], live range: [149-150]
[0;31m│[0;32m│    [0m           ↱ eager @110 (5 live vars)
[0;31m│[0;32m│    [0m  [0m150/160: Int32AddWithOverflow [v70/n70:[r9|R|w32], v149/n159:[rbx|R|w32]] → [r9|R|w32], live range: [150-163]
[0;31m│[0;32m│    [0m[1;34m0x09b80101e0c9 <SharedFunctionInfo> (0x09b80104a7b1 <String[18]: "workloads/mixed.js">:27:6)
[m[0;31m│[0;32m│    [0m[0;34m 113 : 29 03             StaCurrentContextSlot [3]
[m[0;31m│[0;32m│    [0m  [0m151/161: Int32ToNumber[kCanonicalizeSmi] [v150/n160:[r9|R|w32]] → [rbx|R|t], live range: [151-152]
[0;31m│[0;32m│    [0m      [0m239: GapMove([stack:-3|t] → [rdi|R|t])
[0;31m│[0;32m│    [0m  [0m152/162: StoreContextSlotWithWriteBarrier(3, mutable) [v26/n2:[rdi|R|t], v151/n161:[rbx|R|t]]
[0;31m│[0;32m│    [0m           ↳ lazy @113 (3 live vars)
[0;31m│[0;32m│    [0m      [0m240: ConstantGapMove(n166 → [rbx|R|w32])
[0;31m│[0;32m│    [0m[1;34m0x09b80101e0c9 <SharedFunctionInfo> (0x09b80104a7b1 <String[18]: "workloads/mixed.js">:29:26)
[m[0;31m│[0;32m│    [0m[0;34m 136 : 53 07 16          ModSmi [7], FBV[22]
[m[0;31m│[0;32m│    [0m           ↱ eager @136 (7 live vars)
[0;31m│[0;32m│    [0m  [0m153/167: Int32ModulusWithOverflow [v32/n17:[rcx|R|w32], v19/n166:[rbx|R|w32]] → [rdx|R|w32], live range: [153-191]
[0;31m│[0;32m│    [0m      [0m241: ConstantGapMove(n169 → [rax|R|w32])
[0;31m│[0;32m│    [0m[1;34m0x09b80101e0c9 <SharedFunctionInfo> (0x09b80104a7b1 <String[18]: "workloads/mixed.js">:29:30)
[m[0;31m│[0;32m│    [0m[0;34m 146 : a8 09             JumpIfFalse [9]
[m[0;31m│[0;32m│[0;33m╭─────[0m154/171: BranchIfInt32Compare(StrictEqual) [v153/n167:[rdx|R|w32], v18/n169:[rax|R|w32]] b27 b28
[0;31m│[0;32m│[0;33m│   [0m        ↓
[0;31m│[0;32m│[0;33m│    [0mBlock b27
[0;31m│[0;32m│[0;33m│   [0m      [0m242: ConstantGapMove(n174 → [xmm0|R|f64])
[0;31m│[0;32m│[0;33m│   [0m  [0m155/177: Float64ToTagged[kCanonicalizeSmi] [v22/n174:[xmm0|R|f64]] → [rbx|R|t], live range: [155-156]
[0;31m│[0;32m│[0;33m│   [0m[1;34m0x09b80101e0c9 <SharedFunctionInfo> (0x09b80104a7b1 <String[18]: "workloads/mixed.js">:29:40)
[m[0;31m│[0;32m│[0;33m│   [0m[0;34m 153 : 98 04             Jump [4]
[m[0;31m│[0;32m│[0;33m│[0;34m╭────[0m156/175: Jump b29
[0;31m│[0;32m│[0;33m│[0;34m│  [0m           with gap moves:
[0;31m│[0;32m│[0;33m│[0;34m│  [0m             - v155/n177:[rbx|R|t] → 178: φᵀ <accumulator> [rbx|R|t]
[0;31m│[0;32m│[0;33m│[0;34m│  [0m           with register merges:
[0;31m│[0;32m│[0;33m│[0;34m│  [0m             - [xmm0|R|f64] → xmm0
[0;31m│[0;32m│[0;33m│[0;34m│  [0m
[0;31m│[0;32m│[0;33m╰───►[0mBlock b28
[0;31m│[0;32m│ [0;34m│  [0m[0;34m 157 : ce                Star6
[m[0;31m│[0;32m│ [0;34m│  [0m  [0m157/176: Jump b29
[0;31m│[0;32m│ [0;34m│  [0m        │  with gap moves:
[0;31m│[0;32m│ [0;34m│  [0m        │    - v9/n30:[constant:v-1] → 178: φᵀ <accumulator> [rbx|R|t]
[0;31m│[0;32m│ [0;34m│  [0m        │  with register merges:
[0;31m│[0;32m│ [0;34m│  [0m        │    - [constant:v-1] → xmm0
[0;31m│[0;32m│ [0;34m│  [0m        ▼
[0;31m│[0;32m│ [0;34m╰──►[0mBlock b29
[0;31m│[0;32m│    [0m  [0m158/178: φᵀ <accumulator> (n177, n30) (decompressed) → [rbx|R|t], live range: [158-160]
[0;31m│[0;32m│    [0m[1;34m0x09b80101e1a9 <SharedFunctionInfo flipflop> (0x09b80104a7b1 <String[18]: "workloads/mixed.js">:17:17)
[m[0;31m│[0;32m│    [0m[0;34m   0 : 0b 03             Ldar a0
[m[0;31m│[0;32m│    [0m  [0m159/179: Jump b30
[0;31m│[0;32m│    [0m        ↓
[0;31m│[0;32m│     [0mBlock b30
[0;31m│[0;32m│    [0m[1;34m0x09b80101e1a9 <SharedFunctionInfo flipflop> (0x09b80104a7b1 <String[18]: "workloads/mixed.js">:18:11)
[m[0;31m│[0;32m│    [0m[0;34m   2 : 51 02 01          MulSmi [2], FBV[1]
[m[0;31m│[0;32m│    [0m  [0m160/180: UnsafeNumberToFloat64 [v158/n178:[rbx|R|t]] → [xmm1|R|f64], live range: [160-161]
[0;31m│[0;32m│    [0m      [0m243: ConstantGapMove(n181 → [xmm2|R|f64])
[0;31m│[0;32m│    [0m  [0m161/182: Float64Multiply [v160/n180:[xmm1|R|f64], v24/n181:[xmm2|R|f64]] → [xmm1|R|f64], live range: [161-162]
[0;31m│[0;32m│    [0m      [0m244: ConstantGapMove(n183 → [xmm3|R|f64])
[0;31m│[0;32m│    [0m[1;34m0x09b80101e1a9 <SharedFunctionInfo flipflop> (0x09b80104a7b1 <String[18]: "workloads/mixed.js">:18:15)
[m[0;31m│[0;32m│    [0m[0;34m   5 : 4f 01 00          AddSmi [1], FBV[0]
[m[0;31m│[0;32m│    [0m  [0m162/184: Float64Add [v161/n182:[xmm1|R|f64], v23/n183:[xmm3|R|f64]] → [xmm1|R|f64], live range: [162-164]
[0;31m│[0;32m│    [0m[1;34m0x09b80101e0c9 <SharedFunctionInfo> (0x09b80104a7b1 <String[18]: "workloads/mixed.js">:29:11)
[m[0;31m│[0;32m│    [0m[0;34m 162 : 42 f5 13          Add r4, FBV[19]
[m[0;31m│[0;32m│    [0m  [0m163/185: ChangeInt32ToFloat64 [v150/n160:[r9|R|w32]] → [xmm4|R|f64], live range: [163-164]
[0;31m│[0;32m│    [0m  [0m164/186: Float64Add [v162/n184:[xmm1|R|f64], v163/n185:[xmm4|R|f64]] → [xmm1|R|f64], live range: [164-165]
[0;31m│[0;32m│    [0m[1;34m0x09b80101e0c9 <SharedFunctionInfo> (0x09b80104a7b1 <String[18]: "workloads/mixed.js">:29:8)
[m[0;31m│[0;32m│    [0m[0;34m 165 : 29 03             StaCurrentContextSlot [3]
[m[0;31m│[0;32m│    [0m  [0m165/187: Float64ToTagged[kCanonicalizeSmi] [v164/n186:[xmm1|R|f64]] → [rbx|R|t], live range: [165-166]
[0;31m│[0;32m│    [0m  [0m166/188: StoreContextSlotWithWriteBarrier(3, mutable) [v26/n2:[rdi|R|t], v165/n187:[rbx|R|t]]
[0;31m│[0;32m│    [0m           ↳ lazy @165 (4 live vars)
[0;31m│[0;32m│    [0m      [0m245: ConstantGapMove(n189 → [rbx|R|t])
[0;31m│[0;32m│    [0m[1;34m0x09b80101e0c9 <SharedFunctionInfo> (0x09b80104a7b1 <String[18]: "workloads/mixed.js">:28:2)
[m[0;31m│[0;32m│    [0m[0;34m 172 : 97 37 01 1b       JumpLoop [55], [1], FBV[27]
[m[0;31m│[0;32m│    [0m  [0m167/190: ReduceInterruptBudgetForLoop(44) [v1/n189:[rbx|R|t]]
[0;31m│[0;32m│    [0m           ↳ lazy @172 (4 live vars)
[0;31m│[0;32m│    [0m      [0m246: ConstantGapMove(n164 → [rsi|R|w32])
[0;31m│[0;32m│    [0m  [0m168/191: Jump b31
[0;31m│[0;32m│    [0m        │  with gap moves:
[0;31m│[0;32m│    [0m        │    - v10/n48:[constant:v-1] → 192: φᵀ r2 [r8|R|t]
[0;31m│[0;32m│    [0m        │  with register merges:
[0;31m│[0;32m│    [0m        │    - [r12|R|t] → r12
[0;31m│[0;32m│    [0m        ▼
[0;31m│[0;32m│[0;33m╭───►[0mBlock b31 peeled (effects:)
[0;31m│[0;32m│[0;33m│   [0m  [0m169/192: φᵀ r2 (n48, n215) (decompressed) → [r8|R|t] (spilled: [stack:1|t]), live range: [169-188]
[0;31m│[0;32m│[0;33m│   [0m      [0m247: GapMove([r8|R|t] → [r9|R|t])
[0;31m│[0;32m│[0;33m│   [0m[0;34m 121 : 79 f7 01 00       TestLessThan r2, EmbeddedFeedback[0x1]
[m[0;31m│[0;32m│[0;33m│   [0m           ↱ eager @121 (5 live vars)
[0;31m│[0;32m│[0;33m│   [0m  [0m170/193: CheckedSmiUntag [v169/n192:[r8|R|t]] → [r8|R|w32], live range: [170-188]
[0;31m│[0;32m│[0;33m│   [0m[0;34m 125 : a8 33             JumpIfFalse [51]
[m[0;31m│[0;32m│[0;33m│[0;34m╭────[0m171/195: BranchIfInt32Compare(LessThan) [v170/n193:[r8|R|w32], v20/n164:[rsi|R|w32]] b32 b37
[0;31m│[0;32m│[0;33m│[0;34m│  [0m        ↓
[0;31m│[0;32m│[0;33m│[0;34m│   [0mBlock b32
[0;31m│[0;32m│[0;33m│[0;34m│  [0m[0;34m 127 : 18 03             LdaCurrentContextSlot [3]
[m[0;31m│[0;32m│[0;33m│[0;34m│  [0m  [0m172/196: LoadContextSlot(0x14, mutable) [v26/n2:[rdi|R|t]] → [r12|R|t], live range: [172-184]
[0;31m│[0;32m│[0;33m│[0;34m│  [0m[0;34m 146 : a8 09             JumpIfFalse [9]
[m[0;31m│[0;32m│[0;33m│[0;34m│[0;35m╭───[0m173/197: BranchIfInt32Compare(StrictEqual) [v153/n167:[rdx|R|w32], v18/n169:[rax|R|w32]] b33 b34
[0;31m│[0;32m│[0;33m│[0;34m│[0;35m│ [0m        ↓
[0;31m│[0;32m│[0;33m│[0;34m│[0;35m│  [0mBlock b33
[0;31m│[0;32m│[0;33m│[0;34m│[0;35m│ [0m[0;34m 150 : 42 f7 17          Add r2, FBV[23]
[m[0;31m│[0;32m│[0;33m│[0;34m│[0;35m│ [0m  [0m174/198: ChangeInt32ToFloat64 [v170/n193:[r8|R|w32]] → [xmm1|R|f64], live range: [174-175]
[0;31m│[0;32m│[0;33m│[0;34m│[0;35m│ [0m  [0m175/199: Float64Add [v174/n198:[xmm1|R|f64], v22/n174:[xmm0|R|f64]] → [xmm1|R|f64], live range: [175-176]
[0;31m│[0;32m│[0;33m│[0;34m│[0;35m│ [0m  [0m176/202: Float64ToTagged[kCanonicalizeSmi] [v175/n199:[xmm1|R|f64]] → [r11|R|t], live range: [176-177]
[0;31m│[0;32m│[0;33m│[0;34m│[0;35m│ [0m[0;34m 153 : 98 04             Jump [4]
[m[0;31m│[0;32m│[0;33m│[0;34m│[0;35m│[0;36m╭──[0m177/200: Jump b35
[0;31m│[0;32m│[0;33m│[0;34m│[0;35m│[0;36m│[0m           with gap moves:
[0;31m│[0;32m│[0;33m│[0;34m│[0;35m│[0;36m│[0m             - v176/n202:[r11|R|t] → 203: φᵀ <accumulator> [r11|R|t]
[0;31m│[0;32m│[0;33m│[0;34m│[0;35m│[0;36m│[0m           with register merges:
[0;31m│[0;32m│[0;33m│[0;34m│[0;35m│[0;36m│[0m
[0;31m│[0;32m│[0;33m│[0;34m│[0;35m╰─►[0mBlock b34
[0;31m│[0;32m│[0;33m│[0;34m│ [0;36m│[0m[0;34m 157 : ce                Star6
[m[0;31m│[0;32m│[0;33m│[0;34m│ [0;36m│[0m  [0m178/201: Jump b35
[0;31m│[0;32m│[0;33m│[0;34m│ [0;36m│[0m        │  with gap moves:
[0;31m│[0;32m│[0;33m│[0;34m│ [0;36m│[0m        │    - v169/n192:[r9|R|t] → 203: φᵀ <accumulator> [r11|R|t]
[0;31m│[0;32m│[0;33m│[0;34m│ [0;36m│[0m        │  with register merges:
[0;31m│[0;32m│[0;33m│[0;34m│ [0;36m│[0m        ▼
[0;31m│[0;32m│[0;33m│[0;34m│ [0;36m╰►[0mBlock b35
[0;31m│[0;32m│[0;33m│[0;34m│  [0m  [0m179/203: φᵀ <accumulator> (n202, n192) (decompressed) → [r11|R|t], live range: [179-181]
[0;31m│[0;32m│[0;33m│[0;34m│  [0m[1;34m0x09b80101e1a9 <SharedFunctionInfo flipflop> (0x09b80104a7b1 <String[18]: "workloads/mixed.js">:17:17)
[m[0;31m│[0;32m│[0;33m│[0;34m│  [0m[0;34m   0 : 0b 03             Ldar a0
[m[0;31m│[0;32m│[0;33m│[0;34m│  [0m  [0m180/204: Jump b36
[0;31m│[0;32m│[0;33m│[0;34m│  [0m        ↓
[0;31m│[0;32m│[0;33m│[0;34m│   [0mBlock b36
[0;31m│[0;32m│[0;33m│[0;34m│  [0m[1;34m0x09b80101e1a9 <SharedFunctionInfo flipflop> (0x09b80104a7b1 <String[18]: "workloads/mixed.js">:18:11)
[m[0;31m│[0;32m│[0;33m│[0;34m│  [0m[0;34m   2 : 51 02 01          MulSmi [2], FBV[1]
[m[0;31m│[0;32m│[0;33m│[0;34m│  [0m  [0m181/205: UnsafeNumberToFloat64 [v179/n203:[r11|R|t]] → [xmm1|R|f64], live range: [181-182]
[0;31m│[0;32m│[0;33m│[0;34m│  [0m  [0m182/206: Float64Multiply [v181/n205:[xmm1|R|f64], v24/n181:[xmm2|R|f64]] → [xmm1|R|f64], live range: [182-183]
[0;31m│[0;32m│[0;33m│[0;34m│  [0m[1;34m0x09b80101e1a9 <SharedFunctionInfo flipflop> (0x09b80104a7b1 <String[18]: "workloads/mixed.js">:18:15)
[m[0;31m│[0;32m│[0;33m│[0;34m│  [0m[0;34m   5 : 4f 01 00          AddSmi [1], FBV[0]
[m[0;31m│[0;32m│[0;33m│[0;34m│  [0m  [0m183/207: Float64Add [v182/n206:[xmm1|R|f64], v23/n183:[xmm3|R|f64]] → [xmm1|R|f64], live range: [183-185]
[0;31m│[0;32m│[0;33m│[0;34m│  [0m      [0m248: GapMove([r12|R|t] → [r11|R|t])
[0;31m│[0;32m│[0;33m│[0;34m│  [0m[1;34m0x09b80101e0c9 <SharedFunctionInfo> (0x09b80104a7b1 <String[18]: "workloads/mixed.js">:28:2)
[m[0;31m│[0;32m│[0;33m│[0;34m│  [0m[0;34m 162 : 42 f5 13          Add r4, FBV[19]
[m[0;31m│[0;32m│[0;33m│[0;34m│  [0m           ↱ eager @162 (6 live vars)
[0;31m│[0;32m│[0;33m│[0;34m│  [0m  [0m184/208: CheckedNumberToFloat64 [v172/n196:[r12|R|t]] → [xmm4|R|f64], live range: [184-185]
[0;31m│[0;32m│[0;33m│[0;34m│  [0m  [0m185/209: Float64Add [v183/n207:[xmm1|R|f64], v184/n208:[xmm4|R|f64]] → [xmm1|R|f64], live range: [185-186]
[0;31m│[0;32m│[0;33m│[0;34m│  [0m[0;34m 165 : 29 03             StaCurrentContextSlot [3]
[m[0;31m│[0;32m│[0;33m│[0;34m│  [0m  [0m186/210: Float64ToTagged[kCanonicalizeSmi] [v185/n209:[xmm1|R|f64]] → [r11|R|t], live range: [186-187]
[0;31m│[0;32m│[0;33m│[0;34m│  [0m  [0m187/211: StoreContextSlotWithWriteBarrier(3, mutable) [v26/n2:[rdi|R|t], v186/n210:[r11|R|t]]
[0;31m│[0;32m│[0;33m│[0;34m│  [0m           ↳ lazy @165 (4 live vars)
[0;31m│[0;32m│[0;33m│[0;34m│  [0m[0;34m 169 : 5b 1a             Inc FBV[26]
[m[0;31m│[0;32m│[0;33m│[0;34m│  [0m           ↱ eager @169 (4 live vars)
[0;31m│[0;32m│[0;33m│[0;34m│  [0m  [0m188/212: Int32IncrementWithOverflow [v170/n193:[r8|R|w32]] → [r8|R|w32] (spilled: [stack:2|w32]), live range: [188-190]
[0;31m│[0;32m│[0;33m│[0;34m│  [0m[0;34m 172 : 97 37 01 1b       JumpLoop [55], [1], FBV[27]
[m[0;31m│[0;32m│[0;33m│[0;34m│  [0m  [0m189/213: ReduceInterruptBudgetForLoop(44) [v1/n189:[rbx|R|t]]
[0;31m│[0;32m│[0;33m│[0;34m│  [0m           ↳ lazy @172 (4 live vars)
[0;31m│[0;32m│[0;33m│[0;34m│  [0m  [0m190/215: Int32ToNumber[kCanonicalizeSmi] [v188/n212:[r8|R|w32]] → [r9|R|t], live range: [190-191]
[0;31m│[0;32m│[0;33m│[0;34m│  [0m           ↱ eager @169 (4 live vars)
[0;31m│[0;32m│[0;33m╰───◄─[0m191/214: JumpLoop b31
[0;31m│[0;32m│ [0;34m│  [0m           with gap moves:
[0;31m│[0;32m│ [0;34m│  [0m             - v190/n215:[r9|R|t] → 192: φᵀ r2 [r8|R|t]
[0;31m│[0;32m│ [0;34m│  [0m           with register merges:
[0;31m│[0;32m│ [0;34m│  [0m             - [constant:v-1] → r12
[0;31m│[0;32m│ [0;34m│  [0m
[0;31m│[0;32m│ [0;34m╰──►[0mBlock b37
[0;31m│[0;32m│    [0m[1;34m0x09b80101e0c9 <SharedFunctionInfo> (0x09b80104a7b1 <String[18]: "workloads/mixed.js">:25:38)
[m[0;31m│[0;32m│    [0m[0;34m 178 : 5b 1c             Inc FBV[28]
[m[0;31m│[0;32m│    [0m           ↱ eager @178 (3 live vars)
[0;31m│[0;32m│    [0m  [0m192/216: Int32IncrementWithOverflow [v32/n17:[rcx|R|w32]] → [rcx|R|w32] (spilled: [stack:2|w32]), live range: [192-194]
[0;31m│[0;32m│    [0m[1;34m0x09b80101e0c9 <SharedFunctionInfo> (0x09b80104a7b1 <String[18]: "workloads/mixed.js">:25:0)
[m[0;31m│[0;32m│    [0m[0;34m 181 : 97 7f 00 1d       JumpLoop [127], [0], FBV[29]
[m[0;31m│[0;32m│    [0m  [0m193/217: ReduceInterruptBudgetForLoop(101) [v1/n189:[rbx|R|t]]
[0;31m│[0;32m│    [0m           ↳ lazy @181 (3 live vars)
[0;31m│[0;32m│    [0m  [0m194/219: Int32ToNumber[kCanonicalizeSmi] [v192/n216:[rcx|R|w32]] → [rdx|R|t], live range: [194-195]
[0;31m│[0;32m│    [0m           ↱ eager @178 (3 live vars)
[0;31m╰─────◄─[0m195/218: JumpLoop b1
 [0;32m│    [0m           with gap moves:
 [0;32m│    [0m             - v194/n219:[rdx|R|t] → 15: φᵀ r1 [rcx|R|t]
 [0;32m│    [0m           with register merges:
 [0;32m│    [0m             - [constant:v-1] → rax
 [0;32m│    [0m
 [0;32m╰────►[0mBlock b38
      [0m[1;34m0x09b80101e0c9 <SharedFunctionInfo> (0x09b80104a7b1 <String[18]: "workloads/mixed.js">:32:0)
[m      [0m[0;34m 185 : 23 06 1e          LdaGlobal [6:"print"], FBV[30]
[m      [0m           ↱ eager @185 (2 live vars)
      [0m  [0m196/220: Deopt(Insufficient type feedback for generic global access)
      [0m
[bailout (kind: deopt-eager, reason: Insufficient type feedback for generic global access): begin. deoptimizing 0x09b80101e219 <JSFunction (sfi = 0x9b80101e0c9)>, 0x031a01002e39 <Code MAGLEV>, opt id 7, bytecode offset 185, deopt exit 44, FP to SP delta 120, caller SP 0x0003080e9898, pc 0x000161c03c5b]
68235400
